Date,Fuel,adjusted_retail_price,board_price,price_excl_tax,taxes,gst,ets,importer_cost,importer_margin,dubai_crude_usd,dubai_crude_nzd,exchange_rate,brent_mean,brent_range,status,period_id,period_type
2004-04-23,Diesel,67.5,67.5,59.6,0.4,7.5,0.0,43.4,18.7,32.0,51.0,0.633,33.780000,0.00,Final,,
2004-04-30,Diesel,66.0,66.0,58.3,0.4,7.3,0.0,45.8,15.9,33.0,52.0,0.626,34.640000,1.12,Final,,
2004-05-07,Diesel,70.3,70.3,62.2,0.399999999999999,7.8,0.0,47.8,18.8,33.0,53.0,0.63,36.384000,2.28,Final,,
2004-05-14,Diesel,74.9,74.9,66.2,0.399999999999999,8.3,0.0,48.1,20.5,34.0,57.0,0.609,37.618000,3.21,Final,,
2004-05-21,Diesel,74.3,74.3,65.7,0.299999999999999,8.3,0.0,46.5,17.9,36.0,59.0,0.602,38.430000,1.29,Final,,
2004-05-28,Diesel,76.9,76.9,68.0,0.4,8.5,0.0,45.7,19.9,35.0,57.0,0.618,37.952000,2.22,Final,,
2004-06-04,Diesel,76.6,76.6,67.7,0.4,8.5,0.0,44.3,21.3,35.0,56.0,0.628,37.254000,3.08,Final,,
2004-06-11,Diesel,73.6,73.6,65.1,0.300000000000001,8.2,0.0,44.5,19.4,34.0,53.0,0.629,35.342000,1.06,Final,,
2004-06-18,Diesel,71.6,71.6,63.3,0.300000000000001,8.0,0.0,44.5,19.0,33.0,53.0,0.627,35.090000,1.02,Final,,
2004-06-25,Diesel,69.9,69.9,61.8,0.3,7.8,0.0,43.2,17.3,34.0,53.0,0.63,34.708000,0.70,Final,,
2004-07-02,Diesel,68.5,68.5,60.5,0.4,7.6,0.0,45.8,16.1,32.0,51.0,0.637,34.002000,2.97,Final,,
2004-07-09,Diesel,69.2,69.2,61.1,0.3,7.7,0.0,45.8,17.9,34.0,53.0,0.652,36.506000,1.96,Final,,
2004-07-16,Diesel,70.9,70.9,62.7,0.299999999999999,7.9,0.0,47.7,16.9,34.0,53.0,0.656,37.764000,1.81,Final,,
2004-07-23,Diesel,71.8,71.8,63.4,0.300000000000001,8.0,0.0,51.0,17.6,35.0,53.0,0.65,39.052000,1.11,Final,,
2004-07-30,Diesel,74.6,74.6,66.0,0.299999999999999,8.3,0.0,51.5,18.2,35.0,56.0,0.632,40.664000,1.72,Final,,
2004-08-06,Diesel,77.6,77.6,68.6,0.4,8.6,0.0,51.0,17.6,37.0,58.0,0.642,42.008000,1.28,Final,,
2004-08-13,Diesel,78.9,78.9,69.8,0.299999999999999,8.8,0.0,52.0,18.3,38.0,58.0,0.654,43.158000,1.68,Final,,
2004-08-20,Diesel,78.9,78.9,69.8,0.299999999999999,8.8,0.0,52.0,18.8,40.0,60.0,0.666,44.564000,1.41,Final,,
2004-08-27,Diesel,78.9,78.9,69.8,0.299999999999999,8.8,0.0,50.9,17.7,40.0,60.0,0.656,42.228000,3.74,Final,,
2004-09-03,Diesel,79.0,79.0,69.9,0.299999999999999,8.8,0.0,52.9,17.9,36.0,56.0,0.652,41.000000,2.59,Final,,
2004-09-10,Diesel,77.9,77.9,68.9,0.300000000000001,8.7,0.0,53.3,18.0,35.0,54.0,0.65,40.596000,1.54,Final,,
2004-09-17,Diesel,77.9,77.9,68.9,0.300000000000001,8.7,0.0,54.7,16.0,35.0,52.0,0.659,41.552000,2.45,Final,,
2004-09-24,Diesel,78.0,78.0,69.0,0.300000000000001,8.7,0.0,55.1,15.7,35.0,53.0,0.663,45.296000,2.93,Final,,
2004-10-01,Diesel,81.6,81.6,72.2,0.300000000000001,9.1,0.0,53.5,17.4,37.0,56.0,0.671,47.110000,1.22,Final,,
2004-10-08,Diesel,81.9,81.9,72.4,0.4,9.1,0.0,57.3,17.3,38.0,56.0,0.673,48.086000,2.42,Final,,
2004-10-15,Diesel,82.3,82.3,72.8,0.4,9.1,0.0,56.8,19.3,38.0,55.0,0.68,50.956000,0.89,Final,,
2004-10-22,Diesel,84.5,84.5,74.7,0.299999999999999,9.4,0.0,55.9,17.5,38.0,55.0,0.688,50.498000,3.12,Final,,
2004-10-29,Diesel,83.9,83.9,74.2,0.399999999999999,9.3,0.0,52.9,17.5,37.0,54.0,0.692,50.150000,3.88,Final,,
2004-11-05,Diesel,83.9,83.9,74.2,0.399999999999999,9.3,0.0,53.3,18.3,37.0,53.0,0.688,45.784000,2.47,Final,,
2004-11-12,Diesel,83.0,83.0,73.5,0.4,9.2,0.0,51.9,20.6,35.0,51.0,0.69,42.834000,3.45,Final,,
2004-11-19,Diesel,81.6,81.6,72.2,0.300000000000001,9.1,0.0,53.1,18.8,33.0,47.0,0.701,40.632000,2.97,Final,,
2004-11-26,Diesel,80.2,80.2,70.9,0.4,8.9,0.0,49.8,19.0,34.0,47.0,0.712,42.780000,0.86,Final,,
2004-12-03,Diesel,81.6,81.6,72.2,0.300000000000001,9.1,0.0,45.2,19.1,35.0,50.0,0.716,41.306000,5.74,Final,,
2004-12-10,Diesel,75.5,75.5,66.7,0.299999999999999,8.4,0.0,47.6,16.9,33.0,46.0,0.717,37.602000,1.53,Final,,
2004-12-17,Diesel,72.9,72.9,64.4,0.4,8.1,0.0,48.2,19.3,34.0,48.0,0.71,39.976000,6.29,Final,,
2004-12-24,Diesel,75.7,75.7,66.9,0.4,8.4,0.0,44.1,19.3,36.0,50.0,0.713,41.152000,3.16,Final,,
2004-12-31,Diesel,76.2,76.2,67.4,0.300000000000001,8.5,0.0,46.0,19.2,33.0,47.0,0.718,39.790000,1.45,Final,,
2005-01-07,Diesel,73.5,73.5,65.0,0.300000000000001,8.2,0.0,47.4,20.4,34.0,49.0,0.7,42.070000,2.53,Final,,
2005-01-14,Diesel,76.6,76.6,67.7,0.4,8.5,0.0,47.7,21.8,37.0,53.0,0.699,44.586000,2.31,Final,,
2005-01-21,Diesel,77.9,77.9,68.9,0.300000000000001,8.7,0.0,49.6,21.5,39.0,56.0,0.7,45.076000,1.82,Final,,
2005-01-28,Diesel,77.9,77.9,68.9,0.300000000000001,8.7,0.0,48.7,21.1,40.0,56.0,0.714,45.816000,1.76,Final,,
2005-02-04,Diesel,77.9,77.9,68.9,0.300000000000001,8.7,0.0,49.1,19.3,39.0,55.0,0.711,44.038000,1.99,Final,,
2005-02-11,Diesel,76.2,76.2,67.4,0.300000000000001,8.5,0.0,48.7,18.6,38.0,54.0,0.705,43.286000,1.92,Final,,
2005-02-18,Diesel,75.2,75.2,66.5,0.299999999999999,8.4,0.0,51.7,17.3,39.0,55.0,0.715,45.224000,1.35,Final,,
2005-02-25,Diesel,76.9,76.9,68.0,0.4,8.5,0.0,55.8,19.3,41.0,57.0,0.724,48.228000,3.96,Final,,
2005-03-04,Diesel,77.8,77.8,68.8,0.4,8.6,0.0,55.8,17.1,43.0,59.0,0.726,51.328000,2.76,Final,,
2005-03-11,Diesel,83.5,83.5,73.8,0.299999999999999,9.3,0.0,57.8,18.1,45.0,61.0,0.737,53.092000,2.24,Final,,
2005-03-18,Diesel,86.9,86.9,76.9,0.300000000000001,9.7,0.0,58.6,21.1,46.0,62.0,0.741,54.852000,2.35,Final,,
2005-03-25,Diesel,84.8,84.8,75.0,0.4,9.4,0.0,60.8,17.2,48.0,65.0,0.73,53.762500,4.27,Final,,
2005-04-01,Diesel,87.8,87.8,77.7,0.299999999999999,9.8,0.0,63.5,18.9,47.0,66.0,0.709,52.232000,3.51,Final,,
2005-04-08,Diesel,88.9,88.9,78.7,0.299999999999999,9.9,0.0,58.9,17.8,50.0,70.0,0.709,53.786000,4.09,Final,,
2005-04-15,Diesel,88.9,88.9,78.7,0.299999999999999,9.9,0.0,58.1,15.2,47.0,65.0,0.72,50.428000,2.01,Final,,
2005-04-22,Diesel,88.5,88.5,78.3,0.399999999999999,9.8,0.0,58.0,19.4,45.0,63.0,0.722,51.228000,4.93,Final,,
2005-04-29,Diesel,85.9,85.9,76.0,0.4,9.5,0.0,56.1,17.9,47.0,65.0,0.726,51.642000,2.49,Final,,
2005-05-06,Diesel,85.3,85.3,75.5,0.300000000000001,9.5,0.0,54.9,17.5,46.0,63.0,0.731,50.048000,1.41,Final,,
2005-05-13,Diesel,83.6,83.6,74.0,0.299999999999999,9.3,0.0,54.0,17.9,46.0,63.0,0.728,48.696000,3.76,Final,,
2005-05-20,Diesel,81.6,81.6,72.2,0.300000000000001,9.1,0.0,56.2,17.3,45.0,63.0,0.71,46.982000,0.93,Final,,
2005-05-27,Diesel,79.2,79.2,70.0,0.399999999999999,8.8,0.0,58.8,16.0,45.0,64.0,0.711,48.588000,2.43,Final,,
2005-06-03,Diesel,80.6,80.6,71.3,0.300000000000001,9.0,0.0,62.4,15.1,47.0,67.0,0.705,50.458000,2.60,Final,,
2005-06-10,Diesel,84.6,84.6,74.9,0.4,9.4,0.0,64.9,16.1,49.0,69.0,0.712,51.898000,1.25,Final,,
2005-06-17,Diesel,87.6,87.6,77.5,0.4,9.7,0.0,64.8,15.1,50.0,71.0,0.709,54.172000,4.92,Final,,
2005-06-24,Diesel,92.2,92.2,81.6,0.4,10.2,0.0,65.5,16.7,50.0,71.0,0.713,56.952000,1.30,Final,,
2005-07-01,Diesel,93.9,93.9,83.1,0.4,10.4,0.0,70.9,18.7,53.0,76.0,0.702,56.688000,3.14,Final,,
2005-07-08,Diesel,93.9,93.9,83.1,0.4,10.4,0.0,69.1,17.6,54.0,79.0,0.677,57.984000,1.87,Final,,
2005-07-15,Diesel,95.6,95.6,84.6,0.4,10.6,0.0,65.7,13.7,54.0,80.0,0.677,57.430000,2.85,Final,,
2005-07-22,Diesel,96.8,96.8,85.7,0.299999999999999,10.8,0.0,65.1,16.5,51.0,76.0,0.678,56.392000,1.39,Final,,
2005-07-29,Diesel,93.9,93.9,83.1,0.4,10.4,0.0,65.1,17.4,52.0,76.0,0.683,58.496000,2.26,Final,,
2005-08-05,Diesel,93.9,93.9,83.1,0.4,10.4,0.0,67.5,18.0,55.0,80.0,0.686,60.416000,0.69,Final,,
2005-08-12,Diesel,94.8,94.8,83.9,0.4,10.5,0.0,66.9,18.8,56.0,80.0,0.696,64.456000,4.70,Final,,
2005-08-19,Diesel,96.9,96.9,85.8,0.299999999999999,10.8,0.0,67.0,18.3,57.0,81.0,0.703,64.230000,4.93,Final,,
2005-08-26,Diesel,96.9,96.9,85.8,0.299999999999999,10.8,0.0,73.5,18.8,57.0,81.0,0.696,65.678000,1.07,Final,,
2005-09-02,Diesel,99.0,99.0,87.7,0.4,11.0,0.0,73.5,20.7,59.0,84.0,0.696,66.092000,2.03,Final,,
2005-09-09,Diesel,101.9,101.9,90.2,0.399999999999999,11.3,0.0,76.5,16.7,57.0,81.0,0.707,63.240000,2.50,Final,,
2005-09-16,Diesel,99.6,99.6,88.2,0.300000000000001,11.1,0.0,75.6,11.7,56.0,79.0,0.706,61.216000,1.42,Final,,
2005-09-23,Diesel,99.0,99.0,87.7,0.4,11.0,0.0,80.3,12.1,57.0,81.0,0.698,63.628000,2.47,Final,,
2005-09-30,Diesel,101.9,101.9,90.2,0.399999999999999,11.3,0.0,83.0,9.9,56.0,82.0,0.687,62.164000,1.11,Final,,
2005-10-07,Diesel,103.0,103.0,91.2,0.4,11.4,0.0,80.3,8.3,56.0,81.0,0.695,58.926000,4.44,Final,,
2005-10-14,Diesel,105.9,105.9,93.8,0.299999999999999,11.8,0.0,79.6,13.4,54.0,78.0,0.695,58.590000,2.90,Final,,
2005-10-21,Diesel,105.3,105.3,93.3,0.4,11.7,0.0,75.1,13.7,54.0,77.0,0.698,58.154000,2.87,Final,,
2005-10-28,Diesel,101.9,101.9,90.2,0.399999999999999,11.3,0.0,72.2,15.1,53.0,75.0,0.704,58.498000,1.83,Final,,
2005-11-04,Diesel,101.9,101.9,90.2,0.399999999999999,11.3,0.0,68.5,18.0,53.0,76.0,0.697,58.744000,3.79,Final,,
2005-11-11,Diesel,101.3,101.3,89.7,0.299999999999999,11.3,0.0,67.3,21.2,53.0,78.0,0.684,56.788000,3.89,Final,,
2005-11-18,Diesel,97.5,97.5,86.3,0.399999999999999,10.8,0.0,68.1,19.0,51.0,74.0,0.684,53.774000,1.61,Final,,
2005-11-25,Diesel,94.9,94.9,84.0,0.4,10.5,0.0,65.5,15.9,51.0,73.0,0.691,53.572000,1.06,Final,,
2005-12-02,Diesel,92.8,92.8,82.1,0.399999999999999,10.3,0.0,61.2,16.6,50.0,72.0,0.702,53.592000,2.00,Final,,
2005-12-09,Diesel,88.9,88.9,78.7,0.299999999999999,9.9,0.0,64.1,17.5,53.0,75.0,0.71,56.068000,2.01,Final,,
2005-12-16,Diesel,89.5,89.5,79.2,0.4,9.9,0.0,68.4,15.1,55.0,78.0,0.704,58.752000,2.44,Final,,
2005-12-23,Diesel,92.9,92.9,82.2,0.399999999999999,10.3,0.0,70.7,13.8,53.0,77.0,0.682,56.360000,1.25,Final,,
2005-12-30,Diesel,92.9,92.9,82.2,0.399999999999999,10.3,0.0,70.6,11.5,52.0,77.0,0.678,57.377500,1.80,Final,,
2006-01-06,Diesel,93.8,93.8,83.0,0.4,10.4,0.0,73.3,12.4,56.0,81.0,0.686,61.717500,1.18,Final,,
2006-01-13,Diesel,98.8,98.8,87.4,0.300000000000001,11.0,0.0,72.1,14.2,57.0,83.0,0.694,62.180000,1.41,Final,,
2006-01-20,Diesel,99.9,99.9,88.4,0.4,11.1,0.0,78.7,16.4,59.0,85.0,0.69,63.544000,2.58,Final,,
2006-01-27,Diesel,103.3,103.3,91.5,0.300000000000001,11.5,0.0,80.1,12.8,60.0,88.0,0.684,63.774000,2.34,Final,,
2006-02-03,Diesel,105.9,105.9,93.8,0.299999999999999,11.8,0.0,75.9,13.6,60.0,88.0,0.685,64.000000,3.10,Final,,
2006-02-10,Diesel,105.9,105.9,93.8,0.299999999999999,11.8,0.0,78.6,17.9,59.0,87.0,0.678,61.228000,3.66,Final,,
2006-02-17,Diesel,105.9,105.9,93.8,0.299999999999999,11.8,0.0,78.8,15.2,56.0,84.0,0.675,58.044000,2.38,Final,,
2006-02-24,Diesel,106.3,106.3,94.2,0.399999999999999,11.8,0.0,80.8,15.3,56.0,84.0,0.664,59.390000,1.42,Final,,
2006-03-03,Diesel,107.6,107.6,95.3,0.300000000000001,12.0,0.0,80.6,14.5,58.0,87.0,0.663,61.060000,3.25,Final,,
2006-03-10,Diesel,107.2,107.2,94.9,0.4,11.9,0.0,83.3,14.3,58.0,89.0,0.654,59.496000,2.99,Final,,
2006-03-17,Diesel,108.9,108.9,96.4,0.4,12.1,0.0,84.8,13.2,57.0,89.0,0.642,62.422000,2.55,Final,,
2006-03-24,Diesel,111.8,111.8,99.0,0.4,12.4,0.0,83.8,14.2,57.0,91.0,0.625,61.606000,2.82,Final,,
2006-03-31,Diesel,115.2,115.2,102.0,0.399999999999999,12.8,0.0,87.2,18.2,58.0,96.0,0.608,64.758000,3.47,Final,,
2006-04-07,Diesel,116.9,116.9,103.6,0.300000000000001,13.0,0.0,89.7,16.4,61.0,100.0,0.611,66.928000,1.65,Final,,
2006-04-14,Diesel,120.3,120.3,106.6,0.299999999999999,13.4,0.0,92.5,16.9,63.0,102.0,0.613,68.912500,1.34,Final,,
2006-04-21,Diesel,122.9,122.9,108.9,0.300000000000001,13.7,0.0,97.0,16.4,66.0,105.0,0.628,72.542500,2.97,Final,,
2006-04-28,Diesel,124.3,124.3,110.2,0.399999999999999,13.8,0.0,100.2,13.2,66.0,105.0,0.631,72.844000,2.17,Final,,
2006-05-05,Diesel,127.9,127.9,113.3,0.4,14.2,0.0,101.1,13.2,67.0,105.0,0.638,72.922000,3.23,Final,,
2006-05-12,Diesel,127.9,127.9,113.3,0.4,14.2,0.0,101.7,12.3,66.0,104.0,0.632,70.438000,3.94,Final,,
2006-05-19,Diesel,127.9,127.9,113.3,0.4,14.2,0.0,101.2,11.6,64.0,102.0,0.623,67.838000,1.76,Final,,
2006-05-26,Diesel,127.9,127.9,113.3,0.4,14.2,0.0,96.5,12.1,64.0,102.0,0.629,68.466000,3.36,Final,,
2006-06-02,Diesel,127.9,127.9,113.3,0.4,14.2,0.0,96.0,16.9,65.0,103.0,0.635,68.748000,2.25,Final,,
2006-06-09,Diesel,127.9,127.9,113.3,0.4,14.2,0.0,96.3,17.4,66.0,105.0,0.629,67.888000,3.37,Final,,
2006-06-16,Diesel,127.9,127.9,113.3,0.4,14.2,0.0,95.4,17.1,64.0,102.0,0.625,66.172000,3.61,Final,,
2006-06-23,Diesel,126.2,126.2,111.8,0.4,14.0,0.0,94.3,16.4,64.0,104.0,0.616,68.330000,3.51,Final,,
2006-06-30,Diesel,123.9,123.9,109.8,0.299999999999999,13.8,0.0,96.9,15.5,67.0,111.0,0.603,71.818000,3.35,Final,,
2006-07-07,Diesel,123.9,123.9,109.8,0.299999999999999,13.8,0.0,98.0,12.9,69.0,113.0,0.607,73.450000,1.26,Final,,
2006-07-14,Diesel,123.9,123.9,109.8,0.299999999999999,13.8,0.0,97.1,11.8,70.0,113.0,0.615,73.986000,3.74,Final,,
2006-07-21,Diesel,126.5,126.5,112.1,0.300000000000001,14.1,0.0,95.6,15.0,69.0,111.0,0.623,73.516000,3.70,Final,,
2006-07-28,Diesel,127.9,127.9,113.3,0.4,14.2,0.0,94.9,17.8,68.0,110.0,0.622,73.530000,3.27,Final,,
2006-08-04,Diesel,125.8,125.8,111.4,0.300000000000001,14.0,0.0,96.7,16.6,70.0,113.0,0.62,76.316000,2.88,Final,,
2006-08-11,Diesel,124.9,124.9,110.7,0.299999999999999,13.9,0.0,97.8,14.0,71.0,113.0,0.628,76.978000,3.07,Final,,
2006-08-18,Diesel,124.9,124.9,110.7,0.299999999999999,13.9,0.0,95.0,12.8,68.0,107.0,0.636,72.348000,3.36,Final,,
2006-08-25,Diesel,124.0,124.0,109.9,0.299999999999999,13.8,0.0,94.5,14.9,68.0,107.0,0.638,71.916000,1.46,Final,,
2006-09-01,Diesel,121.9,121.9,108.0,0.4,13.5,0.0,92.3,13.5,65.0,101.0,0.645,68.350000,3.48,Final,,
2006-09-08,Diesel,120.2,120.2,106.5,0.299999999999999,13.4,0.0,89.6,14.2,63.0,98.0,0.65,65.758000,4.32,Final,,
2006-09-15,Diesel,118.3,118.3,104.8,0.4,13.1,0.0,82.7,15.3,60.0,93.0,0.647,61.380000,2.18,Final,,
2006-09-22,Diesel,113.9,113.9,100.9,0.300000000000001,12.7,0.0,77.5,18.2,58.0,87.0,0.661,60.232000,3.71,Final,,
2006-09-29,Diesel,106.2,106.2,94.0,0.399999999999999,11.8,0.0,76.2,16.6,57.0,86.0,0.66,58.758000,3.08,Final,,
2006-10-06,Diesel,103.0,103.9,91.2,0.4,11.4,0.0,75.7,15.0,56.0,85.0,0.659,57.146000,2.98,Final,,
2006-10-13,Diesel,103.0,103.9,91.2,0.4,11.4,0.0,74.2,15.4,56.0,85.0,0.659,58.328000,1.50,Final,,
2006-10-20,Diesel,103.0,103.9,91.2,0.4,11.4,0.0,72.9,17.0,57.0,86.0,0.662,58.508000,2.39,Final,,
2006-10-27,Diesel,103.0,103.9,91.2,0.4,11.4,0.0,72.5,18.3,57.0,86.0,0.66,57.732000,2.23,Final,,
2006-11-03,Diesel,101.6,102.5,89.9,0.299999999999999,11.3,0.0,68.6,17.4,55.0,83.0,0.669,56.478000,0.95,Final,,
2006-11-10,Diesel,98.0,98.9,86.7,0.299999999999999,10.9,0.0,68.8,18.1,58.0,86.0,0.668,58.018000,2.73,Final,,
2006-11-17,Diesel,98.0,98.9,86.7,0.299999999999999,10.9,0.0,70.5,17.9,57.0,85.0,0.662,57.852000,2.62,Final,,
2006-11-24,Diesel,98.0,98.9,86.7,0.299999999999999,10.9,0.0,72.0,16.3,56.0,84.0,0.669,59.198000,3.34,Final,,
2006-12-01,Diesel,98.0,98.9,86.7,0.299999999999999,10.9,0.0,72.1,14.8,59.0,87.0,0.677,62.594000,4.22,Final,,
2006-12-08,Diesel,98.0,98.9,86.7,0.299999999999999,10.9,0.0,70.9,14.6,60.0,87.0,0.688,63.632000,0.80,Final,,
2006-12-15,Diesel,98.0,98.9,86.7,0.299999999999999,10.9,0.0,71.9,15.8,58.0,84.0,0.689,62.564000,1.02,Final,,
2006-12-22,Diesel,98.0,98.9,86.7,0.299999999999999,10.9,0.0,71.7,14.8,58.0,84.0,0.693,62.436000,1.21,Final,,
2006-12-29,Diesel,98.0,98.9,86.7,0.299999999999999,10.9,0.0,69.0,15.1,57.0,81.0,0.703,59.690000,1.74,Final,,
2007-01-05,Diesel,96.3,98.9,85.2,0.4,10.7,0.0,67.4,16.3,54.0,76.0,0.704,55.630000,5.67,Final,,
2007-01-12,Diesel,94.0,96.6,83.2,0.4,10.4,0.0,68.1,15.8,51.0,74.0,0.689,51.788000,2.87,Final,,
2007-01-19,Diesel,91.3,93.9,80.8,0.4,10.1,0.0,66.9,12.7,50.0,71.0,0.694,51.397500,1.46,Final,,
2007-01-26,Diesel,91.3,93.9,80.8,0.4,10.1,0.0,67.2,13.9,52.0,74.0,0.699,54.868000,1.74,Final,,
2007-02-02,Diesel,91.3,93.9,80.8,0.4,10.1,0.0,70.3,13.6,53.0,77.0,0.691,55.918000,2.24,Final,,
2007-02-09,Diesel,93.9,96.5,83.1,0.4,10.4,0.0,72.6,12.8,55.0,81.0,0.684,57.902000,1.46,Final,,
2007-02-16,Diesel,97.3,99.9,86.1,0.399999999999999,10.8,0.0,69.9,13.5,54.0,79.0,0.688,55.544000,2.53,Final,,
2007-02-23,Diesel,96.7,99.3,85.6,0.4,10.7,0.0,69.4,15.7,57.0,81.0,0.703,58.162500,4.47,Final,,
2007-03-02,Diesel,93.3,95.9,82.6,0.299999999999999,10.4,0.0,71.3,13.2,59.0,84.0,0.702,60.622000,2.53,Final,,
2007-03-09,Diesel,95.0,97.6,84.1,0.300000000000001,10.6,0.0,73.4,12.8,58.0,86.0,0.682,60.348000,1.45,Final,,
2007-03-16,Diesel,97.3,99.9,86.1,0.399999999999999,10.8,0.0,71.9,12.8,58.0,83.0,0.693,60.866000,1.12,Final,,
2007-03-23,Diesel,97.3,99.9,86.1,0.399999999999999,10.8,0.0,70.9,14.2,58.0,82.0,0.705,61.090000,2.99,Final,,
2007-03-30,Diesel,97.3,99.9,86.1,0.399999999999999,10.8,0.0,74.0,15.2,62.0,87.0,0.714,66.098000,4.22,Final,,
2007-04-06,Diesel,99.4,100.5,88.0,0.4,11.0,0.0,75.7,14.0,64.0,89.0,0.72,68.545000,1.15,Final,,
2007-04-13,Diesel,96.9,97.9,85.8,0.299999999999999,10.8,0.0,75.8,10.0,64.0,88.0,0.728,68.202500,1.14,Final,,
2007-04-20,Diesel,96.9,97.9,85.8,0.299999999999999,10.8,0.0,73.8,10.0,63.0,84.0,0.744,66.208000,2.01,Final,,
2007-04-27,Diesel,97.4,98.5,86.3,0.399999999999999,10.8,0.0,75.5,12.5,64.0,86.0,0.744,67.394000,1.14,Final,,
2007-05-04,Diesel,100.9,101.9,89.3,0.4,11.2,0.0,76.1,13.8,63.0,86.0,0.739,66.038000,2.55,Final,,
2007-05-11,Diesel,99.9,100.9,88.4,0.4,11.1,0.0,76.7,12.3,63.0,85.0,0.734,63.912000,2.48,Final,,
2007-05-18,Diesel,99.3,100.3,87.9,0.4,11.0,0.0,77.2,11.2,65.0,88.0,0.735,67.554000,3.40,Final,,
2007-05-25,Diesel,99.4,100.5,88.0,0.4,11.0,0.0,78.8,10.9,66.0,91.0,0.728,70.650000,2.45,Final,,
2007-06-01,Diesel,96.9,97.9,85.8,0.299999999999999,10.8,0.0,77.7,6.9,64.0,88.0,0.73,68.445000,1.67,Final,,
2007-06-08,Diesel,98.3,99.3,87.0,0.4,10.9,0.0,75.7,9.4,66.0,88.0,0.751,71.232000,2.32,Final,,
2007-06-15,Diesel,101.9,102.9,90.2,0.399999999999999,11.3,0.0,75.8,14.5,66.0,87.0,0.752,69.892000,3.07,Final,,
2007-06-22,Diesel,101.9,102.9,90.2,0.399999999999999,11.3,0.0,76.6,14.4,67.0,88.0,0.758,71.780000,1.78,Final,,
2007-06-29,Diesel,101.9,102.9,90.2,0.399999999999999,11.3,0.0,75.1,13.6,66.0,87.0,0.766,71.758000,0.86,Final,,
2007-07-06,Diesel,101.6,102.9,89.9,0.299999999999999,11.3,0.0,75.2,14.9,69.0,88.0,0.78,74.785000,3.68,Final,,
2007-07-13,Diesel,101.6,102.9,89.9,0.299999999999999,11.3,0.0,77.3,14.8,70.0,90.0,0.781,77.756000,1.14,Final,,
2007-07-20,Diesel,101.6,102.9,89.9,0.299999999999999,11.3,0.0,77.2,12.6,70.0,89.0,0.792,78.244000,1.50,Final,,
2007-07-27,Diesel,101.6,102.9,89.9,0.299999999999999,11.3,0.0,75.6,12.8,70.0,88.0,0.798,76.662000,3.15,Final,,
2007-08-03,Diesel,101.6,102.9,89.9,0.299999999999999,11.3,0.0,78.6,14.3,70.0,92.0,0.766,76.338000,1.75,Final,,
2007-08-10,Diesel,101.6,102.9,89.9,0.299999999999999,11.3,0.0,75.9,11.3,66.0,87.0,0.761,70.698000,3.12,Final,,
2007-08-17,Diesel,102.0,103.3,90.3,0.399999999999999,11.3,0.0,79.0,14.4,67.0,93.0,0.721,70.092000,2.53,Final,,
2007-08-24,Diesel,104.6,105.9,92.6,0.4,11.6,0.0,80.6,13.6,66.0,94.0,0.701,68.440000,1.76,Final,,
2007-08-31,Diesel,104.6,105.9,92.6,0.4,11.6,0.0,81.5,12.0,68.0,96.0,0.709,70.548000,3.44,Final,,
2007-09-07,Diesel,107.4,108.8,95.2,0.4,11.9,0.0,85.8,13.7,70.0,101.0,0.697,75.057500,1.99,Final,,
2007-09-14,Diesel,112.0,113.3,99.2,0.4,12.4,0.0,88.5,13.4,73.0,104.0,0.701,76.892000,3.30,Final,,
2007-09-21,Diesel,117.6,118.9,104.2,0.300000000000001,13.1,0.0,87.1,15.7,75.0,104.0,0.724,78.170000,1.91,Final,,
2007-09-28,Diesel,117.6,118.9,104.2,0.300000000000001,13.1,0.0,84.7,17.1,76.0,101.0,0.747,78.150000,4.76,Final,,
2007-10-05,Diesel,112.6,114.9,99.8,0.4,12.5,0.0,82.0,15.1,73.0,96.0,0.759,77.978000,2.18,Final,,
2007-10-12,Diesel,109.5,111.8,97.0,0.300000000000001,12.2,0.0,82.1,15.0,74.0,97.0,0.765,78.852000,3.89,Final,,
2007-10-19,Diesel,112.5,114.8,99.6,0.4,12.5,0.0,86.0,17.6,79.0,104.0,0.758,84.290000,2.74,Final,,
2007-10-26,Diesel,113.8,116.0,100.8,0.4,12.6,0.0,87.5,14.8,80.0,106.0,0.755,83.722000,3.09,Final,,
2007-11-02,Diesel,117.3,119.6,104.0,0.4,13.0,0.0,90.4,16.4,84.0,110.0,0.767,90.416000,2.24,Final,,
2007-11-09,Diesel,117.6,119.9,104.2,0.300000000000001,13.1,0.0,94.0,13.8,88.0,114.0,0.773,93.544000,2.69,Final,,
2007-11-16,Diesel,118.2,120.5,104.7,0.4,13.1,0.0,94.9,10.8,85.0,113.0,0.756,90.738000,2.90,Final,,
2007-11-23,Diesel,121.5,123.8,107.6,0.4,13.5,0.0,98.5,12.8,88.0,117.0,0.756,94.005000,3.74,Final,,
2007-11-30,Diesel,125.6,127.9,111.3,0.300000000000001,14.0,0.0,97.4,12.8,86.0,113.0,0.763,92.160000,6.17,Final,,
2007-12-07,Diesel,123.9,126.2,109.8,0.299999999999999,13.8,0.0,94.4,12.4,84.0,110.0,0.768,89.088000,2.85,Final,,
2007-12-14,Diesel,122.6,124.9,108.6,0.4,13.6,0.0,95.3,14.3,86.0,110.0,0.779,90.244000,5.24,Final,,
2007-12-21,Diesel,122.6,124.9,108.6,0.4,13.6,0.0,99.6,13.3,85.0,113.0,0.759,90.820000,0.74,Final,,
2007-12-28,Diesel,122.6,124.9,108.6,0.4,13.6,0.0,99.7,9.0,90.0,117.0,0.767,94.390000,4.33,Final,,
2008-01-04,Diesel,123.3,125.8,109.3,0.4,13.7,0.0,101.2,9.5,91.0,118.0,0.773,96.502500,4.77,Final,,
2008-01-11,Diesel,128.5,130.9,113.8,0.299999999999999,14.3,0.0,98.3,12.6,89.0,115.0,0.772,94.396000,4.90,Final,,
2008-01-18,Diesel,126.3,128.8,111.9,0.4,14.0,0.0,94.4,13.7,85.0,110.0,0.777,90.034000,4.48,Final,,
2008-01-25,Diesel,123.5,125.9,109.4,0.4,13.7,0.0,93.4,15.0,83.0,109.0,0.762,88.455000,3.90,Final,,
2008-02-01,Diesel,123.5,125.9,109.4,0.4,13.7,0.0,94.0,16.0,86.0,111.0,0.779,91.770000,1.58,Final,,
2008-02-08,Diesel,119.9,122.3,106.2,0.399999999999999,13.3,0.0,91.9,12.2,84.0,107.0,0.79,89.884000,2.90,Final,,
2008-02-15,Diesel,118.5,120.9,104.9,0.300000000000001,13.2,0.0,96.9,13.0,90.0,114.0,0.788,94.982000,3.14,Final,,
2008-02-22,Diesel,123.6,126.0,109.5,0.4,13.7,0.0,90.9,12.7,92.0,116.0,0.796,97.125000,1.81,Final,,
2008-02-29,Diesel,126.5,128.9,112.1,0.300000000000001,14.1,0.0,98.9,21.2,93.0,115.0,0.814,99.098000,3.47,Final,,
2008-03-07,Diesel,126.5,128.9,112.1,0.300000000000001,14.1,0.0,103.3,13.2,95.0,119.0,0.801,101.902000,6.06,Final,,
2008-03-14,Diesel,129.7,132.1,114.9,0.4,14.4,0.0,109.9,11.6,99.0,123.0,0.802,107.688000,3.85,Final,,
2008-03-21,Diesel,131.0,133.4,116.1,0.300000000000001,14.6,0.0,111.6,6.1,96.0,120.0,0.806,103.047500,5.57,Final,,
2008-03-28,Diesel,131.0,133.4,116.1,0.300000000000001,14.6,0.0,110.1,4.4,97.0,121.0,0.804,102.048000,3.98,Final,,
2008-04-04,Diesel,136.2,137.0,120.7,0.4,15.1,0.0,113.4,10.6,96.0,122.0,0.788,100.878000,3.64,Final,,
2008-04-11,Diesel,139.4,140.2,123.5,0.300000000000001,15.5,0.0,119.1,10.2,101.0,127.0,0.796,106.602000,2.41,Final,,
2008-04-18,Diesel,145.7,146.5,129.1,0.300000000000001,16.2,0.0,122.9,10.0,105.0,133.0,0.79,110.424000,3.02,Final,,
2008-04-25,Diesel,152.9,153.7,135.5,0.300000000000001,17.0,0.0,124.1,12.6,109.0,137.0,0.794,114.340000,5.27,Final,,
2008-05-02,Diesel,155.6,156.4,137.9,0.300000000000001,17.3,0.0,124.5,13.8,108.0,138.0,0.78,111.980000,8.40,Final,,
2008-05-09,Diesel,156.1,156.9,138.4,0.399999999999999,17.3,0.0,128.0,13.9,117.0,149.0,0.781,119.844000,7.86,Final,,
2008-05-16,Diesel,159.7,160.5,141.6,0.400000000000002,17.7,0.0,141.8,13.6,120.0,157.0,0.764,122.584000,1.93,Final,,
2008-05-23,Diesel,166.2,167.0,147.4,0.300000000000001,18.5,0.0,147.4,5.6,125.0,161.0,0.777,126.470000,7.53,Final,,
2008-05-30,Diesel,173.1,173.9,153.5,0.400000000000002,19.2,0.0,143.4,6.1,123.0,157.0,0.785,128.757500,1.48,Final,,
2008-06-06,Diesel,173.1,173.9,153.5,0.400000000000002,19.2,0.0,140.3,10.1,122.0,157.0,0.775,126.334000,11.09,Final,,
2008-06-13,Diesel,178.4,179.3,158.3,0.399999999999999,19.8,0.0,152.1,18.0,130.0,171.0,0.757,134.118000,3.13,Final,,
2008-06-20,Diesel,183.6,184.4,162.8,0.400000000000002,20.4,0.0,149.8,10.7,129.0,171.0,0.756,132.082000,5.16,Final,,
2008-06-27,Diesel,183.6,184.4,162.8,0.400000000000002,20.4,0.0,152.4,13.0,131.0,173.0,0.758,135.540000,7.79,Final,,
2008-07-04,Diesel,182.3,185.3,161.7,0.300000000000001,20.3,0.0,157.4,9.2,137.0,181.0,0.759,141.065000,5.55,Final,,
2008-07-11,Diesel,187.2,190.2,166.0,0.399999999999999,20.8,0.0,156.5,8.6,135.0,179.0,0.756,137.434000,9.77,Final,,
2008-07-18,Diesel,187.8,190.8,166.5,0.300000000000001,20.9,0.0,150.1,10.0,132.0,172.0,0.766,135.052000,13.09,Final,,
2008-07-25,Diesel,184.3,187.3,163.5,0.300000000000001,20.5,0.0,141.9,13.4,123.0,163.0,0.754,126.702000,4.64,Final,,
2008-08-01,Diesel,179.8,182.8,159.4,0.300000000000001,20.0,0.0,139.2,17.5,121.0,164.0,0.739,124.432000,3.31,Final,,
2008-08-08,Diesel,176.9,179.9,156.9,0.300000000000001,19.7,0.0,132.6,17.7,116.0,160.0,0.723,116.562000,8.84,Final,,
2008-08-15,Diesel,174.6,177.6,154.9,0.400000000000002,19.4,0.0,129.9,22.3,110.0,157.0,0.699,110.164000,3.02,Final,,
2008-08-22,Diesel,163.8,166.8,145.2,0.400000000000002,18.2,0.0,127.1,15.3,111.0,156.0,0.712,111.660000,8.52,Final,,
2008-08-29,Diesel,156.9,159.9,139.1,0.400000000000002,17.4,0.0,129.3,12.0,112.0,160.0,0.703,112.404000,3.80,Final,,
2008-09-05,Diesel,156.9,159.9,139.1,0.400000000000002,17.4,0.0,126.2,9.8,104.0,151.0,0.686,103.685000,2.43,Final,,
2008-09-12,Diesel,156.9,159.9,139.1,0.400000000000002,17.4,0.0,124.5,12.9,97.0,146.0,0.665,97.280000,6.71,Final,,
2008-09-19,Diesel,154.3,157.3,136.8,0.399999999999999,17.1,0.0,120.4,12.3,88.0,132.0,0.663,89.348000,7.61,Final,,
2008-09-26,Diesel,150.9,153.9,133.8,0.300000000000001,16.8,0.0,124.0,13.3,97.0,141.0,0.685,100.914000,1.66,Final,,
2008-10-03,Diesel,146.7,151.3,130.0,0.399999999999999,16.3,0.0,117.3,6.0,88.0,131.0,0.67,91.900000,7.08,Final,,
2008-10-10,Diesel,143.2,147.9,127.0,0.4,15.9,0.0,109.5,9.6,75.0,120.0,0.625,80.976000,10.13,Final,,
2008-10-17,Diesel,141.5,146.2,125.4,0.400000000000002,15.7,0.0,101.6,16.0,65.0,107.0,0.612,69.280000,10.84,Final,,
2008-10-24,Diesel,133.0,137.6,117.8,0.299999999999999,14.8,0.0,97.3,16.2,60.0,98.0,0.606,64.404000,6.88,Final,,
2008-10-31,Diesel,127.2,131.9,112.7,0.4,14.1,0.0,98.9,15.4,55.0,97.0,0.572,60.614000,5.13,Final,,
2008-11-07,Diesel,123.0,127.6,108.9,0.300000000000001,13.7,0.0,96.6,10.0,54.0,92.0,0.593,59.434000,6.64,Final,,
2008-11-14,Diesel,121.2,125.9,107.4,0.300000000000001,13.5,0.0,92.4,10.8,49.0,85.0,0.576,53.266000,6.38,Final,,
2008-11-21,Diesel,119.1,123.8,105.5,0.4,13.2,0.0,90.1,13.1,45.0,83.0,0.543,47.794000,5.91,Final,,
2008-11-28,Diesel,116.2,120.9,103.0,0.4,12.9,0.0,87.8,12.8,44.0,81.0,0.548,48.532500,2.00,Final,,
2008-12-05,Diesel,115.7,120.3,102.4,0.299999999999999,12.9,0.0,86.1,14.7,40.0,75.0,0.535,43.696000,10.54,Final,,
2008-12-12,Diesel,112.2,116.9,99.4,0.300000000000001,12.5,0.0,81.8,13.3,39.0,71.0,0.544,41.010000,4.20,Final,,
2008-12-19,Diesel,110.8,115.5,98.1,0.399999999999999,12.3,0.0,80.1,16.3,41.0,71.0,0.571,41.714000,5.50,Final,,
2008-12-26,Diesel,107.2,111.9,95.0,0.4,11.9,0.0,75.1,14.8,37.0,64.0,0.571,35.382500,4.35,Final,,
2009-01-02,Diesel,106.4,109.0,94.2,0.399999999999999,11.8,0.0,73.1,19.1,38.0,65.0,0.577,37.035000,8.78,Final,,
2009-01-09,Diesel,101.2,103.9,89.6,0.4,11.2,0.0,79.3,16.5,45.0,76.0,0.593,45.248000,6.55,Final,,
2009-01-16,Diesel,101.2,103.9,89.6,0.4,11.2,0.0,77.5,10.3,42.0,76.0,0.559,42.384000,2.56,Final,,
2009-01-23,Diesel,101.2,103.9,89.6,0.4,11.2,0.0,75.3,12.1,41.0,78.0,0.533,41.667500,3.23,Final,,
2009-01-30,Diesel,101.2,103.9,89.6,0.4,11.2,0.0,76.7,14.3,43.0,81.0,0.525,44.204000,5.14,Final,,
2009-02-06,Diesel,102.5,105.2,90.8,0.4,11.4,0.0,77.9,14.1,43.0,86.0,0.508,43.640000,1.53,Final,,
2009-02-13,Diesel,102.5,105.2,90.8,0.4,11.4,0.0,76.2,12.9,44.0,84.0,0.528,45.588000,3.87,Final,,
2009-02-20,Diesel,101.2,103.9,89.6,0.4,11.2,0.0,73.8,13.4,41.0,79.0,0.513,40.912500,2.95,Final,,
2009-02-27,Diesel,100.4,103.0,88.9,0.300000000000001,11.2,0.0,73.2,15.0,42.0,82.0,0.51,42.676000,4.97,Final,,
2009-03-06,Diesel,98.2,100.9,87.0,0.4,10.9,0.0,72.9,13.8,42.0,85.0,0.498,43.864000,3.47,Final,,
2009-03-13,Diesel,97.7,100.3,86.4,0.299999999999999,10.9,0.0,72.3,13.6,43.0,85.0,0.507,43.980000,2.80,Final,,
2009-03-20,Diesel,96.2,98.9,85.2,0.4,10.7,0.0,71.9,12.9,45.0,83.0,0.537,46.434000,5.15,Final,,
2009-03-27,Diesel,96.2,98.9,85.2,0.4,10.7,0.0,77.3,13.3,50.0,89.0,0.568,51.464000,1.08,Final,,
2009-04-03,Diesel,96.9,98.9,85.8,0.299999999999999,10.8,0.0,73.2,8.5,47.0,83.0,0.567,48.494000,4.97,Final,,
2009-04-10,Diesel,96.9,98.9,85.8,0.299999999999999,10.8,0.0,73.3,12.6,51.0,88.0,0.583,51.480000,1.71,Final,,
2009-04-17,Diesel,96.9,98.9,85.8,0.299999999999999,10.8,0.0,73.6,12.5,51.0,87.0,0.582,51.590000,1.33,Final,,
2009-04-24,Diesel,96.9,98.9,85.8,0.299999999999999,10.8,0.0,72.2,12.2,49.0,87.0,0.56,48.966000,2.00,Final,,
2009-05-01,Diesel,96.9,98.9,85.8,0.299999999999999,10.8,0.0,71.0,13.6,49.0,87.0,0.564,49.916000,3.11,Final,,
2009-05-08,Diesel,96.9,98.9,85.8,0.299999999999999,10.8,0.0,74.7,14.8,55.0,94.0,0.583,54.828000,3.47,Final,,
2009-05-15,Diesel,96.9,98.9,85.8,0.299999999999999,10.8,0.0,74.6,11.1,57.0,95.0,0.6,56.386000,0.85,Final,,
2009-05-22,Diesel,99.1,101.0,87.7,0.4,11.0,0.0,74.3,13.1,58.0,97.0,0.601,57.890000,2.59,Final,,
2009-05-29,Diesel,99.9,101.9,88.5,0.4,11.1,0.0,73.9,14.1,62.0,100.0,0.619,62.195000,5.93,Final,,
2009-06-05,Diesel,101.6,103.6,90.0,0.399999999999999,11.3,0.0,79.9,16.0,67.0,104.0,0.643,67.174000,1.62,Final,,
2009-06-12,Diesel,103.9,105.9,92.0,0.4,11.5,0.0,83.4,12.1,70.0,112.0,0.631,69.880000,4.10,Final,,
2009-06-19,Diesel,105.4,107.3,93.3,0.4,11.7,0.0,84.0,9.9,70.0,111.0,0.634,69.680000,2.03,Final,,
2009-06-26,Diesel,108.9,110.9,96.5,0.4,12.1,0.0,81.1,12.5,69.0,108.0,0.638,67.576000,2.69,Final,,
2009-07-03,Diesel,109.1,110.9,96.6,0.4,12.1,0.0,79.4,15.5,69.0,107.0,0.642,68.030000,4.01,Final,,
2009-07-10,Diesel,107.3,109.2,95.0,0.4,11.9,0.0,74.1,15.7,62.0,98.0,0.63,60.394000,4.69,Final,,
2009-07-17,Diesel,103.9,105.8,92.0,0.4,11.5,0.0,71.9,17.9,62.0,97.0,0.64,61.108000,5.29,Final,,
2009-07-24,Diesel,100.1,101.9,88.6,0.4,11.1,0.0,75.7,16.6,66.0,101.0,0.655,66.562000,4.18,Final,,
2009-07-31,Diesel,100.4,102.3,88.9,0.300000000000001,11.2,0.0,77.9,13.2,67.0,103.0,0.654,68.600000,4.29,Final,,
2009-08-07,Diesel,102.2,104.0,90.5,0.299999999999999,11.4,0.0,80.5,12.6,72.0,108.0,0.669,73.986000,1.71,Final,,
2009-08-14,Diesel,105.1,106.9,93.0,0.300000000000001,11.7,0.0,80.5,12.6,71.0,105.0,0.673,72.898000,2.70,Final,,
2009-08-21,Diesel,105.1,106.9,93.0,0.300000000000001,11.7,0.0,78.7,12.5,71.0,105.0,0.674,71.516000,5.10,Final,,
2009-08-28,Diesel,105.1,106.9,93.0,0.300000000000001,11.7,0.0,78.5,14.3,71.0,104.0,0.684,72.332000,3.66,Final,,
2009-09-04,Diesel,105.1,106.9,93.0,0.300000000000001,11.7,0.0,76.2,14.5,67.0,98.0,0.679,67.604000,3.18,Final,,
2009-09-11,Diesel,105.1,106.9,93.0,0.300000000000001,11.7,0.0,73.7,16.8,69.0,99.0,0.696,69.170000,1.00,Final,,
2009-09-18,Diesel,102.9,104.8,91.1,0.4,11.4,0.0,72.1,17.4,69.0,97.0,0.707,68.846000,5.03,Final,,
2009-09-25,Diesel,102.1,103.9,90.3,0.399999999999999,11.3,0.0,70.7,18.3,67.0,93.0,0.716,66.956000,5.05,Final,,
2009-10-02,Diesel,98.1,99.9,86.8,0.4,10.9,0.0,69.2,16.1,66.0,92.0,0.717,65.900000,2.49,Final,,
2009-10-09,Diesel,98.1,99.9,86.8,0.4,10.9,0.0,69.3,17.6,68.0,93.0,0.732,67.868000,4.19,Final,,
2009-10-16,Diesel,98.1,99.9,86.8,0.4,10.9,0.0,73.5,17.5,72.0,98.0,0.74,72.288000,3.83,Final,,
2009-10-23,Diesel,100.4,102.2,88.9,0.300000000000001,11.2,0.0,76.7,15.3,77.0,102.0,0.752,77.238000,2.50,Final,,
2009-10-30,Diesel,103.2,105.0,91.4,0.300000000000001,11.5,0.0,78.3,14.7,76.0,104.0,0.736,76.068000,2.27,Final,,
2009-11-06,Diesel,106.1,107.9,93.9,0.399999999999999,11.8,0.0,79.9,15.6,77.0,107.0,0.72,76.596000,2.70,Final,,
2009-11-13,Diesel,106.1,107.9,93.9,0.399999999999999,11.8,0.0,77.2,14.1,77.0,104.0,0.738,76.246000,2.37,Final,,
2009-11-20,Diesel,106.1,107.9,93.9,0.399999999999999,11.8,0.0,76.9,16.8,78.0,105.0,0.743,77.040000,3.03,Final,,
2009-11-27,Diesel,106.1,107.9,93.9,0.399999999999999,11.8,0.0,78.0,17.1,77.0,106.0,0.726,76.515000,2.79,Final,,
2009-12-04,Diesel,106.1,107.9,93.9,0.399999999999999,11.8,0.0,79.4,16.0,79.0,110.0,0.72,77.782000,1.72,Final,,
2009-12-11,Diesel,106.1,107.9,93.9,0.399999999999999,11.8,0.0,78.0,14.5,75.0,104.0,0.717,73.144000,6.11,Final,,
2009-12-18,Diesel,106.0,107.8,93.8,0.299999999999999,11.8,0.0,75.5,15.8,73.0,101.0,0.721,71.802000,2.15,Final,,
2009-12-25,Diesel,105.1,106.9,93.0,0.4,11.7,0.0,79.0,17.6,73.0,104.0,0.705,73.350000,3.51,Final,,
2010-01-01,Diesel,105.1,106.9,93.0,0.4,11.7,0.0,81.2,14.0,77.0,108.0,0.716,77.192500,1.32,Final,,
2010-01-08,Diesel,107.498412698413,109.042857142857,95.1791446208113,0.375,11.9442680776014,0.0,81.0691537692697,14.1099908515416,80.0,109.0,0.735,79.818000,1.52,Final,,
2010-01-15,Diesel,110.64126984127,112.185714285714,97.9727954144621,0.375,12.2934744268078,0.0,79.6036510013336,18.3691444131285,78.0,106.0,0.741,78.310000,3.29,Final,,
2010-01-22,Diesel,110.212698412698,111.757142857143,97.5918430335097,0.375,12.2458553791887,0.0,77.6632433092717,19.928599724238,75.0,104.0,0.728,74.282500,2.45,Final,,
2010-01-29,Diesel,109.355555555556,110.9,96.8299382716049,0.375,12.1506172839506,0.0,76.5850434072269,20.2448948643781,73.0,102.0,0.709,71.882000,2.10,Final,,
2010-02-05,Diesel,109.355555555556,110.9,96.8299382716049,0.375,12.1506172839506,0.0,77.9028697665298,18.9270685050751,73.0,104.0,0.702,72.540000,5.66,Final,,
2010-02-12,Diesel,109.355555555556,110.9,96.8299382716049,0.375,12.1506172839506,0.0,77.9467170576587,18.8832212139462,71.0,103.0,0.692,70.852000,2.73,Final,,
2010-02-19,Diesel,109.355555555556,110.9,96.8299382716049,0.375,12.1506172839506,0.0,79.8443827657384,16.9855555058665,76.0,108.0,0.7,75.800000,2.06,Final,,
2010-02-26,Diesel,109.355555555556,110.9,96.8299382716049,0.375,12.1506172839506,0.0,81.9653361516202,14.8646021199848,76.0,109.0,0.696,76.226000,2.62,Final,,
2010-03-05,Diesel,110.498412698413,112.042857142857,97.845811287478,0.375,12.2776014109347,0.0,83.0884473293438,14.7573639581342,77.0,111.0,0.695,77.862000,3.13,Final,,
2010-03-12,Diesel,113.498412698413,115.042857142857,100.512477954145,0.375,12.6109347442681,0.0,84.307663960068,16.2048139940766,78.0,111.0,0.701,79.364000,1.52,Final,,
2010-03-19,Diesel,114.355555555556,115.9,101.274382716049,0.375,12.7061728395062,0.0,82.9743682082093,18.3000145078401,77.0,109.0,0.709,79.054000,3.20,Final,,
2010-03-26,Diesel,114.355555555556,115.9,101.274382716049,0.375,12.7061728395062,0.0,82.838850412927,18.4355323031224,77.0,110.0,0.705,78.382000,1.19,Final,,
2010-04-02,Diesel,114.238409209838,115.9,101.170252630967,0.375,12.6931565788709,0.0,84.1108611168097,17.0593915141572,79.0,112.0,0.708,80.587500,3.17,Final,,
2010-04-09,Diesel,115.864835164835,117.614285714286,102.615964590965,0.375,12.8738705738706,0.0,89.6682614863712,12.9477031045934,83.0,117.0,0.706,83.884000,2.42,Final,,
2010-04-16,Diesel,117.150549450549,118.9,103.758821733822,0.375,13.0167277167277,0.0,88.7511563096831,15.0076654241387,84.0,117.0,0.714,85.234000,3.46,Final,,
2010-04-23,Diesel,117.150549450549,118.9,103.758821733822,0.375,13.0167277167277,0.0,88.5950823200982,15.1637394137235,83.0,117.0,0.709,84.608000,3.00,Final,,
2010-04-30,Diesel,119.293406593407,121.042857142857,105.663583638584,0.375,13.254822954823,0.0,89.5224033602277,16.1411802783559,85.0,118.0,0.719,85.982000,2.23,Final,,
2010-05-07,Diesel,120.150549450549,121.9,106.425488400488,0.375,13.3500610500611,0.0,88.7884423628716,17.6370460376168,81.0,112.0,0.723,82.496000,11.61,Final,,
2010-05-14,Diesel,120.150549450549,121.9,106.425488400488,0.375,13.3500610500611,0.0,86.2600497357757,20.1654386647127,80.0,111.0,0.716,78.324000,2.98,Final,,
2010-05-21,Diesel,118.436263736264,120.185714285714,104.901678876679,0.375,13.1595848595849,0.0,83.014435885001,21.8872429916779,72.0,105.0,0.689,72.172000,5.56,Final,,
2010-05-28,Diesel,115.864835164835,117.614285714286,102.615964590965,0.375,12.8738705738706,0.0,81.7021517863178,20.9138128046468,70.0,104.0,0.673,70.790000,6.38,Final,,
2010-06-04,Diesel,114.150549450549,115.9,101.092155067155,0.375,12.6833943833944,0.0,84.4272019473047,16.6649531198503,73.0,108.0,0.68,72.705000,1.28,Final,,
2010-06-11,Diesel,114.150549450549,115.9,101.092155067155,0.375,12.6833943833944,0.0,84.3217306030093,16.7704244641457,73.0,108.0,0.671,72.762000,3.24,Final,,
2010-06-18,Diesel,114.150549450549,115.9,101.092155067155,0.375,12.6833943833944,0.0,84.9317079539803,16.1604471131748,75.0,108.0,0.697,76.218000,2.41,Final,,
2010-06-25,Diesel,115.579120879121,117.328571428571,102.361996336996,0.375,12.8421245421245,0.0,84.3408852887871,18.0211110482093,75.0,106.0,0.71,76.642000,3.36,Final,,
2010-07-02,Diesel,117.614831752099,119.614285714286,102.798374255834,0.375,13.0683146391221,1.37314285714286,82.5049684414477,20.2934058143862,72.0,104.0,0.697,73.858000,4.93,Final,,
2010-07-09,Diesel,116.713043478261,118.9,100.966927536232,0.375,12.968115942029,2.403,81.3710262372063,19.5959012990255,72.0,103.0,0.696,73.952500,2.23,Final,,
2010-07-16,Diesel,116.713043478261,118.9,100.966927536232,0.375,12.968115942029,2.403,81.2112437559334,19.7556837802985,73.0,102.0,0.717,75.700000,2.28,Final,,
2010-07-23,Diesel,116.713043478261,118.9,100.966927536232,0.375,12.968115942029,2.403,82.4625067308576,18.5044208053743,74.0,103.0,0.713,76.642000,1.84,Final,,
2010-07-30,Diesel,116.713043478261,118.9,100.966927536232,0.375,12.968115942029,2.403,81.7158677472649,19.251059788967,74.0,102.0,0.728,77.236000,3.08,Final,,
2010-08-06,Diesel,116.713043478261,118.9,100.966927536232,0.375,12.968115942029,2.403,85.0832460811737,15.8836814550582,79.0,108.0,0.731,82.694000,2.48,Final,,
2010-08-13,Diesel,116.713043478261,118.9,100.966927536232,0.375,12.968115942029,2.403,82.9938630784379,17.973064457794,74.0,103.0,0.722,78.206000,6.40,Final,,
2010-08-20,Diesel,116.713043478261,118.9,100.966927536232,0.375,12.968115942029,2.403,82.508734773769,18.4581927624628,73.0,102.0,0.709,74.944000,3.26,Final,,
2010-08-27,Diesel,116.713043478261,118.9,100.699927536232,0.375,12.968115942029,2.67,81.9355211861821,18.7644063500498,71.0,101.0,0.704,72.818000,4.55,Final,,
2010-09-03,Diesel,116.713043478261,118.9,100.699927536232,0.375,12.968115942029,2.67,82.7688559284096,17.9310716078222,73.0,104.0,0.709,75.410000,1.12,Final,,
2010-09-10,Diesel,116.713043478261,118.9,100.699927536232,0.375,12.968115942029,2.67,81.8240478423826,18.8758796938493,75.0,104.0,0.721,77.167500,2.09,Final,,
2010-09-17,Diesel,116.713043478261,118.9,100.699927536232,0.375,12.968115942029,2.67,82.4533604242275,18.2465671120043,76.0,104.0,0.729,78.438000,1.46,Final,,
2010-09-24,Diesel,116.713043478261,118.9,100.699927536232,0.375,12.968115942029,2.67,82.3806160032959,18.319311532936,76.0,104.0,0.73,78.378000,2.13,Final,,
2010-10-01,Diesel,117.941925465839,120.185714285714,99.5131960572509,0.375,15.3837294085876,2.67,83.0482408920857,16.4649551651652,77.0,105.0,0.736,79.820000,4.98,Final,,
2010-10-08,Diesel,121.723291925466,124.042857142857,102.801340804753,0.375,15.8769511207129,2.67,85.615208796794,17.1861320079589,81.0,109.0,0.747,83.866000,1.66,Final,,
2010-10-15,Diesel,122.580434782609,124.9,103.54668241966,0.375,15.988752362949,2.67,85.0976501286588,18.449032291001,81.0,107.0,0.756,83.114000,2.07,Final,,
2010-10-22,Diesel,122.580434782609,124.9,103.54668241966,0.375,15.988752362949,2.67,84.1022637654443,19.4444186542155,80.0,106.0,0.751,81.426000,1.55,Final,,
2010-10-29,Diesel,122.580434782609,124.9,103.54668241966,0.375,15.988752362949,2.67,84.6104261076449,18.9362563120148,80.0,107.0,0.75,82.248000,1.70,Final,,
2010-11-05,Diesel,122.580434782609,124.9,103.54668241966,0.375,15.988752362949,2.67,83.1017250916597,20.444957328,83.0,107.0,0.777,85.596000,2.99,Final,,
2010-11-12,Diesel,122.580434782609,124.9,103.54668241966,0.375,15.988752362949,2.67,86.2509415889256,17.2957408307342,85.0,109.0,0.784,87.430000,2.01,Final,,
2010-11-19,Diesel,122.580434782609,124.9,103.54668241966,0.375,15.988752362949,2.67,85.4037960960359,18.1428863236238,82.0,107.0,0.773,83.940000,2.32,Final,,
2010-11-26,Diesel,122.580434782609,124.9,103.54668241966,0.375,15.988752362949,2.67,85.0686176431559,18.4780647765038,82.0,107.0,0.766,83.505000,2.44,Final,,
2010-12-03,Diesel,124.866149068323,127.185714285714,105.419831487983,0.375,16.2868890089117,2.78442857142857,89.8015620778075,15.6182694101752,86.0,114.0,0.749,88.100000,4.75,Final,,
2010-12-10,Diesel,127.437577639752,129.757142857143,107.636784904132,0.375,16.6222927356198,2.8035,92.4477421452641,15.1890427588677,88.0,117.0,0.756,90.248000,1.71,Final,,
2010-12-17,Diesel,130.151863354037,132.471428571429,109.997033351337,0.375,16.9763300027005,2.8035,93.4005490240602,16.5964843272765,89.0,120.0,0.746,90.912000,0.93,Final,,
2010-12-24,Diesel,131.437577639752,133.757142857143,111.115045773697,0.375,17.1440318660546,2.8035,95.3032352985524,15.8118104751446,91.0,122.0,0.742,92.900000,2.32,Final,,
2010-12-31,Diesel,131.503485162181,133.9,111.172356662766,0.375,17.1526284994149,2.8035,93.1277305818371,18.0446260809288,90.0,117.0,0.765,93.170000,1.02,Final,,
2011-01-07,Diesel,131.311111111111,133.9,111.005074879227,0.375,17.1275362318841,2.8035,94.5421459161701,16.4629289630569,91.0,120.0,0.76,94.722000,2.30,Final,,
2011-01-14,Diesel,131.311111111111,133.9,111.005074879227,0.375,17.1275362318841,2.8035,96.0401064719003,14.9649684073268,94.0,123.0,0.764,97.086000,2.81,Final,,
2011-01-21,Diesel,134.311111111111,136.9,113.613770531401,0.375,17.5188405797101,2.8035,97.1863511715662,16.4274193598348,93.0,121.0,0.767,97.340000,2.15,Final,,
2011-01-28,Diesel,134.311111111111,136.9,113.613770531401,0.375,17.5188405797101,2.8035,96.8515492019756,16.7622213294254,93.0,121.0,0.767,96.620000,1.02,Final,,
2011-02-04,Diesel,134.311111111111,136.9,113.613770531401,0.375,17.5188405797101,2.8035,98.406731521673,15.2070390097279,96.0,125.0,0.774,100.358000,2.72,Final,,
2011-02-11,Diesel,137.739682539683,140.328571428571,116.595136991028,0.375,17.9660455486542,2.8035,100.96023019235,15.6349067986783,97.0,125.0,0.77,99.904000,1.49,Final,,
2011-02-18,Diesel,139.453968253968,142.042857142857,118.085820220842,0.375,18.1896480331263,2.8035,104.039165024319,14.0466551965232,99.0,131.0,0.756,102.806000,1.25,Final,,
2011-02-25,Diesel,140.311111111111,142.9,118.831161835749,0.375,18.3014492753623,2.8035,109.064617019218,9.76654481653094,106.0,141.0,0.753,110.492500,7.09,Final,,
2011-03-04,Diesel,148.025396825397,150.614285714286,125.53923636991,0.375,19.3076604554865,2.8035,114.955860865945,10.5833755039656,109.0,146.0,0.747,114.526000,4.62,Final,,
2011-03-11,Diesel,156.596825396825,159.185714285714,132.992652518979,0.375,20.4256728778468,2.8035,118.458118026022,14.534534492957,110.0,149.0,0.737,114.446000,4.26,Final,,
2011-03-18,Diesel,160.168253968254,162.757142857143,136.09824258109,0.375,20.8915113871636,2.8035,121.451758045875,14.6464845352152,107.0,147.0,0.73,112.666000,3.22,Final,,
2011-03-25,Diesel,166.596825396825,169.185714285714,141.688304692892,0.375,21.7300207039337,2.8035,121.643838309002,20.0444663838893,110.0,149.0,0.74,115.412000,0.73,Final,,
2011-04-01,Diesel,166.468044653759,168.614285714286,141.576321438051,0.375,21.7132232157077,2.8035,118.982962544368,22.5933588936831,110.0,146.0,0.757,116.490000,3.28,Final,,
2011-04-08,Diesel,165.343956043956,166.9,140.598853081701,0.375,21.5666029622551,2.8035,120.49589088366,20.102962198041,115.0,149.0,0.772,123.030000,6.23,Final,,
2011-04-15,Diesel,165.343956043956,166.9,140.598853081701,0.375,21.5666029622551,2.8035,118.416154451419,22.1826986302819,116.0,148.0,0.786,123.572000,5.13,Final,,
2011-04-22,Diesel,162.772527472527,164.328571428571,138.36282823698,0.375,21.2311992355471,2.8035,116.259771838588,22.1030563983921,116.0,146.0,0.792,122.735000,2.91,Final,,
2011-04-29,Diesel,162.343956043956,163.9,137.990157429527,0.375,21.175298614429,2.8035,115.44276317607,22.547394253457,119.0,148.0,0.803,125.360000,2.04,Final,,
2011-05-06,Diesel,162.343956043956,163.9,137.990157429527,0.375,21.175298614429,2.8035,111.90967857255,26.0804788569774,112.0,140.0,0.798,119.564000,14.71,Final,,
2011-05-13,Diesel,156.343956043956,157.9,132.772766125179,0.375,20.3926899187769,2.8035,107.049304754786,25.7234613703932,108.0,136.0,0.792,114.528000,4.95,Final,,
2011-05-20,Diesel,153.343956043956,154.9,130.164070473005,0.375,20.0013855709508,2.8035,106.138109518371,24.0259609546347,107.0,136.0,0.786,112.020000,4.33,Final,,
2011-05-27,Diesel,147.201098901099,148.757142857143,124.822455566173,0.375,19.2001433349259,2.8035,104.729411486176,20.0930440799968,108.0,135.0,0.798,113.406000,4.93,Final,,
2011-06-03,Diesel,146.343956043956,147.9,124.077113951266,0.375,19.0883420926899,2.8035,104.867652207971,19.2094617432952,109.0,133.0,0.819,115.680000,2.88,Final,,
2011-06-10,Diesel,146.343956043956,147.9,124.077113951266,0.375,19.0883420926899,2.8035,105.905271027112,18.1718429241546,111.0,135.0,0.821,117.726000,4.55,Final,,
2011-06-17,Diesel,148.486813186813,150.042857142857,125.940467988533,0.375,19.36784519828,2.8035,106.531017217746,19.4094507707874,110.0,136.0,0.814,116.788000,6.75,Final,,
2011-06-24,Diesel,149.343956043956,150.9,126.68580960344,0.375,19.479646440516,2.8035,101.846361789856,24.8394478135838,105.0,129.0,0.812,110.176000,8.80,Final,,
2011-07-01,Diesel,144.04095624872,145.9,122.07450543367,0.375,18.7879508150505,2.8035,100.071480311465,22.003025122205,105.0,129.0,0.815,109.032000,7.14,Final,,
2011-07-08,Diesel,143.636956521739,145.9,121.818558466109,0.375,18.7352551984877,2.70814285714286,101.638397685414,20.1801607806945,109.0,131.0,0.829,115.390000,4.19,Final,,
2011-07-15,Diesel,146.494099378882,148.757142857143,124.455601944369,0.375,19.1079260059411,2.55557142857143,103.874813798706,20.5807881456634,111.0,133.0,0.834,117.722000,1.11,Final,,
2011-07-22,Diesel,145.922670807453,148.185714285714,123.977778963003,0.375,19.0333918444504,2.5365,102.244723496452,21.7330554665511,112.0,131.0,0.854,118.198000,1.94,Final,,
2011-07-29,Diesel,144.636956521739,146.9,122.859766540643,0.375,18.8656899810964,2.5365,100.682014501858,22.1777520387847,112.0,129.0,0.868,117.698000,2.34,Final,,
2011-08-05,Diesel,142.922670807453,145.185714285714,121.369083310829,0.375,18.6420874966244,2.5365,99.7960742038454,21.5730091069836,107.0,124.0,0.863,112.654000,9.45,Final,,
2011-08-12,Diesel,139.922670807453,142.185714285714,118.760387658655,0.375,18.2507831487983,2.5365,98.6328041408175,20.1275835178376,101.0,122.0,0.827,105.304000,5.11,Final,,
2011-08-19,Diesel,140.351242236025,142.614285714286,119.133058466109,0.375,18.3066837699163,2.5365,99.2769286047077,19.8561298614008,104.0,125.0,0.832,109.536000,3.01,Final,,
2011-08-26,Diesel,141.636956521739,143.9,120.251070888469,0.375,18.4743856332703,2.5365,100.084427483124,20.1666434053447,105.0,127.0,0.827,111.058000,3.46,Final,,
2011-09-02,Diesel,141.636956521739,143.9,120.251070888469,0.375,18.4743856332703,2.5365,100.323169675889,19.9279012125797,110.0,129.0,0.849,116.105000,0.89,Final,,
2011-09-09,Diesel,142.636956521739,144.9,121.12063610586,0.375,18.604820415879,2.5365,101.690127433722,19.4305086721377,109.0,130.0,0.833,115.970000,4.70,Final,,
2011-09-16,Diesel,144.065527950311,146.328571428571,122.362872130705,0.375,18.7911558196057,2.5365,101.212015624741,21.150856505964,107.0,131.0,0.822,114.980000,3.61,Final,,
2011-09-23,Diesel,144.636956521739,146.9,122.859766540643,0.375,18.8656899810964,2.5365,101.643921898659,21.2158446419835,106.0,131.0,0.81,111.984000,5.22,Final,,
2011-09-30,Diesel,144.94751552795,146.9,123.129817850392,0.375,18.9061976775587,2.5365,103.083518563117,20.0462992872745,102.0,132.0,0.777,107.692000,4.12,Final,,
2011-10-07,Diesel,145.723913043478,146.9,123.804946124764,0.375,19.0074669187146,2.5365,103.263713127876,20.5412329968876,99.0,130.0,0.762,104.032000,4.72,Final,,
2011-10-14,Diesel,145.723913043478,146.9,124.205488981907,0.375,19.0074669187146,2.13595714285714,102.844293398142,21.3611955837643,105.0,134.0,0.785,111.586000,5.11,Final,,
2011-10-21,Diesel,145.723913043478,146.9,124.272246124764,0.375,19.0074669187146,2.0692,104.357601450173,19.9146446745907,107.0,134.0,0.796,111.472000,3.92,Final,,
2011-10-28,Diesel,145.723913043478,146.9,124.272246124764,0.375,19.0074669187146,2.0692,105.487245639362,18.7850004854021,108.0,133.0,0.806,111.334000,2.44,Final,,
2011-11-04,Diesel,145.723913043478,146.9,124.272246124764,0.375,19.0074669187146,2.0692,105.813716957187,18.4585291675762,106.0,132.0,0.801,109.840000,5.25,Final,,
2011-11-11,Diesel,147.866770186335,149.042857142857,126.135600162031,0.375,19.2869700243046,2.0692,111.372083393764,14.763516768267,111.0,141.0,0.79,114.680000,2.29,Final,,
2011-11-18,Diesel,153.581055900621,154.757142857143,131.10454426141,0.375,20.0323116392115,2.0692,113.795071611634,17.3094726497754,110.0,142.0,0.774,110.690000,4.75,Final,,
2011-11-25,Diesel,159.15248447205,160.328571428571,135.949264758304,0.375,20.7590197137456,2.0692,113.829880202687,22.119384555617,107.0,143.0,0.747,106.665000,1.79,Final,,
2011-12-02,Diesel,159.723913043478,160.9,136.446159168242,0.375,20.8335538752363,2.0692,111.339297092734,25.1068620755075,109.0,142.0,0.765,110.054000,2.42,Final,,
2011-12-09,Diesel,156.723913043478,157.9,133.837463516068,0.375,20.4422495274102,2.0692,109.638707931326,24.1987555847419,108.0,139.0,0.778,109.310000,2.27,Final,,
2011-12-16,Diesel,156.723913043478,157.9,133.837463516068,0.375,20.4422495274102,2.0692,109.10749862009,24.7299648959781,105.0,138.0,0.76,106.262000,5.25,Final,,
2011-12-23,Diesel,156.723913043478,157.9,134.466777801782,0.375,20.4422495274102,1.43988571428571,107.15453593116,27.312241870622,105.0,137.0,0.766,107.722000,4.73,Final,,
2011-12-30,Diesel,156.499774759402,157.9,134.37676066035,0.375,20.4130140990524,1.335,107.195747847166,27.1810128131839,105.0,136.0,0.771,107.506666,1.20,Final,,
2012-01-06,Diesel,155.154945054945,157.9,133.207343526039,0.375,20.2376015289059,1.335,109.372077294989,23.8352662310503,109.0,138.0,0.786,112.510000,2.47,Final,,
2012-01-13,Diesel,155.154945054945,157.9,133.207343526039,0.375,20.2376015289059,1.335,110.429414157999,22.7779293680398,110.0,139.0,0.791,111.776000,3.42,Final,,
2012-01-20,Diesel,155.154945054945,157.9,133.207343526039,0.375,20.2376015289059,1.335,108.421777073024,24.7855664530151,109.0,137.0,0.799,109.600000,2.05,Final,,
2012-01-27,Diesel,152.297802197802,155.042857142857,130.72287147635,0.375,19.8649307214525,1.335,105.287978732046,25.4348927443042,109.0,134.0,0.813,109.180000,2.12,Final,,
2012-02-03,Diesel,147.583516483516,150.328571428571,126.623492594362,0.375,19.2500238891543,1.335,104.539581930002,22.0839106643604,110.0,133.0,0.827,111.196000,2.32,Final,,
2012-02-10,Diesel,147.154945054945,149.9,126.250821786909,0.375,19.1941232680363,1.335,106.583328534052,19.667493252857,114.0,137.0,0.835,117.208000,2.93,Final,,
2012-02-17,Diesel,148.869230769231,151.614285714286,127.741505016722,0.375,19.4177257525084,1.335,107.375328432906,20.3661765838167,116.0,140.0,0.832,119.794000,2.70,Final,,
2012-02-24,Diesel,150.154945054945,152.9,128.859517439083,0.375,19.5854276158624,1.335,108.289321969601,20.5701954694814,120.0,143.0,0.836,123.335000,4.04,Final,,
2012-03-02,Diesel,151.583516483516,154.328571428571,130.101753463927,0.375,19.7717630195891,1.335,108.376005691651,21.7257477722767,121.0,144.0,0.838,124.880000,4.23,Final,,
2012-03-09,Diesel,152.154945054945,154.9,130.598647873865,0.375,19.8462971810798,1.335,111.150976371512,19.4476715023533,123.0,149.0,0.821,126.624000,3.05,Final,,
2012-03-16,Diesel,153.583516483516,156.328571428571,131.84088389871,0.375,20.0326325848065,1.335,113.018514270397,18.8223696283129,124.0,151.0,0.818,126.222000,4.51,Final,,
2012-03-23,Diesel,154.154945054945,156.9,132.337778308648,0.375,20.1071667462972,1.335,112.578494177616,19.7592841310317,123.0,150.0,0.818,124.346000,3.27,Final,,
2012-03-30,Diesel,154.055259026688,156.9,132.251094805815,0.375,20.0941642208723,1.335,112.309508414294,19.941586391521,122.0,148.0,0.819,124.430000,2.62,Final,,
2012-04-06,Diesel,153.457142857143,156.9,131.73099378882,0.375,20.016149068323,1.335,111.64646331357,20.0845304752501,121.0,148.0,0.82,123.686666,1.40,Final,,
2012-04-13,Diesel,153.457142857143,156.9,131.73099378882,0.375,20.016149068323,1.335,109.019479818392,22.7115139704282,118.0,144.0,0.821,120.872500,1.48,Final,,
2012-04-20,Diesel,153.457142857143,156.9,131.73099378882,0.375,20.016149068323,1.335,108.197155942885,23.5338378459352,115.0,140.0,0.819,117.180000,3.05,Final,,
2012-04-27,Diesel,153.457142857143,156.9,131.73099378882,0.375,20.016149068323,1.335,109.071302132288,22.6596916565315,115.0,141.0,0.815,118.096000,2.67,Final,,
2012-05-04,Diesel,153.457142857143,156.9,131.73099378882,0.375,20.016149068323,1.335,108.742879250585,22.9881145382353,113.0,140.0,0.813,116.674000,7.91,Final,,
2012-05-11,Diesel,153.457142857143,156.9,131.73099378882,0.375,20.016149068323,1.335,107.085240881456,24.6457529073634,109.0,138.0,0.789,111.777500,2.02,Final,,
2012-05-18,Diesel,153.457142857143,156.9,131.73099378882,0.375,20.016149068323,1.335,107.237334887588,24.4936589012314,107.0,139.0,0.771,109.866000,3.37,Final,,
2012-05-25,Diesel,150.457142857143,153.9,129.122298136646,0.375,19.6248447204969,1.335,106.948916401304,22.1733817353417,104.0,138.0,0.756,108.144000,2.88,Final,,
2012-06-01,Diesel,150.457142857143,153.9,129.122298136646,0.375,19.6248447204969,1.335,104.457652753648,24.6646453829979,101.0,134.0,0.757,103.472500,8.92,Final,,
2012-06-08,Diesel,147.028571428571,150.471428571429,126.140931677019,0.375,19.1776397515528,1.335,98.8677815443487,27.27315013267,97.0,127.0,0.763,99.030000,3.57,Final,,
2012-06-15,Diesel,142.314285714286,145.757142857143,122.041552795031,0.375,18.5627329192547,1.335,97.3759628099127,24.6655899851184,96.0,124.0,0.776,97.214000,2.14,Final,,
2012-06-22,Diesel,140.314285714286,143.757142857143,120.302422360248,0.375,18.3018633540373,1.335,93.2553596250422,27.0470627352063,92.0,116.0,0.794,92.458000,5.99,Final,,
2012-06-29,Diesel,137.820718722272,141.185714285714,118.134103236758,0.375,17.9766154855137,1.335,92.8262493460758,25.3078538906821,92.0,116.0,0.789,91.226000,5.48,Final,,
2012-07-06,Diesel,138.859316770186,141.757142857143,119.037231974075,0.375,18.1120847961113,1.335,96.2298969189956,22.8073350550795,97.0,120.0,0.803,98.802500,6.26,Final,,
2012-07-13,Diesel,140.002173913043,142.9,120.031020793951,0.375,18.2611531190926,1.335,98.5899228703747,21.4410979235761,97.0,122.0,0.795,99.882000,2.76,Final,,
2012-07-20,Diesel,144.002173913043,146.9,123.509281663516,0.375,18.7828922495274,1.335,101.659456213276,21.8498254502405,102.0,128.0,0.799,105.400000,5.69,Final,,
2012-07-27,Diesel,148.002173913043,150.9,126.987542533081,0.375,19.3046313799622,1.335,102.177195001882,24.8103475311995,101.0,127.0,0.792,104.180000,3.95,Final,,
2012-08-03,Diesel,148.002173913043,150.9,127.273613961653,0.375,19.3046313799622,1.04892857142857,101.059799366115,26.2138145955377,103.0,127.0,0.809,107.274000,3.64,Final,,
2012-08-10,Diesel,149.287888198758,152.185714285714,128.506054955442,0.375,19.4723332433162,0.9345,104.098881796606,24.4071731588351,107.0,131.0,0.816,112.494000,3.51,Final,,
2012-08-17,Diesel,151.002173913043,153.9,129.996738185255,0.375,19.6959357277883,0.9345,107.993912195467,22.0028259897883,110.0,136.0,0.809,115.042000,2.22,Final,,
2012-08-24,Diesel,152.716459627329,155.614285714286,131.487421415069,0.375,19.9195382122603,0.9345,109.490914379451,21.9965070356175,112.0,139.0,0.811,116.102000,1.95,Final,,
2012-08-31,Diesel,154.002173913043,156.9,132.605433837429,0.375,20.0872400756144,0.9345,110.000565437885,22.604868399544,110.0,137.0,0.805,113.020000,1.65,Final,,
2012-09-07,Diesel,154.002173913043,156.9,132.605433837429,0.375,20.0872400756144,0.9345,111.316686173302,21.288747664127,112.0,141.0,0.798,114.110000,1.66,Final,,
2012-09-14,Diesel,154.002173913043,156.9,132.605433837429,0.375,20.0872400756144,0.9345,109.131765400611,23.4736684368183,114.0,139.0,0.818,115.408000,3.64,Final,,
2012-09-21,Diesel,154.002173913043,156.9,132.605433837429,0.375,20.0872400756144,0.9345,106.072541960376,26.5328918770535,109.0,132.0,0.828,111.832000,8.21,Final,,
2012-09-28,Diesel,152.002173913043,154.9,130.866303402646,0.375,19.826370510397,0.9345,104.963655106332,25.9026482963142,108.0,131.0,0.825,110.354000,2.46,Final,,
2012-10-05,Diesel,152.184782608696,154.9,131.025093572779,0.375,19.8501890359168,0.9345,105.548108742005,25.4769848307738,108.0,131.0,0.825,111.408000,3.26,Final,,
2012-10-12,Diesel,152.184782608696,154.9,131.025093572779,0.375,19.8501890359168,0.9345,108.136370170008,22.8887234027712,110.0,135.0,0.818,114.876000,3.58,Final,,
2012-10-19,Diesel,152.184782608696,154.9,131.025093572779,0.375,19.8501890359168,0.9345,108.084916705662,22.9401768671165,110.0,134.0,0.818,113.592000,3.11,Final,,
2012-10-26,Diesel,150.899068322981,153.614285714286,129.907081150419,0.375,19.6824871725628,0.9345,104.412088599423,25.4949925509958,106.0,130.0,0.817,108.270000,2.09,Final,,
2012-11-02,Diesel,149.184782608696,151.9,128.416397920605,0.375,19.4588846880907,0.9345,103.763455383008,24.6529425375967,106.0,129.0,0.822,108.850000,3.10,Final,,
2012-11-09,Diesel,149.184782608696,151.9,128.416397920605,0.375,19.4588846880907,0.9345,101.753232792684,26.6631651279207,105.0,128.0,0.822,107.782000,3.68,Final,,
2012-11-16,Diesel,149.184782608696,151.9,128.416397920605,0.375,19.4588846880907,0.9345,102.89408378783,25.5223141327753,107.0,131.0,0.814,109.118000,3.42,Final,,
2012-11-23,Diesel,149.184782608696,151.9,128.416397920605,0.375,19.4588846880907,0.9345,104.555452610892,23.8609453097132,109.0,133.0,0.816,110.255000,0.80,Final,,
2012-11-30,Diesel,149.184782608696,151.9,128.416397920605,0.375,19.4588846880907,0.9345,103.799875287935,24.6165226326697,108.0,131.0,0.823,109.816000,2.58,Final,,
2012-12-07,Diesel,149.184782608696,151.9,128.416397920605,0.375,19.4588846880907,0.9345,103.443540687255,24.9728572333499,106.0,128.0,0.825,109.078000,4.11,Final,,
2012-12-14,Diesel,149.184782608696,151.9,128.416397920605,0.375,19.4588846880907,0.9345,99.4815541885833,28.9348437320216,105.0,125.0,0.838,109.096000,2.58,Final,,
2012-12-21,Diesel,149.184782608696,151.9,128.416397920605,0.375,19.4588846880907,0.9345,100.344912421184,28.0714854994207,106.0,127.0,0.84,109.792000,1.44,Final,,
2012-12-28,Diesel,149.184782608696,151.9,128.416397920605,0.375,19.4588846880907,0.9345,102.875032842747,25.5413650778578,106.0,130.0,0.821,109.812500,2.28,Final,,
2013-01-04,Diesel,149.074016563147,153.614285714286,128.320079620128,0.375,19.4444369430192,0.9345,102.425285862548,25.8947937575795,107.0,130.0,0.827,112.347500,2.23,Final,,
2013-01-11,Diesel,149.055555555556,153.9,128.304026570048,0.375,19.4420289855072,0.9345,101.813809341381,26.4902172286676,107.0,128.0,0.838,112.372000,2.77,Final,,
2013-01-18,Diesel,147.34126984127,152.185714285714,126.813343340235,0.375,19.2184265010352,0.9345,101.449014870764,25.3643284694708,107.0,128.0,0.84,111.346000,0.75,Final,,
2013-01-25,Diesel,145.055555555556,149.9,124.825765700483,0.375,18.9202898550725,0.9345,102.429858755986,22.3959069444967,109.0,130.0,0.839,113.717500,1.87,Final,,
2013-02-01,Diesel,145.055555555556,149.9,124.825765700483,0.375,18.9202898550725,0.9345,103.917189853427,20.9085758470559,110.0,132.0,0.837,115.132000,1.63,Final,,
2013-02-08,Diesel,145.912698412698,150.757142857143,125.57110731539,0.375,19.0320910973085,0.9345,106.495875949749,19.0752313656412,112.0,133.0,0.841,117.154000,2.84,Final,,
2013-02-15,Diesel,148.769841269841,153.614285714286,128.055579365079,0.375,19.4047619047619,0.9345,107.800601903431,20.2549774616487,113.0,134.0,0.842,118.098000,1.08,Final,,
2013-02-22,Diesel,150.055555555556,154.9,129.17359178744,0.375,19.5724637681159,0.9345,106.692783326427,22.4808084610125,111.0,132.0,0.841,115.300000,3.30,Final,,
2013-03-01,Diesel,150.055555555556,154.9,129.17359178744,0.375,19.5724637681159,0.9345,104.977267017258,24.1963247701818,108.0,130.0,0.829,112.418000,4.41,Final,,
2013-03-08,Diesel,148.769841269841,153.614285714286,128.055579365079,0.375,19.4047619047619,0.9345,102.6067819124,25.4487974526789,106.0,128.0,0.828,109.984000,1.51,Final,,
2013-03-15,Diesel,147.055555555556,151.9,126.564896135266,0.375,19.1811594202899,0.9345,102.335665724784,24.229230410482,105.0,128.0,0.823,108.410000,1.81,Final,,
2013-03-22,Diesel,147.055555555556,151.9,126.564896135266,0.375,19.1811594202899,0.9345,101.253220420912,25.3116757143541,105.0,126.0,0.827,107.328000,2.13,Final,,
2013-03-29,Diesel,147.055555555556,151.9,126.564896135266,0.375,19.1811594202899,0.9345,98.7540840577284,27.8108120775372,106.0,126.0,0.837,107.682500,1.85,Final,,
2013-04-05,Diesel,146.254945054945,151.042857142857,125.868713091257,0.375,19.0767319636885,0.9345,99.3588843508293,26.5098287404272,106.0,126.0,0.841,107.062000,5.68,Final,,
2013-04-12,Diesel,142.540659340659,147.328571428571,122.63889942666,0.375,18.592259913999,0.9345,95.4005852303705,27.2383141962898,103.0,120.0,0.852,103.248000,4.22,Final,,
2013-04-19,Diesel,137.969230769231,142.757142857143,118.663744147157,0.375,17.9959866220736,0.9345,91.0406798945202,27.623064252637,98.0,115.0,0.848,98.092000,2.48,Final,,
2013-04-26,Diesel,137.112087912088,141.9,117.91840253225,0.375,17.8841853798376,0.9345,92.1352760090129,25.7831265232375,100.0,118.0,0.844,100.608000,3.32,Final,,
2013-05-03,Diesel,137.112087912088,141.9,117.91840253225,0.375,17.8841853798376,0.9345,91.4605150665945,26.4578874656558,100.0,118.0,0.853,101.534000,6.26,Final,,
2013-05-10,Diesel,137.112087912088,141.9,117.91840253225,0.375,17.8841853798376,0.9345,93.6772987625772,24.2411037696732,101.0,119.0,0.847,103.774000,3.87,Final,,
2013-05-17,Diesel,138.826373626374,143.614285714286,119.409085762064,0.375,18.1077878643096,0.9345,96.0393505962172,23.3697351658468,100.0,122.0,0.823,102.908000,2.70,Final,,
2013-05-24,Diesel,141.112087912088,145.9,121.396663401816,0.375,18.4059245102723,0.9345,97.4058618635046,23.990801538311,101.0,124.0,0.812,102.298000,4.09,Final,,
2013-05-31,Diesel,141.112087912088,145.9,121.396663401816,0.375,18.4059245102723,0.9345,96.9848912040801,24.4117721977355,100.0,123.0,0.809,102.032500,3.34,Final,,
2013-06-07,Diesel,141.112087912088,145.9,121.396663401816,0.375,18.4059245102723,0.9345,97.3861491007258,24.0105143010897,100.0,125.0,0.802,102.924000,2.44,Final,,
2013-06-14,Diesel,145.112087912088,149.9,124.874924271381,0.375,18.9276636407071,0.9345,100.513067138904,24.3618571324768,101.0,127.0,0.794,103.392000,3.60,Final,,
2013-06-21,Diesel,145.112087912088,149.9,124.874924271381,0.375,18.9276636407071,0.9345,102.28495429902,22.5899699723613,101.0,128.0,0.793,103.930000,5.44,Final,,
2013-06-28,Diesel,145.112087912088,149.9,124.874924271381,0.375,18.9276636407071,0.9345,102.471654508623,22.4032697627583,99.0,127.0,0.777,101.432000,2.94,Final,,
2013-07-05,Diesel,148.613975155279,152.185714285714,127.920043613287,0.375,19.384431541993,0.9345,103.73583879596,24.184204817327,101.0,130.0,0.778,105.182500,4.27,Final,,
2013-07-12,Diesel,151.613975155279,155.185714285714,130.92923926546,0.375,19.7757358898191,0.534,105.073667946983,25.8555713184772,104.0,133.0,0.783,108.258000,1.28,Final,,
2013-07-19,Diesel,153.328260869565,156.9,132.419922495274,0.375,19.9993383742911,0.534,105.841007649062,26.578914846212,105.0,133.0,0.786,109.412000,0.66,Final,,
2013-07-26,Diesel,152.185403726708,155.757142857143,131.426133675398,0.375,19.8502700513097,0.534,103.559168039023,27.866965636375,105.0,131.0,0.799,108.398000,1.70,Final,,
2013-08-02,Diesel,149.613975155279,153.185714285714,129.190108830678,0.375,19.5148663246017,0.534,103.246042576018,25.9440662546597,105.0,131.0,0.799,108.606000,2.47,Final,,
2013-08-09,Diesel,149.328260869565,152.9,128.941661625709,0.375,19.4775992438563,0.534,105.053253087802,23.8884085379071,104.0,132.0,0.789,108.556000,2.49,Final,,
2013-08-16,Diesel,149.328260869565,152.9,128.941661625709,0.375,19.4775992438563,0.534,103.599066898736,25.3425947269725,106.0,132.0,0.802,110.726000,2.54,Final,,
2013-08-23,Diesel,149.328260869565,152.9,128.941661625709,0.375,19.4775992438563,0.534,104.522880635464,24.4187809902449,108.0,135.0,0.797,111.120000,1.61,Final,,
2013-08-30,Diesel,151.471118012422,155.042857142857,130.805015662976,0.375,19.7571023494464,0.534,108.402725186868,22.402290476108,112.0,143.0,0.78,115.318000,4.68,Final,,
2013-09-06,Diesel,152.328260869565,155.9,131.550357277883,0.375,19.8689035916824,0.534,108.334860486117,23.2154967917655,110.0,141.0,0.783,116.025000,1.66,Final,,
2013-09-13,Diesel,153.042546583851,156.614285714286,132.171475290305,0.375,19.9620712935458,0.534,104.201182089012,27.9702932012933,109.0,135.0,0.806,113.218000,3.10,Final,,
2013-09-20,Diesel,149.613975155279,153.185714285714,129.190108830678,0.375,19.5148663246017,0.534,100.438242886294,28.7518659443834,108.0,130.0,0.827,109.976000,1.81,Final,,
2013-09-27,Diesel,148.328260869565,151.9,128.072096408318,0.375,19.3471644612476,0.534,101.953224497436,26.1188719108814,106.0,128.0,0.83,108.802000,1.78,Final,,
2013-10-04,Diesel,147.128881987578,150.471428571429,127.029158250068,0.375,19.1907237375101,0.534,99.7281883281949,27.3009699218726,105.0,127.0,0.829,108.634000,2.17,Final,,
2013-10-11,Diesel,146.595652173913,149.9,126.565480151229,0.375,19.1211720226843,0.534,100.724448685473,25.8410314657554,107.0,129.0,0.83,110.304000,2.61,Final,,
2013-10-18,Diesel,146.595652173913,149.9,126.565480151229,0.375,19.1211720226843,0.534,99.5015072126565,27.0639729385722,107.0,128.0,0.839,110.108000,1.39,Final,,
2013-10-25,Diesel,146.595652173913,149.9,126.565480151229,0.375,19.1211720226843,0.534,97.7215797195498,28.8439004316789,106.0,126.0,0.845,107.822000,3.87,Final,,
2013-11-01,Diesel,146.595652173913,149.9,126.565480151229,0.375,19.1211720226843,0.534,100.25661431805,26.3088658331785,106.0,128.0,0.827,107.610000,2.63,Final,,
2013-11-08,Diesel,146.595652173913,149.9,126.565480151229,0.375,19.1211720226843,0.534,98.1343332169935,28.4311469342352,104.0,125.0,0.832,104.538000,2.38,Final,,
2013-11-15,Diesel,146.595652173913,149.9,126.565480151229,0.375,19.1211720226843,0.534,98.636903689275,27.9285764619538,105.0,128.0,0.826,107.098000,2.53,Final,,
2013-11-22,Diesel,146.595652173913,149.9,126.565480151229,0.375,19.1211720226843,0.534,99.3063298594682,27.2591502917605,107.0,129.0,0.831,109.324000,3.09,Final,,
2013-11-29,Diesel,148.309937888199,151.614285714286,128.056163381042,0.375,19.3447745071564,0.534,104.198254342108,23.8579090389345,109.0,133.0,0.817,111.315000,1.21,Final,,
2013-12-06,Diesel,151.881366459627,155.185714285714,131.161753443154,0.375,19.8106130164731,0.534,103.949187650321,27.2125657928332,109.0,132.0,0.82,112.278000,1.78,Final,,
2013-12-13,Diesel,153.595652173913,156.9,132.652436672968,0.375,20.0342155009452,0.534,100.962099782462,31.6903368905061,107.0,129.0,0.828,109.104000,1.99,Final,,
2013-12-20,Diesel,153.595652173913,156.9,132.652436672968,0.375,20.0342155009452,0.534,101.233677836215,31.4187588367526,108.0,131.0,0.824,110.340000,3.24,Final,,
2013-12-27,Diesel,153.595652173913,156.9,132.652436672968,0.375,20.0342155009452,0.534,102.606887680001,30.0455489929665,109.0,133.0,0.819,111.715000,0.49,Final,,
2014-01-03,Diesel,152.781297446515,156.9,131.944302127404,0.375,19.9279953191106,0.534,103.130896876967,28.8134052504376,106.0,130.0,0.818,108.732500,3.90,Final,,
2014-01-10,Diesel,149.026984126984,153.471428571429,128.679681849551,0.375,19.4383022774327,0.534,99.1838477792381,29.4958340703133,104.0,125.0,0.827,107.014000,1.05,Final,,
2014-01-17,Diesel,146.312698412698,150.757142857143,126.319433402346,0.375,19.084265010352,0.534,97.3569827749466,28.9624506273998,103.0,124.0,0.835,107.828000,1.33,Final,,
2014-01-24,Diesel,145.455555555556,149.9,125.57409178744,0.375,18.9724637681159,0.534,98.2628465162715,27.3112452711681,104.0,125.0,0.83,109.140000,1.68,Final,,
2014-01-31,Diesel,145.455555555556,149.9,125.57409178744,0.375,18.9724637681159,0.534,99.1606917603338,26.4134000271058,104.0,127.0,0.823,108.834000,1.20,Final,,
2014-02-07,Diesel,145.455555555556,149.9,125.57409178744,0.375,18.9724637681159,0.534,99.2821124518087,26.2919793356309,103.0,126.0,0.817,107.734000,3.57,Final,,
2014-02-14,Diesel,145.455555555556,149.9,125.57409178744,0.375,18.9724637681159,0.534,99.3063042353191,26.2677875521205,105.0,127.0,0.831,109.124000,1.56,Final,,
2014-02-21,Diesel,145.455555555556,149.9,125.57409178744,0.375,18.9724637681159,0.534,100.113616113693,25.4604756737469,107.0,128.0,0.832,109.740000,1.34,Final,,
2014-02-28,Diesel,146.598412698413,151.042857142857,126.567880607315,0.375,19.1215320910973,0.534,99.3231439030325,27.2447367042829,106.0,127.0,0.833,109.172000,1.22,Final,,
2014-03-07,Diesel,147.455555555556,151.9,127.313222222222,0.375,19.2333333333333,0.534,97.88351546996,29.4297067522622,105.0,125.0,0.84,109.142000,3.27,Final,,
2014-03-14,Diesel,145.455555555556,149.9,125.57409178744,0.375,18.9724637681159,0.534,95.4417239250226,30.132367862417,104.0,123.0,0.849,108.012000,0.87,Final,,
2014-03-21,Diesel,143.455555555556,147.9,123.834961352657,0.375,18.7115942028985,0.534,94.3739610640031,29.4610002886539,104.0,121.0,0.856,106.532000,1.47,Final,,
2014-03-28,Diesel,143.455555555556,147.9,123.834961352657,0.375,18.7115942028985,0.534,95.0058422638954,28.8291190887616,104.0,121.0,0.858,106.544000,1.11,Final,,
2014-04-04,Diesel,141.198831327403,146.757142857143,121.872592458611,0.375,18.4172388687917,0.534,93.9936689218132,27.8789235367979,103.0,119.0,0.862,105.262000,3.04,Final,,
2014-04-11,Diesel,140.156043956044,145.9,120.965820831343,0.375,18.2812231247014,0.534,94.1648045681078,26.8010162632348,104.0,120.0,0.865,106.510000,2.50,Final,,
2014-04-18,Diesel,141.87032967033,147.614285714286,122.456504061156,0.375,18.5048256091734,0.534,95.8907713408135,26.5657327203428,106.0,122.0,0.866,109.070000,2.11,Final,,
2014-04-25,Diesel,143.298901098901,149.042857142857,123.698740086001,0.375,18.6911610129001,0.534,96.8979077838908,26.8008323021101,106.0,123.0,0.86,109.206000,1.31,Final,,
2014-05-02,Diesel,144.156043956044,149.9,124.444081700908,0.375,18.8029622551362,0.534,95.8380679343767,28.606013766531,105.0,122.0,0.858,109.150000,1.26,Final,,
2014-05-09,Diesel,142.727472527473,148.471428571429,123.201845676063,0.375,18.6166268514095,0.534,94.2601688925282,28.9416767835349,104.0,120.0,0.867,108.480000,1.31,Final,,
2014-05-16,Diesel,143.013186813187,148.757142857143,123.450292881032,0.375,18.6538939321548,0.534,94.5931566411776,28.8571362398544,106.0,122.0,0.864,109.532000,2.53,Final,,
2014-05-23,Diesel,144.156043956044,149.9,124.444081700908,0.375,18.8029622551362,0.534,95.0730448495826,29.3710368513252,107.0,124.0,0.86,110.718000,1.13,Final,,
2014-05-30,Diesel,145.87032967033,151.614285714286,125.934764930721,0.375,19.0265647396082,0.534,95.3238186896286,30.6109462410928,106.0,125.0,0.853,109.620000,0.92,Final,,
2014-06-06,Diesel,146.156043956044,151.9,126.18321213569,0.375,19.0638318203536,0.534,93.7286600347773,32.4545521009131,105.0,125.0,0.845,108.984000,0.91,Final,,
2014-06-13,Diesel,146.156043956044,151.9,126.18321213569,0.375,19.0638318203536,0.534,93.5676442333056,32.6155679023848,107.0,125.0,0.856,110.978000,3.97,Final,,
2014-06-20,Diesel,147.013186813187,152.757142857143,126.928553750597,0.375,19.1756330625896,0.534,94.6262934546519,32.3022602959453,110.0,127.0,0.869,114.286000,1.77,Final,,
2014-06-27,Diesel,148.156043956044,153.9,127.922342570473,0.375,19.324701385571,0.534,94.6475194914843,33.2748230789887,110.0,126.0,0.872,113.086000,1.13,Final,,
2014-07-04,Diesel,145.503037335335,151.328571428571,125.615380291596,0.375,18.9786570437394,0.534,92.9231085641014,32.6922717274947,108.0,123.0,0.876,110.257500,2.05,Final,,
2014-07-11,Diesel,142.91801242236,148.757142857143,123.367532541183,0.375,18.6414798811774,0.534,90.9959259746686,32.3716065665142,106.0,121.0,0.878,107.032000,2.93,Final,,
2014-07-18,Diesel,142.060869565217,147.9,122.622190926276,0.375,18.5296786389414,0.534,90.9523631261697,31.6698278001063,105.0,120.0,0.875,105.388000,1.31,Final,,
2014-07-25,Diesel,142.060869565217,147.9,122.622190926276,0.375,18.5296786389414,0.534,91.762385196611,30.859805729665,106.0,122.0,0.865,106.342000,1.18,Final,,
2014-08-01,Diesel,142.060869565217,147.9,122.622190926276,0.375,18.5296786389414,0.534,93.8006424852471,28.821548441029,105.0,123.0,0.852,105.708000,3.53,Final,,
2014-08-08,Diesel,143.775155279503,149.614285714286,124.11287415609,0.375,18.7532811234135,0.534,93.537770408613,30.5751037474767,103.0,122.0,0.848,103.600000,1.35,Final,,
2014-08-15,Diesel,144.060869565217,149.9,124.361321361059,0.375,18.7905482041588,0.534,92.6080273898693,31.7532939711893,102.0,121.0,0.846,101.940000,2.34,Final,,
2014-08-22,Diesel,142.346583850932,148.185714285714,122.870638131245,0.375,18.5669457196867,0.534,91.88619682457,30.984441306675,100.0,118.0,0.843,99.880000,0.91,Final,,
2014-08-29,Diesel,142.060869565217,147.9,122.622190926276,0.375,18.5296786389414,0.534,93.3995913364843,29.2225995897917,101.0,120.0,0.835,100.644000,0.72,Final,,
2014-09-05,Diesel,143.775155279503,149.614285714286,124.11287415609,0.375,18.7532811234135,0.534,93.245686075011,30.8671880810787,100.0,120.0,0.834,100.452500,1.70,Final,,
2014-09-12,Diesel,144.060869565217,149.9,124.361321361059,0.375,18.7905482041588,0.534,92.0660139905233,32.2953073705353,96.0,117.0,0.825,97.320000,3.27,Final,,
2014-09-19,Diesel,144.060869565217,149.9,124.361321361059,0.375,18.7905482041588,0.534,91.7561445393827,32.605176821676,96.0,118.0,0.815,97.018000,1.27,Final,,
2014-09-26,Diesel,144.060869565217,149.9,124.361321361059,0.375,18.7905482041588,0.534,91.4216900576983,32.9396313033603,94.0,117.0,0.807,95.010000,0.84,Final,,
2014-10-03,Diesel,145.3,151.9,125.438826086957,0.375,18.9521739130435,0.534,93.0071079713945,32.431718115562,93.0,119.0,0.782,93.406000,4.90,Final,,
2014-10-10,Diesel,144.995652173913,151.9,125.174175803403,0.375,18.9124763705104,0.534,89.124218351421,36.0499574519816,89.0,114.0,0.783,90.186000,2.24,Final,,
2014-10-17,Diesel,140.13850931677,147.042857142857,120.950573318931,0.375,18.2789359978396,0.534,84.8878487465894,36.0627245723412,85.0,108.0,0.789,85.498000,3.80,Final,,
2014-10-24,Diesel,137.852795031056,144.757142857143,118.962995679179,0.375,17.9807993518769,0.534,84.222007948944,34.7409877302351,84.0,106.0,0.791,85.582000,1.96,Final,,
2014-10-31,Diesel,136.995652173913,143.9,118.217654064272,0.375,17.8689981096408,0.534,85.2809686813407,32.9366853829315,84.0,107.0,0.787,85.558000,2.74,Final,,
2014-11-07,Diesel,136.995652173913,143.9,118.217654064272,0.375,17.8689981096408,0.534,85.4125897087394,32.8050643555328,81.0,104.0,0.775,83.036000,2.82,Final,,
2014-11-14,Diesel,135.852795031056,142.757142857143,117.223865244396,0.375,17.7199297866595,0.534,83.6052651561069,33.6186000882895,77.0,99.0,0.782,79.902000,5.39,Final,,
2014-11-21,Diesel,132.995652173913,139.9,114.739393194707,0.375,17.347258979206,0.534,81.0782636236957,33.6611295710113,75.0,95.0,0.79,77.622000,2.34,Final,,
2014-11-28,Diesel,132.13850931677,139.042857142857,113.9940515798,0.375,17.23545773697,0.534,79.6299691436191,34.3640824361811,72.0,92.0,0.786,76.630000,7.73,Final,,
2014-12-05,Diesel,126.709937888199,133.614285714286,109.27355468539,0.375,16.5273832028085,0.534,74.3971828642244,34.8763718211658,68.0,87.0,0.781,69.722000,3.13,Final,,
2014-12-12,Diesel,123.852795031056,130.757142857143,106.674654064272,0.375,16.1547123953551,0.648428571428571,70.9726252814029,35.7020287828693,62.0,80.0,0.773,64.078000,4.44,Final,,
2014-12-19,Diesel,119.281366459627,126.185714285714,102.680427356198,0.375,15.5584391034297,0.6675,66.9520086103241,35.7284187458735,57.0,74.0,0.776,59.774000,2.28,Final,,
2014-12-26,Diesel,117.281366459627,124.185714285714,100.941296921415,0.375,15.2975695382123,0.6675,66.95484107376,33.9864558476551,56.0,73.0,0.773,58.692500,0.76,Final,,
2015-01-02,Diesel,115.82353347136,122.757142857143,99.6736160620518,0.375,15.1074174093078,0.6675,63.7773536311807,35.8962624308711,54.0,69.0,0.779,56.027500,2.59,Final,,
2015-01-09,Diesel,109.515873015873,116.471428571429,94.1886939268461,0.375,14.2846790890269,0.6675,59.7702404172953,34.4184535095508,47.0,61.0,0.775,49.466000,3.44,Final,,
2015-01-16,Diesel,101.373015873016,108.328571428571,87.1079485852312,0.375,13.2225672877847,0.6675,55.8190724924487,31.2888760927825,44.0,56.0,0.778,46.578000,2.53,Final,,
2015-01-23,Diesel,99.9444444444445,106.9,85.8657125603865,0.375,13.036231884058,0.6675,56.7040608540488,29.1616517063377,44.0,58.0,0.765,46.442500,0.60,Final,,
2015-01-30,Diesel,99.9444444444445,106.9,85.8657125603865,0.375,13.036231884058,0.6675,58.1341361403914,27.7315764199951,45.0,60.0,0.738,46.764000,1.45,Final,,
2015-02-06,Diesel,106.087301587302,113.042857142857,91.2073274672188,0.375,13.8374741200828,0.6675,64.0804227632425,27.1269047039763,54.0,74.0,0.732,54.616000,4.24,Final,,
2015-02-13,Diesel,109.515873015873,116.471428571429,94.1886939268461,0.375,14.2846790890269,0.6675,67.3775829622467,26.8111109645994,55.0,75.0,0.739,56.566000,6.85,Final,,
2015-02-20,Diesel,114.373015873016,121.328571428571,98.4122964113182,0.375,14.9182194616977,0.6675,68.417368577124,29.9949278341942,58.0,77.0,0.752,60.568000,2.79,Final,,
2015-02-27,Diesel,114.944444444444,121.9,98.909190821256,0.375,14.9927536231884,0.6675,67.4052826619146,31.5039081593414,57.0,76.0,0.753,60.632000,2.12,Final,,
2015-03-06,Diesel,114.944444444444,121.9,98.909190821256,0.375,14.9927536231884,0.6675,68.8196553194887,30.0895355017673,58.0,77.0,0.754,60.118000,2.03,Final,,
2015-03-13,Diesel,114.944444444444,121.9,98.909190821256,0.375,14.9927536231884,0.6675,68.339658831347,30.569531989909,54.0,74.0,0.733,56.508000,3.87,Final,,
2015-03-20,Diesel,114.944444444444,121.9,98.909190821256,0.375,14.9927536231884,0.6675,66.0039891107299,32.9052017105261,51.0,70.0,0.738,52.720000,1.88,Final,,
2015-03-27,Diesel,113.230158730159,120.185714285714,97.4185075914424,0.375,14.7691511387164,0.6675,65.2339993604823,32.1845082309601,54.0,71.0,0.762,55.014000,3.41,Final,,
2015-04-03,Diesel,112.400139542997,119.9,96.6967517765189,0.375,14.6608877664778,0.6675,65.5554278717014,31.1413239048174,53.0,71.0,0.75,54.785000,2.04,Final,,
2015-04-10,Diesel,112.182417582418,119.9,96.507428332537,0.375,14.6324892498806,0.6675,64.9551320139973,31.5522963185398,56.0,74.0,0.754,56.512000,1.82,Final,,
2015-04-17,Diesel,113.468131868132,121.185714285714,97.6254407548973,0.375,14.8001911132346,0.6675,67.5259653242706,30.0994754306267,59.0,78.0,0.755,59.118000,4.17,Final,,
2015-04-24,Diesel,119.182417582418,126.9,102.594384854276,0.375,15.5455327281414,0.6675,67.8930921735086,34.7012926807676,61.0,80.0,0.765,61.412000,2.84,Final,,
2015-05-01,Diesel,120.896703296703,128.614285714286,104.08506808409,0.375,15.7691352126135,0.6675,69.7350628195831,34.3500052645067,62.0,82.0,0.764,63.494000,1.52,Final,,
2015-05-08,Diesel,126.182417582418,133.9,108.681341376015,0.375,16.4585762064023,0.6675,73.6097400818909,35.0716012941243,65.0,87.0,0.749,65.006000,2.40,Final,,
2015-05-15,Diesel,125.182417582418,132.9,107.811776158624,0.375,16.3281414237936,0.6675,74.5571718266051,33.2546043320189,64.0,86.0,0.743,64.902000,3.51,Final,,
2015-05-22,Diesel,123.182417582418,130.9,106.072645723841,0.375,16.0672718585762,0.6675,74.7006351958552,31.3720105279862,63.0,85.0,0.737,64.310000,1.67,Final,,
2015-05-29,Diesel,123.182417582418,130.9,106.072645723841,0.375,16.0672718585762,0.6675,73.9977095458802,32.0749361779612,61.0,85.0,0.725,61.570000,3.04,Final,,
2015-06-05,Diesel,124.325274725275,132.042857142857,107.066434543717,0.375,16.2163401815576,0.6675,74.3351688089879,32.7312657347292,62.0,86.0,0.714,61.898000,2.80,Final,,
2015-06-12,Diesel,124.468131868132,132.185714285714,107.190658146202,0.375,16.2349737219302,0.6675,75.3510142193013,31.8396439269004,62.0,88.0,0.707,63.238000,3.35,Final,,
2015-06-19,Diesel,126.182417582418,133.9,108.681341376015,0.375,16.4585762064023,0.6675,75.9875105518499,32.6938308241654,62.0,88.0,0.696,60.654000,1.96,Final,,
2015-06-26,Diesel,126.182417582418,133.9,108.681341376015,0.375,16.4585762064023,0.6675,76.2374190733249,32.4439223026904,61.0,88.0,0.689,60.844000,1.53,Final,,
2015-07-03,Diesel,125.550566514231,132.757142857143,108.131905664549,0.375,16.3761608496823,0.6675,75.5211370177066,32.6107686468422,61.0,90.0,0.677,60.356000,2.70,Final,,
2015-07-10,Diesel,123.183540372671,130.185714285714,106.073622063192,0.375,16.0674183094788,0.6675,71.9053900690538,34.1682319941383,57.0,85.0,0.67,56.632000,3.11,Final,,
2015-07-17,Diesel,121.897826086957,128.9,104.955609640832,0.375,15.8997164461248,0.6675,71.6260599484496,33.3295496923821,57.0,86.0,0.664,57.172000,1.25,Final,,
2015-07-24,Diesel,121.897826086957,128.9,104.955609640832,0.375,15.8997164461248,0.6675,70.5382548857622,34.4173547550696,55.0,84.0,0.659,55.754000,2.13,Final,,
2015-07-31,Diesel,119.326397515528,126.328571428571,102.719584796111,0.375,15.5643127194167,0.6675,67.0523839365407,35.6672008595706,54.0,81.0,0.663,54.136000,1.44,Final,,
2015-08-07,Diesel,117.754968944099,124.757142857143,101.353125168782,0.375,15.3593437753173,0.6675,66.4331547799854,34.9199703887967,50.0,76.0,0.655,48.590000,1.95,Final,,
2015-08-14,Diesel,116.897826086957,123.9,100.607783553875,0.375,15.2475425330813,0.6675,67.1162724894038,33.4915110644714,49.0,75.0,0.657,47.944000,0.97,Final,,
2015-08-21,Diesel,115.469254658385,122.471428571429,99.3655475290305,0.375,15.0612071293546,0.6675,64.9072368556239,34.4583106734066,47.0,71.0,0.659,45.998000,3.93,Final,,
2015-08-28,Diesel,112.897826086957,119.9,97.12952268431,0.375,14.7258034026465,0.6675,62.2409310226093,34.8885916617008,44.0,68.0,0.652,43.528000,6.38,Final,,
2015-09-04,Diesel,115.754968944099,122.757142857143,99.6139947339995,0.375,15.0984742100999,0.6675,68.6996871735672,30.9143075604323,48.0,75.0,0.638,48.867500,2.74,Final,,
2015-09-11,Diesel,118.040683229814,125.042857142857,101.601572373751,0.375,15.3966108560627,0.6675,68.6570744733993,32.9444979003517,46.0,73.0,0.631,47.596000,2.46,Final,,
2015-09-18,Diesel,118.897826086957,125.9,102.346913988658,0.375,15.5084120982987,0.6675,66.9244883333938,35.4224256552641,44.0,70.0,0.634,47.336000,3.48,Final,,
2015-09-25,Diesel,118.897826086957,125.9,102.346913988658,0.375,15.5084120982987,0.6675,67.0340591238903,35.3128548647676,44.0,70.0,0.632,47.334000,1.31,Final,,
2015-10-02,Diesel,117.449378881988,125.9,101.087394679989,0.375,15.3194842019984,0.6675,65.5423552720829,35.5450394079063,44.0,69.0,0.637,46.988000,1.54,Final,,
2015-10-09,Diesel,116.363043478261,125.9,100.142755198488,0.375,15.1777882797732,0.6675,67.1496959986662,32.9930591998215,49.0,74.0,0.655,51.332000,2.68,Final,,
2015-10-16,Diesel,113.505900621118,123.042857142857,97.6582831487983,0.375,14.8051174723197,0.6675,63.7329401119113,33.9253430368869,47.0,69.0,0.673,48.994000,3.08,Final,,
2015-10-23,Diesel,109.505900621118,119.042857142857,94.1800222792331,0.375,14.283378341885,0.6675,61.5155371446156,32.6644851346175,44.0,65.0,0.678,46.810000,1.21,Final,,
2015-10-30,Diesel,108.363043478261,117.9,93.1862334593573,0.375,14.1343100189036,0.6675,61.4217810239765,31.7644524353808,44.0,66.0,0.673,47.150000,2.50,Final,,
2015-11-06,Diesel,110.648757763975,120.185714285714,94.9068110991088,0.375,14.4324466648663,0.9345,63.8953158529055,31.0114952462033,45.0,68.0,0.667,47.230000,1.91,Final,,
2015-11-13,Diesel,112.363043478261,121.9,96.3974943289225,0.375,14.6560491493384,0.9345,63.5297011196266,32.8677932092959,42.0,64.0,0.654,44.752000,4.46,Final,,
2015-11-20,Diesel,110.648757763975,120.185714285714,94.9068110991088,0.375,14.4324466648663,0.9345,61.5248115398751,33.3819995592337,39.0,60.0,0.651,41.544000,2.21,Final,,
2015-11-27,Diesel,110.363043478261,119.9,94.6583638941399,0.375,14.395179584121,0.9345,61.3899578778087,33.2684060163312,40.0,61.0,0.655,43.652000,1.31,Final,,
2015-12-04,Diesel,110.363043478261,119.9,94.4866781798542,0.375,14.395179584121,1.10618571428571,58.7559108250653,35.7307673547889,39.0,60.0,0.662,42.412000,2.29,Final,,
2015-12-11,Diesel,103.505900621118,113.042857142857,88.4953309748852,0.375,13.5007696462328,1.1348,53.7074917161691,34.7878392587161,35.0,52.0,0.67,38.762000,2.70,Final,,
2015-12-18,Diesel,98.505900621118,108.042857142857,84.1475048879287,0.375,12.8485957331893,1.1348,48.1814787443542,35.9660261435745,33.0,49.0,0.674,36.836000,1.37,Final,,
2015-12-25,Diesel,96.3630434782609,105.9,82.2841508506616,0.375,12.5690926275992,1.1348,47.1952606257456,35.088890224916,32.0,47.0,0.678,35.902500,1.96,Final,,
2016-01-01,Diesel,95.1430892089277,105.9,81.2233210512415,0.375,12.4099681576862,1.1348,46.6801635648124,34.5431574864291,32.0,46.0,0.686,36.547500,1.43,Final,,
2016-01-08,Diesel,90.9450549450549,103.328571428571,77.5728564739608,0.375,11.8623984710941,1.1348,44.4407993084111,33.1320571655497,30.0,46.0,0.668,34.194000,4.61,Final,,
2016-01-15,Diesel,85.3736263736264,97.7571428571429,72.7281359770664,0.375,11.13569039656,1.1348,40.8535604167775,31.8745755602889,26.0,40.0,0.652,29.100000,1.56,Final,,
2016-01-22,Diesel,81.6593406593407,94.0428571428571,69.4983223124701,0.375,10.6512183468705,1.1348,38.2742340719344,31.2240882405358,24.0,37.0,0.645,27.756000,4.45,Final,,
2016-01-29,Diesel,81.8021978021978,94.1857142857143,69.6225459149546,0.375,10.6698518872432,1.1348,41.1162918472293,28.5062540677253,28.0,43.0,0.647,31.748000,3.32,Final,,
2016-02-05,Diesel,83.5164835164835,95.9,71.1132291447683,0.375,10.8934543717152,1.1348,42.8898972567104,28.2233318880579,30.0,46.0,0.659,32.184000,1.78,Final,,
2016-02-12,Diesel,83.5164835164835,95.9,71.1132291447683,0.375,10.8934543717152,1.1348,40.3688209740504,30.7444081707179,27.0,41.0,0.666,30.410000,2.98,Final,,
2016-02-19,Diesel,85.2307692307692,97.6142857142857,72.6039123745819,0.375,11.1170568561873,1.1348,44.0955797745539,28.508332600028,30.0,45.0,0.663,32.290000,2.12,Final,,
2016-02-26,Diesel,86.5164835164835,98.9,73.7219247969422,0.375,11.2847587195413,1.1348,43.3716652386969,30.3502595582453,30.0,45.0,0.668,33.116000,4.26,Final,,
2016-03-04,Diesel,89.5164835164835,101.9,76.3306204491161,0.375,11.6760630673674,1.1348,45.5711569621731,30.759463486943,32.0,48.0,0.664,36.278000,1.88,Final,,
2016-03-11,Diesel,92.9450549450549,105.328571428571,79.3119869087434,0.375,12.1232680363115,1.1348,48.9695826888161,30.3424042199274,35.0,53.0,0.673,39.296000,1.63,Final,,
2016-03-18,Diesel,99.5164835164835,111.9,85.0262726230291,0.375,12.9804108934544,1.1348,49.5212106896393,35.5050619333899,36.0,53.0,0.672,38.496000,1.80,Final,,
2016-03-25,Diesel,99.5164835164835,111.9,84.7402440516006,0.375,12.9804108934544,1.42082857142857,49.9809181546769,34.7593258969236,37.0,55.0,0.675,39.405000,2.21,Final,,
2016-04-01,Diesel,97.834693877551,111.9,83.2301468500444,0.375,12.7610470275067,1.4685,47.3433474894977,35.8867993605467,35.0,51.0,0.686,37.000000,1.91,Final,,
2016-04-08,Diesel,89.878021978022,106.185714285714,76.3113017200191,0.375,11.7232202580029,1.4685,45.7849233901823,30.5263783298368,35.0,51.0,0.682,37.512000,4.83,Final,,
2016-04-15,Diesel,93.4494505494506,109.757142857143,79.4168917821309,0.375,12.1890587673196,1.4685,49.6633040008591,29.7535877812718,40.0,58.0,0.687,42.350000,1.70,Final,,
2016-04-22,Diesel,93.1637362637363,109.471428571429,78.901444577162,0.375,12.1517916865743,1.7355,50.1272123421399,28.774232235022,40.0,58.0,0.696,43.040000,2.33,Final,,
2016-04-29,Diesel,95.4494505494506,111.757142857143,80.8890222169135,0.375,12.449928332537,1.7355,53.6323145710862,27.2567076458274,42.0,61.0,0.691,44.464000,2.67,Final,,
2016-05-06,Diesel,97.4494505494506,113.757142857143,82.399295508839,0.375,12.7107978977544,1.96435714285714,52.1368215517529,30.2624739570861,42.0,61.0,0.694,44.196000,2.74,Final,,
2016-05-13,Diesel,100.306593406593,116.614285714286,84.8456247013856,0.375,13.0834687052078,2.0025,54.5923354806297,30.2532892207559,43.0,63.0,0.68,45.200000,4.62,Final,,
2016-05-20,Diesel,103.735164835165,120.042857142857,87.8269911610129,0.375,13.5306736741519,2.0025,57.8464085303886,29.9805826306243,46.0,67.0,0.677,48.336000,1.92,Final,,
2016-05-27,Diesel,107.878021978022,124.185714285714,91.4294756330626,0.375,14.0710463449594,2.0025,59.059409173785,32.3700664592776,46.0,68.0,0.674,48.734000,1.75,Final,,
2016-06-03,Diesel,109.592307692308,125.9,92.9201588628763,0.375,14.2946488294314,2.0025,59.4393045509187,33.4808543119576,46.0,68.0,0.677,48.905000,0.76,Final,,
2016-06-10,Diesel,107.449450549451,123.757142857143,91.0568048256092,0.375,14.0151457238414,2.0025,58.5188554262366,32.5379493993726,48.0,68.0,0.703,49.944000,1.79,Final,,
2016-06-17,Diesel,108.735164835165,125.042857142857,92.1748172479694,0.375,14.1828475871954,2.0025,56.2925893938706,35.8822278540988,46.0,65.0,0.704,47.388000,3.70,Final,,
2016-06-24,Diesel,104.449450549451,120.757142857143,88.1048234591496,0.375,13.6238413760153,2.34578571428571,56.3110500126754,31.7937734464742,46.0,65.0,0.714,48.122000,1.99,Final,,
2016-07-01,Diesel,104.422001911132,119.9,87.9573122208604,0.441428571428571,13.6202611188434,2.403,56.0013730109061,31.9559392099544,45.0,64.0,0.708,47.092000,3.33,Final,,
2016-07-08,Diesel,105.528260869565,119.9,88.8307051039697,0.53,13.7645557655955,2.403,55.2744313268779,33.5562737770919,44.0,61.0,0.718,45.964000,3.49,Final,,
2016-07-15,Diesel,100.528260869565,114.9,84.4828790170132,0.53,13.112381852552,2.403,52.3422990363548,32.1405799806585,43.0,59.0,0.725,45.538000,2.68,Final,,
2016-07-22,Diesel,100.528260869565,114.9,84.4828790170132,0.53,13.112381852552,2.403,53.1810457515743,31.3018332654389,42.0,60.0,0.702,45.220000,1.58,Final,,
2016-07-29,Diesel,98.2425465838509,112.614285714286,82.4953013772617,0.53,12.8142452065893,2.403,50.3417995985983,32.1535017786634,40.0,57.0,0.704,42.546000,3.00,Final,,
2016-08-05,Diesel,96.5282608695652,110.9,81.004618147448,0.53,12.5906427221172,2.403,47.3335340493307,33.6710840981173,39.0,55.0,0.719,40.884000,2.47,Final,,
2016-08-12,Diesel,97.9568322981366,112.328571428571,82.2468541722927,0.53,12.7769781258439,2.403,49.4995662251396,32.7472879471531,42.0,59.0,0.719,43.630000,2.93,Final,,
2016-08-19,Diesel,103.671118012422,118.042857142857,87.2157982716716,0.53,13.5223197407507,2.403,53.3942989856989,33.8214992859727,46.0,64.0,0.725,48.602000,2.15,Final,,
2016-08-26,Diesel,107.099689440994,121.471428571429,90.1971647312989,0.53,13.9695247096948,2.403,53.3886968823864,36.8084678489125,46.0,63.0,0.729,48.654000,2.10,Final,,
2016-09-02,Diesel,107.528260869565,121.9,90.5698355387524,0.53,14.0254253308129,2.403,52.1368767924042,38.4329587463481,43.0,60.0,0.725,47.310000,4.61,Final,,
2016-09-09,Diesel,104.528260869565,118.9,87.9611398865785,0.53,13.6341209829868,2.403,51.6881234889731,36.2730163976053,44.0,60.0,0.738,47.506000,3.02,Final,,
2016-09-16,Diesel,104.528260869565,118.9,87.9611398865785,0.53,13.6341209829868,2.403,51.2448678073629,36.7162720792155,43.0,59.0,0.73,46.208000,2.56,Final,,
2016-09-23,Diesel,104.528260869565,118.9,87.9611398865785,0.53,13.6341209829868,2.403,51.518582372061,36.4425575145175,44.0,60.0,0.731,46.238000,1.97,Final,,
2016-09-30,Diesel,104.35248447205,118.9,87.8082908452606,0.53,13.6111936267891,2.403,52.824418986992,34.9838718582686,44.0,61.0,0.726,46.744000,3.48,Final,,
2016-10-07,Diesel,106.770186335404,121.757142857143,89.9106402916554,0.53,13.9265460437483,2.403,57.2239880733966,32.6866522182588,49.0,68.0,0.721,49.524000,1.88,Final,,
2016-10-14,Diesel,110.627329192547,125.614285714286,93.2646775587362,0.53,14.4296516338104,2.403,59.4072438212389,33.8574337374972,49.0,70.0,0.71,49.942000,2.67,Final,,
2016-10-21,Diesel,114.627329192547,129.614285714286,96.7429384283014,0.53,14.9513907642452,2.403,58.4541046279555,38.2888338003458,49.0,68.0,0.719,50.334000,2.54,Final,,
2016-10-28,Diesel,114.913043478261,129.9,96.9913856332703,0.53,14.9886578449906,2.403,58.8068221115331,38.1845635217372,48.0,67.0,0.714,48.954000,2.02,Final,,
2016-11-04,Diesel,113.198757763975,128.185714285714,95.5007024034567,0.53,14.7650553605185,2.403,55.4669347367395,40.0337676667172,44.0,60.0,0.723,44.626000,3.14,Final,,
2016-11-11,Diesel,106.770186335404,121.757142857143,89.9106402916554,0.53,13.9265460437483,2.403,52.6361064157859,37.2745338758696,42.0,58.0,0.731,43.092000,2.27,Final,,
2016-11-18,Diesel,103.913043478261,118.9,87.426168241966,0.53,13.5538752362949,2.403,53.4576120430343,33.9685561989317,43.0,61.0,0.709,44.006000,3.24,Final,,
2016-11-25,Diesel,106.484472049689,121.471428571429,89.6621930866865,0.53,13.889278963003,2.403,56.4314326894681,33.2307603972183,46.0,65.0,0.703,46.492000,1.58,Final,,
2016-12-02,Diesel,109.341614906832,124.328571428571,92.1466651363759,0.53,14.2619497704564,2.403,55.9478812759095,36.1987838604664,48.0,67.0,0.709,48.780000,7.67,Final,,
2016-12-09,Diesel,113.055900621118,128.042857142857,95.3764788009722,0.53,14.7464218201458,2.403,59.640886800121,35.7355920008512,51.0,72.0,0.715,52.260000,1.70,Final,,
2016-12-16,Diesel,116.055900621118,131.042857142857,97.9851744531461,0.53,15.1377261679719,2.403,61.3903867120907,36.5947877410554,52.0,73.0,0.713,53.258000,2.43,Final,,
2016-12-23,Diesel,118.055900621118,133.042857142857,99.7243048879287,0.53,15.3985957331893,2.403,63.7625863089065,35.9617185790222,52.0,75.0,0.693,53.814000,1.55,Final,,
2016-12-30,Diesel,118.520703933747,133.9,100.128481681519,0.53,15.4592222522279,2.403,65.9197905147074,34.208691166812,54.0,77.0,0.693,54.960000,0.02,Final,,
2017-01-06,Diesel,117.595238095238,135.328571428571,99.3237287784679,0.53,15.3385093167702,2.403,65.1351121817194,34.1886165967485,54.0,78.0,0.697,55.127500,1.33,Final,,
2017-01-13,Diesel,118.166666666667,135.9,99.8206231884058,0.53,15.4130434782609,2.403,63.4073257745988,36.413297413807,53.0,76.0,0.702,54.016000,1.31,Final,,
2017-01-20,Diesel,120.738095238095,138.471428571429,102.056648033126,0.53,15.7484472049689,2.403,61.8026131704459,40.2540348626804,53.0,75.0,0.715,54.194000,1.86,Final,,
2017-01-27,Diesel,121.166666666667,138.9,102.42931884058,0.53,15.804347826087,2.403,61.6188183963994,40.8105004441803,54.0,74.0,0.724,54.906000,1.55,Final,,
2017-02-03,Diesel,121.166666666667,138.9,101.80451884058,0.53,15.804347826087,3.0278,61.8810952615485,39.9234235790313,55.0,75.0,0.729,55.534000,1.17,Final,,
2017-02-10,Diesel,120.02380952381,137.757142857143,100.810730020704,0.53,15.6552795031056,3.0278,62.4693339015447,38.3413961191593,54.0,75.0,0.726,54.482000,1.41,Final,,
2017-02-17,Diesel,119.166666666667,136.9,100.065388405797,0.53,15.5434782608696,3.0278,62.8243723945053,37.2410160112918,54.0,75.0,0.72,54.464000,0.81,Final,,
2017-02-24,Diesel,119.166666666667,136.9,100.065388405797,0.53,15.5434782608696,3.0278,63.2965497957093,36.7688386100878,55.0,76.0,0.718,55.400000,1.65,Final,,
2017-03-03,Diesel,119.166666666667,136.9,100.065388405797,0.53,15.5434782608696,3.0278,63.1340292063098,36.9313591994873,55.0,76.0,0.715,54.402000,2.36,Final,,
2017-03-10,Diesel,119.166666666667,136.9,100.065388405797,0.53,15.5434782608696,3.0278,63.1388983263339,36.9264900794632,53.0,76.0,0.696,52.784000,4.10,Final,,
2017-03-17,Diesel,117.452380952381,135.185714285714,98.5747051759835,0.53,15.3198757763975,3.0278,60.1612294457641,38.4134757302193,50.0,72.0,0.696,50.294000,1.03,Final,,
2017-03-24,Diesel,116.166666666667,133.9,97.4566927536232,0.53,15.1521739130435,3.0278,58.7461788559734,38.7105138976498,49.0,70.0,0.704,50.102000,1.11,Final,,
2017-03-31,Diesel,116.823600209315,133.9,98.0279393124474,0.53,15.2378608968671,3.0278,59.6657649660879,38.3621743463595,50.0,72.0,0.702,51.330000,2.13,Final,,
2017-04-07,Diesel,118.465934065934,133.9,99.4560557095079,0.53,15.4520783564262,3.0278,62.3564069090291,37.0996488004788,52.0,75.0,0.698,53.278000,2.20,Final,,
2017-04-14,Diesel,120.465934065934,135.9,101.19518614429,0.53,15.7129479216436,3.0278,64.7125829589225,36.482603185368,54.0,78.0,0.696,54.830000,0.32,Final,,
2017-04-21,Diesel,120.465934065934,135.9,101.19518614429,0.53,15.7129479216436,3.0278,63.0221471026197,38.1730390416708,52.0,74.0,0.702,52.082000,4.86,Final,,
2017-04-28,Diesel,120.465934065934,135.9,101.19518614429,0.53,15.7129479216436,3.0278,61.7021611968934,39.493024947397,50.0,72.0,0.694,49.546000,0.62,Final,,
2017-05-05,Diesel,120.465934065934,135.9,101.19518614429,0.53,15.7129479216436,3.0278,58.9915311829398,42.2036549613507,49.0,71.0,0.69,48.704000,2.96,Final,,
2017-05-12,Diesel,116.465934065934,131.9,97.7169252747253,0.53,15.1912087912088,3.0278,59.1126501477198,38.6042751270054,49.0,71.0,0.688,48.004000,2.57,Final,,
2017-05-19,Diesel,116.465934065934,131.9,97.7169252747253,0.53,15.1912087912088,3.0278,60.7190634158341,36.9978618588911,51.0,74.0,0.69,51.750000,1.57,Final,,
2017-05-26,Diesel,116.465934065934,131.9,97.7169252747253,0.53,15.1912087912088,3.0278,61.5241104186226,36.1928148561027,52.0,74.0,0.7,52.584000,2.51,Final,,
2017-06-02,Diesel,116.465934065934,131.9,97.7169252747253,0.53,15.1912087912088,3.0278,58.5521498729435,39.1647754017818,49.0,70.0,0.707,50.234000,3.79,Final,,
2017-06-09,Diesel,116.465934065934,131.9,97.7169252747253,0.53,15.1912087912088,3.0278,55.4157076385669,42.3012176361584,47.0,66.0,0.718,47.276000,1.95,Final,,
2017-06-16,Diesel,109.751648351648,125.185714285714,91.8784159579551,0.53,14.3154323936933,3.0278,54.8086933268654,37.0697226310897,46.0,64.0,0.722,46.182000,1.71,Final,,
2017-06-23,Diesel,102.18021978022,117.614285714286,85.2945650262781,0.53,13.3278547539417,3.0278,53.4805937543522,31.8139712719258,45.0,61.0,0.725,44.626000,1.95,Final,,
2017-06-30,Diesel,100.812313152686,115.9,84.0765095737641,0.558571428571429,13.1494321503503,3.0278,54.5259752325317,29.5505343412323,46.0,63.0,0.73,46.162000,2.99,Final,,
2017-07-07,Diesel,101.678260869565,115.9,84.7580790170132,0.63,13.262381852552,3.0278,57.318661537571,27.4394174794422,47.0,65.0,0.729,48.172000,2.68,Final,,
2017-07-14,Diesel,101.678260869565,115.9,84.7580790170132,0.63,13.262381852552,3.0278,55.8362701615652,28.9218088554481,47.0,64.0,0.726,47.104000,1.32,Final,,
2017-07-21,Diesel,103.678260869565,117.9,86.4972094517958,0.63,13.5232514177694,3.0278,56.6108283654286,29.8863810863672,48.0,65.0,0.735,47.986000,1.07,Final,,
2017-07-28,Diesel,105.678260869565,119.9,88.2363398865784,0.63,13.7841209829868,3.0278,56.9357745302281,31.3005653563503,49.0,66.0,0.746,49.950000,4.19,Final,,
2017-08-04,Diesel,109.106832298137,123.328571428571,91.2177063462058,0.63,14.2313259519309,3.0278,59.1296887414605,32.0880176047453,51.0,68.0,0.746,52.042000,2.11,Final,,
2017-08-11,Diesel,112.96397515528,127.185714285714,94.5717436132865,0.63,14.734431541993,3.0278,59.6244995323074,34.9472440809791,51.0,69.0,0.734,51.964000,1.17,Final,,
2017-08-18,Diesel,114.678260869565,128.9,96.0624268431002,0.63,14.958034026465,3.0278,58.9608375976942,37.101589245406,49.0,68.0,0.729,50.582000,1.39,Final,,
2017-08-25,Diesel,114.678260869565,128.9,96.0624268431002,0.63,14.958034026465,3.0278,59.7292646778444,36.3331621652558,50.0,69.0,0.726,52.028000,0.58,Final,,
2017-09-01,Diesel,116.821118012422,131.042857142857,97.9257808803673,0.63,15.2375371320551,3.0278,61.0561847243925,36.8695961559748,50.0,70.0,0.722,52.252000,1.51,Final,,
2017-09-08,Diesel,119.821118012422,134.042857142857,100.307933675398,0.63,15.6288414798812,3.25434285714286,64.2728469439653,36.035086731433,52.0,73.0,0.721,53.884000,1.95,Final,,
2017-09-15,Diesel,120.678260869565,134.9,101.015518147448,0.63,15.7406427221172,3.2921,64.2165446307341,36.7989735167139,53.0,74.0,0.725,55.544000,2.56,Final,,
2017-09-22,Diesel,120.678260869565,134.9,101.015518147448,0.63,15.7406427221172,3.2921,64.7248385869311,36.2906795605169,54.0,74.0,0.731,57.034000,2.66,Final,,
2017-09-29,Diesel,120.086335403727,134.9,100.500800351067,0.63,15.66343505266,3.2921,66.954193535357,33.5466068157097,56.0,77.0,0.724,58.750000,2.75,Final,,
2017-10-06,Diesel,117.82049689441,136.185714285714,98.5305059951391,0.63,15.3678908992709,3.2921,66.056236205551,32.4742697895881,54.0,76.0,0.717,56.076000,1.59,Final,,
2017-10-13,Diesel,118.106211180124,136.471428571429,98.778953200108,0.63,15.4051579800162,3.2921,66.1639388072749,32.6150143928331,55.0,77.0,0.709,56.206000,1.57,Final,,
2017-10-20,Diesel,117.534782608696,135.9,98.2820587901701,0.63,15.3306238185255,3.2921,66.4095687819332,31.8724900082369,56.0,78.0,0.714,57.776000,0.56,Final,,
2017-10-27,Diesel,117.534782608696,135.9,98.2820587901701,0.63,15.3306238185255,3.2921,68.9641798843759,29.3178789057943,57.0,82.0,0.69,58.576000,2.46,Final,,
2017-11-03,Diesel,123.391925465839,141.757142857143,103.375226492034,0.63,16.094598973805,3.2921,70.6588123693525,32.716414122681,59.0,85.0,0.689,61.038000,0.77,Final,,
2017-11-10,Diesel,127.677639751553,146.042857142857,107.101934566568,0.63,16.6536051849851,3.2921,72.0105109278015,35.0914236387661,62.0,89.0,0.693,64.286000,0.53,Final,,
2017-11-17,Diesel,128.534782608696,146.9,107.847276181474,0.63,16.7654064272212,3.2921,72.423180392145,35.4240957893295,60.0,88.0,0.688,61.524000,2.03,Final,,
2017-11-24,Diesel,128.534782608696,146.9,107.847276181474,0.63,16.7654064272212,3.2921,74.2662641731792,33.5810120082953,61.0,89.0,0.684,62.678000,2.24,Final,,
2017-12-01,Diesel,130.534782608696,148.9,109.586406616257,0.63,17.0262759924386,3.2921,73.298569396329,36.2878372199281,61.0,89.0,0.687,63.730000,1.32,Final,,
2017-12-08,Diesel,130.534782608696,148.9,109.3575494734,0.63,17.0262759924386,3.52095714285714,72.7779813814538,36.5795680919462,60.0,88.0,0.687,63.076000,1.61,Final,,
2017-12-15,Diesel,127.677639751553,146.042857142857,106.834934566568,0.63,16.6536051849851,3.5591,73.3882181757044,33.4467163908633,61.0,88.0,0.694,64.354000,1.96,Final,,
2017-12-22,Diesel,126.534782608696,144.9,105.841145746692,0.63,16.5045368620038,3.5591,73.1173158957137,32.7238298509782,62.0,88.0,0.7,64.364000,0.95,Final,,
2017-12-29,Diesel,126.534782608696,144.9,105.841145746692,0.63,16.5045368620038,3.5591,74.0639071743056,31.7772385723863,63.0,89.0,0.707,66.520000,0.77,Final,,
2018-01-05,Diesel,131.666666666667,144.9,109.190253623188,0.63,17.1739130434783,4.6725,76.1200855542914,33.070168068897,65.0,91.0,0.711,67.810000,2.08,Final,,
2018-01-12,Diesel,132.952380952381,146.185714285714,110.308266045549,0.63,17.3416149068323,4.6725,75.817638095745,34.4906279498036,66.0,92.0,0.719,69.470000,1.88,Final,,
2018-01-19,Diesel,134.666666666667,147.9,111.798949275362,0.63,17.5652173913044,4.6725,75.6299786445181,36.1689706308442,66.0,91.0,0.728,69.388000,1.75,Final,,
2018-01-26,Diesel,134.666666666667,147.9,111.798949275362,0.63,17.5652173913044,4.6725,75.860597099701,35.9383521756613,67.0,92.0,0.733,70.040000,1.76,Final,,
2018-02-02,Diesel,134.666666666667,147.9,111.798949275362,0.63,17.5652173913044,4.6725,75.7844786884077,36.0144705869546,66.0,90.0,0.735,68.004000,1.15,Final,,
2018-02-09,Diesel,133.809523809524,147.042857142857,111.053607660455,0.63,17.4534161490683,4.6725,73.2621340825071,37.7914735779484,63.0,86.0,0.727,65.496000,4.65,Final,,
2018-02-16,Diesel,130.380952380952,143.614285714286,108.072241200828,0.63,17.0062111801242,4.6725,69.1638893656675,38.9083518351607,60.0,82.0,0.731,62.718000,2.36,Final,,
2018-02-23,Diesel,128.666666666667,141.9,106.581557971015,0.63,16.7826086956522,4.6725,70.607847819489,35.9737101515255,63.0,85.0,0.735,65.520000,2.36,Final,,
2018-03-02,Diesel,128.666666666667,141.9,106.581557971015,0.63,16.7826086956522,4.6725,72.3799193055414,34.2016386654731,62.0,86.0,0.726,66.024000,3.73,Final,,
2018-03-09,Diesel,128.666666666667,141.9,106.581557971015,0.63,16.7826086956522,4.6725,71.1069716531404,35.4745863178741,62.0,85.0,0.726,65.120000,1.91,Final,,
2018-03-16,Diesel,128.666666666667,141.9,106.581557971015,0.63,16.7826086956522,4.6725,71.2922817383893,35.2892762326252,62.0,84.0,0.73,64.138000,1.07,Final,,
2018-03-23,Diesel,128.666666666667,141.9,106.581557971015,0.63,16.7826086956522,4.6725,74.5209021726137,32.0606557984008,65.0,90.0,0.722,67.396000,4.21,Final,,
2018-03-30,Diesel,129.897331240188,143.9,107.651701078425,0.63,16.9431301617637,4.6725,74.9049695638787,32.746731514546,65.0,89.0,0.725,68.647500,0.89,Final,,
2018-04-06,Diesel,125.281318681319,143.9,103.63777711419,0.63,16.3410415671285,4.6725,75.2290713610727,28.4087057531174,65.0,89.0,0.726,67.027500,2.98,Final,,
2018-04-13,Diesel,126.995604395604,145.614285714286,105.128460344004,0.63,16.5646440516006,4.6725,75.9799456058523,29.1485147381515,68.0,93.0,0.734,71.244000,4.99,Final,,
2018-04-20,Diesel,128.281318681319,146.9,106.246472766364,0.63,16.7323459149546,4.6725,77.5637989631891,28.682673803175,70.0,95.0,0.732,73.392000,3.14,Final,,
2018-04-27,Diesel,134.281318681319,152.9,111.463864070712,0.63,17.5149546106068,4.6725,81.164492546383,30.2993715243288,71.0,99.0,0.712,74.982000,2.07,Final,,
2018-05-04,Diesel,134.281318681319,152.9,111.463864070712,0.63,17.5149546106068,4.6725,81.8680021021128,29.5958619685991,71.0,100.0,0.704,74.422000,2.78,Final,,
2018-05-11,Diesel,137.995604395604,156.614285714286,114.693677735308,0.63,17.9994266602962,4.6725,85.3168055409289,29.3768721943792,73.0,105.0,0.698,76.680000,3.44,Final,,
2018-05-18,Diesel,143.567032967033,162.185714285714,119.538398232203,0.63,18.7261347348304,4.6725,88.3751141071815,31.163284125021,76.0,110.0,0.691,78.754000,1.92,Final,,
2018-05-25,Diesel,146.281318681319,164.9,121.898646679408,0.63,19.0801720019111,4.6725,88.8503748520562,33.0482718273514,76.0,110.0,0.692,78.590000,3.82,Final,,
2018-06-01,Diesel,146.281318681319,164.9,121.898646679408,0.63,19.0801720019111,4.6725,85.8616030257155,36.037043653692,75.0,108.0,0.695,75.347500,1.94,Final,,
2018-06-08,Diesel,143.995604395604,162.614285714286,119.911069039656,0.63,18.7820353559484,4.6725,83.4100245405602,36.5010444990958,73.0,104.0,0.703,73.978000,2.32,Final,,
2018-06-15,Diesel,142.281318681319,160.9,118.420385809842,0.63,18.5584328714764,4.6725,83.7152916367119,34.7050941731304,74.0,106.0,0.701,74.260000,3.05,Final,,
2018-06-22,Diesel,141.138461538462,159.757142857143,117.426596989967,0.63,18.409364548495,4.6725,82.3286632827807,35.0979337071859,72.0,104.0,0.69,74.116000,2.05,Final,,
2018-06-29,Diesel,140.336782472186,158.9,116.247094846983,1.11238991143942,18.3047977137634,4.6725,84.5238674116035,31.7232274353799,75.0,109.0,0.683,75.238000,4.62,Final,,
2018-07-06,Diesel,140.669565217391,158.9,113.642131678525,4.00672938007591,18.3482041587902,4.6725,86.9872178473432,26.654913831182,75.0,110.0,0.676,76.328000,2.11,Final,,
2018-07-13,Diesel,140.669565217391,158.9,113.642131678525,4.00672938007591,18.3482041587902,4.6725,85.8659227097212,27.776208968804,74.0,109.0,0.681,75.290000,5.69,Final,,
2018-07-20,Diesel,140.669565217391,158.9,113.642131678525,4.00672938007591,18.3482041587902,4.6725,83.7368773131,29.9052543654252,71.0,104.0,0.677,71.270000,1.47,Final,,
2018-07-27,Diesel,143.526708074534,161.757142857143,116.126603728215,4.00672938007591,18.7208749662436,4.6725,85.7073042833537,30.419299444861,73.0,107.0,0.681,74.000000,1.39,Final,,
2018-08-03,Diesel,145.669565217391,163.9,117.989957765482,4.00672938007591,19.0003780718336,4.6725,85.9023459548452,32.0876118106365,72.0,107.0,0.679,73.372000,2.71,Final,,
2018-08-10,Diesel,147.383850931677,165.614285714286,119.480640995295,4.00672938007591,19.2239805563057,4.6725,87.5387628942,31.9418781010954,72.0,108.0,0.67,71.416000,1.96,Final,,
2018-08-17,Diesel,150.669565217391,168.9,121.670283852438,4.00672938007591,19.6525519848771,5.34,88.3295322334908,33.3407516189475,70.0,107.0,0.658,69.824000,2.39,Final,,
2018-08-24,Diesel,150.669565217391,168.9,121.670283852438,4.00672938007591,19.6525519848771,5.34,88.6274087216748,33.0428751307635,72.0,109.0,0.666,72.772000,3.30,Final,,
2018-08-31,Diesel,154.955279503106,173.185714285714,125.396991926972,4.00672938007591,20.2115581960573,5.34,91.2147192194459,34.1822727075265,75.0,113.0,0.668,76.076000,2.64,Final,,
2018-09-07,Diesel,157.24099378882,175.471428571429,127.384569566724,4.00672938007591,20.50969484202,5.34,93.9588462070647,33.4257233596593,75.0,115.0,0.659,76.644000,2.26,Final,,
2018-09-14,Diesel,159.812422360248,178.042857142857,129.620594411444,4.00672938007591,20.8450985687281,5.34,94.3814501193727,35.2391442920717,76.0,117.0,0.654,78.108000,3.25,Final,,
2018-09-21,Diesel,160.669565217391,178.9,130.365936026351,4.00672938007591,20.9568998109641,5.34,93.5947446482453,36.7711913781061,77.0,116.0,0.661,78.966000,1.21,Final,,
2018-09-28,Diesel,162.669565217391,180.9,132.104910951965,4.00688488924472,21.2177693761815,5.34,96.1157607734303,35.9891501785349,80.0,120.0,0.665,81.846000,1.83,Final,,
2018-10-05,Diesel,170.451242236025,182.614285714286,138.870653565329,4.00781794425758,22.232770726438,5.34,101.093942839531,37.7767107257978,83.0,127.0,0.656,85.442000,1.13,Final,,
2018-10-12,Diesel,172.736956521739,184.9,140.858231205081,4.00781794425758,22.5309073724008,5.34,100.961449424039,39.8967817810419,81.0,126.0,0.647,83.052000,4.45,Final,,
2018-10-19,Diesel,168.879813664596,181.042857142857,137.504193938,4.00781794425758,22.0278017823386,5.34,97.6798137700175,39.8243801679825,79.0,120.0,0.655,80.406000,1.00,Final,,
2018-10-26,Diesel,166.879813664596,179.042857142857,135.765063503217,4.00781794425758,21.7669322171213,5.34,96.9687228200833,38.7963406831341,76.0,117.0,0.653,78.232000,3.15,Final,,
2018-11-02,Diesel,165.736956521739,177.9,134.771274683342,4.00781794425758,21.6178638941399,5.34,94.3973733291856,40.373901354156,74.0,112.0,0.656,74.088000,6.45,Final,,
2018-11-09,Diesel,158.022670807453,170.185714285714,128.06320014918,4.00781794425758,20.6116527140157,5.34,88.0935297391333,39.9696704100468,70.0,105.0,0.672,70.344000,3.67,Final,,
2018-11-16,Diesel,151.451242236025,163.614285714286,122.348914434894,4.00781794425758,19.7545098568728,5.34,84.7666036511392,37.5823107837553,67.0,98.0,0.677,66.208000,4.93,Final,,
2018-11-23,Diesel,148.879813664596,161.042857142857,120.112889590174,4.00781794425758,19.4191061301647,5.34,78.8579474609278,41.2549421292461,62.0,91.0,0.683,61.218000,6.45,Final,,
2018-11-30,Diesel,144.308385093168,156.471428571429,116.137734310671,4.00781794425758,18.8228328382393,5.34,73.3926532707492,42.7450810399217,59.0,87.0,0.681,58.650000,1.99,Final,,
2018-12-07,Diesel,140.451242236025,152.614285714286,112.78369704359,4.00781794425758,18.3197272481772,5.34,72.0387932518177,40.7449037917724,60.0,87.0,0.691,60.466000,3.88,Final,,
2018-12-14,Diesel,138.736956521739,150.9,111.293013813776,4.00781794425758,18.0961247637051,5.34,72.028700733677,39.2643130800994,59.0,86.0,0.686,59.510000,1.73,Final,,
2018-12-21,Diesel,138.736956521739,150.9,111.293013813776,4.00781794425758,18.0961247637051,5.34,70.1568505472704,41.1361632665061,55.0,81.0,0.68,54.644000,5.66,Final,,
2018-12-28,Diesel,137.879813664596,150.042857142857,110.54767219887,4.00781794425758,17.9843235214691,5.34,69.4266690050315,41.1210031938381,55.0,82.0,0.672,51.030000,0.92,Final,,
2019-01-04,Diesel,136.876708074534,148.9,108.530032189913,4.00890650843926,17.8534836618958,6.48428571428571,68.3539239605566,40.1761082293568,55.0,82.0,0.667,54.310000,2.41,Final,,
2019-01-11,Diesel,136.9,148.9,108.35957175243,4.00890650843926,17.8565217391304,6.675,73.3538731876273,35.0056985648029,59.0,87.0,0.676,58.636000,3.56,Final,,
2019-01-18,Diesel,138.9,150.9,110.098702187213,4.00890650843926,18.1173913043478,6.675,73.9112740191155,36.1874281680974,60.0,88.0,0.68,59.830000,3.39,Final,,
2019-01-25,Diesel,140.9,152.9,111.837832621996,4.00890650843926,18.3782608695652,6.675,74.8991339263521,36.9386986956434,61.0,90.0,0.676,61.342000,1.28,Final,,
2019-02-01,Diesel,140.9,152.9,111.837832621996,4.00890650843926,18.3782608695652,6.675,73.0708189785041,38.7670136434914,61.0,89.0,0.686,61.380000,2.75,Final,,
2019-02-08,Diesel,140.9,152.9,111.837832621996,4.00890650843926,18.3782608695652,6.675,74.9879078015233,36.8499248204722,62.0,91.0,0.682,61.706000,1.25,Final,,
2019-02-15,Diesel,143.042857142857,155.042857142857,113.701186659263,4.00890650843926,18.6577639751553,6.675,77.0352840801675,36.6659025790951,64.0,94.0,0.678,63.360000,4.35,Final,,
2019-02-22,Diesel,148.328571428571,160.328571428571,118.297459951188,4.00890650843926,19.3472049689441,6.675,79.8153259632336,38.4821339879544,67.0,97.0,0.685,66.582000,1.05,Final,,
2019-03-01,Diesel,150.614285714286,162.614285714286,120.28503759094,4.00890650843926,19.6453416149068,6.675,79.8716763687789,40.4133612221607,65.0,95.0,0.686,64.564000,1.84,Final,,
2019-03-08,Diesel,150.9,162.9,120.533484795909,4.00890650843926,19.6826086956522,6.675,80.1485499749017,40.3849348210068,66.0,97.0,0.679,64.734000,1.42,Final,,
2019-03-15,Diesel,153.042857142857,165.042857142857,122.396838833176,4.00890650843926,19.9621118012422,6.675,79.8374403827989,42.5593984503768,67.0,98.0,0.683,65.714000,1.12,Final,,
2019-03-22,Diesel,150.9,162.9,120.533484795909,4.00890650843926,19.6826086956522,6.675,79.3760048832748,41.1574799126338,67.0,98.0,0.687,67.344000,2.06,Final,,
2019-03-29,Diesel,154.185714285714,166.185714285714,123.390472143883,4.00906201760807,20.1111801242236,6.675,78.8467100612439,44.5437620826387,67.0,98.0,0.684,67.248000,1.85,Final,,
2019-04-05,Diesel,152.281318681319,167.9,121.733542911134,4.00999507262093,19.8627806975633,6.675,80.0510601923142,41.6824827188202,69.0,102.0,0.678,69.540000,0.85,Final,,
2019-04-12,Diesel,156.138461538462,171.757142857143,125.087580178215,4.00999507262093,20.3658862876254,6.675,82.6689224264192,42.418657751796,70.0,104.0,0.674,71.328000,0.61,Final,,
2019-04-19,Diesel,158.281318681319,173.9,126.950934215482,4.00999507262093,20.6453893932155,6.675,83.0963834183259,43.8545507971563,71.0,105.0,0.674,70.872500,0.43,Final,,
2019-04-26,Diesel,160.424175824176,176.042857142857,128.814288252749,4.00999507262093,20.9248924988055,6.675,85.6576899419521,43.1565983107972,73.0,110.0,0.665,72.932000,4.23,Final,,
2019-05-03,Diesel,150.138461538462,165.757142857143,119.870188873867,4.00999507262093,19.5832775919732,6.675,83.6764067155596,36.1937821583078,71.0,107.0,0.665,71.586000,1.63,Final,,
2019-05-10,Diesel,146.852747252747,162.471428571429,117.013046016725,4.00999507262093,19.1547061634018,6.675,84.0795976061425,32.933448410582,70.0,106.0,0.659,71.252000,1.34,Final,,
2019-05-17,Diesel,149.70989010989,165.328571428571,119.497518066414,4.00999507262093,19.5273769708552,6.675,85.7764462736869,33.7210717927271,72.0,109.0,0.657,73.322000,2.35,Final,,
2019-05-24,Diesel,155.567032967033,171.185714285714,124.590685768277,4.00999507262093,20.2913521261347,6.675,84.922298422834,39.6683873454433,69.0,105.0,0.652,70.888000,5.23,Final,,
2019-05-31,Diesel,152.424175824176,168.042857142857,121.857766513619,4.00999507262093,19.881414237936,6.675,82.1381353131997,39.7196312004192,66.0,101.0,0.653,69.290000,3.86,Final,,
2019-06-07,Diesel,146.638461538462,162.257142857143,116.826710612998,4.00999507262093,19.1267558528428,6.675,74.4213630167901,42.4053475962077,60.0,91.0,0.661,63.146000,1.96,Final,,
2019-06-14,Diesel,145.281318681319,160.9,115.646586389395,4.00999507262093,18.9497372193024,6.675,75.0093809519763,40.637205437419,61.0,92.0,0.659,63.188000,2.65,Final,,
2019-06-21,Diesel,145.281318681319,160.9,115.646586389395,4.00999507262093,18.9497372193024,6.675,77.1220668257518,38.5245195636435,62.0,95.0,0.654,64.038000,3.43,Final,,
2019-06-28,Diesel,145.281318681319,160.9,115.646430880227,4.01015058178974,18.9497372193024,6.675,78.9407824965148,36.7056483837117,64.0,97.0,0.665,66.510000,2.36,Final,,
2019-07-05,Diesel,139.558695652174,154.9,110.369303886827,4.31108363680261,18.2033081285444,6.675,77.7632129552702,32.6060909315567,62.0,93.0,0.669,63.840000,2.38,Final,,
2019-07-12,Diesel,141.701552795031,157.042857142857,112.232657924094,4.31108363680261,18.4828112341345,6.675,79.6929625513053,32.5396953727887,64.0,97.0,0.664,65.978000,3.34,Final,,
2019-07-19,Diesel,141.415838509317,156.757142857143,111.984210719125,4.31108363680261,18.4455441533891,6.675,78.3864718190901,33.5977389000349,63.0,93.0,0.673,63.628000,6.16,Final,,
2019-07-26,Diesel,140.558695652174,155.9,111.238869104218,4.31108363680261,18.3337429111531,6.675,78.7178376640511,32.5210314401671,63.0,93.0,0.671,62.800000,1.87,Final,,
2019-08-02,Diesel,140.558695652174,155.9,111.238869104218,4.31108363680261,18.3337429111531,6.675,80.4604465361513,30.7784225680669,63.0,95.0,0.659,62.586000,2.95,Final,,
2019-08-09,Diesel,140.558695652174,155.9,111.238869104218,4.31108363680261,18.3337429111531,6.675,76.9742779199828,34.2645911842354,57.0,88.0,0.65,57.328000,4.29,Final,,
2019-08-16,Diesel,140.558695652174,155.9,111.238869104218,4.31108363680261,18.3337429111531,6.675,78.5862088558098,32.6526602484084,58.0,90.0,0.645,58.252000,2.77,Final,,
2019-08-23,Diesel,140.558695652174,155.9,111.238869104218,4.31108363680261,18.3337429111531,6.675,78.8001808354475,32.4386882687706,59.0,92.0,0.641,59.574000,1.96,Final,,
2019-08-30,Diesel,141.415838509317,156.757142857143,111.984210719125,4.31108363680261,18.4455441533891,6.675,79.1777095143011,32.8065012048239,59.0,93.0,0.635,59.826000,2.60,Final,,
2019-09-06,Diesel,143.558695652174,158.9,113.847564756392,4.31108363680261,18.7250472589792,6.675,79.2039779877676,34.6435867686245,58.0,92.0,0.634,60.228000,4.77,Final,,
2019-09-13,Diesel,143.558695652174,158.9,113.847564756392,4.31108363680261,18.7250472589792,6.675,80.3335622203774,33.5140025360147,60.0,93.0,0.642,62.738000,3.91,Final,,
2019-09-20,Diesel,147.415838509317,162.757142857143,117.201602023473,4.31108363680261,19.2281528490413,6.675,85.9282286531882,31.2733733702846,64.0,102.0,0.633,65.556000,4.17,Final,,
2019-09-27,Diesel,146.558695652174,161.9,116.456260408566,4.31108363680261,19.1163516068053,6.675,84.4821636986216,31.9740967099444,62.0,99.0,0.629,63.152000,2.58,Final,,
2019-10-04,Diesel,142.054968944099,161.9,112.541465187672,4.30959476371898,18.5289089927086,6.675,82.2873687617919,30.2540964258799,58.0,93.0,0.628,59.222000,3.07,Final,,
2019-10-11,Diesel,141.304347826087,161.9,111.888751172009,4.30959476371898,18.4310018903592,6.675,81.6326189250248,30.256132246984,59.0,93.0,0.63,59.394000,2.45,Final,,
2019-10-18,Diesel,141.304347826087,161.9,111.888751172009,4.30959476371898,18.4310018903592,6.675,82.7866744207309,29.1020767512779,59.0,94.0,0.631,59.322000,1.15,Final,,
2019-10-25,Diesel,141.304347826087,161.9,111.888751172009,4.30959476371898,18.4310018903592,6.675,81.8349394975769,30.0538116744319,61.0,95.0,0.64,60.748000,3.11,Final,,
2019-11-01,Diesel,141.304347826087,161.9,111.888751172009,4.30959476371898,18.4310018903592,6.675,81.5827985934954,30.3059525785134,60.0,95.0,0.639,60.226000,1.75,Final,,
2019-11-08,Diesel,141.732919254658,162.328571428571,112.261421979462,4.30959476371898,18.4869025114772,6.675,81.2652434523913,30.996178527071,61.0,96.0,0.639,62.390000,0.72,Final,,
2019-11-15,Diesel,142.304347826087,162.9,112.7583163894,4.30959476371898,18.5614366729679,6.675,80.2152723930906,32.5430439963095,62.0,97.0,0.638,62.564000,1.13,Final,,
2019-11-22,Diesel,142.304347826087,162.9,112.7583163894,4.30959476371898,18.5614366729679,6.675,79.268735038545,33.4895813508551,62.0,97.0,0.641,63.762000,2.62,Final,,
2019-11-29,Diesel,142.304347826087,162.9,112.7583163894,4.30959476371898,18.5614366729679,6.675,81.074028940798,31.6842874486021,63.0,98.0,0.642,64.740000,0.53,Final,,
2019-12-06,Diesel,142.304347826087,162.9,112.7583163894,4.30959476371898,18.5614366729679,6.675,79.5572044106344,33.2011119787657,62.0,96.0,0.651,64.714000,3.55,Final,,
2019-12-13,Diesel,142.304347826087,162.9,112.7583163894,4.30959476371898,18.5614366729679,6.675,80.1077275514793,32.6505888379208,64.0,98.0,0.657,66.498000,2.07,Final,,
2019-12-20,Diesel,142.304347826087,162.9,112.7583163894,4.30959476371898,18.5614366729679,6.675,82.9834791808965,29.7748372085036,66.0,101.0,0.659,68.902000,1.66,Final,,
2019-12-27,Diesel,143.16149068323,163.757142857143,113.503658004307,4.30959476371898,18.6732379152039,6.675,83.0841187957273,30.4195392085797,66.0,100.0,0.664,68.730000,1.77,Final,,
2020-01-03,Diesel,146.994334857689,165.757142857143,116.837842159026,4.30831858679016,19.1731741118725,6.675,83.5254190370002,33.3124231220261,66.0,99.0,0.671,68.050000,2.03,Final,,
2020-01-10,Diesel,148.87032967033,166.9,118.46935469226,4.30810589063535,19.4178690874343,6.675,83.5027779684267,34.9665767238333,67.0,101.0,0.664,67.930000,3.67,Final,,
2020-01-17,Diesel,148.013186813187,166.042857142857,117.724013077353,4.30810589063535,19.3060678451983,6.675,78.8803598400671,38.8436532372861,65.0,98.0,0.663,64.112000,1.34,Final,,
2020-01-24,Diesel,146.441758241758,164.471428571429,116.357553450024,4.30810589063535,19.1010989010989,6.675,77.7530543068159,38.6044991432081,63.0,95.0,0.66,62.200000,5.29,Final,,
2020-01-31,Diesel,145.87032967033,163.9,115.860659040086,4.30810589063535,19.0265647396082,6.675,72.5322586687667,43.3284003713194,58.0,89.0,0.654,58.572000,1.74,Final,,
2020-02-07,Diesel,145.87032967033,163.9,115.860659040086,4.30810589063535,19.0265647396082,6.675,71.2940004689514,44.5666585711347,54.0,84.0,0.646,54.594000,1.46,Final,,
2020-02-14,Diesel,145.87032967033,163.9,115.860659040086,4.30810589063535,19.0265647396082,6.675,71.6009109288888,44.2597481111973,54.0,85.0,0.642,55.328000,3.98,Final,,
2020-02-21,Diesel,145.298901098901,163.328571428571,115.363764630148,4.30810589063535,18.9520305781175,6.675,72.4930600128192,42.870704617329,57.0,88.0,0.64,58.614000,2.37,Final,,
2020-02-28,Diesel,144.441758241758,162.471428571429,114.618423015241,4.30810589063535,18.8402293358815,6.675,67.8798624012524,46.738560613989,51.0,82.0,0.631,54.092000,5.40,Final,,
2020-03-06,Diesel,141.298901098901,159.328571428571,111.885503760583,4.30810589063535,18.4302914476827,6.675,66.2965987339295,45.5889050266535,50.0,79.0,0.628,50.702000,6.92,Final,01_covid_2020,crisis
2020-03-13,Diesel,125.441758241758,143.471428571429,98.0966838848066,4.30810589063535,16.3619684663163,6.675,53.3103483133598,44.7863355714468,33.0,53.0,0.626,33.724000,4.55,Final,01_covid_2020,crisis
2020-03-20,Diesel,110.87032967033,128.9,85.4258764313904,4.30810589063535,14.4613473483039,6.675,49.633581456458,35.7922949749324,28.0,47.0,0.588,25.654000,5.19,Final,01_covid_2020,crisis
2020-03-27,Diesel,110.87032967033,128.9,85.4258764313904,4.30810589063535,14.4613473483039,6.675,49.0793413640432,36.3465350673472,25.0,43.0,0.579,23.962000,3.23,Final,01_covid_2020,crisis
2020-04-03,Diesel,112.683516483516,128.9,87.0038367936991,4.30682971370653,14.6978499761108,6.675,44.6515125284397,42.3523242652594,24.0,41.0,0.596,18.716000,9.48,Final,01_covid_2020,crisis
2020-04-10,Diesel,113.408791208791,128.9,87.6347231640058,4.30661701755173,14.7924510272336,6.675,43.1058871566332,44.5288360073727,23.0,38.0,0.595,22.532500,4.99,Final,01_covid_2020,crisis
2020-04-17,Diesel,113.408791208791,128.9,87.6347231640058,4.30661701755173,14.7924510272336,6.675,40.8096955524224,46.8250276115834,21.0,35.0,0.604,19.995000,3.05,Final,01_covid_2020,crisis
2020-04-24,Diesel,113.408791208791,128.9,87.6347231640058,4.30661701755173,14.7924510272336,6.675,38.9597814803976,48.6749416836083,18.0,29.0,0.598,14.236000,8.24,Final,01_covid_2020,crisis
2020-05-01,Diesel,114.551648351648,130.042857142857,88.6285119838816,4.30661701755173,14.941519350215,6.675,41.0713542824715,47.5571577014101,18.0,30.0,0.608,17.046000,3.32,Final,01_covid_2020,crisis
2020-05-08,Diesel,115.408791208791,130.9,89.3738535987884,4.30661701755173,15.053320592451,6.675,46.5336193961274,42.840234202661,27.0,44.0,0.606,23.572500,5.06,Final,01_covid_2020,crisis
2020-05-15,Diesel,117.123076923077,132.614285714286,90.8645368286021,4.30661701755173,15.2769230769231,6.675,42.9675951445557,47.8969416840464,29.0,48.0,0.605,28.182000,5.42,Final,01_covid_2020,crisis
2020-05-22,Diesel,116.551648351648,132.042857142857,90.3676424186642,4.30661701755173,15.2023889154324,6.675,46.5678077663156,43.7998346523486,34.0,56.0,0.607,33.940000,1.72,Final,01_covid_2020,crisis
2020-05-29,Diesel,115.408791208791,130.9,89.3738535987884,4.30661701755173,15.053320592451,6.675,46.2781679950967,43.0956856036918,34.0,55.0,0.616,33.702500,1.42,Final,01_covid_2020,crisis
2020-06-05,Diesel,117.408791208791,132.9,91.1129840335711,4.30661701755173,15.3141901576684,6.675,47.700069272682,43.412914760889,39.0,61.0,0.64,38.370000,4.26,Final,01_covid_2020,crisis
2020-06-12,Diesel,118.265934065934,133.757142857143,91.8583256484779,4.30661701755173,15.4259913999044,6.675,49.5256943838241,42.3326312646538,40.0,62.0,0.651,39.518000,3.42,Final,02_calm_own_refinery,calm
2020-06-19,Diesel,120.694505494505,136.185714285714,93.9701268907139,4.30661701755173,15.7427615862398,6.675,51.3760576640972,42.5940692266168,41.0,63.0,0.644,40.948000,2.89,Final,02_calm_own_refinery,calm
2020-06-26,Diesel,120.123076923077,135.614285714286,93.473232480776,4.30661701755173,15.6682274247492,6.675,51.9845290651237,41.4887034156524,42.0,65.0,0.644,41.694000,2.80,Final,02_calm_own_refinery,calm
2020-07-03,Diesel,116.560896867108,132.471428571429,90.3698179258064,4.31248369776576,15.2035952435358,6.675,51.6856859718465,38.6841319539599,42.0,65.0,0.646,42.302000,1.61,Final,02_calm_own_refinery,calm
2020-07-10,Diesel,113.250310559006,129.328571428571,87.4884027764069,4.3151281444681,14.7717796381312,6.675,51.7783219456558,35.710080830751,43.0,66.0,0.656,43.060000,1.32,Final,02_calm_own_refinery,calm
2020-07-17,Diesel,115.393167701863,131.471428571429,89.3517568136739,4.3151281444681,15.0512827437213,6.675,51.5388427658273,37.8129140478466,44.0,66.0,0.655,43.404000,1.11,Final,02_calm_own_refinery,calm
2020-07-24,Diesel,116.250310559006,132.328571428571,88.2433555714379,4.3151281444681,15.1630839859573,8.52874285714286,51.7459431670573,36.4974124043806,44.0,66.0,0.661,43.568000,1.35,Final,02_calm_own_refinery,calm
2020-07-31,Diesel,118.53602484472,134.614285714286,89.6549760683323,4.3151281444681,15.4612206319201,9.1047,50.8715577704784,38.7834182978539,43.0,64.0,0.667,43.224000,0.53,Final,02_calm_own_refinery,calm
2020-08-07,Diesel,114.821739130435,130.9,86.5853624037361,4.3151281444681,14.9767485822306,8.9445,50.5270206033879,36.0583418003481,44.0,66.0,0.664,44.356000,1.28,Final,02_calm_own_refinery,calm
2020-08-14,Diesel,112.678881987578,128.757142857143,84.601908366469,4.3151281444681,14.6972454766406,9.0646,51.2880681793734,33.3138401870956,44.0,67.0,0.657,44.538000,1.41,Final,02_calm_own_refinery,calm
2020-08-21,Diesel,113.821739130435,129.9,85.6222971863448,4.3151281444681,14.8463137996219,9.038,51.1529195634305,34.4693776229142,44.0,67.0,0.656,44.792000,1.40,Final,02_calm_own_refinery,calm
2020-08-28,Diesel,116.678881987578,132.757142857143,88.0400692360342,4.3151281444681,15.2189846070753,9.1047,50.9219326356827,37.1181366003515,44.0,67.0,0.658,45.258000,1.58,Final,02_calm_own_refinery,calm
2020-09-04,Diesel,115.53602484472,131.614285714286,87.0729804161584,4.3151281444681,15.069916284094,9.078,48.2939979634356,38.7789824527228,43.0,64.0,0.675,43.060000,4.62,Final,02_calm_own_refinery,calm
2020-09-11,Diesel,112.964596273292,129.042857142857,84.7568555714379,4.3151281444681,14.7345125573859,9.1581,44.3491260595219,40.407729511916,40.0,59.0,0.667,39.450000,2.14,Final,02_calm_own_refinery,calm
2020-09-18,Diesel,110.107453416149,126.185714285714,82.0720835217485,4.3151281444681,14.3618417499325,9.3584,44.4509383237315,37.621145198017,41.0,61.0,0.671,40.770000,3.78,Final,02_calm_own_refinery,calm
2020-09-25,Diesel,111.53602484472,127.614285714286,83.3143195465932,4.3151281444681,14.5481771536592,9.3584,44.9928511827453,38.3214683638479,41.0,62.0,0.663,40.890000,0.87,Final,02_calm_own_refinery,calm
2020-10-02,Diesel,115.472670807453,127.9,86.7951456764662,4.31087241697154,15.0616527140157,9.305,45.1512064092951,41.6439392671711,40.0,61.0,0.659,39.994000,3.59,Final,02_calm_own_refinery,calm
2020-10-09,Diesel,114.06801242236,123.757142857143,85.5754058934708,4.30917012597292,14.8784364029166,9.305,46.1387985179855,39.4366073754852,41.0,63.0,0.661,41.060000,2.22,Final,02_calm_own_refinery,calm
2020-10-16,Diesel,114.925155279503,124.614285714286,86.2941475083776,4.30917012597292,14.9902376451526,9.3316,46.9530500186201,39.3410974897575,42.0,63.0,0.664,41.320000,1.31,Final,02_calm_own_refinery,calm
2020-10-23,Diesel,115.210869565217,124.9,86.5104947133465,4.30917012597292,15.0275047258979,9.3637,46.217253179046,40.2932415343006,42.0,63.0,0.663,40.998000,1.53,Final,02_calm_own_refinery,calm
2020-10-30,Diesel,114.06801242236,123.757142857143,85.5087058934708,4.30917012597292,14.8784364029166,9.3717,43.2624834294682,42.2462224640025,38.0,58.0,0.666,37.906000,3.39,Final,02_calm_own_refinery,calm
2020-11-06,Diesel,112.353726708075,122.042857142857,84.0127226636571,4.30917012597292,14.6548339184445,9.377,43.3298109110246,40.6829117526325,39.0,59.0,0.667,38.636000,1.90,Final,02_calm_own_refinery,calm
2020-11-13,Diesel,111.210869565217,120.9,82.9708338437813,4.30917012597292,14.5057655954631,9.4251,46.6206264440725,36.3502073997089,43.0,63.0,0.684,41.870000,1.57,Final,02_calm_own_refinery,calm
2020-11-20,Diesel,110.353726708075,120.042857142857,82.1053922288745,4.30917012597292,14.3939643532271,9.5452,47.4157328382174,34.6896593906571,44.0,64.0,0.69,43.008000,1.25,Final,02_calm_own_refinery,calm
2020-11-27,Diesel,111.925155279503,121.614285714286,83.4584518562037,4.30917012597292,14.5989332973265,9.5586,50.4256400560848,33.0328118001188,47.0,67.0,0.698,46.426000,2.30,Final,02_calm_own_refinery,calm
2020-12-04,Diesel,114.210869565217,123.9,85.2324294959552,4.30917012597292,14.8970699432892,9.7722,50.9236305474734,34.3087989484818,48.0,67.0,0.705,47.828000,2.26,Final,02_calm_own_refinery,calm
2020-12-11,Diesel,114.210869565217,123.9,84.8800294959552,4.30917012597292,14.8970699432892,10.1246,52.4765969118232,32.4034325841321,49.0,70.0,0.705,49.324000,1.70,Final,02_calm_own_refinery,calm
2020-12-18,Diesel,114.210869565217,123.9,84.9520294959552,4.30917012597292,14.8970699432892,10.0526,54.1846943420739,30.7673351538813,51.0,72.0,0.71,51.048000,1.90,Final,02_calm_own_refinery,calm
2020-12-25,Diesel,114.210869565217,123.9,84.9520294959552,4.30917012597292,14.8970699432892,10.0526,54.9452910920934,30.0067384038618,52.0,73.0,0.708,50.605000,1.17,Final,02_calm_own_refinery,calm
2021-01-01,Diesel,116.174465148378,125.9,86.6621513552352,4.30576554397567,15.1531911063102,10.0533571428571,54.8651152921387,31.7970360630965,52.0,73.0,0.717,50.820000,0.78,Final,02_calm_own_refinery,calm
2021-01-08,Diesel,122.078306878307,131.852380952381,91.7941897328719,4.30321210747773,15.9232574189096,10.0576476190476,54.1333787807061,37.6608109521658,53.0,74.0,0.725,53.308000,5.14,Final,02_calm_own_refinery,calm
2021-01-15,Diesel,126.840211640212,136.614285714286,95.7561812442591,4.30321210747773,16.544375431332,10.2364428571429,57.0594470188959,38.6967342253632,55.0,77.0,0.72,55.380000,1.18,Final,02_calm_own_refinery,calm
2021-01-22,Diesel,129.125925925926,138.9,97.7254874554392,4.30321210747773,16.8425120772947,10.2547142857143,57.1826315293459,40.5428559260933,55.0,78.0,0.716,55.230000,1.47,Final,02_calm_own_refinery,calm
2021-01-29,Diesel,124.41164021164,134.185714285714,93.5746228591659,4.30321210747773,16.2276052449965,10.3062,56.5930939550018,36.9815289041642,55.0,77.0,0.718,55.178000,0.57,Final,02_calm_own_refinery,calm
2021-02-05,Diesel,122.983068783069,132.757142857143,92.1321868343212,4.30321210747773,16.0412698412698,10.5064,59.0066978950558,33.1254889392654,57.0,80.0,0.718,58.222000,3.06,Final,02_calm_own_refinery,calm
2021-02-12,Diesel,127.697354497354,137.471428571429,96.3249657163088,4.30321210747773,16.656176673568,10.413,61.8214589924678,34.503506723841,60.0,84.0,0.722,61.128000,2.30,Final,02_calm_own_refinery,calm
2021-02-19,Diesel,129.125925925926,138.9,97.5138017411535,4.30321210747773,16.8425120772947,10.4664,64.0537767330893,33.4600250080642,62.0,87.0,0.721,63.898000,2.18,Final,02_calm_own_refinery,calm
2021-02-26,Diesel,129.125925925926,138.9,97.5619017411535,4.30321210747773,16.8425120772947,10.4183,64.6183021793972,32.9435995617563,64.0,87.0,0.735,65.858000,2.12,Final,02_calm_own_refinery,calm
2021-03-05,Diesel,130.554497354497,140.328571428571,98.8361377659982,4.30321210747773,17.0288474810214,10.3863,64.5462720264008,34.2898657395974,64.0,89.0,0.725,65.940000,6.78,Final,02_calm_own_refinery,calm
2021-03-12,Diesel,132.554497354497,142.328571428571,100.615368200781,4.30321210747773,17.2897170462388,10.3462,67.539503785158,33.0758644156228,67.0,93.0,0.718,68.154000,2.31,Final,02_calm_own_refinery,calm
2021-03-19,Diesel,132.125925925926,141.9,100.656497393327,4.30321210747773,17.2338164251208,9.9324,66.0617120510703,34.5947853422571,65.0,90.0,0.72,66.114000,6.67,Final,02_calm_own_refinery,calm
2021-03-26,Diesel,132.125925925926,141.9,100.696497393327,4.30321210747773,17.2338164251208,9.8924,63.7923722951884,36.904125098139,62.0,89.0,0.704,62.506000,3.93,Final,02_calm_own_refinery,calm
2021-04-02,Diesel,131.888191173905,141.9,100.511970106645,4.29895637998117,17.2028075444224,9.87445714285714,64.3481094350938,36.1638606715509,62.0,88.0,0.699,63.677500,0.78,Final,02_calm_own_refinery,calm
2021-04-09,Diesel,131.70989010989,141.9,100.354337517961,4.29725408898254,17.1795508838987,9.87874761904762,63.8649493553956,36.4893881625657,61.0,87.0,0.704,61.827500,0.62,Final,02_calm_own_refinery,calm
2021-04-16,Diesel,132.281318681319,142.471428571429,100.765579546947,4.29725408898254,17.2540850453894,9.9644,65.1396736244773,35.6259059224695,63.0,90.0,0.708,64.686000,3.75,Final,02_calm_own_refinery,calm
2021-04-23,Diesel,135.281318681319,145.471428571429,103.312875199121,4.29725408898254,17.6453893932155,10.0258,65.0890732923373,38.2238019067834,64.0,89.0,0.718,65.344000,2.52,Final,02_calm_own_refinery,calm
2021-04-30,Diesel,135.70989010989,145.9,103.693546006574,4.29725408898254,17.7012900143335,10.0178,65.3561837924635,38.3373622141106,64.0,89.0,0.724,66.964000,2.76,Final,02_calm_own_refinery,calm
2021-05-07,Diesel,138.567032967033,148.757142857143,106.210018056264,4.29725408898254,18.0739608217869,9.9858,67.7392138222076,38.4708042340559,67.0,93.0,0.72,68.992500,1.09,Final,02_calm_own_refinery,calm
2021-05-14,Diesel,139.70989010989,149.9,107.325878304711,4.29725408898254,18.2230291447683,9.86372857142857,67.9516535780402,39.3742247266706,67.0,92.0,0.723,68.732000,2.26,Final,02_calm_own_refinery,calm
2021-05-21,Diesel,139.70989010989,149.9,107.390740209473,4.29725408898254,18.2230291447683,9.79886666666667,68.4556119340635,38.9351282754091,66.0,91.0,0.721,67.482000,4.44,Final,02_calm_own_refinery,calm
2021-05-28,Diesel,141.995604395604,152.185714285714,109.298184515891,4.29725408898254,18.521165790731,9.879,68.8686287651652,40.4295557507256,67.0,93.0,0.724,69.022000,0.84,Final,02_calm_own_refinery,calm
2021-06-04,Diesel,142.70989010989,152.9,109.612302528313,4.29725408898254,18.6143334925944,10.186,70.5545316890601,39.0577708392531,69.0,95.0,0.723,70.660000,1.27,Final,02_calm_own_refinery,calm
2021-06-11,Diesel,144.852747252747,155.042857142857,110.930213708437,4.29725408898254,18.8938365981844,10.7314428571429,71.8561694978027,39.0740442106347,70.0,98.0,0.72,71.458000,1.16,Final,02_calm_own_refinery,calm
2021-06-18,Diesel,145.70989010989,155.9,111.446598180487,4.29725408898254,19.0056378404205,10.9604,73.8222962827453,37.6243018977419,72.0,101.0,0.71,73.110000,1.61,Final,02_calm_own_refinery,calm
2021-06-25,Diesel,147.852747252747,158.042857142857,112.762652217754,4.29725408898254,19.2851409460105,11.5077,75.3506173626105,37.4120348551437,73.0,104.0,0.701,75.406000,1.96,Final,02_calm_own_refinery,calm
2021-07-02,Diesel,148.188710668214,157.471428571429,112.736778617085,4.28156979005741,19.3289622610714,11.8414,74.9318643249055,37.8049142921795,73.0,105.0,0.701,76.260000,2.73,Final,02_calm_own_refinery,calm
2021-07-09,Diesel,149.154968944099,157.757142857143,112.666076924382,4.27129607048735,19.4549959492304,12.7626,75.4053853270547,37.260691597327,73.0,104.0,0.7,76.134000,4.03,Final,02_calm_own_refinery,calm
2021-07-16,Diesel,149.440683229814,158.042857142857,112.901124129351,4.27129607048735,19.4922630299757,12.776,75.4294170181033,37.4717071112474,74.0,105.0,0.7,75.800000,3.04,Final,02_calm_own_refinery,calm
2021-07-23,Diesel,147.726397515528,156.328571428571,111.338440899537,4.27129607048735,19.2686605455036,12.848,73.787465903523,37.5509749960139,71.0,101.0,0.696,72.202000,5.53,Final,02_calm_own_refinery,calm
2021-07-30,Diesel,150.297826086957,158.9,113.432865744257,4.27129607048735,19.6040642722117,12.9896,75.4958090583175,37.93705668594,73.0,105.0,0.698,75.754000,2.93,Final,02_calm_own_refinery,calm
2021-08-06,Diesel,153.297826086957,161.9,115.908161396431,4.27129607048735,19.9953686200378,13.123,73.9611354473937,41.9470259490377,70.0,100.0,0.702,72.260000,2.92,Final,02_calm_own_refinery,calm
2021-08-13,Diesel,151.297826086957,159.9,114.022130961649,4.27129607048735,19.7344990548204,13.2699,73.1161975375685,40.9059334240803,70.0,100.0,0.701,71.094000,2.34,Final,02_calm_own_refinery,calm
2021-08-20,Diesel,151.297826086957,159.9,114.008830961649,4.27129607048735,19.7344990548204,13.2832,72.2458838665224,41.7629470951263,67.0,97.0,0.692,68.078000,4.56,Final,02_calm_own_refinery,calm
2021-08-27,Diesel,152.583540372671,161.185714285714,114.766343384009,4.27129607048735,19.9022009181745,13.6437,74.1444060144078,40.6219373696012,70.0,101.0,0.692,71.016000,3.19,Final,02_calm_own_refinery,calm
2021-09-03,Diesel,154.297826086957,162.9,113.854026613823,4.27129607048735,20.1258034026465,16.0467,75.3057723623782,38.5482542514445,71.0,100.0,0.705,73.017500,1.57,Final,02_calm_own_refinery,calm
2021-09-10,Diesel,153.726397515528,162.328571428571,112.048832203885,4.27129607048735,20.0512692411558,17.355,74.9485836080666,37.1002485958181,70.0,99.0,0.712,72.014000,1.12,Final,02_calm_own_refinery,calm
2021-09-17,Diesel,155.012111801242,163.614285714286,113.433844626245,4.27129607048735,20.2189711045099,17.088,77.0585218597314,36.3753227665137,72.0,102.0,0.71,74.128000,2.17,Final,02_calm_own_refinery,calm
2021-09-24,Diesel,157.154968944099,165.757142857143,115.163698663512,4.27129607048735,20.4984742100999,17.2215,79.3296723364711,35.8340263270411,74.0,105.0,0.703,75.320000,3.83,Final,02_calm_own_refinery,calm
2021-10-01,Diesel,156.010248447205,167.185714285714,115.315000794985,4.26887052556578,20.3491628409398,16.0772142857143,84.1201018761867,31.1948989187985,76.0,110.0,0.695,78.444000,1.59,Final,02_calm_own_refinery,calm
2021-10-08,Diesel,158.579192546584,173.185714285714,116.379698673633,4.26705136687461,20.6842425060762,17.2482,88.6254848542877,27.7542138193454,80.0,115.0,0.694,82.012000,1.33,Final,02_calm_own_refinery,calm
2021-10-15,Diesel,163.29347826087,177.9,120.425677555621,4.26705136687461,21.2991493383743,17.3016,91.8708159211631,28.5548616344576,82.0,117.0,0.696,83.868000,1.14,Final,02_calm_own_refinery,calm
2021-10-22,Diesel,168.722049689441,183.328571428571,125.039374450031,4.26705136687461,22.0072238725358,17.4084,90.2734909980776,34.765883451953,83.0,116.0,0.714,84.984000,1.63,Final,02_calm_own_refinery,calm
2021-10-29,Diesel,174.150621118012,188.757142857143,129.747428487298,4.26705136687461,22.7152984066973,17.4208428571429,88.9477681760957,40.799660311202,83.0,116.0,0.717,84.116000,2.01,Final,02_calm_own_refinery,calm
2021-11-05,Diesel,175.29347826087,189.9,130.726960164316,4.26705136687461,22.8643667296786,17.4351,87.8379520869301,42.8890080773862,81.0,114.0,0.715,82.522000,4.36,Final,02_calm_own_refinery,calm
2021-11-12,Diesel,175.29347826087,189.9,130.860460164316,4.26705136687461,22.8643667296786,17.3016,89.0125834741288,41.8478766901876,82.0,115.0,0.709,83.390000,1.62,Final,02_calm_own_refinery,calm
2021-11-19,Diesel,175.29347826087,189.9,130.833760164316,4.26705136687461,22.8643667296786,17.3283,86.3171479805076,44.5166121838087,80.0,114.0,0.702,81.630000,2.61,Final,02_calm_own_refinery,calm
2021-11-26,Diesel,172.29347826087,186.9,128.225064512142,4.26705136687461,22.4730623818526,17.3283,85.2395770953565,42.9854874167859,79.0,115.0,0.692,80.238000,11.06,Final,02_calm_own_refinery,calm
2021-12-03,Diesel,172.29347826087,186.9,127.317264512142,4.26705136687461,22.4730623818526,18.2361,79.7508255861808,47.5664389259616,71.0,104.0,0.681,71.000000,3.81,Final,02_calm_own_refinery,calm
2021-12-10,Diesel,172.29347826087,186.9,127.370664512142,4.26705136687461,22.4730623818526,18.1827,83.5083598458173,43.8623046663251,74.0,109.0,0.678,74.788000,2.56,Final,02_calm_own_refinery,calm
2021-12-17,Diesel,172.29347826087,186.9,127.351964512142,4.26705136687461,22.4730623818526,18.2014,85.2963194337398,42.0556450784026,73.0,108.0,0.677,73.762000,1.67,Final,02_calm_own_refinery,calm
2021-12-24,Diesel,172.29347826087,186.9,127.298564512142,4.26705136687461,22.4730623818526,18.2548,83.3579965108347,43.9405680013077,72.0,107.0,0.677,73.910000,5.75,Final,02_calm_own_refinery,calm
2021-12-31,Diesel,172.423478503265,182.931959758866,127.413427359873,4.26523220818343,22.4900189352084,18.2548,88.3222400979812,39.0911872618917,77.0,113.0,0.683,78.160000,1.39,Final,02_calm_own_refinery,calm
2022-01-07,Diesel,172.986219971092,173.24960001787,127.9051933116,4.26280666326186,22.5634199962293,18.2548,90.712170429852,37.1930228817484,79.0,117.0,0.678,80.502000,4.03,Final,02_calm_own_refinery,calm
2022-01-14,Diesel,174.932037679759,175.195417726538,128.628008710442,4.26280666326186,22.8172223060556,19.224,94.6939368364308,33.9340718740112,82.0,120.0,0.681,85.068000,5.61,Final,02_calm_own_refinery,calm
2022-01-21,Diesel,178.602720455537,178.866100502316,131.032306776336,4.26280666326186,23.2960070159397,20.0116,99.1416014570688,31.8907053192671,87.0,128.0,0.678,89.158000,1.93,Final,02_calm_own_refinery,calm
2022-01-28,Diesel,182.027615259539,182.290995306318,133.93027617112,4.26280666326186,23.7427324251573,20.0918,102.811597814957,31.1186783561627,87.0,131.0,0.666,90.124000,3.73,Final,02_calm_own_refinery,calm
2022-02-04,Diesel,185.935802816954,186.199182863733,136.794700134089,4.26280666326186,24.2524960196027,20.6258,106.830179964199,29.9645201698905,89.0,135.0,0.661,92.774000,6.62,Final,02_calm_own_refinery,calm
2022-02-11,Diesel,190.066211929566,190.329591976344,138.717660232013,4.26280666326186,24.7912450342912,22.2945,107.836276412806,30.881383819207,91.0,136.0,0.666,96.434000,2.55,Final,02_calm_own_refinery,calm
2022-02-18,Diesel,194.375293827478,194.638673874256,142.331187969327,4.26280666326186,25.3532991948884,22.428,109.325654656102,33.0055333132251,92.0,138.0,0.666,97.798000,6.38,Final,02_calm_own_refinery,calm
2022-02-25,Diesel,197.992365595301,198.255745642079,146.344267767435,4.26280666326186,25.8250911646045,21.5602,110.136553530522,36.2077142369127,95.0,141.0,0.672,99.364000,2.73,Final,03_ukraine_2022,crisis
2022-03-04,Diesel,205.286793069396,205.550173116175,153.287948179692,4.26280666326186,26.776538226443,20.9595,124.810996483755,28.4769516959362,105.0,156.0,0.675,114.434000,20.78,Final,03_ukraine_2022,crisis
2022-03-11,Diesel,223.658767375605,223.922147422384,170.865578011177,4.26280666326186,29.1728827011659,19.3575,154.14835636861,16.7172216425672,119.0,173.0,0.685,122.286000,18.64,Final,03_ukraine_2022,crisis
2022-03-18,Diesel,233.432860540029,233.696240586808,179.065789458503,4.26280666326186,30.4477644182647,19.6565,124.505312278035,54.5604771804679,103.0,151.0,0.68,109.592000,9.71,Final,03_ukraine_2022,crisis
2022-03-25,Diesel,229.697336961327,229.960717008106,175.382208085718,4.26280666326186,29.960522212347,20.0918,142.485395036425,32.8968130492937,114.0,165.0,0.694,123.598000,5.99,Final,03_ukraine_2022,crisis
2022-04-01,Diesel,230.417553653255,232.132772706839,175.810709014925,4.26038111834029,30.0544635199898,20.292,135.542640366286,40.2680686486388,107.0,154.0,0.694,111.260000,9.46,Final,03_ukraine_2022,crisis
2022-04-08,Diesel,225.819813242872,229.470817638863,171.947993034153,4.25856195964911,29.4547582490703,20.1585,137.596504484512,34.3514885496403,101.0,147.0,0.692,103.330000,8.32,Final,03_ukraine_2022,crisis
2022-04-15,Diesel,224.886858066,228.537862461991,170.766741948674,4.25856195964911,29.3330684433914,20.5284857142857,145.351696806464,25.4150451422103,103.0,151.0,0.684,105.415000,12.91,Final,03_ukraine_2022,crisis
2022-04-22,Diesel,230.500636019376,234.151640415367,175.821202280802,4.25856195964911,30.0653003503534,20.3555714285714,153.449783541828,22.3714187389738,105.0,155.0,0.675,105.722500,2.15,Final,03_ukraine_2022,crisis
2022-04-29,Diesel,238.180489205691,241.831493601682,182.583885486293,4.25856195964911,31.0670203311771,20.2710214285714,155.24914459456,27.3347408917331,103.0,156.0,0.656,103.920000,9.09,Final,03_ukraine_2022,crisis
2022-05-06,Diesel,247.673763921515,251.324768317506,190.684428406886,4.25856195964911,32.3052735549802,20.4255,170.918066769113,19.7663616377733,107.0,165.0,0.646,110.360000,8.92,Final,03_ukraine_2022,crisis
2022-05-13,Diesel,260.637180425071,264.288184821062,201.930264496934,4.25856195964911,33.9961539684875,20.4522,164.900962137213,37.0293023597209,104.0,165.0,0.63,107.432000,9.51,Final,03_ukraine_2022,crisis
2022-05-20,Diesel,267.398122065375,271.049126461366,207.729244184155,4.25856195964911,34.8780159215706,20.5323,156.29148219354,51.4377619906149,108.0,171.0,0.633,112.928000,4.82,Final,03_ukraine_2022,crisis
2022-05-27,Diesel,267.331459633539,270.98246402953,207.591176852124,4.25856195964911,34.869320821766,20.6124,153.347932702506,54.2432441496186,110.0,170.0,0.647,117.662000,6.06,Final,03_ukraine_2022,crisis
2022-06-03,Diesel,265.18707362356,268.838078019551,205.761193365185,4.25856195964911,34.5896182987252,20.5777,171.686420753322,34.0747726118638,114.0,175.0,0.653,124.105000,3.48,Final,03_ukraine_2022,crisis
2022-06-10,Diesel,269.769250056864,273.420254452855,209.862230325823,4.25856195964911,35.1872934856779,20.4611642857143,185.047332407641,24.8148979181822,117.0,181.0,0.644,127.398000,4.21,Final,03_ukraine_2022,crisis
2022-06-17,Diesel,284.896554107503,288.547558503494,223.025372046875,4.25856195964911,37.1604201009787,20.4522,195.841527760614,27.1838442862611,115.0,183.0,0.629,125.084000,9.22,Final,03_ukraine_2022,crisis
2022-06-24,Diesel,294.425005611241,298.076010007232,231.505510621554,4.25856195964911,38.4032616014662,20.2576714285714,195.548796550385,35.9567140711687,109.0,173.0,0.63,116.832000,4.01,Final,03_ukraine_2022,crisis
2022-07-01,Diesel,296.152978722625,299.357181947892,233.11067862358,4.28185070044183,38.6286493986032,20.1318,185.461621785423,47.6490568381563,111.0,178.0,0.626,120.338000,3.00,Final,03_ukraine_2022,crisis
2022-07-08,Diesel,295.821438325906,298.429906656875,233.430716070838,4.31431725603637,38.5854049990312,19.491,168.477597543269,64.9531185275692,102.0,165.0,0.619,113.636000,13.26,Final,03_ukraine_2022,crisis
2022-07-15,Diesel,291.439361155183,294.047829486152,229.646914183253,4.31431725603637,38.0138297158934,19.4643,161.728894184319,67.9180199989337,98.0,159.0,0.613,109.800000,7.87,Final,03_ukraine_2022,crisis
2022-07-22,Diesel,275.568372913121,278.176841244091,215.87275484233,4.31431725603637,35.943700814755,19.4376,154.693049734569,61.1797051077613,104.0,168.0,0.621,113.534000,10.50,Final,03_ukraine_2022,crisis
2022-07-29,Diesel,259.577354291964,262.185822622933,199.965021258715,4.31431725603637,33.8579157772127,21.4401,152.529733993515,47.4352872651997,105.0,168.0,0.626,109.276000,4.19,Final,03_ukraine_2022,crisis
2022-08-05,Diesel,254.361778303736,256.970246634705,195.563237790691,4.31431725603637,33.177623257009,21.3066,146.217581439909,49.3456563507813,96.0,153.0,0.629,102.544000,8.52,Final,03_ukraine_2022,crisis
2022-08-12,Diesel,250.573256604182,253.181724935151,192.148671095426,4.31431725603637,32.6834682527194,21.4268,141.127271818345,51.0213992770812,96.0,152.0,0.633,104.644000,3.73,Final,03_ukraine_2022,crisis
2022-08-19,Diesel,248.163074162071,250.771542493041,188.651160276199,4.31431725603637,32.3690966298354,22.8285,146.628895238241,42.022265037958,93.0,147.0,0.633,96.726000,2.89,Final,03_ukraine_2022,crisis
2022-08-26,Diesel,249.000741309926,251.609209640896,189.112566491726,4.31431725603637,32.4783575621643,23.0955,164.510215710468,24.6023507812577,98.0,158.0,0.619,98.872000,6.07,Final,03_ukraine_2022,crisis
2022-09-02,Diesel,255.340430845612,257.948899176581,194.478440001017,4.31431725603637,33.3052735885581,23.2424,161.773185544779,32.7052544562383,95.0,155.0,0.611,95.305000,7.10,Final,,
2022-09-09,Diesel,258.512614147719,261.121082478689,197.650760263719,4.31431725603637,33.7190366279634,22.8285,158.186669587469,39.4640906762504,92.0,151.0,0.607,90.430000,7.39,Final,,
2022-09-16,Diesel,258.334196150338,260.942664481308,198.10971417904,4.31431725603637,33.6957647152615,22.2144,148.848403290351,49.261310888689,93.0,153.0,0.605,91.406000,4.17,Final,,
2022-09-23,Diesel,257.299617869717,259.908086200686,197.530480891543,4.31431725603637,33.560819722137,21.894,147.25412403096,50.2763568605837,90.0,152.0,0.59,88.542500,6.11,Final,,
2022-09-30,Diesel,256.319028271959,258.939986764989,197.665108496296,4.31871733025225,33.4329167311251,20.9022857142857,147.151977139885,50.5131313564116,87.0,153.0,0.569,87.276000,7.00,Final,,
2022-10-07,Diesel,255.019500159216,257.671684057396,195.297202999097,4.32458409587343,33.2634130642455,22.1343,160.396976851863,34.9002261472334,92.0,162.0,0.57,94.660000,8.20,Final,,
2022-10-14,Diesel,260.597745040422,263.249928938602,200.655150721885,4.32458409587343,33.9910102226637,21.627,169.072254881537,31.582895840348,93.0,165.0,0.561,94.624000,4.91,Final,,
2022-10-21,Diesel,268.311150235582,270.963334133763,207.309059587242,4.32458409587343,34.9971065524673,21.6804,165.039463214598,42.2695963726437,88.0,157.0,0.565,91.036000,2.36,Final,,
2022-10-28,Diesel,269.460701250406,272.112885148587,207.366540593921,4.32458409587343,35.1470479891834,22.6225285714286,160.044417522687,47.3221230712338,92.0,159.0,0.577,93.014000,3.07,Final,,
2022-11-04,Diesel,268.108230994278,270.760414892459,206.118008073064,4.32458409587343,34.9706388253406,22.695,157.348971871972,48.7690362010922,92.0,157.0,0.581,95.862000,6.23,Final,,
2022-11-11,Diesel,266.598244285133,269.250428183313,204.030676152068,4.32458409587343,34.7736840371912,23.4693,154.099867194186,49.9308089578818,91.0,153.0,0.594,96.078000,6.82,Final,,
2022-11-18,Diesel,264.216331993605,266.868515891785,201.892748072479,4.32458409587343,34.4629998252528,23.536,145.503748323364,56.3889997491148,86.0,141.0,0.612,92.086000,5.37,Final,,
2022-11-25,Diesel,256.198903243476,258.851087141657,195.441670898454,4.32458409587343,33.4172482491491,23.0154,134.67137945842,60.7702914400334,79.0,127.0,0.618,86.396000,5.25,Final,,
2022-12-02,Diesel,247.605194620336,250.257378518517,189.357280791375,4.32458409587343,32.2963297330873,21.627,129.857566052944,59.4997147384311,80.0,128.0,0.626,85.030000,3.32,Final,,
2022-12-09,Diesel,239.492514279353,242.144698177534,181.701976147042,4.32458409587343,31.2381540364374,22.2278,120.729613355242,60.9723627918005,75.0,117.0,0.635,78.556000,7.34,Final,,
2022-12-16,Diesel,229.89905374286,232.551237641041,174.895136550092,4.32458409587343,29.9868330968948,20.6925,125.109973295295,49.7851632547966,76.0,119.0,0.641,80.802000,5.33,Final,,
2022-12-23,Diesel,226.848188301596,229.500372199776,172.509210079427,4.32458409587343,29.5888941262951,20.4255,124.878138911787,47.6310711676403,77.0,121.0,0.632,80.678000,3.00,Final,,
2022-12-30,Diesel,228.731275152586,231.63658393812,174.349714952136,4.32751747868402,29.8345141503374,20.2195285714286,128.160350363459,46.1893645886774,79.0,125.0,0.631,81.826666,1.86,Final,,
2023-01-06,Diesel,230.657125134197,235.081183243848,176.245933653032,4.33485093571049,30.0857119740257,19.9906285714286,122.65149115356,53.5944424994725,76.0,121.0,0.627,77.202500,5.05,Final,,
2023-01-13,Diesel,229.859236133622,234.283294243274,175.984945702222,4.33485093571049,29.9816394956899,19.5578,121.903529482327,54.0814162198954,79.0,124.0,0.637,80.606000,5.93,Final,,
2023-01-20,Diesel,228.298542346354,232.722600456005,174.694620669815,4.33485093571049,29.7780707408288,19.491,126.55112451264,48.143496157175,83.0,130.0,0.641,84.570000,4.31,Final,,
2023-01-27,Diesel,228.354024488871,232.778082598522,174.916416011133,4.33485093571049,29.7853075420266,19.31745,127.403151992998,47.5132640181355,84.0,130.0,0.649,85.904000,2.46,Final,,
2023-02-03,Diesel,228.022434817363,232.446492927015,174.542627166345,4.33485093571049,29.7420567153083,19.4029,121.656900435081,52.8857267312637,81.0,125.0,0.648,81.870000,6.05,Final,,
2023-02-10,Diesel,226.100539753062,230.524597862713,172.963156924095,4.33485093571049,29.4913747503994,19.3111571428571,118.221050446184,54.742106477911,81.0,129.0,0.632,83.298000,4.98,Final,,
2023-02-17,Diesel,224.761983878793,229.186041988445,172.406952437153,4.33485093571049,29.3167805059296,18.7034,118.621674592187,53.7852778449659,83.0,132.0,0.63,84.172000,4.01,Final,,
2023-02-24,Diesel,223.693692454907,228.117750564559,172.025403372905,4.33485093571049,29.1774381462923,18.156,116.070690696115,55.9547126767892,81.0,131.0,0.624,81.774000,3.24,Final,,
2023-03-03,Diesel,222.349158934159,226.773217043811,171.149943789646,4.33485093571049,29.0020642088034,17.8623,119.650800778152,51.4991430114937,83.0,133.0,0.619,83.604000,4.50,Final,,
2023-03-10,Diesel,220.698267081509,225.12232519116,169.954685656906,4.33485093571049,28.7867304888924,17.622,118.512176126284,51.4425095306216,83.0,134.0,0.615,82.858000,4.86,Final,,
2023-03-17,Diesel,219.610623898842,224.034682008493,169.008908976326,4.33485093571049,28.6448639868055,17.622,111.626190471111,57.382718505215,76.0,122.0,0.619,74.978000,8.64,Final,,
2023-03-24,Diesel,214.964323153271,219.388381262922,165.742947458438,4.33485093571049,28.0388247591223,16.8477,108.907744658551,56.835202799887,75.0,120.0,0.624,74.244000,3.66,Final,,
2023-03-31,Diesel,211.135480531222,215.68319685863,164.705319017223,4.33925100992637,27.5394105040724,14.5515,111.022202052232,53.6831169649914,77.0,124.0,0.623,78.004000,2.39,Final,,
2023-04-07,Diesel,210.521437015971,215.378298887772,162.763715654489,4.34511777554755,27.4593178716484,15.9532857142857,113.919049948243,48.8446657062463,85.0,134.0,0.63,85.990000,0.86,Final,,
2023-04-14,Diesel,210.220440696157,215.077302567958,161.745560676597,4.34511777554755,27.4200574821074,16.7097047619048,112.945447156259,48.8001135203387,86.0,138.0,0.624,87.362500,1.80,Final,,
2023-04-21,Diesel,209.57923854743,214.436100419231,161.570698352652,4.34511777554755,27.33642241923,16.327,110.035578151898,51.5351202007538,83.0,135.0,0.618,84.620000,2.34,Final,,
2023-04-28,Diesel,206.660281911517,211.517143783318,160.407475190989,4.34511777554755,26.9556889449805,14.952,106.697892533233,53.709582657756,80.0,131.0,0.614,81.396000,5.04,Final,,
2023-05-05,Diesel,198.403751419909,203.26061329171,153.628383459156,4.34511777554755,25.8787501852055,14.5515,97.9026367008352,55.7257467583206,73.0,118.0,0.623,74.617500,3.80,Final,,
2023-05-12,Diesel,191.616339100139,196.47320097194,148.26028578979,4.34511777554755,24.9934355348007,14.0175,99.3861869312765,48.8740988585139,75.0,119.0,0.632,76.080000,3.22,Final,,
2023-05-19,Diesel,188.668383224235,193.525245096036,145.2963458977,4.34511777554755,24.6089195509872,14.418,101.294569598525,44.0017762991758,74.0,119.0,0.624,75.752000,1.83,Final,,
2023-05-26,Diesel,189.075810199373,193.932672071174,145.383630223907,4.34511777554755,24.6620621999182,14.685,102.295028033387,43.0886021905201,76.0,122.0,0.618,76.482000,2.33,Final,,
2023-06-02,Diesel,189.447523433606,194.304385305406,145.50665912324,4.34511777554755,24.7105465348181,14.8852,102.208801618826,43.2978575044141,73.0,120.0,0.604,73.885000,4.02,Final,,
2023-06-09,Diesel,189.211726336894,194.068588208695,145.239589598149,4.34511777554755,24.6797903917687,14.9472285714286,104.499601892797,40.739987705352,76.0,125.0,0.607,76.060000,2.11,Final,,
2023-06-16,Diesel,188.942700918821,193.799562790622,143.932883023427,4.34511777554755,24.6447001198462,16.02,102.091426178523,41.8414568449034,74.0,120.0,0.616,74.388000,4.96,Final,,
2023-06-23,Diesel,188.658732746574,193.515594618375,148.091454177995,4.34511777554755,24.6076607930314,11.6145,104.420582547133,43.6708716308619,76.0,122.0,0.619,75.258000,3.36,Final,,
2023-06-30,Diesel,188.872858583471,193.335815211618,148.72055048369,4.36951784976344,24.635590250018,11.1472,103.934133594543,44.7864168891469,75.0,122.0,0.613,73.550000,2.63,Final,,
2023-07-07,Diesel,189.408975407254,192.887168926263,149.731572260488,4.42538461538462,24.7055185313809,10.5465,108.757051570039,40.9745206904491,77.0,125.0,0.617,76.596000,4.25,Final,,
2023-07-14,Diesel,188.869609401713,192.347802920722,147.665315485484,4.42538461538462,24.6351664437017,12.1437428571429,112.669971879548,34.9953436059355,79.0,127.0,0.624,79.786000,3.48,Final,,
2023-07-21,Diesel,189.049053478411,192.52724699742,147.34929667019,4.42538461538462,24.6585721928363,12.6158,116.714514358706,30.6347823114844,81.0,129.0,0.63,79.480000,3.26,Final,,
2023-07-28,Diesel,194.229689325222,197.707882844231,148.449997406547,4.42538461538462,25.3343073032898,16.02,123.714913795805,24.7350836107426,84.0,135.0,0.62,83.548000,1.96,Final,,
2023-08-04,Diesel,200.675662504265,204.153856023274,154.589191475281,4.42538461538462,26.1750864135998,15.486,130.177132862494,24.4120586127866,86.0,140.0,0.614,85.628000,3.37,Final,,
2023-08-11,Diesel,209.24619609039,212.724389609399,161.454429376259,4.42538461538462,27.2929820987465,16.0734,132.630717963124,28.8237114131346,88.0,145.0,0.606,87.830000,2.84,Final,,
2023-08-18,Diesel,216.681929444426,220.160122963435,166.638684466725,4.42538461538462,28.2628603623165,17.355,134.298952365515,32.3397321012104,86.0,145.0,0.595,85.866000,2.91,Final,,
2023-08-25,Diesel,219.802830095745,223.281023614754,168.818511120046,4.42538461538462,28.6699343603146,17.889,135.824090756988,32.9944203630585,86.0,145.0,0.594,84.714000,1.50,Final,,
2023-09-01,Diesel,222.68471232979,226.162905848799,170.256495671389,4.42538461538462,29.0458320430161,18.957,137.491402269187,32.7650934022021,87.0,147.0,0.595,87.565000,3.61,Final,,
2023-09-08,Diesel,226.418680910644,229.896874429653,172.969424872132,4.42538461538462,29.5328714231275,19.491,140.733122380366,32.2363024917658,91.0,155.0,0.59,91.294000,1.43,Final,,
2023-09-15,Diesel,230.288913625891,233.7671071449,177.202844624521,4.42538461538462,30.0376843859858,18.623,146.89796675203,30.3048778724909,94.0,158.0,0.592,93.868000,3.58,Final,,
2023-09-22,Diesel,236.891983489498,240.370177008507,184.145644505918,4.42538461538462,30.8989543681954,17.422,145.417133635132,38.7285108707857,95.0,161.0,0.592,94.862000,2.41,Final,,
2023-09-29,Diesel,238.903653068525,242.898814495193,185.68022494924,4.4270820668693,31.1613460524163,17.635,144.64482670163,41.0353982476093,95.0,159.0,0.595,95.614000,3.09,Final,,
2023-10-06,Diesel,235.320175455505,242.417144328128,182.372913830945,4.43132569558102,30.6939359289789,17.822,137.733534605755,44.6393792251899,88.0,148.0,0.595,90.328000,6.60,Final,,
2023-10-13,Diesel,233.772642215334,240.869611087957,180.786232752536,4.43132569558102,30.4920837672175,18.063,133.366626315239,47.4196064372967,88.0,146.0,0.6,90.476000,6.75,Final,,
2023-10-20,Diesel,231.636992489509,238.733961362132,178.849146034427,4.43132569558102,30.2135207595012,18.143,139.142461593356,39.7066844410712,92.0,157.0,0.588,92.468000,2.73,Final,,
2023-10-27,Diesel,230.986965930061,238.083934802684,177.75090554795,4.43132569558102,30.1287346865297,18.676,135.588797598795,42.1621079491557,90.0,154.0,0.583,89.840000,3.88,Final,,
2023-11-03,Diesel,230.938892239169,238.035861111792,177.695102338479,4.43132569558102,30.122464205109,18.69,131.593993934221,46.1011084042581,87.0,149.0,0.585,88.208000,3.91,Final,,
2023-11-10,Diesel,229.260634484491,236.357603357114,175.968747769194,4.43132569558102,29.9035610197163,18.957,121.344625824376,54.6241219448179,83.0,140.0,0.594,83.520000,5.85,Final,,
2023-11-17,Diesel,225.390951890328,232.487920762951,172.857806382965,4.43132569558102,29.3988198117819,18.703,119.041291009264,53.8165153737011,82.0,137.0,0.595,81.928000,6.47,Final,,
2023-11-24,Diesel,221.372628186497,228.46959705912,168.962611857895,4.43132569558102,28.8746906330214,19.104,118.252248770437,50.7103630874574,83.0,138.0,0.604,81.620000,3.43,Final,,
2023-12-01,Diesel,218.055695925348,225.152664797971,165.023322935157,4.43132569558102,28.4420472946107,20.159,115.326624287452,49.6966986477049,82.0,134.0,0.614,80.914000,4.26,Final,,
2023-12-08,Diesel,213.78731133909,220.884280211713,162.980684164497,4.43132569558102,27.8853014790118,18.49,110.489759005154,52.4909251593438,76.0,124.0,0.617,75.982000,3.95,Final,,
2023-12-15,Diesel,207.602314839489,214.699283712112,156.935426338757,4.43132569558102,27.0785628051507,19.157,110.299591866681,46.6358344720763,75.0,122.0,0.616,75.578000,2.94,Final,,
2023-12-22,Diesel,205.779748978868,212.876717851491,155.515421624791,4.43132569558102,26.8408368233306,18.9921648351648,109.725048009525,45.7903736152663,77.0,123.0,0.625,80.154000,2.21,Final,,
2023-12-29,Diesel,205.361301739552,212.458270612175,155.381474965196,4.43217442132336,26.7862567486372,18.7613956043956,109.232835728082,46.1486392371137,78.0,123.0,0.634,79.233333,3.28,Final,,
2024-01-05,Diesel,207.584553047882,211.923113691045,157.4942600026,4.43726677577741,27.0762460497237,18.5767802197802,109.987634379514,47.5066256230863,77.0,124.0,0.624,76.880000,2.52,Final,,
2024-01-12,Diesel,207.111981169695,211.450541812858,157.704108154392,4.43726677577741,27.0146062395254,17.956,111.427122248113,46.2769859062791,78.0,124.0,0.624,78.400000,4.74,Final,,
2024-01-19,Diesel,206.703681490581,211.042242133744,157.149064955162,4.43726677577741,26.961349759641,18.156,115.314014880303,41.8350500748597,78.0,126.0,0.616,80.108000,2.16,Final,,
2024-01-26,Diesel,207.918757777938,212.257318421102,157.486938745411,4.43726677577741,27.1198379710354,18.8747142857143,119.819144843464,37.6677939019472,80.0,132.0,0.611,82.312000,1.64,Final,,
2024-02-02,Diesel,210.928096121268,215.266656764431,159.420468981847,4.43726677577741,27.5123603636436,19.558,123.204887696476,36.2155812853707,81.0,132.0,0.613,82.570000,4.60,Final,,
2024-02-09,Diesel,213.458695099464,217.797255742627,161.847989832452,4.43726677577741,27.8424384912344,19.331,123.469139193231,38.3788506392211,79.0,130.0,0.609,81.506000,4.28,Final,,
2024-02-16,Diesel,215.512805463893,219.851366107057,164.475172758043,4.43726677577741,28.110365930073,18.49,124.737373343073,39.7377994149691,82.0,135.0,0.61,84.444000,1.00,Final,,
2024-02-23,Diesel,217.364696121803,221.703256764967,166.552512460573,4.43726677577741,28.3519168854526,18.023,120.223151865406,46.329360595167,82.0,133.0,0.617,85.018000,1.66,Final,,
2024-03-01,Diesel,217.603119471809,221.941680114973,167.093837112753,4.43726677577741,28.3830155832795,17.689,119.257990674723,47.8358464380294,83.0,135.0,0.613,84.256000,1.02,Final,,
2024-03-08,Diesel,217.340094686782,221.678655329945,165.99711990838,4.43726677577741,28.3487080026237,18.557,118.408312408601,47.5888074997794,83.0,135.0,0.612,85.632000,2.30,Final,,
2024-03-15,Diesel,216.642557800954,220.981118444118,166.725566094617,4.43726677577741,28.2577249305592,17.222,117.121815790085,49.6037503045324,84.0,136.0,0.615,84.520000,2.72,Final,,
2024-03-22,Diesel,216.15062598186,220.489186625024,168.874799295405,4.43726677577741,28.1935599106774,14.645,121.502268647267,47.3725306481381,86.0,142.0,0.607,85.878000,2.49,Final,,
2024-03-29,Diesel,217.280335766072,221.618896409235,168.935592618046,4.43811550151976,28.340913360792,15.5657142857143,119.715457098741,49.2201355193044,87.0,144.0,0.6,85.800000,1.24,Final,,
2024-04-05,Diesel,216.98824901096,221.504549943397,168.751797495172,4.44320785597381,28.3028150883861,15.4904285714286,123.541649603263,45.2101478919087,90.0,150.0,0.599,90.340000,5.18,Final,,
2024-04-12,Diesel,216.877484478091,221.393785410528,169.460909081497,4.44320785597381,28.2883675406206,14.685,124.108715303788,45.3521937777085,90.0,150.0,0.602,92.008000,1.63,Final,,
2024-04-19,Diesel,217.085582365704,221.60188329814,169.441863766377,4.44320785597381,28.3155107433527,14.885,122.136264833734,47.3055989326433,89.0,150.0,0.59,89.594000,3.33,Final,,
2024-04-26,Diesel,216.888336525312,221.404637457748,169.270345644297,4.44320785597381,28.2897830250407,14.885,118.98449343357,50.2858522107269,88.0,148.0,0.594,88.532000,2.65,Final,,
2024-05-03,Diesel,215.980154067256,220.496454999692,168.747621767727,4.44320785597381,28.1713244435551,14.618,117.277244978148,51.4703767895793,87.0,146.0,0.594,85.726000,4.89,Final,,
2024-05-10,Diesel,214.139105554331,218.655406486767,167.079710017357,4.44320785597381,27.9311876809997,14.685,114.740454025646,52.3392559917111,85.0,142.0,0.601,82.947500,0.95,Final,,
2024-05-17,Diesel,211.307340520998,215.823641453434,165.952305640546,4.44320785597381,27.5618270244779,13.35,112.466095118805,53.4862105217406,84.0,138.0,0.606,81.610000,3.20,Final,,
2024-05-24,Diesel,208.451029451637,212.967330384073,164.73655688458,4.44320785597381,27.189264711083,12.082,111.325188848596,53.4113680359834,84.0,137.0,0.611,80.240000,2.99,Final,,
2024-05-31,Diesel,206.010602370896,210.526903303332,161.346446379588,4.44320785597381,26.8709481353343,13.35,111.534325765811,49.8121206137764,84.0,137.0,0.613,80.917500,2.09,Final,,
2024-06-07,Diesel,201.852421117165,206.368722049602,156.996636593735,4.44320785597381,26.3285766674564,14.084,106.483244577301,50.5133920164346,79.0,128.0,0.619,76.586000,2.79,Final,,
2024-06-14,Diesel,197.79214995649,202.308450888926,154.199966019235,4.44320785597381,25.7989760812813,13.35,111.489238145215,42.7107278740194,82.0,134.0,0.614,80.638000,1.90,Final,,
2024-06-21,Diesel,197.38074365171,201.897044584146,153.508221406382,4.44320785597381,25.7453143893534,13.684,115.120076019675,38.3881453867071,85.0,139.0,0.613,85.044000,3.97,Final,,
2024-06-28,Diesel,200.146800929451,204.663101861888,156.055425592962,4.44405658171616,26.1061044690589,13.5412142857143,116.322384074593,39.7330415183687,85.0,139.0,0.611,86.716000,1.50,Final,,
2024-07-05,Diesel,196.93147142216,201.597869948856,156.4737577584,1.02,25.68671366376,13.751,116.933680677785,39.5400770806149,87.0,143.0,0.61,88.020000,2.09,Final,,
2024-07-12,Diesel,198.657936217037,203.324334743733,157.575031493075,1.02,25.9119047239613,14.151,113.974961838453,43.6000696546224,85.0,140.0,0.611,86.804000,0.87,Final,,
2024-07-19,Diesel,198.903512460236,203.569910986932,157.788576052379,1.02,25.9439364078568,14.151,112.687418426563,45.1011576258156,84.0,139.0,0.607,86.046000,1.41,Final,,
2024-07-26,Diesel,198.472343300614,203.13874182731,158.15564634836,1.02,25.887696952254,13.409,111.539382445505,46.6162639028555,80.0,135.0,0.595,82.516000,2.09,Final,,
2024-08-02,Diesel,197.294246777905,201.960645304601,156.544214589482,1.02,25.7340321884223,13.996,109.345418709821,47.1987958796613,78.0,132.0,0.592,80.262000,3.04,Final,,
2024-08-09,Diesel,195.931223732458,200.597622259155,155.069977158659,1.02,25.5562465737989,14.285,103.871111174158,51.1988659845013,76.0,127.0,0.598,78.844000,4.45,Final,,
2024-08-16,Diesel,193.52741364663,198.193812173327,152.873707518809,1.02,25.2427061278213,14.391,106.614771734779,46.2589357840297,79.0,132.0,0.601,82.474000,1.53,Final,,
2024-08-23,Diesel,191.524426115418,196.190824642114,149.635979230798,1.02,24.9814468846198,15.887,100.150057096497,49.4859221343011,77.0,126.0,0.613,79.570000,2.32,Final,,
2024-08-30,Diesel,189.010366814409,193.676765341105,146.961840708182,1.02,24.6535261062272,16.375,98.7509431941278,48.2108975140537,78.0,125.0,0.625,80.825000,1.51,Final,,
2024-09-06,Diesel,186.420395637943,191.08679416464,144.597691859081,1.02,24.3157037788622,16.487,94.9281687058788,49.6695231532023,74.0,119.0,0.621,75.248000,5.00,Final,,
2024-09-13,Diesel,183.385029937681,188.051428464378,138.644243424071,1.02,23.9197865136106,19.801,91.9338305390414,46.7104128850293,71.0,116.0,0.616,72.102000,3.50,Final,,
2024-09-20,Diesel,180.111433178121,184.777831704817,139.276637546192,1.02,23.4927956319288,16.322,91.8303914528031,47.4462460933889,74.0,120.0,0.62,74.984000,2.00,Final,,
2024-09-27,Diesel,177.730794323354,182.397192850051,137.019516802917,1.02,23.1822775204375,16.509,91.8518312453243,45.1676855575926,73.0,117.0,0.628,74.066000,3.77,Final,,
2024-10-04,Diesel,175.015980570325,179.157083042288,134.568809191587,1.02,22.828171378738,16.599,92.9296151185144,41.6391940730721,75.0,119.0,0.629,75.880000,6.97,Final,,
2024-10-11,Diesel,178.350953993411,182.404507122919,137.206786081227,1.02,23.263167912184,16.861,100.459125131036,36.7476609501907,78.0,127.0,0.612,79.342000,4.68,Final,,
2024-10-18,Diesel,181.77760117676,185.831154306268,140.359479284139,1.02,23.7101218926209,16.688,96.7207784756421,43.6387008084974,74.0,122.0,0.607,74.584000,5.72,Final,,
2024-10-25,Diesel,182.715098266306,186.768651395814,141.060694144614,1.02,23.8324041216921,16.802,97.2895018420416,43.7711923025723,74.0,123.0,0.603,74.690000,2.33,Final,,
2024-11-01,Diesel,182.100867951013,186.154421080521,140.471795112682,1.02,23.7522871240452,16.8567857142857,97.9924656889171,42.4793294237653,72.0,120.0,0.597,72.610000,2.54,Final,,
2024-11-08,Diesel,182.802514398386,186.856067527894,140.930708172509,1.02,23.8438062258764,17.008,101.434071099533,39.4966370729764,74.0,124.0,0.598,75.632000,2.94,Final,,
2024-11-15,Diesel,184.625507389209,188.679060518717,142.494919468877,1.02,24.0815879203316,17.029,99.1436997532045,43.3512197156727,71.0,121.0,0.591,72.890000,1.26,Final,,
2024-11-22,Diesel,185.035944077794,189.089497207302,142.819820937212,1.02,24.1351231405818,17.061,102.188312900308,40.6315080369047,73.0,124.0,0.588,74.838000,1.78,Final,,
2024-11-29,Diesel,184.852282231107,188.905835360615,142.630114983572,1.02,24.1111672475358,17.091,101.533835524853,41.0962794587189,72.0,123.0,0.586,74.164000,0.65,Final,,
2024-12-06,Diesel,184.762581358908,188.816134488416,142.790114225138,1.02,24.0994671337706,16.853,99.7468249338225,43.043289291315,72.0,123.0,0.588,73.970000,1.99,Final,,
2024-12-13,Diesel,185.073070770207,189.126623899714,143.180105017571,1.02,24.1399657526356,16.733,101.943054415862,41.2370506017092,73.0,125.0,0.581,74.032000,1.37,Final,,
2024-12-20,Diesel,186.874584474098,190.928137603606,145.096638673128,1.02,24.3749458009693,16.383,105.452984032905,39.6436546402237,73.0,128.0,0.571,73.794000,1.41,Final,,
2024-12-27,Diesel,190.497466934562,194.55102006407,148.246971247445,1.02,24.8474956871168,16.383,106.072572799958,42.174398447487,73.0,130.0,0.564,73.130000,1.65,Final,,
2025-01-03,Diesel,193.250424242397,196.23980845865,150.640847167302,1.02,25.2065770750953,16.383,109.622184292634,41.0186628746681,76.0,135.0,0.563,75.420000,2.48,Final,,
2025-01-10,Diesel,194.136749423187,196.700466074138,151.411564715815,1.02,25.3221847073723,16.383,110.858782402446,40.5527823133688,77.0,138.0,0.562,78.136000,2.49,Final,,
2025-01-17,Diesel,197.094979251397,199.658695902348,153.983938479475,1.02,25.7080407719213,16.383,118.186105677506,35.7978328019691,83.0,147.0,0.56,82.794000,1.09,Final,,
2025-01-24,Diesel,200.002871868344,202.566588519295,155.612540755082,1.02,26.0873311132623,17.283,115.081236552808,40.5313042022732,83.0,146.0,0.565,79.916000,3.06,Final,,
2025-01-31,Diesel,200.721917078739,203.28563372969,156.517797459773,1.02,26.181119618966,17.003,110.526904890315,45.990892569458,81.0,143.0,0.566,77.372000,0.99,Final,,
2025-02-07,Diesel,200.015069549079,202.57878620003,155.951147433982,1.02,26.0889221150973,16.955,109.818082838182,46.1330645957997,77.0,138.0,0.562,75.400000,2.04,Final,,
2025-02-14,Diesel,199.26321475332,201.826931404271,155.404360655061,1.02,25.9908540982591,16.848,110.261618102648,45.142742552413,78.0,138.0,0.565,76.012000,2.46,Final,,
2025-02-21,Diesel,198.849208175024,201.412924825975,155.162354934804,1.02,25.9368532402205,16.73,109.869785995796,45.2925689390075,78.0,137.0,0.573,76.088000,2.07,Final,,
2025-02-28,Diesel,198.49912694993,201.062843600881,154.7399364782,1.02,25.89119047173,16.848,106.646985167927,48.0929513102727,76.0,134.0,0.57,74.252000,1.90,Final,,
2025-03-07,Diesel,196.974079379055,199.537796030006,153.7748081557,1.02,25.6922712233551,16.487,104.569694321896,49.2051138338042,71.0,125.0,0.567,71.930000,1.93,Final,,
2025-03-14,Diesel,195.174007387127,197.737724038078,152.676528162719,1.02,25.4574792244079,16.02,101.910405827504,50.7661223352151,71.0,125.0,0.571,71.542000,1.54,Final,,
2025-03-21,Diesel,194.334807514518,196.898524165469,152.146789143059,1.02,25.3480183714589,15.82,101.107946938977,51.038842204082,73.0,126.0,0.579,72.210000,0.71,Final,,
2025-03-28,Diesel,193.169099223671,195.732815874622,151.200129759714,1.02,25.1959694639571,15.753,103.818257407979,47.3818723517345,75.0,131.0,0.573,74.350000,0.94,Final,,
2025-04-04,Diesel,192.519356240256,196.303971866946,151.703135861093,1.02,25.1112203791639,14.685,103.092359869932,48.6107759911603,73.0,128.0,0.572,74.636000,9.42,Final,04_tariff_2025,crisis
2025-04-11,Diesel,191.370517092267,195.35861588158,150.837145297624,1.02,24.9613717946435,14.552,95.1153167387915,55.721828558832,64.0,114.0,0.562,66.098000,2.44,Final,04_tariff_2025,crisis
2025-04-18,Diesel,188.545033153961,192.533131943274,149.563059885432,1.02,24.5928304113862,13.3691428571429,93.589994076484,55.9730658089478,67.0,114.0,0.589,67.757500,2.75,Final,04_tariff_2025,crisis
2025-04-25,Diesel,186.832870131049,190.820968920362,147.980103426585,1.02,24.3695047997021,13.4632619047619,93.5639037970456,54.4161996295396,68.0,113.0,0.597,67.920000,1.94,Final,04_tariff_2025,crisis
2025-05-02,Diesel,185.545123210778,189.533222000091,146.906585400677,1.02,24.2015378101015,13.417,91.7829359305686,55.1236494701082,64.0,107.0,0.594,63.496000,4.56,Final,04_tariff_2025,crisis
2025-05-09,Diesel,183.291951283884,187.280050073196,144.747305464247,1.02,23.907645819637,13.617,88.7236325538827,56.0236729103639,63.0,106.0,0.596,62.290000,3.95,Final,04_tariff_2025,crisis
2025-05-16,Diesel,181.635301129864,185.623399919176,142.238740112925,1.02,23.6915610169387,14.685,93.831325909512,48.4074142034129,65.0,110.0,0.59,65.536000,2.57,Final,04_tariff_2025,crisis
2025-05-23,Diesel,180.838355434258,184.826454223571,141.278743855877,1.02,23.5876115783815,14.952,92.2834351703103,48.9953086855664,64.0,109.0,0.592,65.864000,2.06,Final,04_tariff_2025,crisis
2025-05-30,Diesel,180.194067819814,184.182166609127,140.98549375636,1.02,23.503574063454,14.685,90.9602081687615,50.0252855875984,63.0,106.0,0.597,64.740000,1.40,Final,04_tariff_2025,crisis
2025-06-06,Diesel,178.57951340703,182.567612196343,139.581533397417,1.02,23.2929800096126,14.685,91.434101221382,48.1474321760352,65.0,107.0,0.603,67.176000,1.47,Final,04_tariff_2025,crisis
2025-06-13,Diesel,178.123904325877,182.11200311519,138.651351587719,1.02,23.2335527381579,15.219,94.9236501418818,43.7277014458374,69.0,114.0,0.603,71.054000,7.59,Final,04_tariff_2025,crisis
2025-06-20,Diesel,179.944190794874,183.932289584186,140.014495101132,1.02,23.470981408027,15.4387142857143,106.366634171175,33.6478609299575,75.0,124.0,0.602,78.246000,5.32,Final,04_tariff_2025,crisis
2025-06-27,Diesel,184.325609249964,188.313708039277,143.51013847823,1.02,24.0424707717345,15.753,100.460441640783,43.0496968374473,70.0,116.0,0.602,69.962000,5.94,Final,04_tariff_2025,crisis
2025-07-04,Diesel,185.541333954308,188.83544170661,145.10129039505,1.02,24.2010435592576,15.219,99.5492949240896,45.5519954709608,69.0,113.0,0.608,69.606000,3.40,Final,,
2025-07-11,Diesel,184.722941324851,187.901383904318,144.255644630305,1.02,24.0942966945458,15.353,102.400292349434,41.8553522808711,71.0,118.0,0.602,71.774000,2.12,Final,05_calm_import_era,calm
2025-07-18,Diesel,184.466493497589,187.644936077056,143.899646519642,1.02,24.0608469779464,15.486,104.462264946244,39.4373815733979,70.0,118.0,0.596,70.656000,1.65,Final,05_calm_import_era,calm
2025-07-25,Diesel,184.960808543902,188.139251123369,144.676485690349,1.02,24.1253228535524,15.139,104.1961301871,40.4803555032497,71.0,118.0,0.6,70.086000,2.75,Final,05_calm_import_era,calm
2025-08-01,Diesel,185.363815611957,188.542258191424,144.946926619093,1.02,24.1778889928639,15.219,105.45025631362,39.4966703054733,73.0,124.0,0.595,72.408000,3.43,Final,05_calm_import_era,calm
2025-08-08,Diesel,185.891431742431,189.069874321897,145.405723254287,1.02,24.2467084881431,15.219,100.991930991709,44.4137922625783,70.0,117.0,0.593,68.166000,2.57,Final,05_calm_import_era,calm
2025-08-15,Diesel,184.879909420918,188.058352000385,144.688138626886,1.02,24.1147707940328,15.057,97.7928125488208,46.8953260780648,68.0,115.0,0.595,67.166000,1.87,Final,05_calm_import_era,calm
2025-08-22,Diesel,184.00765147036,187.186094049827,144.062653452487,1.02,24.000998017873,14.924,99.557868454734,44.5047849977528,69.0,117.0,0.587,67.822000,1.79,Final,05_calm_import_era,calm
2025-08-29,Diesel,184.382810240663,187.56125282013,144.121878470142,1.02,24.0499317705213,15.191,101.566101702766,42.5557767673761,70.0,120.0,0.586,67.770000,1.72,Final,05_calm_import_era,calm
2025-09-05,Diesel,185.29755980323,188.476002382696,144.917312872374,1.02,24.169246930856,15.191,103.204534838849,41.7127780335246,70.0,118.0,0.588,66.854000,3.17,Final,05_calm_import_era,calm
2025-09-12,Diesel,186.339344598514,189.51778717798,145.55721269436,1.02,24.3051319041539,15.457,102.278848163769,43.2783645305902,70.0,118.0,0.594,67.230000,2.53,Final,05_calm_import_era,calm
2025-09-19,Diesel,186.857546735964,190.035989315431,146.204823248664,1.02,24.3727234872997,15.26,102.769193733811,43.4356295148533,71.0,119.0,0.594,68.328000,2.64,Final,05_calm_import_era,calm
2025-09-26,Diesel,186.928420686491,190.106863265958,146.335452770862,1.02,24.3819679156292,15.191,104.905071059998,41.430381710864,70.0,121.0,0.583,69.220000,4.28,Final,05_calm_import_era,calm
2025-10-03,Diesel,188.563111683218,190.602885665451,147.890923202799,1.02,24.5951884804198,15.057,105.841149243879,42.0497739589196,66.0,115.0,0.58,67.152000,3.56,Final,05_calm_import_era,calm
2025-10-10,Diesel,189.471420380326,191.055726923665,148.946756852458,1.02,24.7136635278686,14.791,104.393002308061,44.5537545443967,65.0,113.0,0.579,66.650000,3.01,Final,05_calm_import_era,calm
2025-10-17,Diesel,189.570945048479,191.155251591818,148.927300042156,1.02,24.7266450063234,14.897,101.998765786321,46.9285342558347,62.0,109.0,0.573,62.358000,3.07,Final,05_calm_import_era,calm
2025-10-24,Diesel,189.800834070635,191.385140613974,149.366203539682,1.02,24.7566305309523,14.658,104.83673534967,44.5294681900125,65.0,114.0,0.575,63.222000,5.61,Final,05_calm_import_era,calm
2025-10-31,Diesel,190.096766448206,191.681072991545,150.16860747049,1.02,24.7952304062878,14.1129285714286,109.338302510525,40.8303049599651,67.0,116.0,0.577,65.022000,1.49,Final,05_calm_import_era,calm
2025-11-07,Diesel,191.566662366229,193.150968909568,153.900706405416,1.02,24.9869559608124,11.659,112.713273588557,41.1874328168586,65.0,115.0,0.567,64.300000,2.38,Final,05_calm_import_era,calm
2025-11-14,Diesel,193.590088055882,195.174394599221,155.859207005115,1.02,25.2508810507673,11.46,115.068499269532,40.7907077355835,65.0,115.0,0.565,62.868000,1.98,Final,05_calm_import_era,calm
2025-11-21,Diesel,195.552645644422,197.136952187761,157.299778821236,1.02,25.5068668231854,11.726,115.429949476019,41.8698293452178,64.0,114.0,0.563,63.644000,2.08,Final,05_calm_import_era,calm
2025-11-28,Diesel,196.553572159165,198.137878702504,159.236149703621,1.02,25.6374224555432,10.66,106.432993077393,52.8031566262288,63.0,112.0,0.566,64.376000,0.84,Final,05_calm_import_era,calm
2025-12-05,Diesel,196.076961357071,197.66126790041,158.288705527888,1.02,25.5752558291831,11.193,104.84237250363,53.4463330242577,64.0,111.0,0.575,63.982000,1.05,Final,05_calm_import_era,calm
2025-12-12,Diesel,195.698854124997,197.283160668336,158.612916630432,1.02,25.5259374945648,10.54,101.554601223635,57.0583154067964,62.0,107.0,0.579,62.604000,1.43,Final,05_calm_import_era,calm
2025-12-19,Diesel,195.203236086267,196.787542629606,158.061944422841,1.02,25.4612916634261,10.66,97.5029329873318,60.5590114355091,60.0,104.0,0.578,60.826000,1.62,Final,05_calm_import_era,calm
2025-12-26,Diesel,193.414622719018,194.998929262357,156.50662845132,1.02,25.227994267698,10.66,96.8838659036937,59.6227625476262,62.0,107.0,0.58,63.206666,1.48,Final,05_calm_import_era,calm
2026-01-02,Diesel,192.349242156377,193.591701481404,155.916210570763,1.02,25.0890315856144,10.324,96.1334425308883,59.7827680398746,61.0,105.0,0.581,62.182500,1.75,Final,05_calm_import_era,calm
2026-01-09,Diesel,191.355228575781,192.341302487074,155.723850935462,1.02,24.9593776403193,9.652,95.8904701642936,59.8333807711684,60.0,104.0,0.577,62.926000,4.03,Final,05_calm_import_era,calm
2026-01-16,Diesel,189.735511762477,190.721585673769,154.959401532589,1.02,24.7481102298883,9.008,99.8354639574689,55.1239375751197,63.0,109.0,0.575,66.996000,3.47,Final,05_calm_import_era,calm
2026-01-23,Diesel,188.611957949223,189.598031860516,153.875398216716,1.02,24.6015597325074,9.115,100.760012070193,53.1153861465233,63.0,108.0,0.583,66.986000,2.70,Final,05_calm_import_era,calm
2026-01-30,Diesel,187.995392573989,188.981466485281,153.191254412164,1.02,24.5211381618246,9.263,100.982784584753,52.2084698274117,66.0,110.0,0.601,70.426000,4.55,Final,05_calm_import_era,calm
2026-02-06,Diesel,187.144297955717,188.130371867009,151.234243563977,1.02,24.4101258203109,10.4799285714286,101.465016606836,49.769226957141,66.0,110.0,0.602,69.840000,3.43,Final,05_calm_import_era,calm
2026-02-13,Diesel,186.877359613354,187.863433524647,149.6860518377,1.02,24.3753077756549,11.796,101.454043970565,48.2320078671345,68.0,112.0,0.604,70.696000,1.72,Final,05_calm_import_era,calm
2026-02-20,Diesel,186.691113782402,187.677187693695,149.79209894122,1.02,24.3510148411829,11.528,104.018714684567,45.7733842566526,70.0,116.0,0.6,71.656000,3.40,Final,05_calm_import_era,calm
2026-02-27,Diesel,187.221362758084,188.207436669377,149.04618500703,1.02,24.4201777510545,12.735,106.689976043112,42.3562089639182,71.0,119.0,0.598,71.356000,1.21,Final,05_calm_import_era,calm
2026-03-06,Diesel,195.001669557087,195.98774346838,156.669669180076,1.02,25.4350003770114,11.877,158.842458485026,-2.17278930494965,87.0,146.0,0.593,85.282000,18.50,Final,06_iranus_2026,crisis
2026-03-13,Diesel,234.837414163151,235.823488074443,191.524447098392,1.02,30.6309670647588,11.662,203.939763584371,-12.4153164859785,120.0,204.0,0.589,96.156000,13.39,Final,06_iranus_2026,crisis
2026-03-20,Diesel,286.351336569889,287.337410481181,237.257162234686,1.02,37.3501743352029,10.724,234.549402603244,2.70775963144251,156.0,267.0,0.584,111.398000,17.38,Final,06_iranus_2026,crisis
2026-03-27,Diesel,328.746777650474,329.732851561766,273.720763174325,1.02,42.8800144761488,11.126,255.996880415854,17.7238827584717,148.0,255.0,0.581,111.242000,17.68,Final,06_iranus_2026,crisis
2026-04-03,Diesel,354.066457972031,355.052531883323,295.603733640275,1.02,46.1825814746127,11.2601428571429,296.2791495964,-0.67541595612488,121.0,211.0,0.574,123.935000,8.05,Provisional,06_iranus_2026,crisis
2026-04-10,Diesel,382.018232651588,383.00430656288,319.149481808834,1.02,49.828465128468,12.0202857142857,293.180403451874,25.9690783569601,108.0,187.0,0.58,124.605000,19.18,Provisional,06_iranus_2026,crisis
2026-04-17,Diesel,382.827683477616,383.813757388908,319.272637806623,1.02,49.9340456709934,12.601,290.933665293804,28.3389725128184,100.0,170.0,0.587,114.432000,24.65,Provisional,06_iranus_2026,crisis
2026-04-24,Diesel,351.641199645338,352.627273556631,291.349956213338,1.02,45.8662434320007,13.405,188.307653548646,103.042302664692,100.0,170.0,0.589,109.618000,10.04,Provisional,06_iranus_2026,crisis
2026-05-01,Diesel,332.027313327866,333.013387239158,273.672260036653,1.02,43.3079104340694,14.0271428571429,196.32617656721,77.3460834694436,107.0,183.0,0.588,119.634000,10.35,Provisional,06_iranus_2026,crisis
2026-05-08,Diesel,326.386331082711,327.372404994003,268.853200941488,1.02,42.5721301412231,13.941,178.402453828039,90.4507471134487,98.0,166.0,0.592,105.877500,12.69,Provisional,06_iranus_2026,crisis
2026-05-15,Diesel,320.560233848302,321.546307759595,264.055029433306,1.02,41.812204414996,13.673,183.048934741378,81.0060946919286,103.0,173.0,0.594,110.526000,7.85,Provisional,06_iranus_2026,crisis
2026-05-22,Diesel,317.563293922842,318.549367834134,261.180994715515,1.02,41.4212992073272,13.941,184.097361676889,77.0836330386254,105.0,179.0,0.585,110.608000,10.89,Provisional,06_iranus_2026,crisis
2026-05-29,Diesel,316.636524274317,317.622598185609,260.308108064623,1.02,41.3004162096935,14.008,161.814575735485,98.4935323291381,94.0,160.0,0.589,97.052500,9.87,Provisional,06_iranus_2026,crisis
2026-06-05,Diesel,311.543325557967,312.52939946926,256.439168187052,1.02,40.6360859423436,13.4480714285714,168.904271912913,87.5348962741398,93.0,158.0,0.59,98.948000,4.40,Provisional,06_iranus_2026,crisis
2026-06-12,Diesel,301.357641324281,302.343715235573,246.821122890679,1.02,39.3075184336018,14.209,159.262951036308,87.5581718543708,88.0,151.0,0.581,93.764000,8.82,Provisional,06_iranus_2026,crisis
2026-06-19,Diesel,283.077878949956,284.063952861248,230.657677347788,1.02,36.9232016021682,14.477,136.922205624185,93.7354717236025,74.0,128.0,0.581,81.000000,5.01,Provisional,06_iranus_2026,crisis
2026-06-26,Diesel,263.192883095526,264.178957006818,213.366376604805,1.02,34.3295064907208,14.477,136.546575999154,76.8198006056509,68.0,120.0,0.568,73.634000,6.33,Provisional,06_iranus_2026,crisis
2026-07-03,Diesel,250.048109867589,251.034183778881,202.021853301009,0.934285714285714,32.6149708522942,14.477,142.01269478174,60.0091585192689,66.0,116.0,0.567,69.700000,3.06,Provisional,06_iranus_2026,crisis
2026-07-10,Diesel,242.743438923875,243.729512835167,195.686894095295,0.9,31.6621876857228,14.4943571428571,148.395351685344,47.291542409951,69.0,122.0,0.57,73.328000,6.94,Provisional,06_iranus_2026,crisis
2026-07-17,Diesel,241.994790191829,242.980864103121,194.972252340721,0.9,31.5645378511081,14.558,172.171498148744,22.8007541919771,77.0,133.0,0.581,82.926000,3.78,Provisional,06_iranus_2026,crisis
2026-07-24,Diesel,251.352541200048,252.33861511134,202.627427130476,0.9,32.7851140695715,15.04,187.526369328639,15.101057801837,88.0,151.0,0.583,96.118000,18.33,Provisional,06_iranus_2026,crisis
2026-07-31,Diesel,264.767115225973,265.753189137265,214.345274109542,0.9,34.5348411164313,14.987,186.122570604235,28.2227035053072,83.0,142.0,0.58,91.628000,11.44,Provisional,06_iranus_2026,crisis
2026-08-07,Diesel,270.759439213662,271.745513124955,219.796990620576,0.9,35.3164485930864,14.746,172.180773790134,47.6162168304419,77.0,131.0,0.588,87.858000,3.18,Provisional,06_iranus_2026,crisis
2004-04-23,Premium Petrol 95R,117.9,117.9,62.835,41.965,13.1,0.0,50.54357143,12.29142857,32.0,51.0,0.633,33.780000,0.00,Final,,
2004-04-30,Premium Petrol 95R,120.9,120.9,65.50166667,41.965,13.43333333,0.0,52.86514286,12.63652381,33.0,52.0,0.626,34.640000,1.12,Final,,
2004-05-07,Premium Petrol 95R,126.9,126.9,70.835,41.965,14.1,0.0,55.80942857,15.02557143,33.0,53.0,0.63,36.384000,2.28,Final,,
2004-05-14,Premium Petrol 95R,126.9,126.9,70.835,41.965,14.1,0.0,57.75228571,13.08271429,34.0,57.0,0.609,37.618000,3.21,Final,,
2004-05-21,Premium Petrol 95R,126.9,126.9,70.835,41.965,14.1,0.0,60.77042857,10.06457143,36.0,59.0,0.602,38.430000,1.29,Final,,
2004-05-28,Premium Petrol 95R,128.9,128.9,72.61277778,41.965,14.32222222,0.0,57.88642857,14.72634921,35.0,57.0,0.618,37.952000,2.22,Final,,
2004-06-04,Premium Petrol 95R,126.9,126.9,70.835,41.965,14.1,0.0,57.5805,13.2545,35.0,56.0,0.628,37.254000,3.08,Final,,
2004-06-11,Premium Petrol 95R,124.9,124.9,69.05722222,41.965,13.87777778,0.0,52.359,16.69822222,34.0,53.0,0.629,35.342000,1.06,Final,,
2004-06-18,Premium Petrol 95R,121.9,121.9,66.39055556,41.965,13.54444444,0.0,52.396,13.99455556,33.0,53.0,0.627,35.090000,1.02,Final,,
2004-06-25,Premium Petrol 95R,121.9,121.9,66.39055556,41.965,13.54444444,0.0,52.28214286,14.1084127,34.0,53.0,0.63,34.708000,0.70,Final,,
2004-07-02,Premium Petrol 95R,117.9,117.9,62.835,41.965,13.1,0.0,50.31414286,12.52085714,32.0,51.0,0.637,34.002000,2.97,Final,,
2004-07-09,Premium Petrol 95R,117.9,117.9,62.835,41.965,13.1,0.0,53.16785714,9.66714286,34.0,53.0,0.652,36.506000,1.96,Final,,
2004-07-16,Premium Petrol 95R,118.9,118.9,63.72388889,41.965,13.21111111,0.0,53.51257143,10.21131746,34.0,53.0,0.656,37.764000,1.81,Final,,
2004-07-23,Premium Petrol 95R,123.9,123.9,68.16833333,41.965,13.76666667,0.0,53.94128571,14.22704762,35.0,53.0,0.65,39.052000,1.11,Final,,
2004-07-30,Premium Petrol 95R,123.9,123.9,68.16833333,41.965,13.76666667,0.0,56.83071429,11.33761904,35.0,56.0,0.632,40.664000,1.72,Final,,
2004-08-06,Premium Petrol 95R,126.9,126.9,70.835,41.965,14.1,0.0,57.895,12.94,37.0,58.0,0.642,42.008000,1.28,Final,,
2004-08-13,Premium Petrol 95R,126.9,126.9,70.835,41.965,14.1,0.0,56.59314286,14.24185714,38.0,58.0,0.654,43.158000,1.68,Final,,
2004-08-20,Premium Petrol 95R,126.9,126.9,70.835,41.965,14.1,0.0,57.53228571,13.30271429,40.0,60.0,0.666,44.564000,1.41,Final,,
2004-08-27,Premium Petrol 95R,126.9,126.9,70.835,41.965,14.1,0.0,56.67428571,14.16071429,40.0,60.0,0.656,42.228000,3.74,Final,,
2004-09-03,Premium Petrol 95R,124.9,124.9,69.05722222,41.965,13.87777778,0.0,54.83514286,14.22207936,36.0,56.0,0.652,41.000000,2.59,Final,,
2004-09-10,Premium Petrol 95R,124.9,124.9,69.05722222,41.965,13.87777778,0.0,54.03214286,15.02507936,35.0,54.0,0.65,40.596000,1.54,Final,,
2004-09-17,Premium Petrol 95R,124.9,124.9,69.05722222,41.965,13.87777778,0.0,52.71142857,16.34579365,35.0,52.0,0.659,41.552000,2.45,Final,,
2004-09-24,Premium Petrol 95R,125.9,125.9,69.94611111,41.965,13.98888889,0.0,54.689,15.25711111,35.0,53.0,0.663,45.296000,2.93,Final,,
2004-10-01,Premium Petrol 95R,125.9,125.9,69.94611111,41.965,13.98888889,0.0,55.77185714,14.17425397,37.0,56.0,0.671,47.110000,1.22,Final,,
2004-10-08,Premium Petrol 95R,125.9,125.9,69.94611111,41.965,13.98888889,0.0,57.68228571,12.2638254,38.0,56.0,0.673,48.086000,2.42,Final,,
2004-10-15,Premium Petrol 95R,128.9,128.9,72.61277778,41.965,14.32222222,0.0,59.576,13.03677778,38.0,55.0,0.68,50.956000,0.89,Final,,
2004-10-22,Premium Petrol 95R,130.9,130.9,74.39055556,41.965,14.54444444,0.0,57.97085714,16.41969842,38.0,55.0,0.688,50.498000,3.12,Final,,
2004-10-29,Premium Petrol 95R,126.9,126.9,70.835,41.965,14.1,0.0,58.14328571,12.69171429,37.0,54.0,0.692,50.150000,3.88,Final,,
2004-11-05,Premium Petrol 95R,126.9,126.9,70.835,41.965,14.1,0.0,56.65371429,14.18128571,37.0,53.0,0.688,45.784000,2.47,Final,,
2004-11-12,Premium Petrol 95R,124.9,124.9,69.05722222,41.965,13.87777778,0.0,55.61735714,13.43986508,35.0,51.0,0.69,42.834000,3.45,Final,,
2004-11-19,Premium Petrol 95R,122.9,122.9,67.27944444,41.965,13.65555556,0.0,53.97764286,13.30180158,33.0,47.0,0.701,40.632000,2.97,Final,,
2004-11-26,Premium Petrol 95R,126.9,126.9,70.835,41.965,14.1,0.0,54.79814286,16.03685714,34.0,47.0,0.712,42.780000,0.86,Final,,
2004-12-03,Premium Petrol 95R,118.9,118.9,63.72388889,41.965,13.21111111,0.0,50.54542857,13.17846032,35.0,50.0,0.716,41.306000,5.74,Final,,
2004-12-10,Premium Petrol 95R,118.9,118.9,63.72388889,41.965,13.21111111,0.0,45.35971429,18.3641746,33.0,46.0,0.717,37.602000,1.53,Final,,
2004-12-17,Premium Petrol 95R,114.9,114.9,60.16833333,41.965,12.76666667,0.0,46.03828571,14.13004762,34.0,48.0,0.71,39.976000,6.29,Final,,
2004-12-24,Premium Petrol 95R,117.9,117.9,62.835,41.965,13.1,0.0,45.53864286,17.29635714,36.0,50.0,0.713,41.152000,3.16,Final,,
2004-12-31,Premium Petrol 95R,114.9,114.9,60.16833333,41.965,12.76666667,0.0,45.32528571,14.84304762,33.0,47.0,0.718,39.790000,1.45,Final,,
2005-01-07,Premium Petrol 95R,117.9,117.9,62.835,41.965,13.1,0.0,47.45771429,15.37728571,34.0,49.0,0.7,42.070000,2.53,Final,,
2005-01-14,Premium Petrol 95R,121.9,121.9,66.39055556,41.965,13.54444444,0.0,49.72171429,16.66884127,37.0,53.0,0.699,44.586000,2.31,Final,,
2005-01-21,Premium Petrol 95R,121.9,121.9,66.39055556,41.965,13.54444444,0.0,51.87385714,14.51669842,39.0,56.0,0.7,45.076000,1.82,Final,,
2005-01-28,Premium Petrol 95R,123.9,123.9,68.16833333,41.965,13.76666667,0.0,52.75985714,15.40847619,40.0,56.0,0.714,45.816000,1.76,Final,,
2005-02-04,Premium Petrol 95R,123.9,123.9,68.16833333,41.965,13.76666667,0.0,51.46271429,16.70561904,39.0,55.0,0.711,44.038000,1.99,Final,,
2005-02-11,Premium Petrol 95R,121.9,121.9,66.39055556,41.965,13.54444444,0.0,52.37228571,14.01826985,38.0,54.0,0.705,43.286000,1.92,Final,,
2005-02-18,Premium Petrol 95R,121.9,121.9,66.39055556,41.965,13.54444444,0.0,55.11314286,11.2774127,39.0,55.0,0.715,45.224000,1.35,Final,,
2005-02-25,Premium Petrol 95R,124.9,124.9,69.05722222,41.965,13.87777778,0.0,58.17714286,10.88007936,41.0,57.0,0.724,48.228000,3.96,Final,,
2005-03-04,Premium Petrol 95R,126.9,126.9,70.835,41.965,14.1,0.0,57.82814286,13.00685714,43.0,59.0,0.726,51.328000,2.76,Final,,
2005-03-11,Premium Petrol 95R,126.9,126.9,70.835,41.965,14.1,0.0,59.81328571,11.02171429,45.0,61.0,0.737,53.092000,2.24,Final,,
2005-03-18,Premium Petrol 95R,126.9,126.9,70.835,41.965,14.1,0.0,59.80442857,11.03057143,46.0,62.0,0.741,54.852000,2.35,Final,,
2005-03-25,Premium Petrol 95R,127.4,127.4,71.27944444,41.965,14.15555556,0.0,60.46692857,10.81251587,48.0,65.0,0.73,53.762500,4.27,Final,,
2005-04-01,Premium Petrol 95R,133.9,133.9,77.05722222,41.965,14.87777778,0.0,62.47528571,14.58193651,47.0,66.0,0.709,52.232000,3.51,Final,,
2005-04-08,Premium Petrol 95R,133.9,133.9,72.05722222,46.965,14.87777778,0.0,64.98842857,7.068793652,50.0,70.0,0.709,53.786000,4.09,Final,,
2005-04-15,Premium Petrol 95R,133.9,133.9,72.05722222,46.965,14.87777778,0.0,61.92871429,10.12850793,47.0,65.0,0.72,50.428000,2.01,Final,,
2005-04-22,Premium Petrol 95R,133.9,133.9,72.05722222,46.965,14.87777778,0.0,61.50757143,10.54965079,45.0,63.0,0.722,51.228000,4.93,Final,,
2005-04-29,Premium Petrol 95R,133.9,133.9,72.05722222,46.965,14.87777778,0.0,58.96714286,13.09007936,47.0,65.0,0.726,51.642000,2.49,Final,,
2005-05-06,Premium Petrol 95R,131.9,131.9,70.27944444,46.965,14.65555556,0.0,56.95707143,13.32237301,46.0,63.0,0.731,50.048000,1.41,Final,,
2005-05-13,Premium Petrol 95R,128.9,128.9,67.61277778,46.965,14.32222222,0.0,56.11228571,11.50049207,46.0,63.0,0.728,48.696000,3.76,Final,,
2005-05-20,Premium Petrol 95R,125.9,125.9,64.94611111,46.965,13.98888889,0.0,54.80042857,10.14568254,45.0,63.0,0.71,46.982000,0.93,Final,,
2005-05-27,Premium Petrol 95R,125.9,125.9,64.94611111,46.965,13.98888889,0.0,55.81507143,9.131039681,45.0,64.0,0.711,48.588000,2.43,Final,,
2005-06-03,Premium Petrol 95R,128.9,128.9,67.61277778,46.965,14.32222222,0.0,58.30885714,9.303920638,47.0,67.0,0.705,50.458000,2.60,Final,,
2005-06-10,Premium Petrol 95R,131.9,131.9,70.27944444,46.965,14.65555556,0.0,59.11942857,11.16001587,49.0,69.0,0.712,51.898000,1.25,Final,,
2005-06-17,Premium Petrol 95R,133.9,133.9,72.05722222,46.965,14.87777778,0.0,60.56842857,11.48879365,50.0,71.0,0.709,54.172000,4.92,Final,,
2005-06-24,Premium Petrol 95R,136.9,136.9,74.72388889,46.965,15.21111111,0.0,62.65328571,12.07060318,50.0,71.0,0.713,56.952000,1.30,Final,,
2005-07-01,Premium Petrol 95R,137.9,137.9,75.61277778,46.965,15.32222222,0.0,63.87057143,11.74220635,53.0,76.0,0.702,56.688000,3.14,Final,,
2005-07-08,Premium Petrol 95R,137.9,137.9,74.91277778,47.665,15.32222222,0.0,69.61,5.302777778,54.0,79.0,0.677,57.984000,1.87,Final,,
2005-07-15,Premium Petrol 95R,137.9,137.9,74.91277778,47.665,15.32222222,0.0,68.59114286,6.321634918,54.0,80.0,0.677,57.430000,2.85,Final,,
2005-07-22,Premium Petrol 95R,140.9,140.9,77.57944444,47.665,15.65555556,0.0,68.552,9.027444444,51.0,76.0,0.678,56.392000,1.39,Final,,
2005-07-29,Premium Petrol 95R,142.9,142.9,79.35722222,47.665,15.87777778,0.0,70.45714286,8.900079362,52.0,76.0,0.683,58.496000,2.26,Final,,
2005-08-05,Premium Petrol 95R,145.9,145.9,82.02388889,47.665,16.21111111,0.0,72.03257143,9.991317459,55.0,80.0,0.686,60.416000,0.69,Final,,
2005-08-12,Premium Petrol 95R,145.9,145.9,82.02388889,47.665,16.21111111,0.0,74.21178571,7.812103179,56.0,80.0,0.696,64.456000,4.70,Final,,
2005-08-19,Premium Petrol 95R,148.9,148.9,84.69055556,47.665,16.54444444,0.0,73.01514286,11.6754127,57.0,81.0,0.703,64.230000,4.93,Final,,
2005-08-26,Premium Petrol 95R,152.9,152.9,88.24611111,47.665,16.98888889,0.0,76.07,12.17611111,57.0,81.0,0.696,65.678000,1.07,Final,,
2005-09-02,Premium Petrol 95R,156.9,156.9,91.80166667,47.665,17.43333333,0.0,86.14028571,5.661380957,59.0,84.0,0.696,66.092000,2.03,Final,,
2005-09-09,Premium Petrol 95R,159.9,159.9,94.46833333,47.665,17.76666667,0.0,83.18285714,11.28547619,57.0,81.0,0.707,63.240000,2.50,Final,,
2005-09-16,Premium Petrol 95R,156.9,156.9,91.80166667,47.665,17.43333333,0.0,79.05157143,12.75009524,56.0,79.0,0.706,61.216000,1.42,Final,,
2005-09-23,Premium Petrol 95R,156.9,156.9,91.80166667,47.665,17.43333333,0.0,78.77671429,13.02495238,57.0,81.0,0.698,63.628000,2.47,Final,,
2005-09-30,Premium Petrol 95R,156.9,156.9,91.80166667,47.665,17.43333333,0.0,78.63671429,13.16495238,56.0,82.0,0.687,62.164000,1.11,Final,,
2005-10-07,Premium Petrol 95R,156.9,156.9,91.80166667,47.665,17.43333333,0.0,75.31328571,16.48838096,56.0,81.0,0.695,58.926000,4.44,Final,,
2005-10-14,Premium Petrol 95R,152.9,152.9,88.24611111,47.665,16.98888889,0.0,75.53042857,12.71568254,54.0,78.0,0.695,58.590000,2.90,Final,,
2005-10-21,Premium Petrol 95R,152.9,152.9,88.24611111,47.665,16.98888889,0.0,72.56128571,15.6848254,54.0,77.0,0.698,58.154000,2.87,Final,,
2005-10-28,Premium Petrol 95R,144.9,144.9,81.135,47.665,16.1,0.0,69.023,12.112,53.0,75.0,0.704,58.498000,1.83,Final,,
2005-11-04,Premium Petrol 95R,144.9,144.9,81.135,47.665,16.1,0.0,68.58907143,12.54592857,53.0,76.0,0.697,58.744000,3.79,Final,,
2005-11-11,Premium Petrol 95R,144.9,144.9,81.135,47.665,16.1,0.0,67.20957143,13.92542857,53.0,78.0,0.684,56.788000,3.89,Final,,
2005-11-18,Premium Petrol 95R,141.9,141.9,78.46833333,47.665,15.76666667,0.0,65.49085714,12.97747619,51.0,74.0,0.684,53.774000,1.61,Final,,
2005-11-25,Premium Petrol 95R,141.9,141.9,78.46833333,47.665,15.76666667,0.0,63.974,14.49433333,51.0,73.0,0.691,53.572000,1.06,Final,,
2005-12-02,Premium Petrol 95R,136.9,136.9,74.02388889,47.665,15.21111111,0.0,59.92071429,14.1031746,50.0,72.0,0.702,53.592000,2.00,Final,,
2005-12-09,Premium Petrol 95R,136.9,136.9,74.02388889,47.665,15.21111111,0.0,62.70757143,11.31631746,53.0,75.0,0.71,56.068000,2.01,Final,,
2005-12-16,Premium Petrol 95R,140.9,140.9,77.57944444,47.665,15.65555556,0.0,64.80557143,12.77387301,55.0,78.0,0.704,58.752000,2.44,Final,,
2005-12-23,Premium Petrol 95R,140.9,140.9,77.57944444,47.665,15.65555556,0.0,64.27985714,13.2995873,53.0,77.0,0.682,56.360000,1.25,Final,,
2005-12-30,Premium Petrol 95R,140.9,140.9,77.57944444,47.665,15.65555556,0.0,65.71471429,11.86473015,52.0,77.0,0.678,57.377500,1.80,Final,,
2006-01-06,Premium Petrol 95R,142.9,142.9,79.35722222,47.665,15.87777778,0.0,71.97435714,7.382865082,56.0,81.0,0.686,61.717500,1.18,Final,,
2006-01-13,Premium Petrol 95R,146.9,146.9,82.91277778,47.665,16.32222222,0.0,71.46678571,11.44599207,57.0,83.0,0.694,62.180000,1.41,Final,,
2006-01-20,Premium Petrol 95R,146.9,146.9,82.91277778,47.665,16.32222222,0.0,74.37557143,8.537206348,59.0,85.0,0.69,63.544000,2.58,Final,,
2006-01-27,Premium Petrol 95R,150.9,150.9,86.46833333,47.665,16.76666667,0.0,74.59085714,11.87747619,60.0,88.0,0.684,63.774000,2.34,Final,,
2006-02-03,Premium Petrol 95R,150.9,150.9,86.46833333,47.665,16.76666667,0.0,72.15685714,14.31147619,60.0,88.0,0.685,64.000000,3.10,Final,,
2006-02-10,Premium Petrol 95R,146.9,146.9,82.91277778,47.665,16.32222222,0.0,71.25185714,11.66092064,59.0,87.0,0.678,61.228000,3.66,Final,,
2006-02-17,Premium Petrol 95R,146.9,146.9,82.91277778,47.665,16.32222222,0.0,71.63342857,11.27934921,56.0,84.0,0.675,58.044000,2.38,Final,,
2006-02-24,Premium Petrol 95R,152.9,152.9,88.24611111,47.665,16.98888889,0.0,74.767,13.47911111,56.0,84.0,0.664,59.390000,1.42,Final,,
2006-03-03,Premium Petrol 95R,152.9,152.9,88.24611111,47.665,16.98888889,0.0,74.82171429,13.42439682,58.0,87.0,0.663,61.060000,3.25,Final,,
2006-03-10,Premium Petrol 95R,154.9,154.9,90.02388889,47.665,17.21111111,0.0,75.90957143,14.11431746,58.0,89.0,0.654,59.496000,2.99,Final,,
2006-03-17,Premium Petrol 95R,154.9,154.9,90.02388889,47.665,17.21111111,0.0,77.81985714,12.20403175,57.0,89.0,0.642,62.422000,2.55,Final,,
2006-03-24,Premium Petrol 95R,157.9,157.9,92.69055556,47.665,17.54444444,0.0,78.065,14.62555556,57.0,91.0,0.625,61.606000,2.82,Final,,
2006-03-31,Premium Petrol 95R,160.9,160.9,95.35722222,47.665,17.87777778,0.0,83.45957143,11.89765079,58.0,96.0,0.608,64.758000,3.47,Final,,
2006-04-07,Premium Petrol 95R,161.9,161.9,95.53811111,48.373,17.98888889,0.0,85.38471429,10.15339682,61.0,100.0,0.611,66.928000,1.65,Final,,
2006-04-14,Premium Petrol 95R,167.9,167.9,100.8714444,48.373,18.65555556,0.0,90.40464286,10.46680158,63.0,102.0,0.613,68.912500,1.34,Final,,
2006-04-21,Premium Petrol 95R,171.9,171.9,104.427,48.373,19.1,0.0,93.88542857,10.54157143,66.0,105.0,0.628,72.542500,2.97,Final,,
2006-04-28,Premium Petrol 95R,175.9,175.9,107.9825556,48.373,19.54444444,0.0,96.71471429,11.26784127,66.0,105.0,0.631,72.844000,2.17,Final,,
2006-05-05,Premium Petrol 95R,175.9,175.9,107.9825556,48.373,19.54444444,0.0,97.92142857,10.06112699,67.0,105.0,0.638,72.922000,3.23,Final,,
2006-05-12,Premium Petrol 95R,175.9,175.9,107.9825556,48.373,19.54444444,0.0,99.86471429,8.117841266,66.0,104.0,0.632,70.438000,3.94,Final,,
2006-05-19,Premium Petrol 95R,175.9,175.9,107.9825556,48.373,19.54444444,0.0,100.8471429,7.135412656,64.0,102.0,0.623,67.838000,1.76,Final,,
2006-05-26,Premium Petrol 95R,175.9,175.9,107.9825556,48.373,19.54444444,0.0,99.02242857,8.960126986,64.0,102.0,0.629,68.466000,3.36,Final,,
2006-06-02,Premium Petrol 95R,175.9,175.9,107.9825556,48.373,19.54444444,0.0,96.742,11.24055556,65.0,103.0,0.635,68.748000,2.25,Final,,
2006-06-09,Premium Petrol 95R,175.9,175.9,107.9825556,48.373,19.54444444,0.0,95.36414286,12.6184127,66.0,105.0,0.629,67.888000,3.37,Final,,
2006-06-16,Premium Petrol 95R,175.9,175.9,107.9825556,48.373,19.54444444,0.0,92.938,15.04455556,64.0,102.0,0.625,66.172000,3.61,Final,,
2006-06-23,Premium Petrol 95R,171.9,171.9,104.427,48.373,19.1,0.0,92.13771429,12.28928571,64.0,104.0,0.616,68.330000,3.51,Final,,
2006-06-30,Premium Petrol 95R,171.9,171.9,104.427,48.373,19.1,0.0,98.35257143,6.07442857,67.0,111.0,0.603,71.818000,3.35,Final,,
2006-07-07,Premium Petrol 95R,175.9,175.9,107.9825556,48.373,19.54444444,0.0,99.56357143,8.418984126,69.0,113.0,0.607,73.450000,1.26,Final,,
2006-07-14,Premium Petrol 95R,175.9,175.9,107.9825556,48.373,19.54444444,0.0,98.15157143,9.830984126,70.0,113.0,0.615,73.986000,3.74,Final,,
2006-07-21,Premium Petrol 95R,181.9,181.9,113.3158889,48.373,20.21111111,0.0,97.51785714,15.79803175,69.0,111.0,0.623,73.516000,3.70,Final,,
2006-07-28,Premium Petrol 95R,181.9,181.9,113.3158889,48.373,20.21111111,0.0,97.87628571,15.43960318,68.0,110.0,0.622,73.530000,3.27,Final,,
2006-08-04,Premium Petrol 95R,181.9,181.9,113.3158889,48.373,20.21111111,0.0,101.1902857,12.12560319,70.0,113.0,0.62,76.316000,2.88,Final,,
2006-08-11,Premium Petrol 95R,181.9,181.9,113.3158889,48.373,20.21111111,0.0,97.63307143,15.68281746,71.0,113.0,0.628,76.978000,3.07,Final,,
2006-08-18,Premium Petrol 95R,171.9,171.9,104.427,48.373,19.1,0.0,91.76614286,12.66085714,68.0,107.0,0.636,72.348000,3.36,Final,,
2006-08-25,Premium Petrol 95R,171.9,171.9,104.427,48.373,19.1,0.0,90.491,13.936,68.0,107.0,0.638,71.916000,1.46,Final,,
2006-09-01,Premium Petrol 95R,164.9,164.9,98.20477778,48.373,18.32222222,0.0,83.78628571,14.41849207,65.0,101.0,0.645,68.350000,3.48,Final,,
2006-09-08,Premium Petrol 95R,160.9,160.9,94.64922222,48.373,17.87777778,0.0,78.13842857,16.51079365,63.0,98.0,0.65,65.758000,4.32,Final,,
2006-09-15,Premium Petrol 95R,156.9,156.9,91.09366667,48.373,17.43333333,0.0,74.89228571,16.20138096,60.0,93.0,0.647,61.380000,2.18,Final,,
2006-09-22,Premium Petrol 95R,151.9,151.9,86.64922222,48.373,16.87777778,0.0,73.29028571,13.35893651,58.0,87.0,0.661,60.232000,3.71,Final,,
2006-09-29,Premium Petrol 95R,148.9,148.9,83.98255556,48.373,16.54444444,0.0,73.41814286,10.5644127,57.0,86.0,0.66,58.758000,3.08,Final,,
2006-10-06,Premium Petrol 95R,147.7681319,148.9,82.85068742,48.373,16.54444444,0.0,70.74742857,12.10325885,56.0,85.0,0.659,57.146000,2.98,Final,,
2006-10-13,Premium Petrol 95R,147.7681319,148.9,82.85068742,48.373,16.54444444,0.0,69.63185714,13.21883028,56.0,85.0,0.659,58.328000,1.50,Final,,
2006-10-20,Premium Petrol 95R,147.7681319,148.9,82.85068742,48.373,16.54444444,0.0,68.67057143,14.18011599,57.0,86.0,0.662,58.508000,2.39,Final,,
2006-10-27,Premium Petrol 95R,147.7681319,148.9,82.85068742,48.373,16.54444444,0.0,67.90821429,14.94247313,57.0,86.0,0.66,57.732000,2.23,Final,,
2006-11-03,Premium Petrol 95R,142.7681319,143.9,78.40624298,48.373,15.98888889,0.0,65.31285714,13.09338584,55.0,83.0,0.669,56.478000,0.95,Final,,
2006-11-10,Premium Petrol 95R,142.7681319,143.9,78.40624298,48.373,15.98888889,0.0,68.77942857,9.626814409,58.0,86.0,0.668,58.018000,2.73,Final,,
2006-11-17,Premium Petrol 95R,142.7681319,143.9,78.40624298,48.373,15.98888889,0.0,68.03557143,10.37067155,57.0,85.0,0.662,57.852000,2.62,Final,,
2006-11-24,Premium Petrol 95R,142.7681319,143.9,78.40624298,48.373,15.98888889,0.0,68.76342857,9.642814409,56.0,84.0,0.669,59.198000,3.34,Final,,
2006-12-01,Premium Petrol 95R,146.7681319,147.9,81.96179853,48.373,16.43333333,0.0,71.11085714,10.85094139,59.0,87.0,0.677,62.594000,4.22,Final,,
2006-12-08,Premium Petrol 95R,146.7681319,147.9,81.96179853,48.373,16.43333333,0.0,70.22428571,11.73751282,60.0,87.0,0.688,63.632000,0.80,Final,,
2006-12-15,Premium Petrol 95R,146.7681319,147.9,81.96179853,48.373,16.43333333,0.0,72.07257143,9.889227105,58.0,84.0,0.689,62.564000,1.02,Final,,
2006-12-22,Premium Petrol 95R,146.7681319,147.9,81.96179853,48.373,16.43333333,0.0,74.08214286,7.879655675,58.0,84.0,0.693,62.436000,1.21,Final,,
2006-12-29,Premium Petrol 95R,146.7681319,147.9,81.96179853,48.373,16.43333333,0.0,72.37928571,9.582512825,57.0,81.0,0.703,59.690000,1.74,Final,,
2007-01-05,Premium Petrol 95R,145.1901099,147.9,80.38377656,48.373,16.43333333,0.0,68.65214286,11.7316337,54.0,76.0,0.704,55.630000,5.67,Final,,
2007-01-12,Premium Petrol 95R,140.1901099,142.9,75.93933211,48.373,15.87777778,0.0,66.25757143,9.681760682,51.0,74.0,0.689,51.788000,2.87,Final,,
2007-01-19,Premium Petrol 95R,140.1901099,142.9,75.93933211,48.373,15.87777778,0.0,63.48914286,12.45018925,50.0,71.0,0.694,51.397500,1.46,Final,,
2007-01-26,Premium Petrol 95R,140.1901099,142.9,75.93933211,48.373,15.87777778,0.0,65.79757143,10.14176068,52.0,74.0,0.699,54.868000,1.74,Final,,
2007-02-02,Premium Petrol 95R,140.1901099,142.9,75.93933211,48.373,15.87777778,0.0,68.46714286,7.472189252,53.0,77.0,0.691,55.918000,2.24,Final,,
2007-02-09,Premium Petrol 95R,146.1901099,148.9,81.27266545,48.373,16.54444444,0.0,69.65942857,11.61323688,55.0,81.0,0.684,57.902000,1.46,Final,,
2007-02-16,Premium Petrol 95R,146.1901099,148.9,81.27266545,48.373,16.54444444,0.0,68.83157143,12.44109402,54.0,79.0,0.688,55.544000,2.53,Final,,
2007-02-23,Premium Petrol 95R,146.1901099,148.9,81.27266545,48.373,16.54444444,0.0,71.10357143,10.16909402,57.0,81.0,0.703,58.162500,4.47,Final,,
2007-03-02,Premium Petrol 95R,150.1901099,152.9,84.828221,48.373,16.98888889,0.0,77.43914286,7.389078141,59.0,84.0,0.702,60.622000,2.53,Final,,
2007-03-09,Premium Petrol 95R,154.1901099,156.9,88.38377656,48.373,17.43333333,0.0,81.384,6.999776557,58.0,86.0,0.682,60.348000,1.45,Final,,
2007-03-16,Premium Petrol 95R,158.1901099,160.9,91.93933211,48.373,17.87777778,0.0,79.12942857,12.80990354,58.0,83.0,0.693,60.866000,1.12,Final,,
2007-03-23,Premium Petrol 95R,158.1901099,160.9,91.93933211,48.373,17.87777778,0.0,76.69942857,15.23990354,58.0,82.0,0.705,61.090000,2.99,Final,,
2007-03-30,Premium Petrol 95R,158.1901099,160.9,91.93933211,48.373,17.87777778,0.0,79.62671429,12.31261782,62.0,87.0,0.714,66.098000,4.22,Final,,
2007-04-06,Premium Petrol 95R,159.2615385,159.9,92.50587179,48.989,17.76666667,0.0,81.17964286,11.32622893,64.0,89.0,0.72,68.545000,1.15,Final,,
2007-04-13,Premium Petrol 95R,156.2615385,156.9,89.83920513,48.989,17.43333333,0.0,80.41885714,9.420347988,64.0,88.0,0.728,68.202500,1.14,Final,,
2007-04-20,Premium Petrol 95R,156.2615385,156.9,89.83920513,48.989,17.43333333,0.0,78.25171429,11.58749084,63.0,84.0,0.744,66.208000,2.01,Final,,
2007-04-27,Premium Petrol 95R,160.2615385,160.9,93.39476068,48.989,17.87777778,0.0,81.37685714,12.01790354,64.0,86.0,0.744,67.394000,1.14,Final,,
2007-05-04,Premium Petrol 95R,160.2615385,160.9,93.39476068,48.989,17.87777778,0.0,82.99064286,10.40411782,63.0,86.0,0.739,66.038000,2.55,Final,,
2007-05-11,Premium Petrol 95R,159.2615385,159.9,92.50587179,48.989,17.76666667,0.0,84.483,8.022871795,63.0,85.0,0.734,63.912000,2.48,Final,,
2007-05-18,Premium Petrol 95R,159.2615385,159.9,92.50587179,48.989,17.76666667,0.0,87.499,5.006871795,65.0,88.0,0.735,67.554000,3.40,Final,,
2007-05-25,Premium Petrol 95R,156.2615385,156.9,89.83920513,48.989,17.43333333,0.0,87.88142857,1.957776558,66.0,91.0,0.728,70.650000,2.45,Final,,
2007-06-01,Premium Petrol 95R,156.2615385,156.9,89.83920513,48.989,17.43333333,0.0,83.07064286,6.768562268,64.0,88.0,0.73,68.445000,1.67,Final,,
2007-06-08,Premium Petrol 95R,161.2615385,161.9,94.28364957,48.989,17.98888889,0.0,80.68928571,13.59436386,66.0,88.0,0.751,71.232000,2.32,Final,,
2007-06-15,Premium Petrol 95R,161.2615385,161.9,94.28364957,48.989,17.98888889,0.0,79.331,14.95264957,66.0,87.0,0.752,69.892000,3.07,Final,,
2007-06-22,Premium Petrol 95R,161.2615385,161.9,94.28364957,48.989,17.98888889,0.0,78.60028571,15.68336386,67.0,88.0,0.758,71.780000,1.78,Final,,
2007-06-29,Premium Petrol 95R,161.2615385,161.9,94.28364957,48.989,17.98888889,0.0,79.91785714,14.36579243,66.0,87.0,0.766,71.758000,0.86,Final,,
2007-07-06,Premium Petrol 95R,160.7978022,161.9,92.26991331,50.539,17.98888889,0.0,80.32814286,11.94177045,69.0,88.0,0.78,74.785000,3.68,Final,,
2007-07-13,Premium Petrol 95R,160.7978022,161.9,92.26991331,50.539,17.98888889,0.0,79.50157143,12.76834188,70.0,90.0,0.781,77.756000,1.14,Final,,
2007-07-20,Premium Petrol 95R,160.7978022,161.9,92.26991331,50.539,17.98888889,0.0,76.69657143,15.57334188,70.0,89.0,0.792,78.244000,1.50,Final,,
2007-07-27,Premium Petrol 95R,157.7978022,158.9,89.60324664,50.539,17.65555556,0.0,74.41242857,15.19081807,70.0,88.0,0.798,76.662000,3.15,Final,,
2007-08-03,Premium Petrol 95R,157.7978022,158.9,89.60324664,50.539,17.65555556,0.0,75.76371429,13.83953235,70.0,92.0,0.766,76.338000,1.75,Final,,
2007-08-10,Premium Petrol 95R,157.7978022,158.9,89.60324664,50.539,17.65555556,0.0,73.73,15.87324664,66.0,87.0,0.761,70.698000,3.12,Final,,
2007-08-17,Premium Petrol 95R,160.7978022,161.9,92.26991331,50.539,17.98888889,0.0,78.33028571,13.9396276,67.0,93.0,0.721,70.092000,2.53,Final,,
2007-08-24,Premium Petrol 95R,160.7978022,161.9,92.26991331,50.539,17.98888889,0.0,77.97957143,14.29034188,66.0,94.0,0.701,68.440000,1.76,Final,,
2007-08-31,Premium Petrol 95R,160.7978022,161.9,92.26991331,50.539,17.98888889,0.0,80.23485714,12.03505617,68.0,96.0,0.709,70.548000,3.44,Final,,
2007-09-07,Premium Petrol 95R,164.7978022,165.9,95.82546886,50.539,18.43333333,0.0,83.33114286,12.494326,70.0,101.0,0.697,75.057500,1.99,Final,,
2007-09-14,Premium Petrol 95R,167.7978022,168.9,98.49213553,50.539,18.76666667,0.0,83.85957143,14.6325641,73.0,104.0,0.701,76.892000,3.30,Final,,
2007-09-21,Premium Petrol 95R,167.7978022,168.9,98.49213553,50.539,18.76666667,0.0,83.86028571,14.63184982,75.0,104.0,0.724,78.170000,1.91,Final,,
2007-09-28,Premium Petrol 95R,167.7978022,168.9,98.49213553,50.539,18.76666667,0.0,80.95114286,17.54099267,76.0,101.0,0.747,78.150000,4.76,Final,,
2007-10-05,Premium Petrol 95R,162.4835165,164.9,93.62229426,50.539,18.32222222,0.0,78.784,14.83829426,73.0,96.0,0.759,77.978000,2.18,Final,,
2007-10-12,Premium Petrol 95R,159.4835165,161.9,90.95562759,50.539,17.98888889,0.0,80.21028571,10.74534188,74.0,97.0,0.765,78.852000,3.89,Final,,
2007-10-19,Premium Petrol 95R,165.4835165,167.9,96.28896093,50.539,18.65555556,0.0,84.607,11.68196093,79.0,104.0,0.758,84.290000,2.74,Final,,
2007-10-26,Premium Petrol 95R,168.4835165,170.9,98.95562759,50.539,18.98888889,0.0,86.57685714,12.37877045,80.0,106.0,0.755,83.722000,3.09,Final,,
2007-11-02,Premium Petrol 95R,171.4835165,173.9,101.6222943,50.539,19.32222222,0.0,88.51171429,13.11057997,84.0,110.0,0.767,90.416000,2.24,Final,,
2007-11-09,Premium Petrol 95R,171.4835165,173.9,101.6222943,50.539,19.32222222,0.0,90.66114286,10.9611514,88.0,114.0,0.773,93.544000,2.69,Final,,
2007-11-16,Premium Petrol 95R,171.4835165,173.9,101.6222943,50.539,19.32222222,0.0,91.83671429,9.785579971,85.0,113.0,0.756,90.738000,2.90,Final,,
2007-11-23,Premium Petrol 95R,176.4835165,178.9,106.0667387,50.539,19.87777778,0.0,95.27142857,10.79531014,88.0,117.0,0.756,94.005000,3.74,Final,,
2007-11-30,Premium Petrol 95R,176.4835165,178.9,106.0667387,50.539,19.87777778,0.0,93.092,12.97473871,86.0,113.0,0.763,92.160000,6.17,Final,,
2007-12-07,Premium Petrol 95R,173.4835165,175.9,103.400072,50.539,19.54444444,0.0,90.601,12.79907204,84.0,110.0,0.768,89.088000,2.85,Final,,
2007-12-14,Premium Petrol 95R,173.4835165,175.9,103.400072,50.539,19.54444444,0.0,91.07828571,12.32178633,86.0,110.0,0.779,90.244000,5.24,Final,,
2007-12-21,Premium Petrol 95R,173.4835165,175.9,103.400072,50.539,19.54444444,0.0,92.85707143,10.54300061,85.0,113.0,0.759,90.820000,0.74,Final,,
2007-12-28,Premium Petrol 95R,173.4835165,175.9,103.400072,50.539,19.54444444,0.0,94.98242857,8.417643469,90.0,117.0,0.767,94.390000,4.33,Final,,
2008-01-04,Premium Petrol 95R,178.9846154,180.9,108.3456154,50.539,20.1,0.0,97.32671429,11.01890109,91.0,118.0,0.773,96.502500,4.77,Final,,
2008-01-11,Premium Petrol 95R,178.9846154,180.9,108.3456154,50.539,20.1,0.0,94.02014286,14.32547252,89.0,115.0,0.772,94.396000,4.90,Final,,
2008-01-18,Premium Petrol 95R,173.9846154,175.9,103.9011709,50.539,19.54444444,0.0,90.01014286,13.89102808,85.0,110.0,0.777,90.034000,4.48,Final,,
2008-01-25,Premium Petrol 95R,173.9846154,175.9,103.9011709,50.539,19.54444444,0.0,90.84085714,13.0603138,83.0,109.0,0.762,88.455000,3.90,Final,,
2008-02-01,Premium Petrol 95R,173.9846154,175.9,103.9011709,50.539,19.54444444,0.0,90.96857143,12.93259951,86.0,111.0,0.779,91.770000,1.58,Final,,
2008-02-08,Premium Petrol 95R,172.7846154,174.7,102.8345043,50.539,19.41111111,0.0,88.91295238,13.92155189,84.0,107.0,0.79,89.884000,2.90,Final,,
2008-02-15,Premium Petrol 95R,173.9846154,175.9,103.9011709,50.539,19.54444444,0.0,92.16442857,11.73674237,90.0,114.0,0.788,94.982000,3.14,Final,,
2008-02-22,Premium Petrol 95R,177.9846154,179.9,107.4567265,50.539,19.98888889,0.0,94.98885714,12.46786936,92.0,116.0,0.796,97.125000,1.81,Final,,
2008-02-29,Premium Petrol 95R,177.9846154,179.9,107.4567265,50.539,19.98888889,0.0,94.99842857,12.45829793,93.0,115.0,0.814,99.098000,3.47,Final,,
2008-03-07,Premium Petrol 95R,177.9846154,179.9,107.4567265,50.539,19.98888889,0.0,95.15071429,12.30601221,95.0,119.0,0.801,101.902000,6.06,Final,,
2008-03-14,Premium Petrol 95R,180.9846154,182.9,110.1233932,50.539,20.32222222,0.0,97.46614286,12.6572503,99.0,123.0,0.802,107.688000,3.85,Final,,
2008-03-21,Premium Petrol 95R,180.9846154,182.9,110.1233932,50.539,20.32222222,0.0,93.04057143,17.08282173,96.0,120.0,0.806,103.047500,5.57,Final,,
2008-03-28,Premium Petrol 95R,180.9846154,182.9,110.1233932,50.539,20.32222222,0.0,96.00804762,14.11534554,97.0,121.0,0.804,102.048000,3.98,Final,,
2008-04-04,Premium Petrol 95R,184.0763736,184.9,112.9929292,50.539,20.54444444,0.0,98.875,14.11792918,96.0,122.0,0.788,100.878000,3.64,Final,,
2008-04-11,Premium Petrol 95R,187.0763736,187.9,115.6595958,50.539,20.87777778,0.0,102.0275714,13.63202445,101.0,127.0,0.796,106.602000,2.41,Final,,
2008-04-18,Premium Petrol 95R,190.0763736,190.9,118.3262625,50.539,21.21111111,0.0,103.3048571,15.02140542,105.0,133.0,0.79,110.424000,3.02,Final,,
2008-04-25,Premium Petrol 95R,190.0763736,190.9,118.3262625,50.539,21.21111111,0.0,104.6574286,13.66883392,109.0,137.0,0.794,114.340000,5.27,Final,,
2008-05-02,Premium Petrol 95R,193.0763736,193.9,120.9929292,50.539,21.54444444,0.0,104.1338571,16.85907208,108.0,138.0,0.78,111.980000,8.40,Final,,
2008-05-09,Premium Petrol 95R,193.0763736,193.9,120.9929292,50.539,21.54444444,0.0,110.7018571,10.29107208,117.0,149.0,0.781,119.844000,7.86,Final,,
2008-05-16,Premium Petrol 95R,198.0763736,198.9,125.4373736,50.539,22.1,0.0,116.907,8.530373626,120.0,157.0,0.764,122.584000,1.93,Final,,
2008-05-23,Premium Petrol 95R,205.0763736,205.9,131.6595958,50.539,22.87777778,0.0,119.5543571,12.10523875,125.0,161.0,0.777,126.470000,7.53,Final,,
2008-05-30,Premium Petrol 95R,205.0763736,205.9,131.6595958,50.539,22.87777778,0.0,119.604,12.05559585,123.0,157.0,0.785,128.757500,1.48,Final,,
2008-06-06,Premium Petrol 95R,205.0763736,205.9,131.6595958,50.539,22.87777778,0.0,122.6447143,9.014881549,122.0,157.0,0.775,126.334000,11.09,Final,,
2008-06-13,Premium Petrol 95R,215.0763736,215.9,140.5484847,50.539,23.98888889,0.0,131.4102857,9.138199037,130.0,171.0,0.757,134.118000,3.13,Final,,
2008-06-20,Premium Petrol 95R,215.0763736,215.9,140.5484847,50.539,23.98888889,0.0,130.4018571,10.14662764,129.0,171.0,0.756,132.082000,5.16,Final,,
2008-06-27,Premium Petrol 95R,215.0763736,215.9,140.5484847,50.539,23.98888889,0.0,133.8757143,6.672770437,131.0,173.0,0.758,135.540000,7.79,Final,,
2008-07-04,Premium Petrol 95R,215.5494505,217.9,138.7893394,52.549,24.21111111,0.0,135.1315714,3.657768038,137.0,181.0,0.759,141.065000,5.55,Final,,
2008-07-11,Premium Petrol 95R,221.5494505,223.9,144.1226728,52.549,24.87777778,0.0,131.9534286,12.16924417,135.0,179.0,0.756,137.434000,9.77,Final,,
2008-07-18,Premium Petrol 95R,217.5494505,219.9,140.5671172,52.549,24.43333333,0.0,124.0481429,16.51897432,132.0,172.0,0.766,135.052000,13.09,Final,,
2008-07-25,Premium Petrol 95R,209.5494505,211.9,133.4560061,52.549,23.54444444,0.0,117.4425714,16.01343471,123.0,163.0,0.754,126.702000,4.64,Final,,
2008-08-01,Premium Petrol 95R,205.5494505,207.9,129.9004505,52.549,23.1,0.0,117.279,12.62145055,121.0,164.0,0.739,124.432000,3.31,Final,,
2008-08-08,Premium Petrol 95R,205.5494505,207.9,129.9004505,52.549,23.1,0.0,116.6652857,13.23516485,116.0,160.0,0.723,116.562000,8.84,Final,,
2008-08-15,Premium Petrol 95R,202.5494505,204.9,127.2337839,52.549,22.76666667,0.0,116.7247143,10.50906958,110.0,157.0,0.699,110.164000,3.02,Final,,
2008-08-22,Premium Petrol 95R,202.5494505,204.9,127.2337839,52.549,22.76666667,0.0,116.2404286,10.99335528,111.0,156.0,0.712,111.660000,8.52,Final,,
2008-08-29,Premium Petrol 95R,202.5494505,204.9,127.2337839,52.549,22.76666667,0.0,119.287,7.946783883,112.0,160.0,0.703,112.404000,3.80,Final,,
2008-09-05,Premium Petrol 95R,202.5494505,204.9,127.2337839,52.549,22.76666667,0.0,117.0202857,10.21349818,104.0,151.0,0.686,103.685000,2.43,Final,,
2008-09-12,Premium Petrol 95R,202.5494505,204.9,127.2337839,52.549,22.76666667,0.0,120.0051429,7.228640983,97.0,146.0,0.665,97.280000,6.71,Final,,
2008-09-19,Premium Petrol 95R,198.5494505,200.9,123.6782283,52.549,22.32222222,0.0,113.8675714,9.810656927,88.0,132.0,0.663,89.348000,7.61,Final,,
2008-09-26,Premium Petrol 95R,198.5494505,200.9,123.6782283,52.549,22.32222222,0.0,118.0472857,5.630942627,97.0,141.0,0.685,100.914000,1.66,Final,,
2008-10-03,Premium Petrol 95R,189.6472527,194.9,115.4226972,52.569,21.65555556,0.0,112.6067857,2.815911492,88.0,131.0,0.67,91.900000,7.08,Final,,
2008-10-10,Premium Petrol 95R,189.6472527,194.9,115.4226972,52.569,21.65555556,0.0,111.2611429,4.161554292,75.0,120.0,0.625,80.976000,10.13,Final,,
2008-10-17,Premium Petrol 95R,181.6472527,186.9,108.3115861,52.569,20.76666667,0.0,101.3162857,6.995300381,65.0,107.0,0.612,69.280000,10.84,Final,,
2008-10-24,Premium Petrol 95R,172.6472527,177.9,100.3115861,52.569,19.76666667,0.0,87.184,13.12758608,60.0,98.0,0.606,64.404000,6.88,Final,,
2008-10-31,Premium Petrol 95R,172.6472527,177.9,100.3115861,52.569,19.76666667,0.0,84.35892857,15.95265751,55.0,97.0,0.572,60.614000,5.13,Final,,
2008-11-07,Premium Petrol 95R,162.6472527,167.9,91.42269719,52.569,18.65555556,0.0,74.96514286,16.45755433,54.0,92.0,0.593,59.434000,6.64,Final,,
2008-11-14,Premium Petrol 95R,153.6472527,158.9,83.42269719,52.569,17.65555556,0.0,70.19457143,13.22812576,49.0,85.0,0.576,53.266000,6.38,Final,,
2008-11-21,Premium Petrol 95R,148.6472527,153.9,78.97825275,52.569,17.1,0.0,64.67071429,14.30753846,45.0,83.0,0.543,47.794000,5.91,Final,,
2008-11-28,Premium Petrol 95R,143.6472527,148.9,74.5338083,52.569,16.54444444,0.0,64.46085714,10.07295116,44.0,81.0,0.548,48.532500,2.00,Final,,
2008-12-05,Premium Petrol 95R,139.6472527,144.9,70.97825275,52.569,16.1,0.0,59.97128571,11.00696704,40.0,75.0,0.535,43.696000,10.54,Final,,
2008-12-12,Premium Petrol 95R,139.6472527,144.9,70.97825275,52.569,16.1,0.0,61.13792857,9.840324177,39.0,71.0,0.544,41.010000,4.20,Final,,
2008-12-19,Premium Petrol 95R,139.6472527,144.9,70.97825275,52.569,16.1,0.0,65.20271429,5.775538457,41.0,71.0,0.571,41.714000,5.50,Final,,
2008-12-26,Premium Petrol 95R,138.0472527,143.3,69.55603053,52.569,15.92222222,0.0,58.91309524,10.64293529,37.0,64.0,0.571,35.382500,4.35,Final,,
2009-01-02,Premium Petrol 95R,137.8516484,137.9,69.96042613,52.569,15.32222222,0.0,60.67614286,9.284283269,38.0,65.0,0.577,37.035000,8.78,Final,,
2009-01-09,Premium Petrol 95R,137.8516484,137.9,69.96042613,52.569,15.32222222,0.0,66.10628571,3.854140419,45.0,76.0,0.593,45.248000,6.55,Final,,
2009-01-16,Premium Petrol 95R,147.8516484,147.9,78.84931502,52.569,16.43333333,0.0,75.18671429,3.662600728,42.0,76.0,0.559,42.384000,2.56,Final,,
2009-01-23,Premium Petrol 95R,157.8516484,157.9,87.73820391,52.569,17.54444444,0.0,84.80842857,2.929775337,41.0,78.0,0.533,41.667500,3.23,Final,,
2009-01-30,Premium Petrol 95R,167.8516484,167.9,96.6270928,52.569,18.65555556,0.0,89.33071429,7.296378506,43.0,81.0,0.525,44.204000,5.14,Final,,
2009-02-06,Premium Petrol 95R,173.8516484,173.9,101.9604261,52.569,19.32222222,0.0,91.15357143,10.8068547,43.0,86.0,0.508,43.640000,1.53,Final,,
2009-02-13,Premium Petrol 95R,170.8516484,170.9,99.29375946,52.569,18.98888889,0.0,93.08928571,6.204473753,44.0,84.0,0.528,45.588000,3.87,Final,,
2009-02-20,Premium Petrol 95R,176.8516484,176.9,104.6270928,52.569,19.65555556,0.0,84.03357143,20.59352137,41.0,79.0,0.513,40.912500,2.95,Final,,
2009-02-27,Premium Petrol 95R,168.8516484,168.9,97.51598168,52.569,18.76666667,0.0,82.118,15.39798168,42.0,82.0,0.51,42.676000,4.97,Final,,
2009-03-06,Premium Petrol 95R,168.8516484,168.9,97.51598168,52.569,18.76666667,0.0,79.56685714,17.94912454,42.0,85.0,0.498,43.864000,3.47,Final,,
2009-03-13,Premium Petrol 95R,163.8516484,163.9,93.07153724,52.569,18.21111111,0.0,75.56528571,17.50625153,43.0,85.0,0.507,43.980000,2.80,Final,,
2009-03-20,Premium Petrol 95R,163.8516484,163.9,93.07153724,52.569,18.21111111,0.0,76.124,16.94753724,45.0,83.0,0.537,46.434000,5.15,Final,,
2009-03-27,Premium Petrol 95R,163.8516484,163.9,93.07153724,52.569,18.21111111,0.0,76.357,16.71453724,50.0,89.0,0.568,51.464000,1.08,Final,,
2009-04-03,Premium Petrol 95R,162.5318681,163.9,91.75175702,52.569,18.21111111,0.0,75.711,16.04075702,47.0,83.0,0.567,48.494000,4.97,Final,,
2009-04-10,Premium Petrol 95R,162.5318681,163.9,91.75175702,52.569,18.21111111,0.0,79.37514286,12.37661416,51.0,88.0,0.583,51.480000,1.71,Final,,
2009-04-17,Premium Petrol 95R,162.5318681,163.9,91.75175702,52.569,18.21111111,0.0,80.45942857,11.29232845,51.0,87.0,0.582,51.590000,1.33,Final,,
2009-04-24,Premium Petrol 95R,162.5318681,163.9,91.75175702,52.569,18.21111111,0.0,78.34628571,13.40547131,49.0,87.0,0.56,48.966000,2.00,Final,,
2009-05-01,Premium Petrol 95R,157.7818681,159.15,87.5295348,52.569,17.68333333,0.0,74.75592857,12.77360623,49.0,87.0,0.564,49.916000,3.11,Final,,
2009-05-08,Premium Petrol 95R,163.5318681,164.9,92.64064591,52.569,18.32222222,0.0,80.55657143,12.08407448,55.0,94.0,0.583,54.828000,3.47,Final,,
2009-05-15,Premium Petrol 95R,163.5318681,164.9,92.64064591,52.569,18.32222222,0.0,84.376,8.26464591,57.0,95.0,0.6,56.386000,0.85,Final,,
2009-05-22,Premium Petrol 95R,168.5318681,169.9,97.08509035,52.569,18.87777778,0.0,87.62557143,9.459518924,58.0,97.0,0.601,57.890000,2.59,Final,,
2009-05-29,Premium Petrol 95R,168.5318681,169.9,97.08509035,52.569,18.87777778,0.0,87.55557143,9.529518924,62.0,100.0,0.619,62.195000,5.93,Final,,
2009-06-05,Premium Petrol 95R,172.5318681,173.9,100.6406459,52.569,19.32222222,0.0,88.04864286,12.59200305,67.0,104.0,0.643,67.174000,1.62,Final,,
2009-06-12,Premium Petrol 95R,172.5318681,173.9,100.6406459,52.569,19.32222222,0.0,89.42457143,11.21607448,70.0,112.0,0.631,69.880000,4.10,Final,,
2009-06-19,Premium Petrol 95R,172.5318681,173.9,100.6406459,52.569,19.32222222,0.0,89.24814286,11.39250305,70.0,111.0,0.634,69.680000,2.03,Final,,
2009-06-26,Premium Petrol 95R,172.5318681,173.9,100.6406459,52.569,19.32222222,0.0,86.68557143,13.95507448,69.0,108.0,0.638,67.576000,2.69,Final,,
2009-07-03,Premium Petrol 95R,172.1593407,173.9,99.70811844,53.129,19.32222222,0.0,84.04457143,15.66354701,69.0,107.0,0.642,68.030000,4.01,Final,,
2009-07-10,Premium Petrol 95R,168.1593407,169.9,96.15256288,53.129,18.87777778,0.0,77.88957143,18.26299145,62.0,98.0,0.63,60.394000,4.69,Final,,
2009-07-17,Premium Petrol 95R,163.1593407,164.9,91.70811844,53.129,18.32222222,0.0,76.96928571,14.73883273,62.0,97.0,0.64,61.108000,5.29,Final,,
2009-07-24,Premium Petrol 95R,163.1593407,164.9,91.70811844,53.129,18.32222222,0.0,81.35285714,10.3552613,66.0,101.0,0.655,66.562000,4.18,Final,,
2009-07-31,Premium Petrol 95R,168.1593407,169.9,96.15256288,53.129,18.87777778,0.0,84.669,11.48356288,67.0,103.0,0.654,68.600000,4.29,Final,,
2009-08-07,Premium Petrol 95R,173.1593407,174.9,100.5970073,53.129,19.43333333,0.0,88.07157143,12.5254359,72.0,108.0,0.669,73.986000,1.71,Final,,
2009-08-14,Premium Petrol 95R,173.1593407,174.9,100.5970073,53.129,19.43333333,0.0,88.3265,12.27050733,71.0,105.0,0.673,72.898000,2.70,Final,,
2009-08-21,Premium Petrol 95R,173.1593407,174.9,100.5970073,53.129,19.43333333,0.0,84.66442857,15.93257876,71.0,105.0,0.674,71.516000,5.10,Final,,
2009-08-28,Premium Petrol 95R,173.1593407,174.9,100.5970073,53.129,19.43333333,0.0,84.34114286,16.25586447,71.0,104.0,0.684,72.332000,3.66,Final,,
2009-09-04,Premium Petrol 95R,170.1593407,171.9,97.93034066,53.129,19.1,0.0,80.76242857,17.16791209,67.0,98.0,0.679,67.604000,3.18,Final,,
2009-09-11,Premium Petrol 95R,170.1593407,171.9,97.93034066,53.129,19.1,0.0,77.35871429,20.57162637,69.0,99.0,0.696,69.170000,1.00,Final,,
2009-09-18,Premium Petrol 95R,167.1593407,168.9,95.26367399,53.129,18.76666667,0.0,76.74328571,18.52038828,69.0,97.0,0.707,68.846000,5.03,Final,,
2009-09-25,Premium Petrol 95R,167.1593407,168.9,95.26367399,53.129,18.76666667,0.0,72.20314286,23.06053113,67.0,93.0,0.716,66.956000,5.05,Final,,
2009-10-02,Premium Petrol 95R,163.6692308,164.9,91.36100855,53.986,18.32222222,0.0,70.82042857,20.54057998,66.0,92.0,0.717,65.900000,2.49,Final,,
2009-10-09,Premium Petrol 95R,163.6692308,164.9,89.21800855,56.129,18.32222222,0.0,70.58514286,18.63286569,68.0,93.0,0.732,67.868000,4.19,Final,,
2009-10-16,Premium Petrol 95R,163.6692308,164.9,89.21800855,56.129,18.32222222,0.0,74.30428571,14.91372284,72.0,98.0,0.74,72.288000,3.83,Final,,
2009-10-23,Premium Petrol 95R,166.6692308,167.9,91.88467521,56.129,18.65555556,0.0,77.29228571,14.5923895,77.0,102.0,0.752,77.238000,2.50,Final,,
2009-10-30,Premium Petrol 95R,171.6692308,172.9,96.32911966,56.129,19.21111111,0.0,79.01457143,17.31454823,76.0,104.0,0.736,76.068000,2.27,Final,,
2009-11-06,Premium Petrol 95R,171.6692308,172.9,96.32911966,56.129,19.21111111,0.0,80.32942857,15.99969109,77.0,107.0,0.72,76.596000,2.70,Final,,
2009-11-13,Premium Petrol 95R,171.6692308,172.9,96.32911966,56.129,19.21111111,0.0,78.95771429,17.37140537,77.0,104.0,0.738,76.246000,2.37,Final,,
2009-11-20,Premium Petrol 95R,171.6692308,172.9,96.32911966,56.129,19.21111111,0.0,79.91557143,16.41354823,78.0,105.0,0.743,77.040000,3.03,Final,,
2009-11-27,Premium Petrol 95R,171.6692308,172.9,96.32911966,56.129,19.21111111,0.0,80.04628571,16.28283395,77.0,106.0,0.726,76.515000,2.79,Final,,
2009-12-04,Premium Petrol 95R,174.6692308,175.9,98.99578632,56.129,19.54444444,0.0,82.10028571,16.89550061,79.0,110.0,0.72,77.782000,1.72,Final,,
2009-12-11,Premium Petrol 95R,171.6692308,172.9,96.32911966,56.129,19.21111111,0.0,79.08285714,17.24626252,75.0,104.0,0.717,73.144000,6.11,Final,,
2009-12-18,Premium Petrol 95R,171.6692308,172.9,96.32911966,56.129,19.21111111,0.0,78.80071429,17.52840537,73.0,101.0,0.721,71.802000,2.15,Final,,
2009-12-25,Premium Petrol 95R,171.6692308,172.9,96.32911966,56.129,19.21111111,0.0,83.46285714,12.86626252,73.0,104.0,0.705,73.350000,3.51,Final,,
2010-01-01,Premium Petrol 95R,171.6692308,172.9,96.32911966,56.129,19.21111111,0.0,84.25985714,12.06926252,77.0,108.0,0.716,77.192500,1.32,Final,,
2010-01-08,Premium Petrol 95R,175.220490620491,176.328571428571,99.6225472182139,56.129,19.4689434022767,0.0,82.5066329433257,17.1159142748882,80.0,109.0,0.735,79.818000,1.52,Final,,
2010-01-15,Premium Petrol 95R,180.934776334776,182.042857142857,104.701912297579,56.129,20.1038640371974,0.0,82.9635173823628,21.7383949152161,78.0,106.0,0.741,78.310000,3.29,Final,,
2010-01-22,Premium Petrol 95R,179.220490620491,180.328571428571,103.178102773769,56.129,19.9133878467212,0.0,82.1206496786056,21.0574530951638,75.0,104.0,0.728,74.282500,2.45,Final,,
2010-01-29,Premium Petrol 95R,178.791919191919,179.9,102.797150392817,56.129,19.8657687991021,0.0,83.1162462306892,19.6809041621279,73.0,102.0,0.709,71.882000,2.10,Final,,
2010-02-05,Premium Petrol 95R,178.791919191919,179.9,102.797150392817,56.129,19.8657687991021,0.0,84.7976907029383,17.9994596898787,73.0,104.0,0.702,72.540000,5.66,Final,,
2010-02-12,Premium Petrol 95R,178.791919191919,179.9,102.797150392817,56.129,19.8657687991021,0.0,82.7650913034183,20.0320590893988,71.0,103.0,0.692,70.852000,2.73,Final,,
2010-02-19,Premium Petrol 95R,178.791919191919,179.9,102.797150392817,56.129,19.8657687991021,0.0,84.6081444864437,18.1890059063734,76.0,108.0,0.7,75.800000,2.06,Final,,
2010-02-26,Premium Petrol 95R,178.791919191919,179.9,102.797150392817,56.129,19.8657687991021,0.0,86.7974776680007,15.9996727248164,76.0,109.0,0.696,76.226000,2.62,Final,,
2010-03-05,Premium Petrol 95R,181.649062049062,182.757142857143,105.3368329325,56.129,20.1832291165625,0.0,87.9711429344437,17.3656899980559,77.0,111.0,0.695,77.862000,3.13,Final,,
2010-03-12,Premium Petrol 95R,185.934776334776,187.042857142857,109.146356742023,56.129,20.6594195927529,0.0,89.5789624644206,19.5673942776028,78.0,111.0,0.701,79.364000,1.52,Final,,
2010-03-19,Premium Petrol 95R,186.791919191919,187.9,109.908261503928,56.129,20.754657687991,0.0,87.9317174838054,21.9765440201228,77.0,109.0,0.709,79.054000,3.20,Final,,
2010-03-26,Premium Petrol 95R,186.791919191919,187.9,109.908261503928,56.129,20.754657687991,0.0,86.9235764367128,22.9846850672154,77.0,110.0,0.705,78.382000,1.19,Final,,
2010-04-02,Premium Petrol 95R,183.924589696018,185.042857142857,107.359524174238,56.129,20.4360655217798,0.0,87.4468368263504,19.9126873478881,79.0,112.0,0.708,80.587500,3.17,Final,,
2010-04-09,Premium Petrol 95R,185.202664002664,186.328571428571,108.49559022459,56.129,20.5780737780738,0.0,90.8580670606855,17.6375231639047,83.0,117.0,0.706,83.884000,2.42,Final,,
2010-04-16,Premium Petrol 95R,187.774092574093,188.9,110.781304510305,56.129,20.8637880637881,0.0,89.348592614722,21.4327118955825,84.0,117.0,0.714,85.234000,3.46,Final,,
2010-04-23,Premium Petrol 95R,187.774092574093,188.9,110.781304510305,56.129,20.8637880637881,0.0,88.9553853719573,21.8259191383472,83.0,117.0,0.709,84.608000,3.00,Final,,
2010-04-30,Premium Petrol 95R,187.774092574093,188.9,110.781304510305,56.129,20.8637880637881,0.0,89.4602519584248,21.3210525518797,85.0,118.0,0.719,85.982000,2.23,Final,,
2010-05-07,Premium Petrol 95R,187.774092574093,188.9,110.781304510305,56.129,20.8637880637881,0.0,86.8993113510846,23.8819931592199,81.0,112.0,0.723,82.496000,11.61,Final,,
2010-05-14,Premium Petrol 95R,183.774092574093,184.9,107.225748954749,56.129,20.4193436193436,0.0,83.5243993870373,23.7013495677117,80.0,111.0,0.716,78.324000,2.98,Final,,
2010-05-21,Premium Petrol 95R,182.059806859807,183.185714285714,105.701939430939,56.129,20.2288674288674,0.0,82.0915473653535,23.6103920655859,72.0,105.0,0.689,72.172000,5.56,Final,,
2010-05-28,Premium Petrol 95R,180.059806859807,181.185714285714,103.924161653162,56.129,20.0066452066452,0.0,80.5511230479215,23.3730386052402,70.0,104.0,0.673,70.790000,6.38,Final,,
2010-06-04,Premium Petrol 95R,178.774092574093,179.9,102.781304510305,56.129,19.8637880637881,0.0,83.0426526486143,19.7386518616902,73.0,108.0,0.68,72.705000,1.28,Final,,
2010-06-11,Premium Petrol 95R,178.774092574093,179.9,102.781304510305,56.129,19.8637880637881,0.0,83.6857050311027,19.0955994792018,73.0,108.0,0.671,72.762000,3.24,Final,,
2010-06-18,Premium Petrol 95R,178.774092574093,179.9,102.781304510305,56.129,19.8637880637881,0.0,83.4462480534988,19.3350564568057,75.0,108.0,0.697,76.218000,2.41,Final,,
2010-06-25,Premium Petrol 95R,180.91694971695,182.042857142857,104.686066415066,56.129,20.1018833018833,0.0,81.9778994025308,22.7081670125356,75.0,106.0,0.71,76.642000,3.36,Final,,
2010-07-02,Premium Petrol 95R,183.175307508227,184.614285714286,105.476352705725,56.129,20.3528119453585,1.21714285714286,81.2287416285584,24.247611077167,72.0,104.0,0.697,73.858000,4.93,Final,,
2010-07-09,Premium Petrol 95R,181.226218708827,182.9,102.830972185624,56.129,20.136246523203,2.13,80.0226162123625,22.8083559732619,72.0,103.0,0.696,73.952500,2.23,Final,,
2010-07-16,Premium Petrol 95R,181.226218708827,182.9,102.830972185624,56.129,20.136246523203,2.13,79.5061427160762,23.3248294695482,73.0,102.0,0.717,75.700000,2.28,Final,,
2010-07-23,Premium Petrol 95R,181.226218708827,182.9,102.830972185624,56.129,20.136246523203,2.13,80.8547307802196,21.9762414054048,74.0,103.0,0.713,76.642000,1.84,Final,,
2010-07-30,Premium Petrol 95R,181.226218708827,182.9,102.830972185624,56.129,20.136246523203,2.13,79.6549901039975,23.1759820816269,74.0,102.0,0.728,77.236000,3.08,Final,,
2010-08-06,Premium Petrol 95R,182.08336156597,183.757142857143,103.592876947529,56.129,20.2314846184411,2.13,82.1518101899257,21.4410667576034,79.0,108.0,0.731,82.694000,2.48,Final,,
2010-08-13,Premium Petrol 95R,183.226218708827,184.9,104.608749963402,56.129,20.3584687454253,2.13,80.5595711164058,24.0491788469963,74.0,103.0,0.722,78.206000,6.40,Final,,
2010-08-20,Premium Petrol 95R,181.511932994542,183.185714285714,103.084940439593,56.129,20.1679925549491,2.13,80.2745295485036,22.810410891089,73.0,102.0,0.709,74.944000,3.26,Final,,
2010-08-27,Premium Petrol 95R,179.511932994542,181.185714285714,101.070162661815,56.129,19.9457703327269,2.367,78.7209650811122,22.3491975807027,71.0,101.0,0.704,72.818000,4.55,Final,,
2010-09-03,Premium Petrol 95R,179.226218708827,180.9,100.816194407847,56.129,19.9140243009808,2.367,80.1352609177065,20.6809334901401,73.0,104.0,0.709,75.410000,1.12,Final,,
2010-09-10,Premium Petrol 95R,179.226218708827,180.9,100.816194407847,56.129,19.9140243009808,2.367,79.216860963904,21.5993334439426,75.0,104.0,0.721,77.167500,2.09,Final,,
2010-09-17,Premium Petrol 95R,179.226218708827,180.9,100.816194407847,56.129,19.9140243009808,2.367,79.26811988132,21.5480745265265,76.0,104.0,0.729,78.438000,1.46,Final,,
2010-09-24,Premium Petrol 95R,179.226218708827,180.9,100.816194407847,56.129,19.9140243009808,2.367,78.3001236362706,22.516070771576,76.0,104.0,0.73,78.378000,2.13,Final,,
2010-10-01,Premium Petrol 95R,182.013796348579,183.9,98.4911521043544,57.4147142857143,23.7409299585103,2.367,79.1384383638467,19.3527137405077,77.0,105.0,0.736,79.820000,4.98,Final,,
2010-10-08,Premium Petrol 95R,187.159137963486,189.328571428571,101.251076489988,59.129,24.4120614734981,2.367,81.7539743140077,19.49710217598,81.0,109.0,0.747,83.866000,1.66,Final,,
2010-10-15,Premium Petrol 95R,187.730566534914,189.9,101.747970899926,59.129,24.4865956349888,2.367,82.8788985017406,18.869072398185,81.0,107.0,0.756,83.114000,2.07,Final,,
2010-10-22,Premium Petrol 95R,189.730566534914,191.9,103.487101334708,59.129,24.7474652002062,2.367,81.5800340391433,21.9070672955649,80.0,106.0,0.751,81.426000,1.55,Final,,
2010-10-29,Premium Petrol 95R,189.730566534914,191.9,103.487101334708,59.129,24.7474652002062,2.367,82.1040690462538,21.3830322884544,80.0,107.0,0.75,82.248000,1.70,Final,,
2010-11-05,Premium Petrol 95R,189.730566534914,191.9,103.487101334708,59.129,24.7474652002062,2.367,81.1388688600565,22.3482324746516,83.0,107.0,0.777,85.596000,2.99,Final,,
2010-11-12,Premium Petrol 95R,189.730566534914,191.9,103.487101334708,59.129,24.7474652002062,2.367,82.7342763247917,20.7528250099165,85.0,109.0,0.784,87.430000,2.01,Final,,
2010-11-19,Premium Petrol 95R,189.730566534914,191.9,103.487101334708,59.129,24.7474652002062,2.367,82.2896485921277,21.1974527425804,82.0,107.0,0.773,83.940000,2.32,Final,,
2010-11-26,Premium Petrol 95R,189.730566534914,191.9,103.487101334708,59.129,24.7474652002062,2.367,83.1997974047346,20.2873039299736,82.0,107.0,0.766,83.505000,2.44,Final,,
2010-12-03,Premium Petrol 95R,192.016280820629,194.185714285714,105.373536117317,59.129,25.045601846169,2.46814285714286,88.8831401033741,16.4903960139427,86.0,114.0,0.749,88.100000,4.75,Final,,
2010-12-10,Premium Petrol 95R,197.159137963486,199.328571428571,109.828728663901,59.129,25.7164092995851,2.485,92.1379566860443,17.6907719778564,88.0,117.0,0.756,90.248000,1.71,Final,,
2010-12-17,Premium Petrol 95R,200.301995106343,202.471428571429,112.561647918559,59.129,26.1263471877839,2.485,92.9384679744676,19.6231799440914,89.0,120.0,0.746,90.912000,0.93,Final,,
2010-12-24,Premium Petrol 95R,202.4448522492,204.614285714286,114.425001955826,59.129,26.4058502933739,2.485,95.6379106670714,18.7870912887548,91.0,122.0,0.742,92.900000,2.32,Final,,
2010-12-31,Premium Petrol 95R,202.941746659138,204.9,114.857084051424,59.129,26.4706626077136,2.485,93.3673227530685,21.4897612983558,90.0,117.0,0.765,93.170000,1.02,Final,,
2011-01-07,Premium Petrol 95R,203.469696969697,204.9,115.316171277997,59.129,26.5395256916996,2.485,94.3720022885353,20.9441689894621,91.0,120.0,0.76,94.722000,2.30,Final,,
2011-01-14,Premium Petrol 95R,203.469696969697,204.9,115.316171277997,59.129,26.5395256916996,2.485,95.2862072808681,20.0299639971292,94.0,123.0,0.764,97.086000,2.81,Final,,
2011-01-21,Premium Petrol 95R,205.469696969697,206.9,117.05530171278,59.129,26.800395256917,2.485,95.7473145560808,21.3079871566992,93.0,121.0,0.767,97.340000,2.15,Final,,
2011-01-28,Premium Petrol 95R,205.469696969697,206.9,117.05530171278,59.129,26.800395256917,2.485,94.071283672238,22.984018040542,93.0,121.0,0.767,96.620000,1.02,Final,,
2011-02-04,Premium Petrol 95R,205.469696969697,206.9,117.05530171278,59.129,26.800395256917,2.485,95.8244332640272,21.2308684487527,96.0,125.0,0.774,100.358000,2.72,Final,,
2011-02-11,Premium Petrol 95R,205.469696969697,206.9,117.05530171278,59.129,26.800395256917,2.485,95.7968701344551,21.2584315783248,97.0,125.0,0.77,99.904000,1.49,Final,,
2011-02-18,Premium Petrol 95R,207.183982683983,208.614285714286,118.545984942594,59.129,27.023997741389,2.485,98.509792054799,20.0361928877946,99.0,131.0,0.756,102.806000,1.25,Final,,
2011-02-25,Premium Petrol 95R,208.469696969697,209.9,119.663997364954,59.129,27.1916996047431,2.485,104.822950894271,14.8410464706828,106.0,141.0,0.753,110.492500,7.09,Final,,
2011-03-04,Premium Petrol 95R,214.041125541126,215.471428571429,124.508717861848,59.129,27.9184076792772,2.485,108.608666998251,15.9000508635969,109.0,146.0,0.747,114.526000,4.62,Final,,
2011-03-11,Premium Petrol 95R,220.755411255411,222.185714285714,130.347227178618,59.129,28.7941840767928,2.485,111.21640418113,19.1308229974887,110.0,149.0,0.737,114.446000,4.26,Final,,
2011-03-18,Premium Petrol 95R,221.469696969697,222.9,130.968345191041,59.129,28.8873517786561,2.485,109.785031848344,21.1833133426965,107.0,147.0,0.73,112.666000,3.22,Final,,
2011-03-25,Premium Petrol 95R,224.041125541126,225.471428571429,133.204370035761,59.129,29.2227555053642,2.485,111.096534625119,22.1078354106421,110.0,149.0,0.74,115.412000,0.73,Final,,
2011-04-01,Premium Petrol 95R,224.670795870796,225.9,133.751909452866,59.129,29.3048864179299,2.485,109.605877898964,24.1460315539022,110.0,146.0,0.757,116.490000,3.28,Final,,
2011-04-08,Premium Petrol 95R,224.938927738928,225.9,133.985067599068,59.129,29.3398601398601,2.485,111.599662929971,22.3854046690966,115.0,149.0,0.772,123.030000,6.23,Final,,
2011-04-15,Premium Petrol 95R,224.938927738928,225.9,133.985067599068,59.129,29.3398601398601,2.485,110.626296223919,23.3587713751482,116.0,148.0,0.786,123.572000,5.13,Final,,
2011-04-22,Premium Petrol 95R,224.938927738928,225.9,133.985067599068,59.129,29.3398601398601,2.485,109.683023948758,24.3020436503095,116.0,146.0,0.792,122.735000,2.91,Final,,
2011-04-29,Premium Petrol 95R,224.938927738928,225.9,133.985067599068,59.129,29.3398601398601,2.485,112.969676620086,21.0153909789815,119.0,148.0,0.803,125.360000,2.04,Final,,
2011-05-06,Premium Petrol 95R,227.081784881785,228.042857142857,135.848421636335,59.129,29.6193632454502,2.485,112.781166083275,23.0672555530595,112.0,140.0,0.798,119.564000,14.71,Final,,
2011-05-13,Premium Petrol 95R,221.938927738928,222.9,131.376371946894,59.129,28.948555792034,2.485,108.388938466861,22.9874334800327,108.0,136.0,0.792,114.528000,4.95,Final,,
2011-05-20,Premium Petrol 95R,218.938927738928,219.9,128.76767629472,59.129,28.557251444208,2.485,102.190851418431,26.5768248762892,107.0,136.0,0.786,112.020000,4.33,Final,,
2011-05-27,Premium Petrol 95R,212.796070596071,213.757142857143,123.426061387887,59.129,27.7560092081831,2.485,101.809040687688,21.6170207001999,108.0,135.0,0.798,113.406000,4.93,Final,,
2011-06-03,Premium Petrol 95R,211.938927738928,212.9,122.680719772981,59.129,27.6442079659471,2.485,100.320912552462,22.3598072205186,109.0,133.0,0.819,115.680000,2.88,Final,,
2011-06-10,Premium Petrol 95R,211.938927738928,212.9,122.680719772981,59.129,27.6442079659471,2.485,101.333211993904,21.3475077790767,111.0,135.0,0.821,117.726000,4.55,Final,,
2011-06-17,Premium Petrol 95R,213.367499167499,214.328571428571,123.922955797825,59.129,27.8305433696738,2.485,101.064513192718,22.8584426051071,110.0,136.0,0.814,116.788000,6.75,Final,,
2011-06-24,Premium Petrol 95R,213.938927738928,214.9,124.419850207763,59.129,27.9050775311645,2.485,98.9389446069463,25.480905600817,105.0,129.0,0.812,110.176000,8.80,Final,,
2011-07-01,Premium Petrol 95R,211.947456167021,212.9,122.68813579741,59.129,27.6453203696115,2.485,97.8228378024482,24.8652979949617,105.0,129.0,0.815,109.032000,7.14,Final,,
2011-07-08,Premium Petrol 95R,211.95882740448,212.9,122.782309544268,59.129,27.6468035744973,2.40071428571429,102.591377062546,20.1909324817222,109.0,131.0,0.829,115.390000,4.19,Final,,
2011-07-15,Premium Petrol 95R,214.815970261622,215.757142857143,125.401638736815,59.129,28.0194743819508,2.26585714285714,102.583495899774,22.8181428370405,111.0,133.0,0.834,117.722000,1.11,Final,,
2011-07-22,Premium Petrol 95R,214.244541690194,215.185714285714,124.921601469734,59.129,27.9449402204601,2.249,98.9601674665722,25.9614340031616,112.0,131.0,0.854,118.198000,1.94,Final,,
2011-07-29,Premium Petrol 95R,212.95882740448,213.9,123.803589047374,59.129,27.777238357106,2.249,98.7569809225163,25.0466081248572,112.0,129.0,0.868,117.698000,2.34,Final,,
2011-08-05,Premium Petrol 95R,212.95882740448,213.9,123.803589047374,59.129,27.777238357106,2.249,97.5991328387936,26.2044562085799,107.0,124.0,0.863,112.654000,9.45,Final,,
2011-08-12,Premium Petrol 95R,207.673113118765,208.614285714286,119.207315755448,59.129,27.0877973633172,2.249,97.171198403625,22.0361173518231,101.0,122.0,0.827,105.304000,5.11,Final,,
2011-08-19,Premium Petrol 95R,207.673113118765,208.614285714286,119.207315755448,59.129,27.0877973633172,2.249,99.7324873297897,19.4748284256584,104.0,125.0,0.832,109.536000,3.01,Final,,
2011-08-26,Premium Petrol 95R,208.95882740448,209.9,120.325328177808,59.129,27.2554992266712,2.249,100.698473417893,19.6268547599156,105.0,127.0,0.827,111.058000,3.46,Final,,
2011-09-02,Premium Petrol 95R,212.101684547337,213.042857142857,123.058247432467,59.129,27.66543711487,2.249,102.503261394623,20.5549860378442,110.0,129.0,0.849,116.105000,0.89,Final,,
2011-09-09,Premium Petrol 95R,212.95882740448,213.9,123.803589047374,59.129,27.777238357106,2.249,103.399121197581,20.4044678497929,109.0,130.0,0.833,115.970000,4.70,Final,,
2011-09-16,Premium Petrol 95R,215.101684547337,216.042857142857,125.666943084641,59.129,28.0567414626961,2.249,102.249911295367,23.4170317892732,107.0,131.0,0.822,114.980000,3.61,Final,,
2011-09-23,Premium Petrol 95R,215.95882740448,216.9,126.412284699547,59.129,28.1685427049321,2.249,102.777251870949,23.6350328285989,106.0,131.0,0.81,111.984000,5.22,Final,,
2011-09-30,Premium Petrol 95R,216.216591379635,216.9,126.636427286639,59.129,28.2021640929959,2.249,103.757230008899,22.8791972777401,102.0,132.0,0.777,107.692000,4.12,Final,,
2011-10-07,Premium Petrol 95R,216.861001317523,216.9,127.196783754368,59.129,28.2862175631552,2.249,105.735486481246,21.461297273122,99.0,130.0,0.762,104.032000,4.72,Final,,
2011-10-14,Premium Petrol 95R,216.861001317523,216.9,127.552498040082,59.129,28.2862175631552,1.89328571428571,107.349849633874,20.2026484062082,105.0,134.0,0.785,111.586000,5.11,Final,,
2011-10-21,Premium Petrol 95R,216.861001317523,216.9,127.611783754368,59.129,28.2862175631552,1.834,104.710219714517,22.9015640398512,107.0,134.0,0.796,111.472000,3.92,Final,,
2011-10-28,Premium Petrol 95R,216.861001317523,216.9,127.611783754368,59.129,28.2862175631552,1.834,101.640376094498,25.9714076598698,108.0,133.0,0.806,111.334000,2.44,Final,,
2011-11-04,Premium Petrol 95R,215.575287031809,215.614285714286,126.493771332008,59.129,28.1185156998011,1.834,98.4049510016907,28.088820330317,106.0,132.0,0.801,109.840000,5.25,Final,,
2011-11-11,Premium Petrol 95R,213.861001317523,213.9,125.003088102194,59.129,27.8949132153291,1.834,101.018849267857,23.9842388343366,111.0,141.0,0.79,114.680000,2.29,Final,,
2011-11-18,Premium Petrol 95R,213.861001317523,213.9,125.003088102194,59.129,27.8949132153291,1.834,98.3488860380756,26.6542020641184,110.0,142.0,0.774,110.690000,4.75,Final,,
2011-11-25,Premium Petrol 95R,213.861001317523,213.9,125.003088102194,59.129,27.8949132153291,1.834,99.3904923675879,25.6125957346061,107.0,143.0,0.747,106.665000,1.79,Final,,
2011-12-02,Premium Petrol 95R,213.861001317523,213.9,125.003088102194,59.129,27.8949132153291,1.834,99.1397150205397,25.8633730816543,109.0,142.0,0.765,110.054000,2.42,Final,,
2011-12-09,Premium Petrol 95R,213.861001317523,213.9,125.003088102194,59.129,27.8949132153291,1.834,98.9869201669163,26.0161679352777,108.0,139.0,0.778,109.310000,2.27,Final,,
2011-12-16,Premium Petrol 95R,213.861001317523,213.9,125.003088102194,59.129,27.8949132153291,1.834,101.613171669556,23.3899164326379,105.0,138.0,0.76,106.262000,5.25,Final,,
2011-12-23,Premium Petrol 95R,213.861001317523,213.9,125.560230959337,59.129,27.8949132153291,1.27685714285714,100.481445636369,25.0787853229677,105.0,137.0,0.766,107.722000,4.73,Final,,
2011-12-30,Premium Petrol 95R,213.745603051193,213.9,125.552741783646,59.129,27.8798612675469,1.184,102.141966267496,23.4107755161506,105.0,136.0,0.771,107.506666,1.20,Final,,
2012-01-06,Premium Petrol 95R,213.053213453213,213.9,124.95066387236,59.129,27.7895495808539,1.184,105.336682318836,19.6139815535234,109.0,138.0,0.786,112.510000,2.47,Final,,
2012-01-13,Premium Petrol 95R,216.624642024642,217.471428571429,128.056253934471,59.129,28.2553880901707,1.184,105.603209124077,22.453044810394,110.0,139.0,0.791,111.776000,3.42,Final,,
2012-01-20,Premium Petrol 95R,218.053213453213,218.9,129.298489959316,59.129,28.4417234938974,1.184,105.017078078856,24.2814118804599,109.0,137.0,0.799,109.600000,2.05,Final,,
2012-01-27,Premium Petrol 95R,218.053213453213,218.9,129.298489959316,59.129,28.4417234938974,1.184,103.744640498945,25.5538494603707,109.0,134.0,0.813,109.180000,2.12,Final,,
2012-02-03,Premium Petrol 95R,216.767499167499,217.614285714286,128.180477536956,59.129,28.2740216305434,1.184,102.876454647032,25.3040228899239,110.0,133.0,0.827,111.196000,2.32,Final,,
2012-02-10,Premium Petrol 95R,215.053213453213,215.9,126.689794307142,59.129,28.0504191460713,1.184,103.99100860648,22.698785700662,114.0,137.0,0.835,117.208000,2.93,Final,,
2012-02-17,Premium Petrol 95R,217.338927738928,218.185714285714,128.677371946894,59.129,28.3485557920341,1.184,106.215961125614,22.4614108212792,116.0,140.0,0.832,119.794000,2.70,Final,,
2012-02-24,Premium Petrol 95R,219.053213453213,219.9,130.168055176707,59.129,28.5721582765061,1.184,107.35327547865,22.8147796980573,120.0,143.0,0.836,123.335000,4.04,Final,,
2012-03-02,Premium Petrol 95R,221.910356310356,222.757142857143,132.652527226397,59.129,28.9448290839595,1.184,108.096055744238,24.5564714821589,121.0,144.0,0.838,124.880000,4.23,Final,,
2012-03-09,Premium Petrol 95R,223.053213453213,223.9,133.646316046273,59.129,29.0938974069409,1.184,110.482419037449,23.1638970088237,123.0,149.0,0.821,126.624000,3.05,Final,,
2012-03-16,Premium Petrol 95R,225.196070596071,226.042857142857,135.50967008354,59.129,29.3734005125309,1.184,113.031357529409,22.4783125541305,124.0,151.0,0.818,126.222000,4.51,Final,,
2012-03-23,Premium Petrol 95R,226.053213453213,226.9,136.255011698446,59.129,29.485201754767,1.184,112.244384425674,24.010627272772,123.0,150.0,0.818,124.346000,3.27,Final,,
2012-03-30,Premium Petrol 95R,225.987279387279,226.9,136.197677728069,59.129,29.4766016592104,1.184,112.675145208226,23.5225325198432,122.0,148.0,0.819,124.430000,2.62,Final,,
2012-04-06,Premium Petrol 95R,225.591674991675,226.9,135.853673905804,59.129,29.4250010858706,1.184,113.726779643462,22.1268942623426,121.0,148.0,0.82,123.686666,1.40,Final,,
2012-04-13,Premium Petrol 95R,225.591674991675,226.9,135.853673905804,59.129,29.4250010858706,1.184,110.512539384426,25.3411345213782,118.0,144.0,0.821,120.872500,1.48,Final,,
2012-04-20,Premium Petrol 95R,225.591674991675,226.9,135.853673905804,59.129,29.4250010858706,1.184,109.204392255289,26.6492816505151,115.0,140.0,0.819,117.180000,3.05,Final,,
2012-04-27,Premium Petrol 95R,225.591674991675,226.9,135.853673905804,59.129,29.4250010858706,1.184,109.699630567903,26.1540433379016,115.0,141.0,0.815,118.096000,2.67,Final,,
2012-05-04,Premium Petrol 95R,225.591674991675,226.9,135.853673905804,59.129,29.4250010858706,1.184,108.578432280046,27.2752416257578,113.0,140.0,0.813,116.674000,7.91,Final,,
2012-05-11,Premium Petrol 95R,225.591674991675,226.9,135.853673905804,59.129,29.4250010858706,1.184,106.349049150651,29.504624755153,109.0,138.0,0.789,111.777500,2.02,Final,,
2012-05-18,Premium Petrol 95R,225.591674991675,226.9,135.853673905804,59.129,29.4250010858706,1.184,105.7749431039,30.0787308019043,107.0,139.0,0.771,109.866000,3.37,Final,,
2012-05-25,Premium Petrol 95R,221.591674991675,222.9,132.375413036239,59.129,28.9032619554359,1.184,105.280653711325,27.0947593249146,104.0,138.0,0.756,108.144000,2.88,Final,,
2012-06-01,Premium Petrol 95R,221.591674991675,222.9,132.375413036239,59.129,28.9032619554359,1.184,104.093601336374,28.2818116998653,101.0,134.0,0.757,103.472500,8.92,Final,,
2012-06-08,Premium Petrol 95R,218.163103563104,219.471428571429,129.394046576612,59.129,28.4560569864918,1.184,97.4899167144019,31.9041298622099,97.0,127.0,0.763,99.030000,3.57,Final,,
2012-06-15,Premium Petrol 95R,212.877389277389,214.185714285714,124.797773284686,59.129,27.7666159927029,1.184,93.0813810634452,31.7163922212411,96.0,124.0,0.776,97.214000,2.14,Final,,
2012-06-22,Premium Petrol 95R,207.734532134532,209.042857142857,120.325723595245,59.129,27.0958085392868,1.184,86.1828589005313,34.142864694714,92.0,116.0,0.794,92.458000,5.99,Final,,
2012-06-29,Premium Petrol 95R,203.01803837984,204.328571428571,116.224424678121,59.129,26.4806137017182,1.184,86.4929143958992,29.7315102822222,92.0,116.0,0.789,91.226000,5.48,Final,,
2012-07-06,Premium Petrol 95R,203.861932994542,205.185714285714,116.95824608221,59.129,26.5906869123315,1.184,90.6676999522774,26.2905461299327,97.0,120.0,0.803,98.802500,6.26,Final,,
2012-07-13,Premium Petrol 95R,205.576218708827,206.9,118.448929312024,59.129,26.8142893968036,1.184,94.2632647121415,24.1856645998824,97.0,122.0,0.795,99.882000,2.76,Final,,
2012-07-20,Premium Petrol 95R,209.576218708827,210.9,121.927190181589,59.129,27.3360285272384,1.184,98.8800294472292,23.0471607343598,102.0,128.0,0.799,105.400000,5.69,Final,,
2012-07-27,Premium Petrol 95R,214.861932994542,216.185714285714,126.523463473514,59.129,28.0254695210272,1.184,99.9886071540496,26.5348563194649,101.0,127.0,0.792,104.180000,3.95,Final,,
2012-08-03,Premium Petrol 95R,218.004790137399,219.328571428571,128.082097013887,60.5575714285714,28.4354074092259,0.929714285714286,100.937495365406,27.1446016484816,103.0,127.0,0.809,107.274000,3.64,Final,,
2012-08-10,Premium Petrol 95R,220.576218708827,221.9,129.848407572893,61.129,28.770811135934,0.828,105.275686755635,24.5727208172584,107.0,131.0,0.816,112.494000,3.51,Final,,
2012-08-17,Premium Petrol 95R,224.719075851685,226.042857142857,133.450892044943,61.129,29.3111838067415,0.828,108.601861602928,24.849030442015,110.0,136.0,0.809,115.042000,2.22,Final,,
2012-08-24,Premium Petrol 95R,227.290504423113,228.614285714286,135.686916889664,61.129,29.6465875334495,0.828,106.961599076912,28.7253178127513,112.0,139.0,0.811,116.102000,1.95,Final,,
2012-08-31,Premium Petrol 95R,227.290504423113,228.614285714286,135.686916889664,61.129,29.6465875334495,0.828,104.740475851131,30.9464410385321,110.0,137.0,0.805,113.020000,1.65,Final,,
2012-09-07,Premium Petrol 95R,225.576218708827,226.9,134.19623365985,61.129,29.4229850489775,0.828,104.477907844312,29.7183258155382,112.0,141.0,0.798,114.110000,1.66,Final,,
2012-09-14,Premium Petrol 95R,225.576218708827,226.9,134.19623365985,61.129,29.4229850489775,0.828,105.522252606477,28.6739810533731,114.0,139.0,0.818,115.408000,3.64,Final,,
2012-09-21,Premium Petrol 95R,224.147647280256,225.471428571429,132.953997635005,61.129,29.2366496452508,0.828,101.935405212642,31.0185924223634,109.0,132.0,0.828,111.832000,8.21,Final,,
2012-09-28,Premium Petrol 95R,220.576218708827,221.9,129.848407572893,61.129,28.770811135934,0.828,102.721350436993,27.1270571358999,108.0,131.0,0.825,110.354000,2.46,Final,,
2012-10-05,Premium Petrol 95R,220.703392621871,221.9,129.958993584236,61.129,28.7873990376353,0.828,103.254893132883,26.7041004513529,108.0,131.0,0.825,111.408000,3.26,Final,,
2012-10-12,Premium Petrol 95R,222.417678336157,223.614285714286,131.449676814049,61.129,29.0110015221074,0.828,106.954914649024,24.4947621650249,110.0,135.0,0.818,114.876000,3.58,Final,,
2012-10-19,Premium Petrol 95R,223.703392621871,224.9,132.567689236409,61.129,29.1787033854614,0.828,104.534745775337,28.0329434610725,110.0,134.0,0.818,113.592000,3.11,Final,,
2012-10-26,Premium Petrol 95R,220.489106907585,221.685714285714,129.772658180509,61.129,28.7594487270763,0.828,98.1654852291437,31.6071729513651,106.0,130.0,0.817,108.270000,2.09,Final,,
2012-11-02,Premium Petrol 95R,217.703392621871,218.9,127.350297932062,61.129,28.3960946898092,0.828,96.5739965435809,30.7763013884807,106.0,129.0,0.822,108.850000,3.10,Final,,
2012-11-09,Premium Petrol 95R,214.703392621871,215.9,124.741602279888,61.129,28.0047903419832,0.828,96.3655511300131,28.3760511498746,105.0,128.0,0.822,107.782000,3.68,Final,,
2012-11-16,Premium Petrol 95R,214.703392621871,215.9,124.741602279888,61.129,28.0047903419832,0.828,100.735161285271,24.0064409946166,107.0,131.0,0.814,109.118000,3.42,Final,,
2012-11-23,Premium Petrol 95R,217.560535479014,218.757142857143,127.226074329577,61.129,28.3774611494366,0.828,102.321985632334,24.9040886972434,109.0,133.0,0.816,110.255000,0.80,Final,,
2012-11-30,Premium Petrol 95R,218.703392621871,219.9,128.219863149453,61.129,28.5265294724179,0.828,100.326018638561,27.8938445108921,108.0,131.0,0.823,109.816000,2.58,Final,,
2012-12-07,Premium Petrol 95R,218.703392621871,219.9,128.219863149453,61.129,28.5265294724179,0.828,97.4964087207703,30.7234544286826,106.0,128.0,0.825,109.078000,4.11,Final,,
2012-12-14,Premium Petrol 95R,215.274821193299,216.471428571429,125.238496689826,61.129,28.0793245034738,0.828,95.2011567061414,30.0373399836842,105.0,125.0,0.838,109.096000,2.58,Final,,
2012-12-21,Premium Petrol 95R,214.703392621871,215.9,124.741602279888,61.129,28.0047903419832,0.828,96.4561844569754,28.2854178229124,106.0,127.0,0.84,109.792000,1.44,Final,,
2012-12-28,Premium Petrol 95R,214.703392621871,215.9,124.741602279888,61.129,28.0047903419832,0.828,100.625312929505,24.1162893503824,106.0,130.0,0.821,109.812500,2.28,Final,,
2013-01-04,Premium Petrol 95R,216.74117730096,219.042857142857,126.513588957356,61.129,28.2705883436035,0.828,101.087817962905,25.4257709944511,107.0,130.0,0.827,112.347500,2.23,Final,,
2013-01-11,Premium Petrol 95R,217.414141414141,219.9,127.098775142732,61.129,28.3583662714097,0.828,98.7881002301202,28.3106749126115,107.0,128.0,0.838,112.372000,2.77,Final,,
2013-01-18,Premium Petrol 95R,216.128427128427,218.614285714286,125.980762720371,61.129,28.1906644080557,0.828,97.3250445053131,28.6557182150583,107.0,128.0,0.84,111.346000,0.75,Final,,
2013-01-25,Premium Petrol 95R,214.414141414141,216.9,124.490079490558,61.129,27.9670619235837,0.828,99.9779467503717,24.5121327401861,109.0,130.0,0.839,113.717500,1.87,Final,,
2013-02-01,Premium Petrol 95R,216.128427128427,218.614285714286,125.980762720371,61.129,28.1906644080557,0.828,103.276013225225,22.7047494951463,110.0,132.0,0.837,115.132000,1.63,Final,,
2013-02-08,Premium Petrol 95R,220.128427128427,222.614285714286,129.459023589937,61.129,28.7124035384905,0.828,106.479825233209,22.9791983567273,112.0,133.0,0.841,117.154000,2.84,Final,,
2013-02-15,Premium Petrol 95R,224.128427128427,226.614285714286,132.937284459502,61.129,29.2341426689253,0.828,108.681511515611,24.2557729438911,113.0,134.0,0.842,118.098000,1.08,Final,,
2013-02-22,Premium Petrol 95R,225.414141414141,227.9,134.055296881862,61.129,29.4018445322793,0.828,107.792582385338,26.2627144965241,111.0,132.0,0.841,115.300000,3.30,Final,,
2013-03-01,Premium Petrol 95R,225.414141414141,227.9,134.055296881862,61.129,29.4018445322793,0.828,105.644988690645,28.4103081912172,108.0,130.0,0.829,112.418000,4.41,Final,,
2013-03-08,Premium Petrol 95R,224.556998556999,227.042857142857,133.309955266955,61.129,29.2900432900433,0.828,103.208390777508,30.101564489447,106.0,128.0,0.828,109.984000,1.51,Final,,
2013-03-15,Premium Petrol 95R,223.414141414141,225.9,132.316166447079,61.129,29.1409749670619,0.828,102.812827334483,29.5033391125964,105.0,128.0,0.823,108.410000,1.81,Final,,
2013-03-22,Premium Petrol 95R,222.556998556999,225.042857142857,131.570824832173,61.129,29.0291737248259,0.828,102.089903035651,29.4809217965213,105.0,126.0,0.827,107.328000,2.13,Final,,
2013-03-29,Premium Petrol 95R,221.414141414141,223.9,130.577036012297,61.129,28.8801054018445,0.828,100.198981569331,30.3780544429663,106.0,126.0,0.837,107.682500,1.85,Final,,
2013-04-05,Premium Petrol 95R,220.610356310356,222.614285714286,129.878092443788,61.129,28.7752638665682,0.828,98.852139213077,31.0259532307111,106.0,126.0,0.841,107.062000,5.68,Final,,
2013-04-12,Premium Petrol 95R,216.324642024642,218.328571428571,126.151384369254,61.129,28.2162576553881,0.828,92.0052688978973,34.1461154713566,103.0,120.0,0.852,103.248000,4.22,Final,,
2013-04-19,Premium Petrol 95R,211.181784881785,213.185714285714,121.679334679813,61.129,27.5454502019719,0.828,89.0024987467909,32.676835933022,98.0,115.0,0.848,98.092000,2.48,Final,,
2013-04-26,Premium Petrol 95R,209.896070596071,211.9,120.561322257453,61.129,27.3777483386179,0.828,90.9453138274499,29.6160084300028,100.0,118.0,0.844,100.608000,3.32,Final,,
2013-05-03,Premium Petrol 95R,209.896070596071,211.9,120.561322257453,61.129,27.3777483386179,0.828,90.0447444119391,30.5165778455136,100.0,118.0,0.853,101.534000,6.26,Final,,
2013-05-10,Premium Petrol 95R,209.896070596071,211.9,120.561322257453,61.129,27.3777483386179,0.828,92.1680309658808,28.3932912915719,101.0,119.0,0.847,103.774000,3.87,Final,,
2013-05-17,Premium Petrol 95R,211.610356310356,213.614285714286,122.052005487266,61.129,27.60135082309,0.828,94.9906315480764,27.0613739391899,100.0,122.0,0.823,102.908000,2.70,Final,,
2013-05-24,Premium Petrol 95R,213.896070596071,215.9,124.039583127018,61.129,27.8994874690527,0.828,96.9144112378972,27.1251718891208,101.0,124.0,0.812,102.298000,4.09,Final,,
2013-05-31,Premium Petrol 95R,215.610356310356,217.614285714286,125.530266356832,61.129,28.1230899535247,0.828,97.8646260834272,27.6656402734044,100.0,123.0,0.809,102.032500,3.34,Final,,
2013-06-07,Premium Petrol 95R,216.896070596071,218.9,126.648278779192,61.129,28.2907918168788,0.828,99.5949021511748,27.053376628017,100.0,125.0,0.802,102.924000,2.44,Final,,
2013-06-14,Premium Petrol 95R,220.896070596071,222.9,130.126539648757,61.129,28.8125309473136,0.828,101.757086723817,28.36945292494,101.0,127.0,0.794,103.392000,3.60,Final,,
2013-06-21,Premium Petrol 95R,220.896070596071,222.9,130.126539648757,61.129,28.8125309473136,0.828,101.955600570833,28.170939077924,101.0,128.0,0.793,103.930000,5.44,Final,,
2013-06-28,Premium Petrol 95R,220.896070596071,222.9,130.126539648757,61.129,28.8125309473136,0.828,101.972799753645,28.1537398951117,99.0,127.0,0.777,101.432000,2.94,Final,,
2013-07-05,Premium Petrol 95R,226.757585168455,228.185714285714,132.223508842135,64.129,29.5770763263202,0.828,103.37301819925,28.8504906428846,101.0,130.0,0.778,105.182500,4.27,Final,,
2013-07-12,Premium Petrol 95R,230.186156597026,231.614285714286,135.559875301762,64.129,30.0242812952643,0.473,107.554235718043,28.0056395837191,104.0,133.0,0.783,108.258000,1.28,Final,,
2013-07-19,Premium Petrol 95R,232.47187088274,233.9,137.547452941513,64.129,30.322417941227,0.473,108.182807951433,29.3646449900801,105.0,133.0,0.786,109.412000,0.66,Final,,
2013-07-26,Premium Petrol 95R,230.186156597026,231.614285714286,135.559875301762,64.129,30.0242812952643,0.473,100.980727919861,34.5791473819009,105.0,131.0,0.799,108.398000,1.70,Final,,
2013-08-02,Premium Petrol 95R,226.757585168455,228.185714285714,132.578508842135,64.129,29.5770763263202,0.473,99.5152975479842,33.0632112941503,105.0,131.0,0.799,108.606000,2.47,Final,,
2013-08-09,Premium Petrol 95R,226.47187088274,227.9,132.330061637166,64.129,29.5398092455748,0.473,98.8733657474223,33.4566958897433,104.0,132.0,0.789,108.556000,2.49,Final,,
2013-08-16,Premium Petrol 95R,223.900442311312,225.328571428571,130.094036792445,64.129,29.2044055188668,0.473,98.2418908369577,31.8521459554874,106.0,132.0,0.802,110.726000,2.54,Final,,
2013-08-23,Premium Petrol 95R,223.47187088274,224.9,129.721365984992,64.129,29.1485048977488,0.473,98.407353446017,31.3140125389747,108.0,135.0,0.797,111.120000,1.61,Final,,
2013-08-30,Premium Petrol 95R,227.329013739883,228.757142857143,133.075403252072,64.129,29.6516104878109,0.473,103.768519605006,29.306883647066,112.0,143.0,0.78,115.318000,4.68,Final,,
2013-09-06,Premium Petrol 95R,230.47187088274,231.9,135.808322506731,64.129,30.0615483760096,0.473,104.824331586898,30.9839909198326,110.0,141.0,0.783,116.025000,1.66,Final,,
2013-09-13,Premium Petrol 95R,228.329013739883,229.757142857143,133.944968469464,64.129,29.7820452704196,0.473,98.3164892683567,35.628479201107,109.0,135.0,0.806,113.218000,3.10,Final,,
2013-09-20,Premium Petrol 95R,223.757585168455,225.185714285714,129.969813189961,64.129,29.1857719784941,0.473,95.0528401826044,34.9169730073562,108.0,130.0,0.827,109.976000,1.81,Final,,
2013-09-27,Premium Petrol 95R,222.47187088274,223.9,128.8518007676,64.129,29.0180701151401,0.473,94.6284640915511,34.2233366760493,106.0,128.0,0.83,108.802000,1.78,Final,,
2013-10-04,Premium Petrol 95R,221.317212497647,222.471428571429,127.847749997954,64.129,28.8674624996931,0.473,93.3475257038959,34.5002242940583,105.0,127.0,0.829,108.634000,2.17,Final,,
2013-10-11,Premium Petrol 95R,217.791436100132,218.9,124.781857478375,64.129,28.4075786217563,0.473,94.2716694772331,30.5101880011423,107.0,129.0,0.83,110.304000,2.61,Final,,
2013-10-18,Premium Petrol 95R,217.791436100132,218.9,124.781857478375,64.129,28.4075786217563,0.473,93.6082552907771,31.1736021875983,107.0,128.0,0.839,110.108000,1.39,Final,,
2013-10-25,Premium Petrol 95R,217.791436100132,218.9,124.781857478375,64.129,28.4075786217563,0.473,91.8424858632881,32.9393716150873,106.0,126.0,0.845,107.822000,3.87,Final,,
2013-11-01,Premium Petrol 95R,217.791436100132,218.9,124.781857478375,64.129,28.4075786217563,0.473,93.7676918068799,31.0141656714955,106.0,128.0,0.827,107.610000,2.63,Final,,
2013-11-08,Premium Petrol 95R,217.791436100132,218.9,124.781857478375,64.129,28.4075786217563,0.473,91.5171044401027,33.2647530382727,104.0,125.0,0.832,104.538000,2.38,Final,,
2013-11-15,Premium Petrol 95R,217.791436100132,218.9,124.781857478375,64.129,28.4075786217563,0.473,94.1293919863399,30.6524654920355,105.0,128.0,0.826,107.098000,2.53,Final,,
2013-11-22,Premium Petrol 95R,217.791436100132,218.9,124.781857478375,64.129,28.4075786217563,0.473,94.3305684882778,30.4512889900976,107.0,129.0,0.831,109.324000,3.09,Final,,
2013-11-29,Premium Petrol 95R,219.505721814417,220.614285714286,126.272540708189,64.129,28.6311811062284,0.473,96.663528480315,29.6090122278741,109.0,133.0,0.817,111.315000,1.21,Final,,
2013-12-06,Premium Petrol 95R,221.934293242989,223.042857142857,128.384341950425,64.129,28.9479512925638,0.473,96.8536776139539,31.5306643364712,109.0,132.0,0.82,112.278000,1.78,Final,,
2013-12-13,Premium Petrol 95R,222.791436100132,223.9,129.129683565332,64.129,29.0597525347998,0.473,96.414019670767,32.715663894565,107.0,129.0,0.828,109.104000,1.99,Final,,
2013-12-20,Premium Petrol 95R,222.791436100132,223.9,129.129683565332,64.129,29.0597525347998,0.473,96.5594405546897,32.5702430106422,108.0,131.0,0.824,110.340000,3.24,Final,,
2013-12-27,Premium Petrol 95R,222.791436100132,223.9,129.129683565332,64.129,29.0597525347998,0.473,100.48685345459,28.642830110742,109.0,133.0,0.819,111.715000,0.49,Final,,
2014-01-03,Premium Petrol 95R,224.815590689504,226.9,130.889817990873,64.129,29.3237726986309,0.473,100.533275372616,30.3565426182564,106.0,130.0,0.818,108.732500,3.90,Final,,
2014-01-10,Premium Petrol 95R,222.710966810967,225.185714285714,129.059710270406,64.129,29.0492565405609,0.473,96.6444899184255,32.4152203519804,104.0,125.0,0.827,107.014000,1.05,Final,,
2014-01-17,Premium Petrol 95R,220.996681096681,223.471428571429,127.569027040592,64.129,28.8256540560888,0.473,95.0033739226675,32.5656531179248,103.0,124.0,0.835,107.828000,1.33,Final,,
2014-01-24,Premium Petrol 95R,220.425252525253,222.9,127.072132630654,64.129,28.7511198945982,0.473,96.1456027054027,30.9265299252516,104.0,125.0,0.83,109.140000,1.68,Final,,
2014-01-31,Premium Petrol 95R,220.425252525253,222.9,127.072132630654,64.129,28.7511198945982,0.473,96.7833042163258,30.2888284143285,104.0,127.0,0.823,108.834000,1.20,Final,,
2014-02-07,Premium Petrol 95R,220.425252525253,222.9,127.072132630654,64.129,28.7511198945982,0.473,96.186678423958,30.8854542066964,103.0,126.0,0.817,107.734000,3.57,Final,,
2014-02-14,Premium Petrol 95R,220.425252525253,222.9,127.072132630654,64.129,28.7511198945982,0.473,98.546906134088,28.5252264965664,105.0,127.0,0.831,109.124000,1.56,Final,,
2014-02-21,Premium Petrol 95R,220.425252525253,222.9,127.072132630654,64.129,28.7511198945982,0.473,98.4011092631046,28.6710233675498,107.0,128.0,0.832,109.740000,1.34,Final,,
2014-02-28,Premium Petrol 95R,221.56810966811,224.042857142857,128.06592145053,64.129,28.9001882175795,0.473,98.5753533726498,29.4905680778804,106.0,127.0,0.833,109.172000,1.22,Final,,
2014-03-07,Premium Petrol 95R,222.425252525253,224.9,128.811263065437,64.129,29.0119894598156,0.473,97.8031631454985,31.0080999199385,105.0,125.0,0.84,109.142000,3.27,Final,,
2014-03-14,Premium Petrol 95R,222.425252525253,224.9,128.811263065437,64.129,29.0119894598156,0.473,95.9637564459441,32.8475066194929,104.0,123.0,0.849,108.012000,0.87,Final,,
2014-03-21,Premium Petrol 95R,220.425252525253,222.9,127.072132630654,64.129,28.7511198945982,0.473,93.2064187907677,33.8657138398867,104.0,121.0,0.856,106.532000,1.47,Final,,
2014-03-28,Premium Petrol 95R,220.425252525253,222.9,127.072132630654,64.129,28.7511198945982,0.473,93.1951704367335,33.8769621939208,104.0,121.0,0.858,106.544000,1.11,Final,,
2014-04-04,Premium Petrol 95R,219.37229595801,221.757142857143,126.156518224357,64.129,28.6137777336535,0.473,92.9661701387287,33.190348085628,103.0,119.0,0.862,105.262000,3.04,Final,,
2014-04-11,Premium Petrol 95R,218.530136530137,220.9,125.42420567838,64.129,28.5039308517569,0.473,94.0649097340482,31.3592959443314,104.0,120.0,0.865,106.510000,2.50,Final,,
2014-04-18,Premium Petrol 95R,220.244422244422,222.614285714286,126.914888908193,64.129,28.727533336229,0.473,95.987671046335,30.9272178618583,106.0,122.0,0.866,109.070000,2.11,Final,,
2014-04-25,Premium Petrol 95R,221.672993672994,224.042857142857,128.157124933038,64.129,28.9138687399557,0.473,96.7680199817541,31.3891049512838,106.0,123.0,0.86,109.206000,1.31,Final,,
2014-05-02,Premium Petrol 95R,222.530136530137,224.9,128.902466547945,64.129,29.0256699821917,0.473,95.0970722186581,33.8053943292867,105.0,122.0,0.858,109.150000,1.26,Final,,
2014-05-09,Premium Petrol 95R,220.387279387279,222.757142857143,127.039112510678,64.129,28.7461668766017,0.473,92.594022323881,34.4450901867967,104.0,120.0,0.867,108.480000,1.31,Final,,
2014-05-16,Premium Petrol 95R,220.387279387279,222.757142857143,127.039112510678,64.129,28.7461668766017,0.473,94.9876380692696,32.0514744414081,106.0,122.0,0.864,109.532000,2.53,Final,,
2014-05-23,Premium Petrol 95R,221.530136530137,223.9,128.032901330553,64.129,28.895235199583,0.473,96.406376190973,31.6265251395805,107.0,124.0,0.86,110.718000,1.13,Final,,
2014-05-30,Premium Petrol 95R,223.244422244422,225.614285714286,129.523584560367,64.129,29.1188376840551,0.473,97.5348161545314,31.9887684058358,106.0,125.0,0.853,109.620000,0.92,Final,,
2014-06-06,Premium Petrol 95R,223.530136530137,225.9,129.772031765336,64.129,29.1561047648004,0.473,96.2000289261377,33.5720028391984,105.0,125.0,0.845,108.984000,0.91,Final,,
2014-06-13,Premium Petrol 95R,223.530136530137,225.9,129.772031765336,64.129,29.1561047648004,0.473,95.5589571472825,34.2130746180536,107.0,125.0,0.856,110.978000,3.97,Final,,
2014-06-20,Premium Petrol 95R,224.387279387279,226.757142857143,130.517373380243,64.129,29.2679060070364,0.473,97.2479188464908,33.2694545337522,110.0,127.0,0.869,114.286000,1.77,Final,,
2014-06-27,Premium Petrol 95R,225.530136530137,227.9,131.511162200119,64.129,29.4169743300178,0.473,98.1991979743299,33.3119642257888,110.0,126.0,0.872,113.086000,1.13,Final,,
2014-07-04,Premium Petrol 95R,227.45348647212,230.471428571429,130.612211839111,66.7004285714286,29.6678460615809,0.473,98.7215408044162,31.8906710346944,108.0,123.0,0.876,110.257500,2.05,Final,,
2014-07-11,Premium Petrol 95R,226.631187652927,229.757142857143,129.468597959067,67.129,29.56058969386,0.473,95.5660757571791,33.9025222018877,106.0,121.0,0.878,107.032000,2.93,Final,,
2014-07-18,Premium Petrol 95R,225.774044795784,228.9,128.72325634416,67.129,29.448788451624,0.473,94.5475078554133,34.1757484887466,105.0,120.0,0.875,105.388000,1.31,Final,,
2014-07-25,Premium Petrol 95R,225.774044795784,228.9,128.72325634416,67.129,29.448788451624,0.473,92.8000564883,35.9231998558599,106.0,122.0,0.865,106.342000,1.18,Final,,
2014-08-01,Premium Petrol 95R,225.774044795784,228.9,128.72325634416,67.129,29.448788451624,0.473,91.7222353381036,37.0010210060564,105.0,123.0,0.852,105.708000,3.53,Final,,
2014-08-08,Premium Petrol 95R,224.059759081498,227.185714285714,127.232573114346,67.129,29.2251859671519,0.473,89.5018442462842,37.7307288680621,103.0,122.0,0.848,103.600000,1.35,Final,,
2014-08-15,Premium Petrol 95R,223.774044795784,226.9,126.984125909377,67.129,29.1879188864066,0.473,89.5288576652658,37.4552682441115,102.0,121.0,0.846,101.940000,2.34,Final,,
2014-08-22,Premium Petrol 95R,222.059759081498,225.185714285714,125.493442679564,67.129,28.9643164019345,0.473,89.054050802332,36.4393918772317,100.0,118.0,0.843,99.880000,0.91,Final,,
2014-08-29,Premium Petrol 95R,221.774044795784,224.9,125.244995474595,67.129,28.9270493211892,0.473,91.5886030433645,33.6563924312302,101.0,120.0,0.835,100.644000,0.72,Final,,
2014-09-05,Premium Petrol 95R,223.48833051007,226.614285714286,126.735678704408,67.129,29.1506518056613,0.473,92.0413789069441,34.6942997974643,100.0,120.0,0.834,100.452500,1.70,Final,,
2014-09-12,Premium Petrol 95R,223.774044795784,226.9,126.984125909377,67.129,29.1879188864066,0.473,91.6519236044152,35.3322023049621,96.0,117.0,0.825,97.320000,3.27,Final,,
2014-09-19,Premium Petrol 95R,223.774044795784,226.9,126.984125909377,67.129,29.1879188864066,0.473,92.1240597898523,34.860066119525,96.0,118.0,0.815,97.018000,1.27,Final,,
2014-09-26,Premium Petrol 95R,223.774044795784,226.9,126.984125909377,67.129,29.1879188864066,0.473,92.736078503156,34.2480474062213,94.0,117.0,0.807,95.010000,0.84,Final,,
2014-10-03,Premium Petrol 95R,226.160690758517,228.9,129.059470224797,67.129,29.4992205337196,0.473,94.8665781185622,34.192892106235,93.0,119.0,0.782,93.406000,4.90,Final,,
2014-10-10,Premium Petrol 95R,226.31534914361,228.9,129.193955777052,67.129,29.5193933665578,0.473,91.9100584755513,37.2838973015009,89.0,114.0,0.783,90.186000,2.24,Final,,
2014-10-17,Premium Petrol 95R,221.458206286467,224.042857142857,124.97035329258,67.129,28.885852993887,0.473,86.2794825869471,38.690870705633,85.0,108.0,0.789,85.498000,3.80,Final,,
2014-10-24,Premium Petrol 95R,219.029634857896,221.614285714286,122.858552050344,67.129,28.5690828075516,0.473,84.2591863475929,38.5993657027512,84.0,106.0,0.791,85.582000,1.96,Final,,
2014-10-31,Premium Petrol 95R,218.31534914361,220.9,122.237434037922,67.129,28.4759151056883,0.473,86.3472952852777,35.8901387526441,84.0,107.0,0.787,85.558000,2.74,Final,,
2014-11-07,Premium Petrol 95R,216.886777715039,219.471428571429,120.995198013077,67.129,28.2895797019616,0.473,84.0229500911305,36.9722479219465,81.0,104.0,0.775,83.036000,2.82,Final,,
2014-11-14,Premium Petrol 95R,215.172492000753,217.757142857143,119.504514783263,67.129,28.0659772174895,0.473,80.8330825288079,38.6714322544554,77.0,99.0,0.782,79.902000,5.39,Final,,
2014-11-21,Premium Petrol 95R,212.31534914361,214.9,117.020042733574,67.129,27.6933064100361,0.473,77.9339690173648,39.0860737162091,75.0,95.0,0.79,77.622000,2.34,Final,,
2014-11-28,Premium Petrol 95R,211.458206286467,214.042857142857,116.274701118667,67.129,27.5815051678001,0.473,78.7789434365388,37.4957576821283,72.0,92.0,0.786,76.630000,7.73,Final,,
2014-12-05,Premium Petrol 95R,206.029634857896,208.614285714286,111.554204224257,67.129,26.8734306336386,0.473,71.3595441293975,40.1946600948597,68.0,87.0,0.781,69.722000,3.13,Final,,
2014-12-12,Premium Petrol 95R,203.172492000753,205.757142857143,108.967732174568,67.129,26.5007598261852,0.575,67.0873502407468,41.8803819338209,62.0,80.0,0.773,64.078000,4.44,Final,,
2014-12-19,Premium Petrol 95R,198.601063429324,201.185714285714,104.975576895065,67.129,25.9044865342597,0.592,63.2060308757523,41.7695460193122,57.0,74.0,0.776,59.774000,2.28,Final,,
2014-12-26,Premium Petrol 95R,196.601063429324,199.185714285714,103.236446460282,67.129,25.6436169690423,0.592,64.4633456797156,38.7731007805664,56.0,73.0,0.773,58.692500,0.76,Final,,
2015-01-02,Premium Petrol 95R,195.290849488676,198.4,102.097129990153,67.129,25.4727194985229,0.592,60.473503176691,41.6236268134617,54.0,69.0,0.779,56.027500,2.59,Final,,
2015-01-09,Premium Petrol 95R,188.968903318903,192.471428571429,96.5997854946986,67.129,24.6481178242048,0.592,55.1455773362225,41.4542081584761,47.0,61.0,0.775,49.466000,3.44,Final,,
2015-01-16,Premium Petrol 95R,179.11176046176,182.614285714286,88.02835692327,67.129,23.3624035384905,0.592,51.5694630825953,36.4588938406747,44.0,56.0,0.778,46.578000,2.53,Final,,
2015-01-23,Premium Petrol 95R,177.397474747475,180.9,86.5376736934563,67.129,23.1388010540185,0.592,53.7422229686493,32.795450724807,44.0,58.0,0.765,46.442500,0.60,Final,,
2015-01-30,Premium Petrol 95R,177.397474747475,180.9,86.5376736934563,67.129,23.1388010540185,0.592,55.9259991065265,30.6116745869298,45.0,60.0,0.738,46.764000,1.45,Final,,
2015-02-06,Premium Petrol 95R,185.254617604618,188.757142857143,93.3699718301023,67.129,24.1636457745153,0.592,64.5356657327396,28.8343060973627,54.0,74.0,0.732,54.616000,4.24,Final,,
2015-02-13,Premium Petrol 95R,190.826046176046,194.328571428571,98.2146923269967,67.129,24.8903538490495,0.592,66.8376636346907,31.377028692306,55.0,75.0,0.739,56.566000,6.85,Final,,
2015-02-20,Premium Petrol 95R,196.826046176046,200.328571428571,103.432083631345,67.129,25.6729625447017,0.592,68.2308140460865,35.201269585258,58.0,77.0,0.752,60.568000,2.79,Final,,
2015-02-27,Premium Petrol 95R,197.397474747475,200.9,103.928978041282,67.129,25.7474967061924,0.592,68.7870648403748,35.1419132009076,57.0,76.0,0.753,60.632000,2.12,Final,,
2015-03-06,Premium Petrol 95R,199.11176046176,202.614285714286,105.419661271096,67.129,25.9710991906644,0.592,71.8231444549122,33.5965168161839,58.0,77.0,0.754,60.118000,2.03,Final,,
2015-03-13,Premium Petrol 95R,199.397474747475,202.9,105.668108476065,67.129,26.0083662714098,0.592,71.7822804724609,33.8858280036041,54.0,74.0,0.733,56.508000,3.87,Final,,
2015-03-20,Premium Petrol 95R,199.683189033189,203.185714285714,105.916555681034,67.129,26.0456333521551,0.592,68.4322021710228,37.4843535100111,51.0,70.0,0.738,52.720000,1.88,Final,,
2015-03-27,Premium Petrol 95R,197.683189033189,201.185714285714,104.177425246251,67.129,25.7847637869377,0.592,68.7552643670424,35.4221608792089,54.0,71.0,0.762,55.014000,3.41,Final,,
2015-04-03,Premium Petrol 95R,196.566801452516,200.9,103.20665343697,67.129,25.6391480155455,0.592,67.4981709197562,35.708482517214,53.0,71.0,0.75,54.785000,2.04,Final,,
2015-04-10,Premium Petrol 95R,196.234532134532,200.9,102.917723595245,67.129,25.5958085392868,0.592,66.2473494725953,36.67037412265,56.0,74.0,0.754,56.512000,1.82,Final,,
2015-04-17,Premium Petrol 95R,197.520246420246,202.185714285714,104.035736017606,67.129,25.7635104026408,0.592,70.6472644385629,33.3884715790427,59.0,78.0,0.755,59.118000,4.17,Final,,
2015-04-24,Premium Petrol 95R,202.663103563104,207.328571428571,108.507785707047,67.129,26.434317856057,0.592,71.7984808479354,36.7093048591112,61.0,80.0,0.765,61.412000,2.84,Final,,
2015-05-01,Premium Petrol 95R,206.234532134532,210.9,111.613375769158,67.129,26.9001563653738,0.592,74.7597128283849,36.8536629407734,62.0,82.0,0.764,63.494000,1.52,Final,,
2015-05-08,Premium Petrol 95R,211.234532134532,215.9,115.961201856115,67.129,27.5523302784172,0.592,77.4262583681178,38.5349434879971,65.0,87.0,0.749,65.006000,2.40,Final,,
2015-05-15,Premium Petrol 95R,210.234532134532,214.9,115.091636638724,67.129,27.4218954958085,0.592,78.7349223966064,36.3567142421172,64.0,86.0,0.743,64.902000,3.51,Final,,
2015-05-22,Premium Petrol 95R,208.234532134532,212.9,113.352506203941,67.129,27.1610259305911,0.592,80.5820972713164,32.7704089326246,63.0,85.0,0.737,64.310000,1.67,Final,,
2015-05-29,Premium Petrol 95R,208.234532134532,212.9,113.352506203941,67.129,27.1610259305911,0.592,79.5975482428331,33.7549579611078,61.0,85.0,0.725,61.570000,3.04,Final,,
2015-06-05,Premium Petrol 95R,209.948817848818,214.614285714286,114.843189433755,67.129,27.3846284150632,0.592,80.7594165685145,34.0837728652401,62.0,86.0,0.714,61.898000,2.80,Final,,
2015-06-12,Premium Petrol 95R,210.520246420246,215.185714285714,115.340083843693,67.129,27.4591625765539,0.592,84.5792619265457,30.7608219171468,62.0,88.0,0.707,63.238000,3.35,Final,,
2015-06-19,Premium Petrol 95R,213.948817848818,218.614285714286,118.32145030332,67.129,27.906367545498,0.592,85.6877645096824,32.6336857936374,62.0,88.0,0.696,60.654000,1.96,Final,,
2015-06-26,Premium Petrol 95R,215.234532134532,219.9,119.43946272568,67.129,28.074069408852,0.592,83.0669681041031,36.372494621577,61.0,88.0,0.689,60.844000,1.53,Final,,
2015-07-03,Premium Petrol 95R,216.149401426731,219.9,120.235001240635,67.129,28.1934001860953,0.592,81.9546142689704,38.2803869716649,61.0,90.0,0.677,60.356000,2.70,Final,,
2015-07-10,Premium Petrol 95R,215.372492000753,218.757142857143,119.559427826742,67.129,28.0920641740112,0.592,80.9007884750824,38.6586393516592,57.0,85.0,0.67,56.632000,3.11,Final,,
2015-07-17,Premium Petrol 95R,214.51534914361,217.9,118.814086211835,67.129,27.9802629317752,0.592,81.1098789654975,37.7042072463373,57.0,86.0,0.664,57.172000,1.25,Final,,
2015-07-24,Premium Petrol 95R,214.51534914361,217.9,118.814086211835,67.129,27.9802629317752,0.592,80.2665683467889,38.5475178650459,55.0,84.0,0.659,55.754000,2.13,Final,,
2015-07-31,Premium Petrol 95R,211.943920572181,215.328571428571,116.578061367114,67.129,27.6448592050671,0.592,77.979688990968,38.5983723761463,54.0,81.0,0.663,54.136000,1.44,Final,,
2015-08-07,Premium Petrol 95R,210.372492000753,213.757142857143,115.211601739785,67.129,27.4398902609678,0.592,77.9265396692868,37.2850620704982,50.0,76.0,0.655,48.590000,1.95,Final,,
2015-08-14,Premium Petrol 95R,209.51534914361,212.9,114.466260124878,67.129,27.3280890187317,0.592,76.5571228956144,37.9091372292639,49.0,75.0,0.657,47.944000,0.97,Final,,
2015-08-21,Premium Petrol 95R,208.086777715039,211.471428571429,113.224024100034,67.129,27.141753615005,0.592,71.2807984037831,41.9432256962505,47.0,71.0,0.659,45.998000,3.93,Final,,
2015-08-28,Premium Petrol 95R,202.51534914361,205.9,108.379303603139,67.129,26.4150455404709,0.592,65.8212142359217,42.5580893672175,44.0,68.0,0.652,43.528000,6.38,Final,,
2015-09-04,Premium Petrol 95R,205.372492000753,208.757142857143,110.863775652829,67.129,26.7877163479243,0.592,73.5635590313281,37.3002166215005,48.0,75.0,0.638,48.867500,2.74,Final,,
2015-09-11,Premium Petrol 95R,207.658206286467,211.042857142857,112.85135329258,67.129,27.085852993887,0.592,74.7022668226735,38.1490864699066,46.0,73.0,0.631,47.596000,2.46,Final,,
2015-09-18,Premium Petrol 95R,208.51534914361,211.9,113.596694907487,67.129,27.197654236123,0.592,72.363655917846,41.233038989641,44.0,70.0,0.634,47.336000,3.48,Final,,
2015-09-25,Premium Petrol 95R,208.51534914361,211.9,113.596694907487,67.129,27.197654236123,0.592,73.7131961003852,39.8834988071018,44.0,70.0,0.632,47.334000,1.31,Final,,
2015-10-02,Premium Petrol 95R,207.612243553548,211.9,112.811385698737,67.129,27.0798578548106,0.592,73.3748221294752,39.4365635692621,44.0,69.0,0.637,46.988000,1.54,Final,,
2015-10-09,Premium Petrol 95R,206.934914361001,211.9,112.222403792175,67.129,26.9915105688263,0.592,71.8448365600268,40.3775672321483,49.0,74.0,0.655,51.332000,2.68,Final,,
2015-10-16,Premium Petrol 95R,204.077771503858,209.042857142857,109.737931742486,67.129,26.6188397613728,0.592,68.2483316122903,41.4896001301953,47.0,69.0,0.673,48.994000,3.08,Final,,
2015-10-23,Premium Petrol 95R,200.077771503858,205.042857142857,106.25967087292,67.129,26.0971006309381,0.592,64.2231721326668,42.0364987402536,44.0,65.0,0.678,46.810000,1.21,Final,,
2015-10-30,Premium Petrol 95R,198.934914361001,203.9,105.265882053045,67.129,25.9480323079567,0.592,64.7934452153202,40.4724368377244,44.0,66.0,0.673,47.150000,2.50,Final,,
2015-11-06,Premium Petrol 95R,198.934914361001,203.9,105.029882053045,67.129,25.9480323079567,0.828,65.5469603707087,39.4829216823359,45.0,68.0,0.667,47.230000,1.91,Final,,
2015-11-13,Premium Petrol 95R,198.934914361001,203.9,105.029882053045,67.129,25.9480323079567,0.828,65.1180498771688,39.9118321758758,42.0,64.0,0.654,44.752000,4.46,Final,,
2015-11-20,Premium Petrol 95R,197.220628646716,202.185714285714,103.539198823231,67.129,25.7244298234846,0.828,62.9936263098187,40.5455725134123,39.0,60.0,0.651,41.544000,2.21,Final,,
2015-11-27,Premium Petrol 95R,196.934914361001,201.9,103.290751618262,67.129,25.6871627427393,0.828,63.8603612338689,39.4303903843931,40.0,61.0,0.655,43.652000,1.31,Final,,
2015-12-04,Premium Petrol 95R,196.934914361001,201.9,103.138180189691,67.129,25.6871627427393,0.980571428571429,62.744440315228,40.3937398744626,39.0,60.0,0.662,42.412000,2.29,Final,,
2015-12-11,Premium Petrol 95R,191.792057218144,196.757142857143,98.640701928821,67.129,25.0163552893232,1.006,59.9570813192204,38.6836206096006,35.0,52.0,0.67,38.762000,2.70,Final,,
2015-12-18,Premium Petrol 95R,189.649200075287,194.614285714286,96.7773478915539,67.129,24.7368521837331,1.006,59.9217774495505,36.8555704420034,33.0,49.0,0.674,36.836000,1.37,Final,,
2015-12-25,Premium Petrol 95R,187.934914361001,192.9,95.2866646617403,67.129,24.513249699261,1.006,57.8769719039387,37.4096927578016,32.0,47.0,0.678,35.902500,1.96,Final,,
2016-01-01,Premium Petrol 95R,187.48451507085,192.9,94.8950131050874,67.129,24.4545019657631,1.006,57.9900146517061,36.9049984533812,32.0,46.0,0.686,36.547500,1.43,Final,,
2016-01-08,Premium Petrol 95R,186.883982683983,192.9,94.3728110295502,67.129,24.3761716544325,1.006,58.0278329497517,36.3449780797984,30.0,46.0,0.668,34.194000,4.61,Final,,
2016-01-15,Premium Petrol 95R,185.455411255411,191.471428571429,93.1305750047055,67.129,24.1898362507058,1.006,55.6092854980947,37.5212895066108,26.0,40.0,0.652,29.100000,1.56,Final,,
2016-01-22,Premium Petrol 95R,182.741125541126,188.757142857143,90.7703265575005,67.129,23.8357989836251,1.006,53.6472068640977,37.1231196934028,24.0,37.0,0.645,27.756000,4.45,Final,,
2016-01-29,Premium Petrol 95R,183.169696969697,189.185714285714,91.1429973649539,67.129,23.8916996047431,1.006,54.5480320486575,36.5949653162964,28.0,43.0,0.647,31.748000,3.32,Final,,
2016-02-05,Premium Petrol 95R,184.883982683983,190.9,92.6336805947676,67.129,24.1153020892151,1.006,50.890415264818,41.7432653299496,30.0,46.0,0.659,32.184000,1.78,Final,,
2016-02-12,Premium Petrol 95R,179.312554112554,185.328571428571,87.7889600978731,67.129,23.388594014681,1.006,44.9291107421237,42.8598493557495,27.0,41.0,0.666,30.410000,2.98,Final,,
2016-02-19,Premium Petrol 95R,175.883982683983,181.9,84.8075936382458,67.129,22.9413890457369,1.006,48.5791430826002,36.2284505556456,30.0,45.0,0.663,32.290000,2.12,Final,,
2016-02-26,Premium Petrol 95R,175.883982683983,181.9,84.8075936382458,67.129,22.9413890457369,1.006,48.841265848973,35.9663277892729,30.0,45.0,0.668,33.116000,4.26,Final,,
2016-03-04,Premium Petrol 95R,178.883982683983,184.9,87.4162892904197,67.129,23.332693393563,1.006,51.8590404312987,35.557248859121,32.0,48.0,0.664,36.278000,1.88,Final,,
2016-03-11,Premium Petrol 95R,182.312554112554,188.328571428571,90.3976557500471,67.129,23.7798983625071,1.006,56.602871255507,33.79478449454,35.0,53.0,0.673,39.296000,1.63,Final,,
2016-03-18,Premium Petrol 95R,188.883982683983,194.9,96.1119414643328,67.129,24.6370412196499,1.006,56.7795346328549,39.3324068314778,36.0,53.0,0.672,38.496000,1.80,Final,,
2016-03-25,Premium Petrol 95R,188.883982683983,194.9,95.8582271786185,67.129,24.6370412196499,1.25971428571429,57.7475258556908,38.1107013229277,37.0,55.0,0.675,39.405000,2.21,Final,,
2016-04-01,Premium Petrol 95R,188.430450501879,194.9,95.4215656538079,67.129,24.5778848480712,1.302,56.3137271032963,39.1078385505116,35.0,51.0,0.686,37.000000,1.91,Final,,
2016-04-08,Premium Petrol 95R,186.111455211455,193.185714285714,93.405048009961,67.129,24.2754072014942,1.302,54.2336565929339,39.1713914170271,35.0,51.0,0.682,37.512000,4.83,Final,,
2016-04-15,Premium Petrol 95R,189.682883782884,196.757142857143,96.5106380720728,67.129,24.7412457108109,1.302,57.0853672833311,39.4252707887418,40.0,58.0,0.687,42.350000,1.70,Final,,
2016-04-22,Premium Petrol 95R,189.39716949717,196.471428571429,96.0251908671039,67.129,24.7039786300656,1.539,55.1466581970864,40.8785326700175,40.0,58.0,0.696,43.040000,2.33,Final,,
2016-04-29,Premium Petrol 95R,190.254312354312,197.328571428571,96.7705324820107,67.129,24.8157798723016,1.539,59.064986281849,37.7055462001617,42.0,61.0,0.691,44.464000,2.67,Final,,
2016-05-06,Premium Petrol 95R,190.825740925741,197.9,97.0482840348058,67.129,24.8903140337923,1.75814285714286,57.6214326483327,39.4268513864731,42.0,61.0,0.694,44.196000,2.74,Final,,
2016-05-13,Premium Petrol 95R,192.540026640027,199.614285714286,98.5221101217623,67.129,25.1139165182643,1.775,59.322387233742,39.1997228880203,43.0,63.0,0.68,45.200000,4.62,Final,,
2016-05-20,Premium Petrol 95R,195.111455211455,202.185714285714,100.758134966483,67.129,25.4493202449724,1.775,62.8766577712384,37.8814771952443,46.0,67.0,0.677,48.336000,1.92,Final,,
2016-05-27,Premium Petrol 95R,198.111455211455,205.185714285714,103.366830618657,67.129,25.8406245927985,1.775,63.8118428019614,39.5549878166952,46.0,68.0,0.674,48.734000,1.75,Final,,
2016-06-03,Premium Petrol 95R,199.825740925741,206.9,104.85751384847,67.129,26.0642270772706,1.775,62.9790317320422,41.8784821164282,46.0,68.0,0.677,48.905000,0.76,Final,,
2016-06-10,Premium Petrol 95R,197.682883782884,204.757142857143,102.994159811203,67.129,25.7847239716805,1.775,60.4517305509007,42.5424292603026,48.0,68.0,0.703,49.944000,1.79,Final,,
2016-06-17,Premium Petrol 95R,195.540026640027,202.614285714286,101.130805773936,67.129,25.5052208660904,1.775,57.833448586859,43.2973571870772,46.0,65.0,0.704,47.388000,3.70,Final,,
2016-06-24,Premium Petrol 95R,192.111455211455,199.185714285714,97.8451536000231,67.129,25.0580158971463,2.07928571428571,58.5096660313428,39.3354875686803,46.0,65.0,0.714,48.122000,1.99,Final,,
2016-07-01,Premium Petrol 95R,193.191784199238,198.9,98.6674272539954,67.1954285714286,25.1989283738136,2.13,57.0658670495468,41.6015602044487,45.0,64.0,0.708,47.092000,3.33,Final,,
2016-07-08,Premium Petrol 95R,193.298889516281,197.185714285714,98.6719908837224,67.284,25.2128986325584,2.13,53.813455407941,44.8585354757814,44.0,61.0,0.718,45.964000,3.49,Final,,
2016-07-15,Premium Petrol 95R,187.013175230567,190.9,93.2061523744057,67.284,24.3930228561609,2.13,51.0278762060699,42.1782761683358,43.0,59.0,0.725,45.538000,2.68,Final,,
2016-07-22,Premium Petrol 95R,187.013175230567,190.9,93.2061523744057,67.284,24.3930228561609,2.13,52.6966091492185,40.5095432251871,42.0,60.0,0.702,45.220000,1.58,Final,,
2016-07-29,Premium Petrol 95R,182.727460944852,186.614285714286,89.4794442998715,67.284,23.8340166449807,2.13,50.3514799483339,39.1279643515376,40.0,57.0,0.704,42.546000,3.00,Final,,
2016-08-05,Premium Petrol 95R,181.013175230567,184.9,87.9887610700578,67.284,23.6104141605087,2.13,48.7318439530641,39.2569171169937,39.0,55.0,0.719,40.884000,2.47,Final,,
2016-08-12,Premium Petrol 95R,182.584603801995,186.471428571429,89.3552206973871,67.284,23.8153831046081,2.13,50.6757504917978,38.6794702055893,42.0,59.0,0.719,43.630000,2.93,Final,,
2016-08-19,Premium Petrol 95R,188.156032373424,192.042857142857,94.1999411942815,67.284,24.5420911791422,2.13,54.8652819457201,39.3346592485614,46.0,64.0,0.725,48.602000,2.15,Final,,
2016-08-26,Premium Petrol 95R,191.584603801995,195.471428571429,97.1813076539088,67.284,24.9892961480863,2.13,55.7928776521791,41.3884300017297,46.0,63.0,0.729,48.654000,2.10,Final,,
2016-09-02,Premium Petrol 95R,193.441746659138,197.328571428571,98.7962144862069,67.284,25.231532172931,2.13,56.0869404330152,42.7092740531917,43.0,60.0,0.725,47.310000,4.61,Final,,
2016-09-09,Premium Petrol 95R,192.013175230567,195.9,97.5539784613622,67.284,25.0451967692043,2.13,55.7313247991221,41.8226536622401,44.0,60.0,0.738,47.506000,3.02,Final,,
2016-09-16,Premium Petrol 95R,192.013175230567,195.9,97.5539784613622,67.284,25.0451967692043,2.13,56.0079436551235,41.5460348062387,43.0,59.0,0.73,46.208000,2.56,Final,,
2016-09-23,Premium Petrol 95R,192.013175230567,195.9,97.5539784613622,67.284,25.0451967692043,2.13,55.8800231887915,41.6739552725707,44.0,60.0,0.731,46.238000,1.97,Final,,
2016-09-30,Premium Petrol 95R,191.077771503858,195.9,96.7405839163986,67.284,24.9231875874598,2.13,56.8992190512649,39.8413648651337,44.0,61.0,0.726,46.744000,3.48,Final,,
2016-10-07,Premium Petrol 95R,191.596405044231,198.757142857143,97.1915696036792,67.284,24.9908354405519,2.13,59.3855936586418,37.8059759450374,49.0,68.0,0.721,49.524000,1.88,Final,,
2016-10-14,Premium Petrol 95R,195.453547901374,202.614285714286,100.54560687076,67.284,25.493941030614,2.13,61.6644536308289,38.8811532399311,49.0,70.0,0.71,49.942000,2.67,Final,,
2016-10-21,Premium Petrol 95R,199.453547901374,206.614285714286,104.023867740325,67.284,26.0156801610488,2.13,62.3765774226315,41.6472903176937,49.0,68.0,0.719,50.334000,2.54,Final,,
2016-10-28,Premium Petrol 95R,199.739262187088,206.9,104.272314945294,67.284,26.0529472417941,2.13,63.0028955651778,41.2694193801163,48.0,67.0,0.714,48.954000,2.02,Final,,
2016-11-04,Premium Petrol 95R,198.596405044231,205.757142857143,103.278526125418,67.284,25.9038789188128,2.13,59.0255423997794,44.252983725639,44.0,60.0,0.723,44.626000,3.14,Final,,
2016-11-11,Premium Petrol 95R,192.596405044231,199.757142857143,98.0611348210705,67.284,25.1212702231606,2.13,55.9234165152798,42.1377183057907,42.0,58.0,0.731,43.092000,2.27,Final,,
2016-11-18,Premium Petrol 95R,189.739262187088,196.9,95.5766627713811,67.284,24.7485994157072,2.13,56.7842654640709,38.7923973073102,43.0,61.0,0.709,44.006000,3.24,Final,,
2016-11-25,Premium Petrol 95R,192.310690758517,199.471428571429,97.8126876161016,67.284,25.0840031424152,2.13,60.45022449992,37.3624631161816,46.0,65.0,0.703,46.492000,1.58,Final,,
2016-12-02,Premium Petrol 95R,193.882119329945,201.042857142857,99.1791472434308,67.284,25.2889720865146,2.13,59.8679606545303,39.3111865889005,48.0,67.0,0.709,48.780000,7.67,Final,,
2016-12-09,Premium Petrol 95R,198.882119329945,206.042857142857,103.526973330387,67.284,25.9411459995581,2.13,63.4569700395594,40.0700032908279,51.0,72.0,0.715,52.260000,1.70,Final,,
2016-12-16,Premium Petrol 95R,201.882119329945,209.042857142857,106.135668982561,67.284,26.3324503473842,2.13,65.1853276297109,40.9503413528503,52.0,73.0,0.713,53.258000,2.43,Final,,
2016-12-23,Premium Petrol 95R,203.882119329945,211.042857142857,107.874799417344,67.284,26.5933199126016,2.13,68.5702485627011,39.3045508546427,52.0,75.0,0.693,53.814000,1.55,Final,,
2016-12-30,Premium Petrol 95R,204.326943346509,211.9,108.261602910007,67.284,26.6513404365011,2.13,70.5397167244888,37.7218861855187,54.0,77.0,0.693,54.960000,0.02,Final,,
2017-01-06,Premium Petrol 95R,204.210173160173,214.257142857143,108.160063617542,67.284,26.6361095426313,2.13,69.9948149997869,38.1652486177549,54.0,78.0,0.697,55.127500,1.33,Final,,
2017-01-13,Premium Petrol 95R,204.85303030303,214.9,108.719069828722,67.284,26.7199604743083,2.13,68.1836909226397,40.5353789060823,53.0,76.0,0.702,54.016000,1.31,Final,,
2017-01-20,Premium Petrol 95R,207.424458874459,217.471428571429,110.955094673442,67.284,27.0553642010164,2.13,67.6313190705891,43.3237756028534,53.0,75.0,0.715,54.194000,1.86,Final,,
2017-01-27,Premium Petrol 95R,207.85303030303,217.9,111.327765480896,67.284,27.1112648221344,2.13,66.5767924701324,44.7509730107635,54.0,74.0,0.724,54.906000,1.55,Final,,
2017-02-03,Premium Petrol 95R,207.85303030303,217.9,110.813336909467,67.284,27.1112648221344,2.64442857142857,67.072747043393,43.7405898660743,55.0,75.0,0.729,55.534000,1.17,Final,,
2017-02-10,Premium Petrol 95R,206.710173160173,216.757142857143,109.77997666102,67.284,26.962196499153,2.684,67.3230042722417,42.4569723887784,54.0,75.0,0.726,54.482000,1.41,Final,,
2017-02-17,Premium Petrol 95R,205.85303030303,215.9,109.034635046113,67.284,26.850395256917,2.684,67.8952896984525,41.1393453476608,54.0,75.0,0.72,54.464000,0.81,Final,,
2017-02-24,Premium Petrol 95R,205.85303030303,215.9,109.034635046113,67.284,26.850395256917,2.684,65.9935101363843,43.041124909729,55.0,76.0,0.718,55.400000,1.65,Final,,
2017-03-03,Premium Petrol 95R,205.85303030303,215.9,109.034635046113,67.284,26.850395256917,2.684,64.7287353269194,44.3058997191939,55.0,76.0,0.715,54.402000,2.36,Final,,
2017-03-10,Premium Petrol 95R,205.85303030303,215.9,109.034635046113,67.284,26.850395256917,2.684,65.5706428311037,43.4639922150096,53.0,76.0,0.696,52.784000,4.10,Final,,
2017-03-17,Premium Petrol 95R,204.138744588745,214.185714285714,107.5439518163,67.284,26.6267927724449,2.684,63.0556150008828,44.4883368154168,50.0,72.0,0.696,50.294000,1.03,Final,,
2017-03-24,Premium Petrol 95R,202.85303030303,212.9,106.425939393939,67.284,26.4590909090909,2.684,62.5858889671127,43.8400504268267,49.0,70.0,0.704,50.102000,1.11,Final,,
2017-03-31,Premium Petrol 95R,203.333773369488,212.9,106.843976843033,67.284,26.5217965264549,2.684,64.0596940961628,42.7842827468699,50.0,72.0,0.702,51.330000,2.13,Final,,
2017-04-07,Premium Petrol 95R,204.535631035631,212.9,107.889070465766,67.284,26.6785605698649,2.684,67.5409232016652,40.3481472641009,52.0,75.0,0.698,53.278000,2.20,Final,,
2017-04-14,Premium Petrol 95R,206.535631035631,214.9,109.628200900549,67.284,26.9394301350823,2.684,69.1240701895558,40.5041307109929,54.0,78.0,0.696,54.830000,0.32,Final,,
2017-04-21,Premium Petrol 95R,206.535631035631,214.9,109.628200900549,67.284,26.9394301350823,2.684,67.5056621648347,42.1225387357141,52.0,74.0,0.702,52.082000,4.86,Final,,
2017-04-28,Premium Petrol 95R,206.535631035631,214.9,109.628200900549,67.284,26.9394301350823,2.684,65.5337313360669,44.0944695644818,50.0,72.0,0.694,49.546000,0.62,Final,,
2017-05-05,Premium Petrol 95R,206.535631035631,214.9,109.628200900549,67.284,26.9394301350823,2.684,62.9819576630206,46.6462432375281,49.0,71.0,0.69,48.704000,2.96,Final,,
2017-05-12,Premium Petrol 95R,202.535631035631,210.9,106.149940030984,67.284,26.4176910046475,2.684,64.0133359596102,42.1366040713733,49.0,71.0,0.688,48.004000,2.57,Final,,
2017-05-19,Premium Petrol 95R,202.535631035631,210.9,106.149940030984,67.284,26.4176910046475,2.684,65.6796046216735,40.47033540931,51.0,74.0,0.69,51.750000,1.57,Final,,
2017-05-26,Premium Petrol 95R,202.535631035631,210.9,106.149940030984,67.284,26.4176910046475,2.684,65.5423294498713,40.6076105811122,52.0,74.0,0.7,52.584000,2.51,Final,,
2017-06-02,Premium Petrol 95R,202.535631035631,210.9,106.149940030984,67.284,26.4176910046475,2.684,63.302727395071,42.8472126359125,49.0,70.0,0.707,50.234000,3.79,Final,,
2017-06-09,Premium Petrol 95R,202.535631035631,210.9,106.149940030984,67.284,26.4176910046475,2.684,60.0851659033651,46.0647741276184,47.0,66.0,0.718,47.276000,1.95,Final,,
2017-06-16,Premium Petrol 95R,195.821345321345,204.185714285714,100.311430714213,67.284,25.541914607132,2.684,57.6682854914194,42.6431452227939,46.0,64.0,0.722,46.182000,1.71,Final,,
2017-06-23,Premium Petrol 95R,188.249916749917,196.614285714286,93.7275797825363,67.284,24.5543369673805,2.684,56.0047259476306,37.7228538349057,45.0,61.0,0.725,44.626000,1.95,Final,,
2017-06-30,Premium Petrol 95R,186.775177824246,194.9,92.6737695366116,67.0554285714286,24.361979716206,2.684,56.7886081609395,35.885161375672,46.0,63.0,0.73,46.162000,2.99,Final,,
2017-07-07,Premium Petrol 95R,187.374044795784,194.9,93.7659519963339,66.484,24.4400927994501,2.684,58.5339638583832,35.2319881379506,47.0,65.0,0.729,48.172000,2.68,Final,,
2017-07-14,Premium Petrol 95R,187.374044795784,194.9,93.7659519963339,66.484,24.4400927994501,2.684,58.1372994946467,35.6286525016871,47.0,64.0,0.726,47.104000,1.32,Final,,
2017-07-21,Premium Petrol 95R,187.374044795784,194.9,93.7659519963339,66.484,24.4400927994501,2.684,59.6205125462821,34.1454394500518,48.0,65.0,0.735,47.986000,1.07,Final,,
2017-07-28,Premium Petrol 95R,189.374044795784,196.9,95.5050824311165,66.484,24.7009623646675,2.684,59.1415125937853,36.3635698373312,49.0,66.0,0.746,49.950000,4.19,Final,,
2017-08-04,Premium Petrol 95R,192.802616224355,200.328571428571,98.4864488907438,66.484,25.1481673336116,2.684,61.9076692650216,36.5787796257222,51.0,68.0,0.746,52.042000,2.11,Final,,
2017-08-11,Premium Petrol 95R,196.659759081498,204.185714285714,101.840486157825,66.484,25.6512729236737,2.684,63.9591416021353,37.8813445556892,51.0,69.0,0.734,51.964000,1.17,Final,,
2017-08-18,Premium Petrol 95R,198.374044795784,205.9,103.331169387638,66.484,25.8748754081457,2.684,64.1844452135343,39.1467241741039,49.0,68.0,0.729,50.582000,1.39,Final,,
2017-08-25,Premium Petrol 95R,199.516901938641,207.042857142857,104.324958207514,66.484,26.0239437311271,2.684,65.0873244122137,39.2376337953003,50.0,69.0,0.726,52.028000,0.58,Final,,
2017-09-01,Premium Petrol 95R,202.516901938641,210.042857142857,106.933653859688,66.484,26.4152480789532,2.684,66.7076990126802,40.2259548470077,50.0,70.0,0.722,52.252000,1.51,Final,,
2017-09-08,Premium Petrol 95R,205.516901938641,213.042857142857,109.340920940433,66.484,26.8065524267793,2.88542857142857,68.0252070912675,41.3157138491657,52.0,73.0,0.721,53.884000,1.95,Final,,
2017-09-15,Premium Petrol 95R,206.374044795784,213.9,110.052691126769,66.484,26.9183536690153,2.919,68.0423927808724,42.0102983458963,53.0,74.0,0.725,55.544000,2.56,Final,,
2017-09-22,Premium Petrol 95R,206.374044795784,213.9,110.052691126769,66.484,26.9183536690153,2.919,67.389931609481,42.6627595172877,54.0,74.0,0.731,57.034000,2.66,Final,,
2017-09-29,Premium Petrol 95R,206.152926783362,213.9,109.860414594227,66.484,26.8895121891341,2.919,68.3012356606491,41.5591789335783,56.0,77.0,0.724,58.750000,2.75,Final,,
2017-10-06,Premium Petrol 95R,204.826218708827,213.9,108.70675539898,66.484,26.7164633098471,2.919,67.2699591076062,41.4367962913741,54.0,76.0,0.717,56.076000,1.59,Final,,
2017-10-13,Premium Petrol 95R,203.397647280256,212.471428571429,107.464519374136,66.484,26.5301279061203,2.919,68.0342866743189,39.4302326998167,55.0,77.0,0.709,56.206000,1.57,Final,,
2017-10-20,Premium Petrol 95R,202.826218708827,211.9,106.967624964198,66.484,26.4555937446297,2.919,68.9691545649355,37.9984703992623,56.0,78.0,0.714,57.776000,0.56,Final,,
2017-10-27,Premium Petrol 95R,202.826218708827,211.9,106.967624964198,66.484,26.4555937446297,2.919,71.3528793899757,35.614745574222,57.0,82.0,0.69,58.576000,2.46,Final,,
2017-11-03,Premium Petrol 95R,207.68336156597,216.757142857143,111.19122744867,66.484,27.0891341173005,2.919,74.1078652637531,37.0833621849167,59.0,85.0,0.689,61.038000,0.77,Final,,
2017-11-10,Premium Petrol 95R,211.969075851685,221.042857142857,114.917935523204,66.484,27.6481403284806,2.919,76.5914765352147,38.3264589879893,62.0,89.0,0.693,64.286000,0.53,Final,,
2017-11-17,Premium Petrol 95R,212.826218708827,221.9,115.663277138111,66.484,27.7599415707166,2.919,75.8217945337156,39.8414826043952,60.0,88.0,0.688,61.524000,2.03,Final,,
2017-11-24,Premium Petrol 95R,212.826218708827,221.9,115.663277138111,66.484,27.7599415707166,2.919,76.7280878385278,38.935189299583,61.0,89.0,0.684,62.678000,2.24,Final,,
2017-12-01,Premium Petrol 95R,214.826218708827,223.9,117.402407572893,66.484,28.020811135934,2.919,76.6905283367751,40.7118792361182,61.0,89.0,0.687,63.730000,1.32,Final,,
2017-12-08,Premium Petrol 95R,214.826218708827,223.9,117.200121858608,66.484,28.020811135934,3.12128571428571,75.5462465063279,41.6538753522798,60.0,88.0,0.687,63.076000,1.61,Final,,
2017-12-15,Premium Petrol 95R,211.969075851685,221.042857142857,114.681935523204,66.484,27.6481403284806,3.155,75.3474689377621,39.3344665854419,61.0,88.0,0.694,64.354000,1.96,Final,,
2017-12-22,Premium Petrol 95R,210.826218708827,219.9,113.688146703328,66.484,27.4990720054992,3.155,74.0860372866559,39.6021094166722,62.0,88.0,0.7,64.364000,0.95,Final,,
2017-12-29,Premium Petrol 95R,210.826218708827,219.9,113.688146703328,66.484,27.4990720054992,3.155,73.7934833275464,39.8946633757817,63.0,89.0,0.707,66.520000,0.77,Final,,
2018-01-05,Premium Petrol 95R,214.280808080808,219.9,115.775637461572,66.484,27.9496706192358,4.0715,74.4595628109247,41.3160746506476,65.0,91.0,0.711,67.810000,2.08,Final,,
2018-01-12,Premium Petrol 95R,215.137950937951,220.757142857143,116.450479076479,66.484,28.0614718614719,4.142,74.9056064040681,41.544872672411,66.0,92.0,0.719,69.470000,1.88,Final,,
2018-01-19,Premium Petrol 95R,216.280808080808,221.9,117.444267896355,66.484,28.2105401844532,4.142,74.7201880403931,42.7240798559618,66.0,91.0,0.728,69.388000,1.75,Final,,
2018-01-26,Premium Petrol 95R,216.280808080808,221.9,117.444267896355,66.484,28.2105401844532,4.142,75.1724868443697,42.2717810519852,67.0,92.0,0.733,70.040000,1.76,Final,,
2018-02-02,Premium Petrol 95R,216.280808080808,221.9,117.444267896355,66.484,28.2105401844532,4.142,76.2297334736477,41.2145344227071,66.0,90.0,0.735,68.004000,1.15,Final,,
2018-02-09,Premium Petrol 95R,215.423665223665,221.042857142857,116.698926281448,66.484,28.0987389422172,4.142,74.4840113369256,42.2149149445224,63.0,86.0,0.727,65.496000,4.65,Final,,
2018-02-16,Premium Petrol 95R,212.423665223665,218.042857142857,114.090230629274,66.484,27.7074345943911,4.142,70.6288069108758,43.4614237183983,60.0,82.0,0.731,62.718000,2.36,Final,,
2018-02-23,Premium Petrol 95R,210.280808080808,215.9,112.226876592007,66.484,27.4279314888011,4.142,71.3227839636576,40.9040926283495,63.0,85.0,0.735,65.520000,2.36,Final,,
2018-03-02,Premium Petrol 95R,210.280808080808,215.9,112.226876592007,66.484,27.4279314888011,4.142,73.3350702643197,38.8918063276873,62.0,86.0,0.726,66.024000,3.73,Final,,
2018-03-09,Premium Petrol 95R,210.280808080808,215.9,112.226876592007,66.484,27.4279314888011,4.142,72.2538472158685,39.9730293761385,62.0,85.0,0.726,65.120000,1.91,Final,,
2018-03-16,Premium Petrol 95R,210.280808080808,215.9,112.226876592007,66.484,27.4279314888011,4.142,71.7367045485489,40.4901720434581,62.0,84.0,0.73,64.138000,1.07,Final,,
2018-03-23,Premium Petrol 95R,210.280808080808,215.9,112.226876592007,66.484,27.4279314888011,4.142,75.3630760635511,36.8638005284559,65.0,90.0,0.722,67.396000,4.21,Final,,
2018-03-30,Premium Petrol 95R,211.772470386756,217.9,113.523974249353,66.484,27.622496137403,4.142,75.3630739118063,38.1609003375468,65.0,89.0,0.725,68.647500,0.89,Final,,
2018-04-06,Premium Petrol 95R,208.722444222444,217.9,110.871777584734,66.484,27.2246666377101,4.142,75.3782407475397,35.4935368371944,65.0,89.0,0.726,67.027500,2.98,Final,,
2018-04-13,Premium Petrol 95R,210.43672993673,219.614285714286,112.362460814548,66.484,27.4482691221822,4.142,75.8564275548971,36.5060332596507,68.0,93.0,0.734,71.244000,4.99,Final,,
2018-04-20,Premium Petrol 95R,211.722444222444,220.9,113.480473236908,66.484,27.6159709855362,4.142,76.6545545403413,36.8259186965667,70.0,95.0,0.732,73.392000,3.14,Final,,
2018-04-27,Premium Petrol 95R,217.722444222444,226.9,118.697864541256,66.484,28.3985796811884,4.142,80.6965324638404,38.0013320774155,71.0,99.0,0.712,74.982000,2.07,Final,,
2018-05-04,Premium Petrol 95R,217.722444222444,226.9,118.697864541256,66.484,28.3985796811884,4.142,80.8744550506473,37.8234094906085,71.0,100.0,0.704,74.422000,2.78,Final,,
2018-05-11,Premium Petrol 95R,221.293872793873,230.471428571429,121.803454603368,66.484,28.8644181905051,4.142,83.8543739594424,37.9490806439252,73.0,105.0,0.698,76.680000,3.44,Final,,
2018-05-18,Premium Petrol 95R,227.43672993673,236.614285714286,127.1450695102,66.484,29.66566042653,4.142,88.2591661860613,38.8859033241387,76.0,110.0,0.691,78.754000,1.92,Final,,
2018-05-25,Premium Petrol 95R,229.722444222444,238.9,129.132647149951,66.484,29.9637970724927,4.142,89.4580688006603,39.6745783492912,76.0,110.0,0.692,78.590000,3.82,Final,,
2018-06-01,Premium Petrol 95R,229.722444222444,238.9,129.132647149951,66.484,29.9637970724927,4.142,85.7736041955001,43.3590429544514,75.0,108.0,0.695,75.347500,1.94,Final,,
2018-06-08,Premium Petrol 95R,225.43672993673,234.614285714286,125.405939075417,66.484,29.4047908613126,4.142,83.1044878284671,42.3014512469502,73.0,104.0,0.703,73.978000,2.32,Final,,
2018-06-15,Premium Petrol 95R,223.722444222444,232.9,123.915255845604,66.484,29.1811883768406,4.142,82.5769977257231,41.3382581198806,74.0,106.0,0.701,74.260000,3.05,Final,,
2018-06-22,Premium Petrol 95R,222.579587079587,231.757142857143,122.921467025728,66.484,29.0321200538592,4.142,80.3018996533413,42.6195673723866,72.0,104.0,0.69,74.116000,2.05,Final,,
2018-06-29,Premium Petrol 95R,222.135974278553,231.167330990001,122.05332685252,66.9663899114394,28.9742575145939,4.142,82.6326611044162,39.4206657481035,75.0,109.0,0.683,75.238000,4.62,Final,,
2018-07-06,Premium Petrol 95R,224.617154615206,232.77131693001,121.316535502712,69.8607293800759,29.2978897324182,4.142,84.9824954452535,36.3340400574583,75.0,110.0,0.676,76.328000,2.11,Final,,
2018-07-13,Premium Petrol 95R,224.617154615206,232.77131693001,121.316535502712,69.8607293800759,29.2978897324182,4.142,84.1881779204067,37.1283575823051,74.0,109.0,0.681,75.290000,5.69,Final,,
2018-07-20,Premium Petrol 95R,224.617154615206,232.77131693001,121.316535502712,69.8607293800759,29.2978897324182,4.142,82.5101391105384,38.8063963921734,71.0,104.0,0.677,71.270000,1.47,Final,,
2018-07-27,Premium Petrol 95R,226.34533366808,234.499495982884,122.819299896515,69.8607293800759,29.5233043914887,4.142,85.0614448016052,37.7578550949101,73.0,107.0,0.681,74.000000,1.39,Final,,
2018-08-03,Premium Petrol 95R,227.641467957735,235.795630272539,123.946373191868,69.8607293800759,29.6923653857916,4.142,84.9712079565335,38.9751652353343,72.0,107.0,0.679,73.372000,2.71,Final,,
2018-08-10,Premium Petrol 95R,229.153624629,237.307786943804,125.261292036446,69.8607293800759,29.8896032124783,4.142,86.4830828880527,38.7782091483932,72.0,108.0,0.67,71.416000,1.96,Final,,
2018-08-17,Premium Petrol 95R,232.681990195284,240.836152510088,127.737436007128,69.8607293800759,30.3498248080806,4.734,88.1291370336646,39.6082989734632,70.0,107.0,0.658,69.824000,2.39,Final,,
2018-08-24,Premium Petrol 95R,232.681990195284,240.836152510088,127.737436007128,69.8607293800759,30.3498248080806,4.734,87.2157621306872,40.5216738764406,72.0,109.0,0.666,72.772000,3.30,Final,,
2018-08-31,Premium Petrol 95R,235.706303537814,243.860465852617,130.367273696284,69.8607293800759,30.744300461454,4.734,89.1510318239227,41.2162418723611,75.0,113.0,0.668,76.076000,2.64,Final,,
2018-09-07,Premium Petrol 95R,237.434482590688,245.588644905491,131.870038090087,69.8607293800759,30.9697151205245,4.734,91.5734319290429,40.2966061610443,75.0,115.0,0.659,76.644000,2.26,Final,,
2018-09-14,Premium Petrol 95R,240.890840696435,249.045003011239,134.875566877694,69.8607293800759,31.4205444386655,4.734,92.8139609150922,42.0616059626018,76.0,117.0,0.654,78.108000,3.25,Final,,
2018-09-21,Premium Petrol 95R,241.754930222872,249.909092537676,135.626949074596,69.8607293800759,31.5332517682007,4.734,92.6453463641151,42.9816027104806,77.0,116.0,0.661,78.966000,1.21,Final,,
2018-09-28,Premium Petrol 95R,243.771139117892,251.925301432696,136.880018691531,70.3608848892447,31.7962355371163,4.734,93.7925220645208,43.0874966270101,80.0,120.0,0.665,81.846000,1.83,Final,,
2018-10-05,Premium Petrol 95R,253.929402950814,258.604149058812,142.712358534711,73.3618179442576,33.1212264718454,4.734,97.5546758925229,45.1576826421886,83.0,127.0,0.656,85.442000,1.13,Final,,
2018-10-12,Premium Petrol 95R,256.24185272723,260.916598835228,144.723184427247,73.3618179442576,33.4228503557257,4.734,96.8787874107533,47.8443970164937,81.0,126.0,0.647,83.052000,4.45,Final,,
2018-10-19,Premium Petrol 95R,252.773178062606,257.447924170604,141.706945588444,73.3618179442576,32.9704145299052,4.734,90.8665249439173,50.8404206445264,79.0,120.0,0.655,80.406000,1.00,Final,,
2018-10-26,Premium Petrol 95R,248.437334731827,253.112080839824,137.936647039939,73.3618179442576,32.4048697476296,4.734,86.8896466855707,51.0470003543688,76.0,117.0,0.653,78.232000,3.15,Final,,
2018-11-02,Premium Petrol 95R,242.222625957709,246.897372065706,132.53255245375,73.3618179442576,31.5942555597012,4.734,84.0786198718074,48.4539325819427,74.0,112.0,0.656,74.088000,6.45,Final,,
2018-11-09,Premium Petrol 95R,232.250186296915,236.924932404913,123.86086579219,73.3618179442576,30.2935025604672,4.734,76.7686921292272,47.0921736629633,70.0,105.0,0.672,70.344000,3.67,Final,,
2018-11-16,Premium Petrol 95R,224.445668301512,229.120414409509,117.074328404883,73.3618179442576,29.2755219523711,4.734,72.7059192665094,44.3684091383734,67.0,98.0,0.677,66.208000,4.93,Final,,
2018-11-23,Premium Petrol 95R,220.976993636888,225.651739744885,114.05808956608,73.3618179442576,28.8230861265506,4.734,70.0430505459205,44.015039020159,62.0,91.0,0.683,61.218000,6.45,Final,,
2018-11-30,Premium Petrol 95R,216.352094084056,221.026840192053,110.036437781008,73.3618179442576,28.2198383587899,4.734,64.1405040769117,45.8959337040967,59.0,87.0,0.681,58.650000,1.99,Final,,
2018-12-07,Premium Petrol 95R,213.750588085588,218.425334193586,107.774258651906,73.3618179442576,27.8805114894245,4.734,64.5058846845707,43.2683739673351,60.0,87.0,0.691,60.466000,3.88,Final,,
2018-12-14,Premium Petrol 95R,212.016250753276,216.690996861274,106.266139232504,73.3618179442576,27.6542935765143,4.734,64.7229240499981,41.543215182506,59.0,86.0,0.686,59.510000,1.73,Final,,
2018-12-21,Premium Petrol 95R,210.715497754042,215.39024386204,105.135049667953,73.3618179442576,27.4846301418316,4.734,63.3591685295816,41.7758811383713,55.0,81.0,0.68,54.644000,5.66,Final,,
2018-12-28,Premium Petrol 95R,209.848329087886,214.523075195884,104.380989958252,73.3618179442576,27.3715211853764,4.734,63.3765192503749,41.0044707078771,55.0,82.0,0.672,51.030000,0.92,Final,,
2019-01-04,Premium Petrol 95R,207.276091788307,213.340835999758,101.128316164623,73.3629065084393,27.0360119723879,5.74885714285714,63.1799714584685,37.9483447061545,55.0,82.0,0.667,54.310000,2.41,Final,,
2019-01-11,Premium Petrol 95R,207.040089719746,213.336500281772,100.753954117426,73.3629065084393,27.0052290938799,5.918,66.1572458805519,34.5967082368745,59.0,87.0,0.676,58.636000,3.56,Final,,
2019-01-18,Premium Petrol 95R,209.063195459734,215.35960602176,102.513176500025,73.3629065084393,27.2691124512696,5.918,65.816086659236,36.697089840789,60.0,88.0,0.68,59.830000,3.39,Final,,
2019-01-25,Premium Petrol 95R,211.086301199722,217.382711761749,104.272398882624,73.3629065084393,27.5329958086594,5.918,65.9300062795529,38.3423926030706,61.0,90.0,0.676,61.342000,1.28,Final,,
2019-02-01,Premium Petrol 95R,211.086301199722,217.382711761749,104.272398882624,73.3629065084393,27.5329958086594,5.918,63.4235054063689,40.8488934762546,61.0,89.0,0.686,61.380000,2.75,Final,,
2019-02-08,Premium Petrol 95R,211.086301199722,217.382711761749,104.272398882624,73.3629065084393,27.5329958086594,5.918,66.5144603207476,37.7579385618759,62.0,91.0,0.682,61.706000,1.25,Final,,
2019-02-15,Premium Petrol 95R,213.253914492567,219.550325054593,106.157280006836,73.3629065084393,27.8157279772913,5.918,67.800868614225,38.3564113926113,64.0,94.0,0.678,63.360000,4.35,Final,,
2019-02-22,Premium Petrol 95R,218.60069394825,224.897104510277,110.806653446561,73.3629065084393,28.5131339932501,5.918,70.678456238923,40.1281972076381,67.0,97.0,0.685,66.582000,1.05,Final,,
2019-03-01,Premium Petrol 95R,220.912814793951,227.209225355978,112.817193312388,73.3629065084393,28.8147149731241,5.918,70.9926641218854,41.8245291905026,65.0,95.0,0.686,64.564000,1.84,Final,,
2019-03-08,Premium Petrol 95R,221.201829899664,227.498240461691,113.068510795616,73.3629065084393,28.8524125956083,5.918,73.4790293274525,39.5894814681639,66.0,97.0,0.679,64.734000,1.42,Final,,
2019-03-15,Premium Petrol 95R,223.369443192509,229.665853754535,114.953391919829,73.3629065084393,29.1351447642403,5.918,76.3514979071197,38.6018940127095,67.0,98.0,0.683,65.714000,1.12,Final,,
2019-03-22,Premium Petrol 95R,221.201829899664,227.498240461691,113.068510795616,73.3629065084393,28.8524125956083,5.918,77.5277012871641,35.5408095084523,67.0,98.0,0.687,67.344000,2.06,Final,,
2019-03-29,Premium Petrol 95R,224.959026273928,231.255436835955,116.335482568416,73.3630620176081,29.3424816879037,5.918,77.8030807761993,38.532401792217,67.0,98.0,0.684,67.248000,1.85,Final,,
2019-04-05,Premium Petrol 95R,222.478931781474,233.672228047762,114.177945606921,73.3639950726209,29.0189911019313,5.918,79.2231461972697,34.9547994096517,69.0,102.0,0.678,69.540000,0.85,Final,,
2019-04-12,Premium Petrol 95R,228.513632376693,239.706928642981,119.425511341895,73.3639950726209,29.8061259621774,5.918,82.3565412861058,37.0689700557894,70.0,104.0,0.674,71.328000,0.61,Final,,
2019-04-19,Premium Petrol 95R,230.094149199251,241.287445465539,120.799873796293,73.3639950726209,30.0122803303371,5.918,83.7858726223547,37.0140011739383,71.0,105.0,0.674,70.872500,0.43,Final,,
2019-04-26,Premium Petrol 95R,233.758074560634,244.951370826922,123.98589584967,73.3639950726209,30.4901836383436,5.918,86.1762948196529,37.809601030017,73.0,110.0,0.665,72.932000,4.23,Final,,
2019-05-03,Premium Petrol 95R,227.507848944157,238.701145210445,118.550917052733,73.3639950726209,29.6749368188031,5.918,83.2623344934199,35.2885825593129,71.0,107.0,0.665,71.586000,1.63,Final,,
2019-05-10,Premium Petrol 95R,224.634181994052,235.82747826034,116.052076226555,73.3639950726209,29.3001106948764,5.918,80.2772186318026,35.7748575947522,70.0,106.0,0.659,71.252000,1.34,Final,,
2019-05-17,Premium Petrol 95R,227.507848944157,238.701145210445,118.550917052733,73.3639950726209,29.6749368188031,5.918,82.2701033166582,36.2808137360747,72.0,109.0,0.657,73.322000,2.35,Final,,
2019-05-24,Premium Petrol 95R,233.398866191871,244.592162458159,123.673540746398,73.3639950726209,30.4433303728528,5.918,81.7759544826642,41.8975862637335,69.0,105.0,0.652,70.888000,5.23,Final,,
2019-05-31,Premium Petrol 95R,230.237832546756,241.431128813044,120.924815837602,73.3639950726209,30.0310216365334,5.918,77.174037502043,43.7507783355589,66.0,101.0,0.653,69.290000,3.86,Final,,
2019-06-07,Premium Petrol 95R,221.616831696442,232.81012796273,113.428293359068,73.3639950726209,28.9065432647533,5.918,69.5746291687657,43.8536641903023,60.0,91.0,0.661,63.146000,1.96,Final,,
2019-06-14,Premium Petrol 95R,220.036314873885,231.229611140173,112.05393090467,73.3639950726209,28.7003888965937,5.918,70.8147584886333,41.2391724160368,61.0,92.0,0.659,63.188000,2.65,Final,,
2019-06-21,Premium Petrol 95R,220.036314873885,231.229611140173,112.05393090467,73.3639950726209,28.7003888965937,5.918,71.6034304162684,40.4505004884017,62.0,95.0,0.654,64.038000,3.43,Final,,
2019-06-28,Premium Petrol 95R,220.036314873885,231.229611140173,112.053775395501,73.3641505817897,28.7003888965937,5.918,74.4263576600716,37.6274177354297,64.0,97.0,0.665,66.510000,2.36,Final,,
2019-07-05,Premium Petrol 95R,219.129884384917,231.234880379338,107.464641915299,77.1650836368026,28.5821588328153,5.918,75.1872224873161,32.2774194279832,62.0,93.0,0.669,63.840000,2.38,Final,,
2019-07-12,Premium Petrol 95R,221.28518371114,233.390179705561,109.338815242449,77.1650836368026,28.8632848318878,5.918,79.0664125127796,30.2724027296698,64.0,97.0,0.664,65.978000,3.34,Final,,
2019-07-19,Premium Petrol 95R,223.871542902607,235.976538897028,111.58782323503,77.1650836368026,29.2006360307748,5.918,77.1060125798479,34.4818106551817,63.0,93.0,0.673,63.628000,6.16,Final,,
2019-07-26,Premium Petrol 95R,224.158916146103,236.263912140524,111.837713011983,77.1650836368026,29.2381194973178,5.918,74.6797721454762,37.1579408665067,63.0,93.0,0.671,62.800000,1.87,Final,,
2019-08-02,Premium Petrol 95R,224.158916146103,236.263912140524,111.837713011983,77.1650836368026,29.2381194973178,5.918,75.9635138258298,35.8741991861531,63.0,95.0,0.659,62.586000,2.95,Final,,
2019-08-09,Premium Petrol 95R,224.158916146103,236.263912140524,111.837713011983,77.1650836368026,29.2381194973178,5.918,74.7436464291925,37.0940665827904,57.0,88.0,0.65,57.328000,4.29,Final,,
2019-08-16,Premium Petrol 95R,224.158916146103,236.263912140524,111.837713011983,77.1650836368026,29.2381194973178,5.918,76.1186530660045,35.7190599459784,58.0,90.0,0.645,58.252000,2.77,Final,,
2019-08-23,Premium Petrol 95R,224.158916146103,236.263912140524,111.837713011983,77.1650836368026,29.2381194973178,5.918,76.3654752867506,35.4722377252323,59.0,92.0,0.641,59.574000,1.96,Final,,
2019-08-30,Premium Petrol 95R,225.452095741837,237.557091736258,112.962217008273,77.1650836368026,29.4067950967613,5.918,76.919596379557,36.0426206287159,59.0,93.0,0.635,59.826000,2.60,Final,,
2019-09-06,Premium Petrol 95R,227.176335202815,239.281331197236,114.461555669993,77.1650836368026,29.6316958960194,5.918,75.2739910835422,39.1875645864508,58.0,92.0,0.634,60.228000,4.77,Final,,
2019-09-13,Premium Petrol 95R,227.176335202815,239.281331197236,114.461555669993,77.1650836368026,29.6316958960194,5.918,78.888802354575,35.572753315418,60.0,93.0,0.642,62.738000,3.91,Final,,
2019-09-20,Premium Petrol 95R,231.055873990016,243.160869984437,117.835067658863,77.1650836368026,30.1377226943499,5.918,87.6965780445852,30.138489614278,64.0,102.0,0.633,65.556000,4.17,Final,,
2019-09-27,Premium Petrol 95R,230.193754259527,242.298750253948,117.085398328003,77.1650836368026,30.0252722947209,5.918,84.488405280754,32.5969930472493,62.0,99.0,0.629,63.152000,2.58,Final,,
2019-10-04,Premium Petrol 95R,228.057498518421,243.109909667859,115.229273513169,77.163594763719,29.7466302415332,5.918,80.3023594385703,34.9269140745988,58.0,93.0,0.628,59.222000,3.07,Final,,
2019-10-11,Premium Petrol 95R,227.701455894904,243.245102903511,114.91967123185,77.163594763719,29.7001898993353,5.918,83.6371306080294,31.2825406238201,59.0,93.0,0.63,59.394000,2.45,Final,,
2019-10-18,Premium Petrol 95R,227.701455894904,243.245102903511,114.91967123185,77.163594763719,29.7001898993353,5.918,82.755878878641,32.1637923532085,59.0,94.0,0.631,59.322000,1.15,Final,,
2019-10-25,Premium Petrol 95R,227.701455894904,243.245102903511,114.91967123185,77.163594763719,29.7001898993353,5.918,78.5331054872893,36.3865657445602,61.0,95.0,0.64,60.748000,3.11,Final,,
2019-11-01,Premium Petrol 95R,227.701455894904,243.245102903511,114.91967123185,77.163594763719,29.7001898993353,5.918,76.9211244046849,37.9985468271646,60.0,95.0,0.639,60.226000,1.75,Final,,
2019-11-08,Premium Petrol 95R,228.999686296452,244.543333305059,116.048567233196,77.163594763719,29.8695242995373,5.918,81.6101345172296,34.4384327159667,61.0,96.0,0.639,62.390000,0.72,Final,,
2019-11-15,Premium Petrol 95R,231.884642744339,247.428289752945,118.557225013967,77.163594763719,30.2458229666528,5.918,83.8553826511212,34.7018423628455,62.0,97.0,0.638,62.564000,1.13,Final,,
2019-11-22,Premium Petrol 95R,232.750129678704,248.293776687311,119.309822348198,77.163594763719,30.3587125667875,5.918,81.8910173386044,37.4188050095934,62.0,97.0,0.641,63.762000,2.62,Final,,
2019-11-29,Premium Petrol 95R,232.750129678704,248.293776687311,119.309822348198,77.163594763719,30.3587125667875,5.918,81.3287308411778,37.98109150702,63.0,98.0,0.642,64.740000,0.53,Final,,
2019-12-06,Premium Petrol 95R,232.750129678704,248.293776687311,119.309822348198,77.163594763719,30.3587125667875,5.918,79.1879279835708,40.121894364627,62.0,96.0,0.651,64.714000,3.55,Final,,
2019-12-13,Premium Petrol 95R,232.750129678704,248.293776687311,119.309822348198,77.163594763719,30.3587125667875,5.918,78.1826711535016,41.1271511946962,64.0,98.0,0.657,66.498000,2.07,Final,,
2019-12-20,Premium Petrol 95R,232.750129678704,248.293776687311,119.310322348198,77.163594763719,30.3587125667875,5.9175,77.6538032072474,41.6565191409504,66.0,101.0,0.659,68.902000,1.66,Final,,
2019-12-27,Premium Petrol 95R,233.61561661307,249.159263621677,120.062919682429,77.163594763719,30.4716021669222,5.9175,77.4276700409497,42.6352496414793,66.0,100.0,0.664,68.730000,1.77,Final,,
2020-01-03,Premium Petrol 95R,239.774267672532,253.217832695165,125.419544606716,77.1623185867902,31.2749044790259,5.9175,77.9124435524355,47.5071010542803,66.0,99.0,0.671,68.050000,2.03,Final,,
2020-01-10,Premium Petrol 95R,241.139353739008,253.742885967252,126.606788665024,77.1621058906354,31.4529591833489,5.9175,78.1359805595429,48.4708081054811,67.0,101.0,0.664,67.930000,3.67,Final,,
2020-01-17,Premium Petrol 95R,239.692123453448,252.295655681692,125.348327547146,77.1621058906354,31.2641900156672,5.9175,75.5588713107707,49.789456236375,65.0,98.0,0.663,64.112000,1.34,Final,,
2020-01-24,Premium Petrol 95R,238.100170139332,250.703702367576,123.96402031748,77.1621058906354,31.0565439312172,5.9175,74.5028377352589,49.4611825822206,63.0,95.0,0.66,62.200000,5.29,Final,,
2020-01-31,Premium Petrol 95R,233.179587168428,245.783119396671,119.685252516693,77.1621058906354,30.4147287610993,5.9175,70.4816315065052,49.2036210101879,58.0,89.0,0.654,58.572000,1.74,Final,,
2020-02-07,Premium Petrol 95R,231.442910825756,244.046443053999,118.175099175239,77.1621058906354,30.1882057598812,5.9175,69.9797240493128,48.1953751259263,54.0,84.0,0.646,54.594000,1.46,Final,,
2020-02-14,Premium Petrol 95R,231.442910825756,244.046443053999,118.175099175239,77.1621058906354,30.1882057598812,5.9175,71.5084526704444,46.6666465047948,54.0,85.0,0.642,55.328000,3.98,Final,,
2020-02-21,Premium Petrol 95R,230.864018711532,243.467550939775,117.671714728088,77.1621058906354,30.1126980928085,5.9175,72.7554623572961,44.9162523707917,57.0,88.0,0.64,58.614000,2.37,Final,,
2020-02-28,Premium Petrol 95R,229.995680540196,242.599212768439,116.916638057361,77.1621058906354,29.9994365921994,5.9175,68.6580715655761,48.2585664917848,51.0,82.0,0.631,54.092000,5.40,Final,,
2020-03-06,Premium Petrol 95R,228.114281168967,240.717813397211,115.280638604119,77.1621058906354,29.7540366742131,5.9175,65.9860171769376,49.2946214271814,50.0,79.0,0.628,50.702000,6.92,Final,01_covid_2020,crisis
2020-03-13,Premium Petrol 95R,208.721395342462,221.324927570706,98.4172596245491,77.1621058906354,27.2245298272777,5.9175,50.5014318345432,47.9158277900059,33.0,53.0,0.626,33.724000,4.55,Final,01_covid_2020,crisis
2020-03-20,Premium Petrol 95R,195.985768829533,208.589301057777,87.3428017872197,77.1621058906354,25.5633611516783,5.9175,39.32424805749,48.0185537297296,28.0,47.0,0.588,25.654000,5.19,Final,01_covid_2020,crisis
2020-03-27,Premium Petrol 95R,195.985768829533,208.589301057777,87.3428017872197,77.1621058906354,25.5633611516783,5.9175,33.1764638758668,54.1663379113529,25.0,43.0,0.579,23.962000,3.23,Final,01_covid_2020,crisis
2020-04-03,Premium Petrol 95R,197.468789558111,209.093944626353,88.6336612063902,77.1608297137065,25.7567986380145,5.9175,30.2214078720293,58.412253334361,24.0,41.0,0.596,18.716000,9.48,Final,01_covid_2020,crisis
2020-04-10,Premium Petrol 95R,198.061997849543,209.295802053783,89.1497071994417,77.1606170175517,25.834173632549,5.9175,29.8830967714102,59.2666104280316,23.0,38.0,0.595,22.532500,4.99,Final,01_covid_2020,crisis
2020-04-17,Premium Petrol 95R,198.061997849543,209.295802053783,89.1497071994417,77.1606170175517,25.834173632549,5.9175,29.01743532868,60.1322718707617,21.0,35.0,0.604,19.995000,3.05,Final,01_covid_2020,crisis
2020-04-24,Premium Petrol 95R,198.061997849543,209.295802053783,89.1497071994417,77.1606170175517,25.834173632549,5.9175,31.9203190606424,57.2293881387994,18.0,29.0,0.598,14.236000,8.24,Final,01_covid_2020,crisis
2020-05-01,Premium Petrol 95R,199.223703543312,210.457507747553,90.1598860635893,77.1606170175517,25.9857004621712,5.9175,36.1058935749414,54.0539924886479,18.0,30.0,0.608,17.046000,3.32,Final,01_covid_2020,crisis
2020-05-08,Premium Petrol 95R,200.094982813639,211.32878701788,90.9175202117,77.1606170175517,26.0993455843878,5.9175,42.9725565222831,47.9449636894169,27.0,44.0,0.606,23.572500,5.06,Final,01_covid_2020,crisis
2020-05-15,Premium Petrol 95R,201.837541354294,213.071345558535,92.4327885079213,77.1606170175517,26.326635828821,5.9175,42.9921014939857,49.4406870139357,29.0,48.0,0.605,28.182000,5.42,Final,01_covid_2020,crisis
2020-05-22,Premium Petrol 95R,201.256688507409,212.49049271165,91.9276990758475,77.1606170175517,26.2508724140099,5.9175,46.1744560668407,45.7532430090068,34.0,56.0,0.607,33.940000,1.72,Final,01_covid_2020,crisis
2020-05-29,Premium Petrol 95R,200.966262083967,212.200066288208,91.6751543598107,77.1606170175517,26.2129907066044,5.9175,44.5867670212407,47.08838733857,34.0,55.0,0.616,33.702500,1.42,Final,01_covid_2020,crisis
2020-06-05,Premium Petrol 95R,203.144460259785,214.378264464026,93.5692397300874,77.1606170175517,26.4971035121459,5.9175,48.1942107313713,45.3750289987161,39.0,61.0,0.64,38.370000,4.26,Final,01_covid_2020,crisis
2020-06-12,Premium Petrol 95R,203.144460259785,214.378264464026,93.5692397300874,77.1606170175517,26.4971035121459,5.9175,49.9067890180195,43.6624507120679,40.0,62.0,0.651,39.518000,3.42,Final,02_calm_own_refinery,calm
2020-06-19,Premium Petrol 95R,203.144460259785,214.378264464026,93.5692397300874,77.1606170175517,26.4971035121459,5.9175,52.1035668801554,41.465672849932,41.0,63.0,0.644,40.948000,2.89,Final,02_calm_own_refinery,calm
2020-06-26,Premium Petrol 95R,203.144460259785,214.378264464026,93.5692397300874,77.1606170175517,26.4971035121459,5.9175,52.6184682311305,40.9507714989569,42.0,65.0,0.644,41.694000,2.80,Final,02_calm_own_refinery,calm
2020-07-03,Premium Petrol 95R,202.628436891613,217.178712213853,90.61465707755,79.6664836977658,26.4297961162974,5.9175,50.2169062163564,40.3977508611936,42.0,65.0,0.646,42.302000,1.61,Final,02_calm_own_refinery,calm
2020-07-10,Premium Petrol 95R,200.680628424644,216.557492194083,87.918266137831,80.6691281444681,26.1757341423449,5.9175,51.2350264164533,36.6832397213777,43.0,66.0,0.656,43.060000,1.32,Final,02_calm_own_refinery,calm
2020-07-17,Premium Petrol 95R,201.261094797877,217.137958567316,88.4230195058601,80.6691281444681,26.2514471475492,5.9175,49.9405857494961,38.482433756364,44.0,66.0,0.655,43.404000,1.11,Final,02_calm_own_refinery,calm
2020-07-24,Premium Petrol 95R,202.712260730961,218.5891245004,88.0415029259329,80.6691281444681,26.4407296605602,7.5609,49.6754757428969,38.366027183036,44.0,66.0,0.661,43.568000,1.35,Final,02_calm_own_refinery,calm
2020-07-31,Premium Petrol 95R,204.453659850662,220.330523620101,89.0451630300202,80.6691281444681,26.6678686761733,8.0715,48.2409785337388,40.8041844962814,43.0,64.0,0.667,43.224000,0.53,Final,02_calm_own_refinery,calm
2020-08-07,Premium Petrol 95R,202.131794357728,218.008658127167,87.1682495579038,80.6691281444681,26.3650166553558,7.9294,49.3847284168667,37.783521141037,44.0,66.0,0.664,44.356000,1.28,Final,02_calm_own_refinery,calm
2020-08-14,Premium Petrol 95R,201.261094797877,217.137958567316,86.3045195058601,80.6691281444681,26.2514471475492,8.036,51.6773607943007,34.6271587115594,44.0,67.0,0.657,44.538000,1.41,Final,02_calm_own_refinery,calm
2020-08-21,Premium Petrol 95R,202.422027544344,218.298891313783,87.3377262419183,80.6691281444681,26.402873157958,8.0123,52.3036460194874,35.034080222431,44.0,67.0,0.656,44.792000,1.40,Final,02_calm_own_refinery,calm
2020-08-28,Premium Petrol 95R,205.324359410512,221.201223179951,89.8022930820639,80.6691281444681,26.7814381839798,8.0715,52.4537756111642,37.3485174708997,44.0,67.0,0.658,45.258000,1.58,Final,02_calm_own_refinery,calm
2020-09-04,Premium Petrol 95R,205.324359410512,221.201223179951,89.8259930820639,80.6691281444681,26.7814381839798,8.0478,50.237201517374,39.5887915646899,43.0,64.0,0.675,43.060000,4.62,Final,02_calm_own_refinery,calm
2020-09-11,Premium Petrol 95R,203.582960290811,219.45982406025,88.2407329779766,80.6691281444681,26.5542991683667,8.1188,48.195254925904,40.0454780520726,40.0,59.0,0.667,39.450000,2.14,Final,02_calm_own_refinery,calm
2020-09-18,Premium Petrol 95R,200.680628424644,216.557492194083,85.539466137831,80.6691281444681,26.1757341423449,8.2963,49.7738077260354,35.7656584117956,41.0,61.0,0.671,40.770000,3.78,Final,02_calm_own_refinery,calm
2020-09-25,Premium Petrol 95R,202.131794357728,218.008658127167,86.8013495579038,80.6691281444681,26.3650166553558,8.2963,50.8227838881672,35.9785656697366,41.0,62.0,0.663,40.890000,0.87,Final,02_calm_own_refinery,calm
2020-10-02,Premium Petrol 95R,205.513585179394,218.236678843875,89.7935929564142,80.6648724169715,26.8061198060079,8.249,51.3875501626179,38.4060427937963,40.0,61.0,0.659,39.994000,3.59,Final,02_calm_own_refinery,calm
2020-10-09,Premium Petrol 95R,203.190838379604,213.548604465368,87.7755154215092,80.6631701259729,26.5031528321223,8.249,50.9159244156818,36.8595910058274,41.0,63.0,0.661,41.060000,2.22,Final,02_calm_own_refinery,calm
2020-10-16,Premium Petrol 95R,204.496236355688,214.854002441452,88.8869440963647,80.6631701259729,26.6734221333506,8.2727,49.7765769820288,39.1103671143359,42.0,63.0,0.664,41.320000,1.31,Final,02_calm_own_refinery,calm
2020-10-23,Premium Petrol 95R,204.786324794818,215.144090880581,89.1107949129993,80.6631701259729,26.7112597558458,8.3011,49.3613231872252,39.7494717257741,42.0,63.0,0.663,40.998000,1.53,Final,02_calm_own_refinery,calm
2020-10-30,Premium Petrol 95R,204.206147916559,214.563914002322,88.5991932797302,80.6631701259729,26.6355845108555,8.3082,46.5278608519805,42.0713324277497,38.0,58.0,0.666,37.906000,3.39,Final,02_calm_own_refinery,calm
2020-11-06,Premium Petrol 95R,203.771015257864,214.128781343627,88.2161170547783,80.6631701259729,26.5788280771127,8.3129,45.7548747946453,42.4612422601331,39.0,59.0,0.667,38.636000,1.90,Final,02_calm_own_refinery,calm
2020-11-13,Premium Petrol 95R,205.076413233948,215.434179319711,89.3086457296339,80.6631701259729,26.749097378341,8.3555,48.1574754200639,41.15117030957,43.0,63.0,0.684,41.870000,1.57,Final,02_calm_own_refinery,calm
2020-11-20,Premium Petrol 95R,203.771015257864,214.128781343627,88.0670170547783,80.6631701259729,26.5788280771127,8.462,47.4564947507185,40.6105223040598,44.0,64.0,0.69,43.008000,1.25,Final,02_calm_own_refinery,calm
2020-11-27,Premium Petrol 95R,203.480926818734,213.838692904498,87.8028662381437,80.6631701259729,26.5409904546175,8.4739,50.609730747085,37.1931354910588,47.0,67.0,0.698,46.426000,2.30,Final,02_calm_own_refinery,calm
2020-12-04,Premium Petrol 95R,205.801634331772,216.159400417536,89.6315727712203,80.6631701259729,26.843691434579,8.6632,50.8104589810673,38.821113790153,48.0,67.0,0.705,47.828000,2.26,Final,02_calm_own_refinery,calm
2020-12-11,Premium Petrol 95R,207.542164966551,217.899931052314,90.8325776710277,80.6631701259729,27.0707171695501,8.9757,52.1395042188091,38.6930734522186,49.0,70.0,0.705,49.324000,1.70,Final,02_calm_own_refinery,calm
2020-12-18,Premium Petrol 95R,206.091722770902,216.449488856665,89.6352235878549,80.6631701259729,26.8815290570742,8.9118,53.8548242106092,35.7803993772457,51.0,72.0,0.71,51.048000,1.90,Final,02_calm_own_refinery,calm
2020-12-25,Premium Petrol 95R,202.75570572091,213.113471806673,86.7343391965573,80.6631701259729,26.4463963983795,8.9118,55.2967441046023,31.4375950919551,52.0,73.0,0.708,50.605000,1.17,Final,02_calm_own_refinery,calm
2021-01-01,Premium Petrol 95R,203.940374017809,213.847126130941,87.767218695113,80.6597655439757,26.600918350149,8.91247142857143,55.8862905712665,31.8809281238465,52.0,73.0,0.717,50.820000,0.78,Final,02_calm_own_refinery,calm
2021-01-08,Premium Petrol 95R,211.457933909593,220.763334059216,94.3029759712572,80.6572121074777,27.5814696403817,8.91627619047619,55.5714583980695,38.7315175731878,53.0,74.0,0.725,53.308000,5.14,Final,02_calm_own_refinery,calm
2021-01-15,Premium Petrol 95R,216.382130824907,225.68753097453,98.4264339514476,80.6572121074777,28.2237561945531,9.07472857142857,58.4380899400188,39.9883440114288,55.0,77.0,0.72,55.380000,1.18,Final,02_calm_own_refinery,calm
2021-01-22,Premium Petrol 95R,218.699399961525,228.004800111148,100.425193449128,80.6572121074777,28.5260086906337,9.09098571428571,58.1908477722631,42.2343456768651,55.0,78.0,0.716,55.230000,1.47,Final,02_calm_own_refinery,calm
2021-01-29,Premium Petrol 95R,214.789008293482,224.094408443105,96.9792385825065,80.6572121074777,28.0159576034976,9.1366,58.2954157969759,38.6838227855306,55.0,77.0,0.718,55.178000,0.57,Final,02_calm_own_refinery,calm
2021-02-05,Premium Petrol 95R,214.499349651405,223.804749801027,96.5498615024392,80.6572121074777,27.9781760414875,9.3141,60.3674006220834,36.1824608803558,57.0,80.0,0.718,58.222000,3.06,Final,02_calm_own_refinery,calm
2021-02-12,Premium Petrol 95R,219.27871724568,228.584117395303,100.788633323548,80.6572121074777,28.6015718146539,9.2313,62.1837477138701,38.6048856096782,60.0,84.0,0.722,61.128000,2.30,Final,02_calm_own_refinery,calm
2021-02-19,Premium Petrol 95R,220.727010456066,230.032410605689,102.000718723884,80.6572121074777,28.7904796247043,9.2786,65.3126704730489,36.6880482508356,62.0,87.0,0.721,63.898000,2.18,Final,02_calm_own_refinery,calm
2021-02-26,Premium Petrol 95R,222.175303666453,231.480703816076,103.302704124221,80.6572121074777,28.9793874347547,9.236,66.6282010168143,36.6745031074063,64.0,87.0,0.735,65.858000,2.12,Final,02_calm_own_refinery,calm
2021-03-05,Premium Petrol 95R,224.927060766187,234.23246091581,105.723936384859,80.6572121074777,29.3383122738505,9.2076,67.3075367123871,38.4163996724721,64.0,89.0,0.725,65.940000,6.78,Final,02_calm_own_refinery,calm
2021-03-12,Premium Petrol 95R,226.375353976574,235.680754126197,107.018821785195,80.6572121074777,29.5272200839009,9.1721,71.4688504707427,35.5499713144526,67.0,93.0,0.718,68.154000,2.31,Final,02_calm_own_refinery,calm
2021-03-19,Premium Petrol 95R,225.796036692419,235.101436842042,106.881967625061,80.6572121074777,29.4516569598808,8.8052,71.151577650438,35.7303899746227,65.0,90.0,0.72,66.114000,6.67,Final,02_calm_own_refinery,calm
2021-03-26,Premium Petrol 95R,222.754620950608,232.06002110023,104.272758284355,80.6572121074777,29.0549505587749,8.7697,69.2024479704926,35.0703103138624,62.0,89.0,0.704,62.506000,3.93,Final,02_calm_own_refinery,calm
2021-04-02,Premium Petrol 95R,223.704164899988,231.979194517456,105.118532974046,80.6529563799812,29.1788041173898,8.75387142857143,70.0702290017357,35.0483039723102,62.0,88.0,0.699,63.677500,0.78,Final,02_calm_own_refinery,calm
2021-04-09,Premium Petrol 95R,224.416322862024,231.918574580376,105.735698296214,80.6512540889825,29.2716942863509,8.75767619047619,69.9140906491356,35.8216076470783,61.0,87.0,0.704,61.827500,0.62,Final,02_calm_own_refinery,calm
2021-04-16,Premium Petrol 95R,224.995287037472,232.497538755824,106.163221595776,80.6512540889825,29.3472113527138,8.8336,70.9932602095267,35.1699613862493,63.0,90.0,0.708,64.686000,3.75,Final,02_calm_own_refinery,calm
2021-04-23,Premium Petrol 95R,228.034848958578,235.53710067693,108.751818918477,80.6512540889825,29.7436759511189,8.8881,71.2125666349616,37.5392522835151,64.0,89.0,0.718,65.344000,2.52,Final,02_calm_own_refinery,calm
2021-04-30,Premium Petrol 95R,228.469072090165,235.971323808517,109.136504250291,80.6512540889825,29.8003137508911,8.881,70.5053614378391,38.631142812452,64.0,89.0,0.724,66.964000,2.76,Final,02_calm_own_refinery,calm
2021-05-07,Premium Petrol 95R,229.627000441062,237.129252159414,110.171798468463,80.6512540889825,29.9513478836168,8.8526,72.7576105204092,37.4141879480536,67.0,93.0,0.72,68.992500,1.09,Final,02_calm_own_refinery,calm
2021-05-14,Premium Petrol 95R,230.495446704235,237.997698422587,111.035169132092,80.6512540889825,30.0646234831611,8.7444,71.1656983245369,39.8694708075547,67.0,92.0,0.723,68.732000,2.26,Final,02_calm_own_refinery,calm
2021-05-21,Premium Petrol 95R,230.495446704235,237.997698422587,111.092669132092,80.6512540889825,30.0646234831611,8.6869,70.9045706883959,40.1880984436957,66.0,91.0,0.721,67.482000,4.44,Final,02_calm_own_refinery,calm
2021-05-28,Premium Petrol 95R,232.232339230581,239.734590948933,112.532010459349,80.6512540889825,30.2911746822498,8.7579,71.8605292118753,40.6714812474739,67.0,93.0,0.724,69.022000,0.84,Final,02_calm_own_refinery,calm
2021-06-04,Premium Petrol 95R,234.548195932376,242.050447650728,114.273598895693,80.6512540889825,30.5932429477013,9.0301,72.5215848770089,41.7520140186837,69.0,95.0,0.723,70.660000,1.27,Final,02_calm_own_refinery,calm
2021-06-11,Premium Petrol 95R,236.719311590309,244.221563308661,115.678018411907,80.6512540889825,30.8764319465621,9.51360714285714,73.9659421527412,41.7120762591662,70.0,98.0,0.72,71.458000,1.16,Final,02_calm_own_refinery,calm
2021-06-18,Premium Petrol 95R,239.758873511415,247.261125229767,118.118222877465,80.6512540889825,31.2728965449672,9.7165,76.1817900686607,41.9364328088046,72.0,101.0,0.71,73.110000,1.61,Final,02_calm_own_refinery,calm
2021-06-25,Premium Petrol 95R,242.798435432521,250.300687150873,120.276020200166,80.6512540889825,31.6693611433723,10.2018,79.2220492541412,41.0539709460248,73.0,104.0,0.701,75.406000,1.96,Final,02_calm_own_refinery,calm
2021-07-02,Premium Petrol 95R,241.416369805762,250.860327677807,118.794108301909,80.6355697900574,31.489091713795,10.4976,80.2573794106499,38.5367288912595,73.0,105.0,0.701,76.260000,2.73,Final,02_calm_own_refinery,calm
2021-07-09,Premium Petrol 95R,241.606070976703,252.506308464017,118.152639561428,80.6252960704874,31.5138353447873,11.3143,82.3607449112233,35.7918946502047,73.0,104.0,0.7,76.134000,4.03,Final,02_calm_own_refinery,calm
2021-07-16,Premium Petrol 95R,241.89493022107,252.795167708385,118.392021513052,80.6252960704874,31.5515126375309,11.3261,81.5351585900926,36.8568629229595,74.0,105.0,0.7,75.800000,3.04,Final,02_calm_own_refinery,calm
2021-07-23,Premium Petrol 95R,240.161774754864,251.062012242179,116.821029803308,80.6252960704874,31.3254488810692,11.39,79.5302356868293,37.2907941164783,71.0,101.0,0.696,72.202000,5.53,Final,02_calm_own_refinery,calm
2021-07-30,Premium Petrol 95R,241.750500598887,252.650738086201,118.07703053724,80.6252960704874,31.5326739911591,11.5155,82.1532195543529,35.9238109828872,73.0,105.0,0.698,75.754000,2.93,Final,02_calm_own_refinery,calm
2021-08-06,Premium Petrol 95R,245.361241153483,256.261478640797,121.098504932541,80.6252960704874,32.0036401504543,11.6338,80.2217980093079,40.8767069232332,70.0,100.0,0.702,72.260000,2.92,Final,02_calm_own_refinery,calm
2021-08-13,Premium Petrol 95R,244.350233798196,255.250471285511,120.089168101857,80.6252960704874,31.8717696258516,11.764,80.0676289179708,40.0215391838859,70.0,100.0,0.701,71.094000,2.34,Final,02_calm_own_refinery,calm
2021-08-20,Premium Petrol 95R,243.77251530946,254.672752796775,119.575004198609,80.6252960704874,31.7964150403644,11.7758,78.1274996014314,41.4475045971772,67.0,97.0,0.692,68.078000,4.56,Final,02_calm_own_refinery,calm
2021-08-27,Premium Petrol 95R,245.072381909115,255.97261939643,120.385722980917,80.6252960704874,31.9659628577106,12.0954,78.5827826263937,41.8029403545233,70.0,101.0,0.692,71.016000,3.19,Final,02_calm_own_refinery,calm
2021-09-03,Premium Petrol 95R,246.805537375321,257.705774862636,119.762514690661,80.6252960704874,32.1920266141723,14.2257,78.4473313306692,41.3151833599923,71.0,100.0,0.705,73.017500,1.57,Final,02_calm_own_refinery,calm
2021-09-10,Premium Petrol 95R,246.227818886586,257.128056373901,118.100350787413,80.6252960704874,32.1166720286851,15.3855,77.9050362310522,40.195314556361,70.0,99.0,0.712,72.014000,1.12,Final,02_calm_own_refinery,calm
2021-09-17,Premium Petrol 95R,247.094396619689,257.994634107004,119.090596642286,80.6252960704874,32.2297039069159,15.1488,80.1856424466229,38.9049541956627,72.0,102.0,0.71,74.128000,2.17,Final,02_calm_own_refinery,calm
2021-09-24,Premium Petrol 95R,248.683122463711,259.583359951026,120.353697376218,80.6252960704874,32.4369290170058,15.2672,81.8881937256372,38.4655036505808,74.0,105.0,0.703,75.320000,3.83,Final,02_calm_own_refinery,calm
2021-10-01,Premium Petrol 95R,248.086903919727,261.48535178958,120.852100584756,80.6228705255658,32.3591613808339,14.2527714285714,85.376373941255,35.4757266435008,76.0,110.0,0.695,78.444000,1.59,Final,02_calm_own_refinery,calm
2021-10-08,Premium Petrol 95R,250.745707425422,267.475102471992,122.127894220449,80.6210513668746,32.7059618380985,15.2908,89.4822610877683,32.6456331326804,80.0,115.0,0.694,82.012000,1.33,Final,02_calm_own_refinery,calm
2021-10-15,Premium Petrol 95R,255.500692277857,272.230087324428,126.215263657349,80.6210513668746,33.3261772536335,15.3382,94.1339186013628,32.0813450559862,82.0,117.0,0.696,83.868000,1.14,Final,02_calm_own_refinery,calm
2021-10-22,Premium Petrol 95R,260.399767580366,277.129162626937,130.380729137792,80.6210513668746,33.9651870757,15.4328,95.5297440517268,34.850985086065,83.0,116.0,0.714,84.984000,1.63,Final,02_calm_own_refinery,calm
2021-10-29,Premium Petrol 95R,265.442933332949,282.17232837952,134.755040661777,80.6210513668746,34.6229913042977,15.44385,97.442333103857,37.31270755792,83.0,116.0,0.717,84.116000,2.01,Final,02_calm_own_refinery,calm
2021-11-05,Premium Petrol 95R,267.604290084056,284.333685130627,136.621831314913,80.6210513668746,34.9049074022682,15.4565,95.4213409866325,41.2004903282809,81.0,114.0,0.715,82.522000,4.36,Final,02_calm_own_refinery,calm
2021-11-12,Premium Petrol 95R,267.604290084056,284.333685130627,136.740131314913,80.6210513668746,34.9049074022682,15.3382,93.6475219299485,43.092609384965,82.0,115.0,0.709,83.390000,1.62,Final,02_calm_own_refinery,calm
2021-11-19,Premium Petrol 95R,267.604290084056,284.333685130627,136.716531314913,80.6210513668746,34.9049074022682,15.3618,90.7196540877207,45.9968772271928,80.0,114.0,0.702,81.630000,2.61,Final,02_calm_own_refinery,calm
2021-11-26,Premium Petrol 95R,264.578390632507,281.307785679077,134.085314400522,80.6210513668746,34.5102248651095,15.3618,88.0266096691266,46.0587047313958,79.0,115.0,0.692,80.238000,11.06,Final,02_calm_own_refinery,calm
2021-12-03,Premium Petrol 95R,264.578390632507,281.307785679077,133.280514400522,80.6210513668746,34.5102248651095,16.1666,82.3057730861223,50.9747413144,71.0,104.0,0.681,71.000000,3.81,Final,02_calm_own_refinery,calm
2021-12-10,Premium Petrol 95R,262.4170338814,279.14642892797,131.448373747386,80.6210513668746,34.2283087671391,16.1193,86.7452232035526,44.7031505438333,74.0,109.0,0.678,74.788000,2.56,Final,02_calm_own_refinery,calm
2021-12-17,Premium Petrol 95R,259.535224879924,276.264619926494,128.925952876537,80.6210513668746,33.8524206365118,16.1358,88.6579491151862,40.268003761351,73.0,108.0,0.677,73.762000,1.67,Final,02_calm_own_refinery,calm
2021-12-24,Premium Petrol 95R,259.535224879924,276.264619926494,128.878552876537,80.6210513668746,33.8524206365118,16.1832,87.1111308748373,41.7674220016999,72.0,107.0,0.677,73.910000,5.75,Final,02_calm_own_refinery,calm
2021-12-31,Premium Petrol 95R,261.135935624336,273.979578284799,130.272294421674,80.6192322081834,34.0612089944786,16.1832,91.3163693758375,38.9559250458367,77.0,113.0,0.683,78.160000,1.39,Final,02_calm_own_refinery,calm
2022-01-07,Premium Petrol 95R,265.373980324013,268.503242019205,133.959976227184,80.6168066632619,34.6139974335669,16.1832,92.945573515059,41.0144027121249,79.0,117.0,0.678,80.502000,4.03,Final,02_calm_own_refinery,calm
2022-01-14,Premium Petrol 95R,267.394161760933,270.523423456125,134.857455737549,80.6168066632619,34.8774993601217,17.0424,94.675519044476,40.1819366930732,82.0,120.0,0.681,85.068000,5.61,Final,02_calm_own_refinery,calm
2022-01-21,Premium Petrol 95R,270.336464373591,273.465726068783,136.717679748557,80.6168066632619,35.2612779617728,17.7407,98.3808809771559,38.3367987714006,87.0,128.0,0.678,89.158000,1.93,Final,02_calm_own_refinery,calm
2022-01-28,Premium Petrol 95R,274.149107438752,277.278369133944,139.962021544349,80.6168066632619,35.7585792311416,17.8117,102.463848897876,37.4981726464725,87.0,131.0,0.666,90.124000,3.73,Final,02_calm_own_refinery,calm
2022-02-04,Premium Petrol 95R,278.211248885836,281.340510581028,143.020918454856,80.6168066632619,36.2884237677178,18.2851,106.632590996027,36.3883274588292,89.0,135.0,0.661,92.774000,6.62,Final,02_calm_own_refinery,calm
2022-02-11,Premium Petrol 95R,282.102907757621,285.232169452813,144.925669647713,80.6168066632619,36.7960314466462,19.7644,108.212081604643,36.7135880430697,91.0,136.0,0.666,96.434000,2.55,Final,02_calm_own_refinery,calm
2022-02-18,Premium Petrol 95R,286.512594584877,289.641856280069,148.641779932283,80.6168066632619,37.3712079893317,19.8828,111.351134372879,37.2906455594042,92.0,138.0,0.666,97.798000,6.38,Final,02_calm_own_refinery,calm
2022-02-25,Premium Petrol 95R,289.800459280625,292.929720975817,152.270092711195,80.6168066632619,37.8000599061685,19.1135,112.953472588708,39.3166201224865,95.0,141.0,0.672,99.364000,2.73,Final,03_ukraine_2022,crisis
2022-03-04,Premium Petrol 95R,296.021456597324,299.150718292516,158.212155595281,80.6168066632619,38.6114943387814,18.581,122.305049654813,35.9071059404681,105.0,156.0,0.675,114.434000,20.78,Final,03_ukraine_2022,crisis
2022-03-11,Premium Petrol 95R,314.803686920018,317.93294861521,175.964729788928,80.6168066632619,41.0613504678284,17.1608,139.407350121028,36.5573796678993,119.0,173.0,0.685,122.286000,18.64,Final,03_ukraine_2022,crisis
2022-03-18,Premium Petrol 95R,298.272493200226,301.401754895418,182.753250156811,59.1882352346904,38.9051078087252,17.4259,124.155714787422,58.597535369389,103.0,151.0,0.68,109.592000,9.71,Final,03_ukraine_2022,crisis
2022-03-25,Premium Petrol 95R,287.691751397417,290.821013092609,176.738233682318,55.6168066632619,37.5250110518369,17.8117,128.578707688069,48.1595259942485,114.0,165.0,0.694,123.598000,5.99,Final,03_ukraine_2022,crisis
2022-04-01,Premium Petrol 95R,286.655352725911,290.439359916904,175.661942991148,55.6143811183403,37.3898286164232,17.9892,122.221202980147,53.440740011001,107.0,154.0,0.694,111.260000,9.46,Final,03_ukraine_2022,crisis
2022-04-08,Premium Petrol 95R,281.421911868402,286.078913053797,171.231344012875,55.6125619596491,36.7072058958786,17.8708,120.862574328387,50.3687696844881,101.0,147.0,0.692,103.330000,8.32,Final,03_ukraine_2022,crisis
2022-04-15,Premium Petrol 95R,279.203918536167,283.860919721562,168.974611301615,55.6125619596491,36.417902417761,18.1988428571429,126.322143812731,42.6524674888831,103.0,151.0,0.684,105.415000,12.91,Final,03_ukraine_2022,crisis
2022-04-22,Premium Petrol 95R,280.649077146882,285.306078332277,170.384594772629,55.6125619596491,36.6064013669846,18.045519047619,132.046965631644,38.3376291409851,105.0,155.0,0.675,105.722500,2.15,Final,03_ukraine_2022,crisis
2022-04-29,Premium Petrol 95R,283.302465896006,287.959467081401,172.766836956133,55.6125619596491,36.952495551653,17.9705714285714,134.563773174449,38.2030637816835,103.0,156.0,0.656,103.920000,9.09,Final,03_ukraine_2022,crisis
2022-05-06,Premium Petrol 95R,290.913025424237,295.570026609631,179.247686235339,55.6125619596491,37.9451772292483,18.1076,150.807218451108,28.4404677842312,107.0,165.0,0.646,110.360000,8.92,Final,03_ukraine_2022,crisis
2022-05-13,Premium Petrol 95R,301.954697000515,306.61169818591,188.825539779929,55.6125619596491,39.3853952609368,18.1312,151.802625434373,37.0229143455566,104.0,165.0,0.63,107.432000,9.51,Final,03_ukraine_2022,crisis
2022-05-20,Premium Petrol 95R,308.52329805429,313.180299239685,194.466366783212,55.6125619596491,40.2421693114292,18.2022,163.233539834624,31.2328269485882,108.0,171.0,0.633,112.928000,4.82,Final,03_ukraine_2022,crisis
2022-05-27,Premium Petrol 95R,311.97965867762,316.636659863015,197.400897760021,55.6125619596491,40.6929989579505,18.2732,155.092537075694,42.3083606843262,110.0,170.0,0.647,117.662000,6.06,Final,03_ukraine_2022,crisis
2022-06-03,Premium Petrol 95R,312.182025622483,316.839026807877,197.607569016423,55.6125619596491,40.7193946464108,18.2425,161.07513905816,36.5324299582625,114.0,175.0,0.653,124.105000,3.48,Final,03_ukraine_2022,crisis
2022-06-10,Premium Petrol 95R,314.068286341026,318.725287526421,199.3511457282,55.6125619596491,40.9654286531774,18.13915,166.77213611271,32.5790096154902,117.0,181.0,0.644,127.398000,4.21,Final,03_ukraine_2022,crisis
2022-06-17,Premium Petrol 95R,321.91579975055,326.572800935944,206.183020432133,55.6125619596491,41.9890173587673,18.1312,171.962637222845,34.2203832092884,115.0,183.0,0.629,125.084000,9.22,Final,03_ukraine_2022,crisis
2022-06-24,Premium Petrol 95R,326.965947597347,331.622948782742,210.746881913821,55.6125619596491,42.6477322953062,17.9587714285714,169.035877771422,41.7110041423982,109.0,173.0,0.63,116.832000,4.01,Final,03_ukraine_2022,crisis
2022-07-01,Premium Petrol 95R,327.333678985293,332.298880887695,211.1549310259,55.6358507004418,42.6956972589512,17.8472,168.436654245387,42.718276780513,111.0,178.0,0.626,120.338000,3.00,Final,03_ukraine_2022,crisis
2022-07-08,Premium Petrol 95R,326.692721883706,332.068858075451,211.133210468925,55.6683172560364,42.6120941587442,17.2791,150.497463914125,60.6357465547997,102.0,165.0,0.619,113.636000,13.26,Final,03_ukraine_2022,crisis
2022-07-15,Premium Petrol 95R,322.898873790357,328.275009982102,207.857912126883,55.6683172560364,42.1172444074378,17.2554,131.954684220105,75.9032279067777,98.0,159.0,0.613,109.800000,7.87,Final,03_ukraine_2022,crisis
2022-07-22,Premium Petrol 95R,303.799196847477,309.175333039222,191.273097393944,55.6683172560364,39.625982197497,17.2318,127.785389181217,63.4877082127264,104.0,168.0,0.621,113.534000,10.50,Final,03_ukraine_2022,crisis
2022-07-29,Premium Petrol 95R,287.055182758054,292.431318949799,174.937885142271,55.6683172560364,37.4419803597462,19.007,129.876389155118,45.061495987153,105.0,168.0,0.626,109.276000,4.19,Final,03_ukraine_2022,crisis
2022-08-05,Premium Petrol 95R,281.433523690815,286.80965988256,170.167785953368,55.6683172560364,36.7087204814106,18.8887,123.255844596085,46.9119413572833,96.0,153.0,0.629,102.544000,8.52,Final,03_ukraine_2022,crisis
2022-08-12,Premium Petrol 95R,278.226301395686,283.602437587431,167.272397001082,55.6683172560364,36.2903871385677,18.9952,120.842480887633,46.4299161134484,96.0,152.0,0.633,104.644000,3.73,Final,03_ukraine_2022,crisis
2022-08-19,Premium Petrol 95R,275.423187677904,280.799323869649,163.592306811706,55.6683172560364,35.9247636101614,20.2378,121.444717805147,42.1475890065588,93.0,147.0,0.633,96.726000,2.89,Final,03_ukraine_2022,crisis
2022-08-26,Premium Petrol 95R,275.662714149322,281.038850341067,163.563790699895,55.6683172560364,35.9560061933898,20.4746,126.782321041976,36.7814696579191,98.0,158.0,0.619,98.872000,6.07,Final,03_ukraine_2022,crisis
2022-09-02,Premium Petrol 95R,277.714526982815,283.09066317456,165.217875772498,55.6683172560364,36.2236339542802,20.6047,119.29522560863,45.9226501638683,95.0,155.0,0.611,95.305000,7.10,Final,,
2022-09-09,Premium Petrol 95R,278.007760094913,283.383896286658,165.839761087366,55.6683172560364,36.2618817515104,20.2378,119.892320380515,45.9474407068509,92.0,151.0,0.607,90.430000,7.39,Final,,
2022-09-16,Premium Petrol 95R,277.753731095161,283.129867286906,166.163266304973,55.6683172560364,36.2287475341514,19.6934,120.069715453001,46.0935508519722,93.0,153.0,0.605,91.406000,4.17,Final,,
2022-09-23,Premium Petrol 95R,277.479200672786,282.855336864531,166.20854419856,55.6683172560364,36.1929392181894,19.4094,115.646069904896,50.562474293664,90.0,152.0,0.59,88.542500,6.11,Final,,
2022-09-30,Premium Petrol 95R,276.097046598297,282.258807564618,165.881442444665,55.6727173302523,36.0126582519518,18.5302285714286,115.048447599197,50.8329948454678,87.0,153.0,0.569,87.276000,7.00,Final,,
2022-10-07,Premium Petrol 95R,273.308624982291,281.434447885051,162.358689801771,55.6785840958734,35.6489510846466,19.6224,115.726222507465,46.632467294306,92.0,162.0,0.57,94.660000,8.20,Final,,
2022-10-14,Premium Petrol 95R,273.148838752845,281.274661655605,162.669445254426,55.6785840958734,35.628109402545,19.1727,120.142299165269,42.5271460891573,93.0,165.0,0.561,94.624000,4.91,Final,,
2022-10-21,Premium Petrol 95R,273.710912907996,281.836735810756,163.11090538934,55.6785840958734,35.7014234227821,19.22,118.112478749193,44.9984266401476,88.0,157.0,0.565,91.036000,2.36,Final,,
2022-10-28,Premium Petrol 95R,274.275051892362,282.400874795123,162.76621102792,55.6785840958734,35.775006768569,20.05525,115.860261588803,46.9059494391166,92.0,159.0,0.577,93.014000,3.07,Final,,
2022-11-04,Premium Petrol 95R,273.574531985398,281.700354888158,162.092813282734,55.6785840958734,35.6836346067911,20.1195,117.957884156388,44.1349291263458,92.0,157.0,0.581,95.862000,6.23,Final,,
2022-11-11,Premium Petrol 95R,274.15337244209,282.279195344851,161.909752810292,55.6785840958734,35.7591355359248,20.8059,120.430975635814,41.4787771744777,91.0,153.0,0.594,96.078000,6.82,Final,,
2022-11-18,Premium Petrol 95R,274.056557081659,282.18237998442,161.766365540352,55.6785840958734,35.7465074454338,20.8651,115.483315262926,46.2830502774258,86.0,141.0,0.612,92.086000,5.37,Final,,
2022-11-25,Premium Petrol 95R,272.828597144093,280.954420046853,161.160174290294,55.6785840958734,35.5863387579252,20.4035,110.731946947407,50.4282273428877,79.0,127.0,0.618,86.396000,5.25,Final,,
2022-12-02,Premium Petrol 95R,269.39222068901,277.51804359177,159.402820851092,55.6785840958734,35.1381157420447,19.1727,104.053398040244,55.3494228108474,80.0,128.0,0.626,85.030000,3.32,Final,,
2022-12-09,Premium Petrol 95R,263.650689699818,271.776512602578,153.877585208316,55.6785840958734,34.3892203956285,19.7053,99.1925609233856,54.6850242849308,75.0,117.0,0.635,78.556000,7.34,Final,,
2022-12-16,Premium Petrol 95R,258.09092860014,266.2167515029,150.404110339031,55.6785840958734,33.6640341652356,18.3442,98.8041367746273,51.5999735644034,76.0,119.0,0.641,80.802000,5.33,Final,,
2022-12-23,Premium Petrol 95R,255.310007817543,263.435830720303,148.222518354164,55.6785840958734,33.3013053675056,18.1076,100.175772391623,48.046745962541,77.0,121.0,0.632,80.678000,3.00,Final,,
2022-12-30,Premium Petrol 95R,256.966697759562,264.800778977339,149.842842063793,55.681517478684,33.5173953599429,17.9249428571429,105.369168306714,44.4736737570785,79.0,125.0,0.631,81.826666,1.86,Final,,
2023-01-06,Premium Petrol 95R,261.288188091742,267.371819199621,153.796226286923,55.6888509357105,34.0810680119664,17.7220428571429,105.871624603126,47.9246016837969,76.0,121.0,0.627,77.202500,5.05,Final,,
2023-01-13,Premium Petrol 95R,260.800927909939,266.884559017818,153.75626463815,55.6888509357105,34.0175123360791,17.3383,105.540895594737,48.215369043413,79.0,124.0,0.637,80.606000,5.93,Final,,
2023-01-20,Premium Petrol 95R,260.707231352316,266.790862460195,153.733989370651,55.6888509357105,34.0052910459543,17.2791,112.614800195356,41.1191891752952,83.0,130.0,0.641,84.570000,4.31,Final,,
2023-01-27,Premium Petrol 95R,265.499335977474,271.582967085352,158.054901156503,55.6888509357105,34.6303481709748,17.1252357142857,115.100213877389,42.9546872791141,84.0,130.0,0.649,85.904000,2.46,Final,,
2023-02-03,Premium Petrol 95R,266.221547848321,272.3051789562,158.607147193265,55.6888509357105,34.7245497193463,17.201,110.350326666105,48.2568205271599,81.0,125.0,0.648,81.870000,6.05,Final,,
2023-02-10,Premium Petrol 95R,265.35251303229,271.436144140169,157.932807601685,55.6888509357105,34.6111973520378,17.1196571428571,112.97197346138,44.9608341403047,81.0,129.0,0.632,83.298000,4.98,Final,,
2023-02-17,Premium Petrol 95R,265.387600106419,271.471231214298,158.502175243785,55.6888509357105,34.6157739269243,16.5808,113.135804271131,45.3663709726538,83.0,132.0,0.63,84.172000,4.01,Final,,
2023-02-24,Premium Petrol 95R,264.511364274863,270.594995382742,158.225431042432,55.6888509357105,34.5014822967213,16.0956,112.492324507817,45.7331065346147,81.0,131.0,0.624,81.774000,3.24,Final,,
2023-03-03,Premium Petrol 95R,265.061853922127,271.145485030005,158.964517692226,55.6888509357105,34.5732852941905,15.8352,112.743177629309,46.2213400629168,83.0,133.0,0.619,83.604000,4.50,Final,,
2023-03-10,Premium Petrol 95R,264.970402795597,271.054033903476,159.097994973505,55.6888509357105,34.5613568863823,15.6222,114.858230742015,44.2397642314896,83.0,134.0,0.615,82.858000,4.86,Final,,
2023-03-17,Premium Petrol 95R,264.264249720558,270.347880828437,158.483948821297,55.6888509357105,34.4692499635511,15.6222,110.136574851203,48.3473739700937,76.0,122.0,0.619,74.978000,8.64,Final,,
2023-03-24,Premium Petrol 95R,262.896933641332,268.980564749211,157.981378317622,55.6888509357105,34.2909043879999,14.9358,108.453705391845,49.5276729257765,75.0,120.0,0.624,74.244000,3.66,Final,,
2023-03-31,Premium Petrol 95R,261.346587717328,267.318495727334,158.664451352968,55.6932510099264,34.0886853544341,12.9002,113.128438316919,45.5360130360492,77.0,124.0,0.623,78.004000,2.39,Final,,
2023-04-07,Premium Petrol 95R,265.359309154701,271.051909420023,160.905264719224,55.6991177755476,34.6120838027871,14.1428428571429,116.329632504506,44.5756322147182,85.0,134.0,0.63,85.990000,0.86,Final,,
2023-04-14,Premium Petrol 95R,267.674169370282,273.366769635604,162.247577122006,55.6991177755476,34.9140220917759,14.8134523809524,117.33177371821,44.9158034037962,86.0,138.0,0.624,87.362500,1.80,Final,,
2023-04-21,Premium Petrol 95R,267.879015448065,273.571615713387,162.764956527117,55.6991177755476,34.9407411453997,14.4742,113.465642292626,49.2993142344909,83.0,135.0,0.618,84.620000,2.34,Final,,
2023-04-28,Premium Petrol 95R,267.281643880022,272.974244145344,163.464502989689,55.6991177755476,34.8628231147855,13.2552,108.657210606572,54.807292383117,80.0,131.0,0.614,81.396000,5.04,Final,,
2023-05-05,Premium Petrol 95R,264.462807102133,270.155407367455,161.368340574133,55.6991177755476,34.4951487524521,12.9002,100.711512328184,60.656828245949,73.0,118.0,0.623,74.617500,3.80,Final,,
2023-05-12,Premium Petrol 95R,258.696437901286,264.389038166608,156.82750648644,55.6991177755476,33.7430136392982,12.4268,100.301509366036,56.5259971204045,75.0,119.0,0.632,76.080000,3.22,Final,,
2023-05-19,Premium Petrol 95R,255.072826143214,260.765426408536,153.321539740291,55.6991177755476,33.2703686273757,12.7818,102.737461519233,50.5840782210571,74.0,119.0,0.624,75.752000,1.83,Final,,
2023-05-26,Premium Petrol 95R,255.177653969888,260.87025423521,153.175994372181,55.6991177755476,33.2840418221594,13.0185,107.0594676759,46.116526696281,76.0,122.0,0.618,76.482000,2.33,Final,,
2023-06-02,Premium Petrol 95R,257.301558835307,262.994159100629,154.845368168197,55.6991177755476,33.5610728915617,13.196,106.729030352313,48.1163378158849,73.0,120.0,0.604,73.885000,4.02,Final,,
2023-06-09,Premium Petrol 95R,257.089762081825,262.782362347147,154.606225649642,55.6991177755476,33.5334472280641,13.2509714285714,107.902858549319,46.7033671003228,76.0,125.0,0.607,76.060000,2.11,Final,,
2023-06-16,Premium Petrol 95R,256.834078768513,262.526679033835,153.43286376229,55.6991177755476,33.5000972306757,14.202,104.787957135,48.6449066272901,74.0,120.0,0.616,74.388000,4.96,Final,,
2023-06-23,Premium Petrol 95R,256.513499146011,262.206099411334,157.059698873158,55.6991177755476,33.4582824973059,10.2964,104.726828308478,52.3328705646803,76.0,122.0,0.619,75.258000,3.36,Final,,
2023-06-30,Premium Petrol 95R,260.813123197636,266.340308797851,154.045445179236,62.8663749926206,34.0191030257786,9.8822,103.223701930262,50.8217432489743,75.0,122.0,0.613,73.550000,2.63,Final,,
2023-07-07,Premium Petrol 95R,281.567458714123,286.681107651573,154.712283831679,80.7793846153846,36.7261902670595,9.3496,105.235746665845,49.4765371658338,77.0,125.0,0.617,76.596000,4.25,Final,,
2023-07-14,Premium Petrol 95R,281.601915307812,286.715564245262,153.326217515632,80.7793846153846,36.7306846053667,10.7656285714286,106.843264503386,46.4829530122457,79.0,127.0,0.624,79.786000,3.48,Final,,
2023-07-21,Premium Petrol 95R,284.392214980109,289.505863917559,155.334093628189,80.7793846153846,37.094636736536,11.1841,108.618660528325,46.7154330998641,81.0,129.0,0.63,79.480000,3.26,Final,,
2023-07-28,Premium Petrol 95R,290.048834411819,295.162483349269,157.234993134023,80.7793846153846,37.8324566624111,14.202,113.131299895653,44.1036932383699,84.0,135.0,0.62,83.548000,1.96,Final,,
2023-08-04,Premium Petrol 95R,295.604554363548,300.718203300999,162.539453961614,80.7793846153846,38.5571157865498,13.7286,117.102932784256,45.4365211773582,86.0,140.0,0.614,85.628000,3.37,Final,,
2023-08-11,Premium Petrol 95R,299.059305099722,304.172954037172,165.022885036548,80.7793846153846,39.0077354477899,14.2493,120.792991294744,44.2298937418033,88.0,145.0,0.606,87.830000,2.84,Final,,
2023-08-18,Premium Petrol 95R,304.099153125197,309.212802062648,168.269161580439,80.7793846153846,39.6651069293736,15.3855,124.049391806642,44.2197697737975,86.0,145.0,0.595,85.866000,2.91,Final,,
2023-08-25,Premium Petrol 95R,306.263554475235,311.377203412685,169.677849710906,80.7793846153846,39.9474201489436,15.8589,125.922640058244,43.7552096526625,86.0,145.0,0.594,84.714000,1.50,Final,,
2023-09-01,Premium Petrol 95R,308.239414524649,313.353063462099,170.44918888431,80.7793846153846,40.2051410249542,16.8057,126.957919589238,43.4912692950723,87.0,147.0,0.595,87.565000,3.61,Final,,
2023-09-08,Premium Petrol 95R,310.862218194483,315.975867131934,172.256487727644,80.7793846153846,40.5472458514544,17.2791,127.294721306423,44.961766421222,91.0,155.0,0.59,91.294000,1.43,Final,,
2023-09-15,Premium Petrol 95R,314.028173340342,319.141822277793,175.778592202304,80.7793846153846,40.9601965226534,16.51,133.391447743729,42.3871444585758,94.0,158.0,0.592,93.868000,3.58,Final,,
2023-09-22,Premium Petrol 95R,318.300538166371,323.414187103821,180.558692051025,80.7793846153846,41.5174614999615,15.445,131.93379916432,48.6248928867053,95.0,161.0,0.592,94.862000,2.41,Final,,
2023-09-29,Premium Petrol 95R,319.299567799017,325.064276316327,181.236716019233,80.7810820668693,41.6477697129153,15.634,124.297797033832,56.9389189854009,95.0,159.0,0.595,95.614000,3.09,Final,,
2023-10-06,Premium Petrol 95R,313.558437055825,323.229503052293,176.074184787745,80.785325695581,40.8989265724989,15.8,114.535137920227,61.5390468675186,88.0,148.0,0.595,90.328000,6.60,Final,,
2023-10-13,Premium Petrol 95R,309.415158094449,319.086224090918,172.258333516984,80.785325695581,40.3584988818847,16.013,114.761993569559,57.4963399474248,88.0,146.0,0.6,90.476000,6.75,Final,,
2023-10-20,Premium Petrol 95R,306.682293024619,316.353359021087,169.810929108435,80.785325695581,40.0020382206024,16.084,118.658953629708,51.1519754787276,92.0,157.0,0.588,92.468000,2.73,Final,,
2023-10-27,Premium Petrol 95R,304.962303839081,314.633369835549,167.842643481259,80.785325695581,39.7776918050975,16.5566428571429,121.012990896364,46.8296525848955,90.0,154.0,0.583,89.840000,3.88,Final,,
2023-11-03,Premium Petrol 95R,304.112310649196,313.783376645664,167.091161825459,80.785325695581,39.666823128156,16.569,118.510146939166,48.581014886293,87.0,149.0,0.585,88.208000,3.91,Final,,
2023-11-10,Premium Petrol 95R,302.59714615768,312.268212154148,165.53662748501,80.785325695581,39.4691929770887,16.806,114.787279651434,50.7493478335757,83.0,140.0,0.594,83.520000,5.85,Final,,
2023-11-17,Premium Petrol 95R,300.262907351466,309.933973347934,163.731854610041,80.785325695581,39.1647270458434,16.581,112.962005391605,50.7698492184363,82.0,137.0,0.595,81.928000,6.47,Final,,
2023-11-24,Premium Petrol 95R,297.447467458902,307.11853345537,160.928646007812,80.785325695581,38.797495755509,16.936,110.791996571663,50.1366494361489,83.0,138.0,0.604,81.620000,3.43,Final,,
2023-12-01,Premium Petrol 95R,294.50250108725,304.173567083718,157.432805684636,80.785325695581,38.4133697070326,17.871,109.092932093238,48.3398735913976,82.0,134.0,0.614,80.914000,4.26,Final,,
2023-12-08,Premium Petrol 95R,290.138138554868,299.809204551336,155.116707830391,80.785325695581,37.8441050288958,16.392,102.48293508258,52.6337727478108,76.0,124.0,0.617,75.982000,3.95,Final,,
2023-12-15,Premium Petrol 95R,285.328061083,294.999127079468,150.343031767897,80.785325695581,37.2167036195217,16.983,102.28816501975,48.0548667481477,75.0,122.0,0.616,75.578000,2.94,Final,,
2023-12-22,Premium Petrol 95R,283.254385309848,292.925451306316,148.685989289571,80.785325695581,36.9462241708497,16.8368461538462,102.38996957351,46.2960197160614,77.0,123.0,0.625,80.154000,2.21,Final,,
2023-12-29,Premium Petrol 95R,282.429809375704,292.100875372173,148.172733397015,80.7861744213234,36.8386707881354,16.6322307692308,102.550431771369,45.6223016256459,78.0,123.0,0.634,79.233333,3.28,Final,,
2024-01-05,Premium Petrol 95R,282.76004687813,291.562293892997,148.61849639584,80.7912667757774,36.8817452449734,16.4685384615385,101.720457583007,46.8980388128334,77.0,124.0,0.624,76.880000,2.52,Final,,
2024-01-12,Premium Petrol 95R,282.367965990247,291.170213005114,148.828094954872,80.7912667757774,36.8306042595975,15.918,102.29233413195,46.5357608229221,78.0,124.0,0.624,78.400000,4.74,Final,,
2024-01-19,Premium Petrol 95R,282.234152532306,291.036399547173,148.533735426228,80.7912667757774,36.8131503303008,16.096,107.413803645942,41.119931780286,78.0,126.0,0.616,80.108000,2.16,Final,,
2024-01-26,Premium Petrol 95R,284.045872764714,292.848119779581,149.472144323974,80.7912667757774,37.0494616649627,16.733,115.433446882774,34.0386974411997,80.0,132.0,0.611,82.312000,1.64,Final,,
2024-02-02,Premium Petrol 95R,289.302543526089,298.104790540956,153.438162377344,80.7912667757774,37.7351143729682,17.338,116.40060337596,37.0375590013838,81.0,132.0,0.613,82.570000,4.60,Final,,
2024-02-09,Premium Petrol 95R,292.466195095861,301.268442110729,156.390163742363,80.7912667757774,38.1477645777211,17.137,114.666179362214,41.7239843801491,79.0,130.0,0.609,81.506000,4.28,Final,,
2024-02-16,Premium Petrol 95R,294.992818192692,303.795065207559,159.332227304824,80.7912667757774,38.4773241120902,16.392,116.845368475286,42.4868588295379,82.0,135.0,0.61,84.444000,1.00,Final,,
2024-02-23,Premium Petrol 95R,297.011131708173,305.81337872304,161.502282535677,80.7912667757774,38.7405823967182,15.977,113.804288494326,47.697994041351,82.0,133.0,0.617,85.018000,1.66,Final,,
2024-03-01,Premium Petrol 95R,297.169740631425,305.971987646292,161.936203338505,80.7912667757774,38.7612705171424,15.681,115.251043341668,46.6851599968377,83.0,135.0,0.613,84.256000,1.02,Final,,
2024-03-08,Premium Petrol 95R,297.813415377781,306.615662392648,161.725920509249,80.7912667757774,38.845228092754,16.451,113.389219498959,48.3367010102899,83.0,135.0,0.612,85.632000,2.30,Final,,
2024-03-15,Premium Petrol 95R,297.108177362831,305.910424377698,162.296670061467,80.7912667757774,38.7532405255867,15.267,112.866664284059,49.4300057774076,84.0,136.0,0.615,84.520000,2.72,Final,,
2024-03-22,Premium Petrol 95R,297.185413729192,305.987660744059,164.647832119172,80.7912667757774,38.7633148342425,12.983,119.236451377636,45.4113807415367,86.0,142.0,0.607,85.878000,2.49,Final,,
2024-03-29,Premium Petrol 95R,299.499669067701,308.301916082568,165.843093625674,80.7921155015198,39.0651742262219,13.7992857142857,121.544842643562,44.2982509821119,87.0,144.0,0.6,85.800000,1.24,Final,,
2024-04-05,Premium Petrol 95R,300.680717105072,309.733180250125,166.931380516967,80.7972078559738,39.2192239702268,13.7329047619048,124.249902141595,42.6814783753721,90.0,150.0,0.599,90.340000,5.18,Final,,
2024-04-12,Premium Petrol 95R,302.535042107146,311.587505252199,169.257741802414,80.7972078559738,39.4610924487582,13.019,123.65428915682,45.6034526455946,90.0,150.0,0.602,92.008000,1.63,Final,,
2024-04-19,Premium Petrol 95R,302.248233490596,311.300696635649,168.831343005414,80.7972078559738,39.4236826292081,13.196,125.601388504471,43.229954500943,89.0,150.0,0.59,89.594000,3.33,Final,,
2024-04-26,Premium Petrol 95R,301.850708112772,310.903171257825,168.485668763828,80.7972078559738,39.3718314929702,13.196,122.854263027969,45.6314057358587,88.0,148.0,0.594,88.532000,2.65,Final,,
2024-05-03,Premium Petrol 95R,300.898950867413,309.951414012466,167.895053767864,80.7972078559738,39.2476892435756,12.959,121.750070204569,46.1449835632952,87.0,146.0,0.594,85.726000,4.89,Final,,
2024-05-10,Premium Petrol 95R,299.220372212886,308.272835357939,166.375420155231,80.7972078559738,39.0287442016808,13.019,116.418253381568,49.9571667736631,85.0,142.0,0.601,82.947500,0.95,Final,,
2024-05-17,Premium Petrol 95R,296.058224578584,305.110687723637,164.809726560186,80.7972078559738,38.6162901624239,11.835,111.406639989637,53.4030865705489,84.0,138.0,0.606,81.610000,3.20,Final,,
2024-05-24,Premium Petrol 95R,292.667528397903,301.719991542956,162.985295098724,80.7972078559738,38.1740254432047,10.711,109.697061277776,53.2882338209484,84.0,137.0,0.611,80.240000,2.99,Final,,
2024-05-31,Premium Petrol 95R,290.589665112983,299.642128258036,160.054457459664,80.7972078559738,37.9029997973457,11.835,106.507264703294,53.5471927563698,84.0,137.0,0.613,80.917500,2.09,Final,,
2024-06-07,Premium Petrol 95R,286.322267152844,295.374730297897,155.69267662476,80.7972078559738,37.3463826721101,12.486,103.541356183718,52.1513204410415,79.0,128.0,0.619,76.586000,2.79,Final,,
2024-06-14,Premium Petrol 95R,281.806029360025,290.858492505078,152.416513326657,80.7972078559738,36.7573081773946,11.835,106.287012652144,46.1295006745124,82.0,134.0,0.614,80.638000,1.90,Final,,
2024-06-21,Premium Petrol 95R,280.620538276052,289.673001421105,151.089651514506,80.7972078559738,36.602678905572,12.131,109.152371063013,41.9372804514933,85.0,139.0,0.613,85.044000,3.97,Final,,
2024-06-28,Premium Petrol 95R,283.158866082867,292.21132922792,153.423258645622,80.7980565817162,36.9337651412435,12.0037857142857,110.878222602073,42.545036043549,85.0,139.0,0.611,86.716000,1.50,Final,,
2024-07-05,Premium Petrol 95R,279.365113512374,288.76475098554,153.362185662934,77.374,36.4389278494401,12.19,113.632382001232,39.7298036617017,87.0,143.0,0.61,88.020000,2.09,Final,,
2024-07-12,Premium Petrol 95R,281.60261060192,291.002248075086,154.952835306017,77.374,36.7307752959026,12.545,111.290907246611,43.6619280594066,85.0,140.0,0.611,86.804000,0.87,Final,,
2024-07-19,Premium Petrol 95R,282.012190345693,291.411827818859,155.30899160495,77.374,36.7841987407425,12.545,111.439197150645,43.8697944543055,84.0,139.0,0.607,86.046000,1.41,Final,,
2024-07-26,Premium Petrol 95R,281.574430177836,290.974067651002,155.586330589423,77.374,36.7270995884135,11.887,110.099017669571,45.4873129198516,80.0,135.0,0.595,82.516000,2.09,Final,,
2024-08-02,Premium Petrol 95R,280.517913302554,289.91755077572,154.14662026309,77.374,36.5892930394635,12.408,108.377511674674,45.7691085884158,78.0,132.0,0.592,80.262000,3.04,Final,,
2024-08-09,Premium Petrol 95R,279.509100045334,288.9087375185,153.014391343768,77.374,36.4577087015653,12.663,101.648564928328,51.3658264154403,76.0,127.0,0.598,78.844000,4.45,Final,,
2024-08-16,Premium Petrol 95R,277.41562508327,286.815262556436,151.098978333278,77.374,36.1846467499917,12.758,103.521575066409,47.5774032668697,79.0,132.0,0.601,82.474000,1.53,Final,,
2024-08-23,Premium Petrol 95R,275.666901802579,285.066539275745,148.252349393547,77.374,35.956552409032,14.084,98.4624116157338,49.7899377778132,77.0,126.0,0.613,79.570000,2.32,Final,,
2024-08-30,Premium Petrol 95R,272.798773351851,282.198410825017,145.325324653783,77.374,35.5824486980675,14.517,97.0440368942402,48.2812877595432,78.0,125.0,0.625,80.825000,1.51,Final,,
2024-09-06,Premium Petrol 95R,271.018984082127,280.418621555293,143.678681810545,77.374,35.3503022715818,14.616,92.7899565845269,50.8887252260185,74.0,119.0,0.621,75.248000,5.00,Final,,
2024-09-13,Premium Petrol 95R,268.533166090568,277.932803563734,138.57910094832,77.374,35.026065142248,17.554,91.0066599036292,47.5724410446911,71.0,116.0,0.616,72.102000,3.50,Final,,
2024-09-20,Premium Petrol 95R,266.171316861471,275.570954334637,139.609319009975,77.374,34.7179978514962,14.47,93.6737840753009,45.9355349346738,74.0,120.0,0.62,74.984000,2.00,Final,,
2024-09-27,Premium Petrol 95R,264.840515021261,274.240152494427,138.287100018488,77.374,34.5444150027731,14.635,92.3542092202605,45.9328907982271,73.0,117.0,0.628,74.066000,3.77,Final,,
2024-10-04,Premium Petrol 95R,264.694716105759,272.651595731869,138.079318352834,77.374,34.5253977529251,14.716,92.1010018486669,45.9783165041671,75.0,119.0,0.629,75.880000,6.97,Final,,
2024-10-11,Premium Petrol 95R,266.850168400547,274.566588385481,139.721624696128,77.374,34.8065437044192,14.948,100.519702779878,39.2019219162494,78.0,127.0,0.612,79.342000,4.68,Final,,
2024-10-18,Premium Petrol 95R,269.985826885826,277.70224687076,142.602284248544,77.374,35.2155426372817,14.794,97.9015939526613,44.7006902958831,74.0,122.0,0.607,74.584000,5.72,Final,,
2024-10-25,Premium Petrol 95R,271.040416170537,278.756836155471,143.417318409163,77.374,35.3530977613744,14.896,97.6412397852316,45.776078623931,74.0,123.0,0.603,74.690000,2.33,Final,,
2024-11-01,Premium Petrol 95R,270.15715576583,277.873575750764,142.600980169045,77.374,35.2378898824996,14.9442857142857,96.0495502760664,46.5514298929782,72.0,120.0,0.597,72.610000,2.54,Final,,
2024-11-08,Premium Petrol 95R,271.226067697488,278.942487682422,143.396754519555,77.374,35.3773131779333,15.078,98.3907162376744,45.0060382818806,74.0,124.0,0.598,75.632000,2.94,Final,,
2024-11-15,Premium Petrol 95R,273.281678250595,280.998098235529,145.165241957039,77.374,35.6454362935559,15.097,96.6598592998755,48.5053826571638,71.0,121.0,0.591,72.890000,1.26,Final,,
2024-11-22,Premium Petrol 95R,273.383338882251,281.099758867184,145.225642506305,77.374,35.6586963759457,15.125,99.3232199829871,45.9024225233178,73.0,124.0,0.588,74.838000,1.78,Final,,
2024-11-29,Premium Petrol 95R,273.378060723103,281.094480708036,145.195052802698,77.374,35.6580079204047,15.151,99.0001587270889,46.1948940756092,72.0,123.0,0.586,74.164000,0.65,Final,,
2024-12-06,Premium Petrol 95R,272.766979586326,280.48339957126,144.873677901153,77.374,35.578301685173,14.941,98.5229513047596,46.3507265963939,72.0,123.0,0.588,73.970000,1.99,Final,,
2024-12-13,Premium Petrol 95R,273.009736368689,280.726156353622,145.191770755381,77.374,35.6099656133072,14.834,101.258954301552,43.9328164538291,73.0,125.0,0.581,74.032000,1.37,Final,,
2024-12-20,Premium Petrol 95R,275.680563044776,283.396983029709,147.824228734588,77.374,35.9583343101881,14.524,103.110211710622,44.7140170239656,73.0,128.0,0.571,73.794000,1.41,Final,,
2024-12-27,Premium Petrol 95R,278.989059162832,286.705479147765,150.701181880723,77.374,36.3898772821085,14.524,102.733867139684,47.9673147410397,73.0,130.0,0.564,73.130000,1.65,Final,,
2025-01-03,Premium Petrol 95R,280.582546703411,288.298966688345,152.086823220357,77.374,36.5977234830536,14.524,104.263690367999,47.8231328523586,76.0,135.0,0.563,75.420000,2.48,Final,,
2025-01-10,Premium Petrol 95R,281.505186826734,289.221606811668,152.889118979769,77.374,36.7180678469653,14.524,104.745677122534,48.143441857235,77.0,138.0,0.562,78.136000,2.49,Final,,
2025-01-17,Premium Petrol 95R,283.576909788948,291.293329773881,154.690617207781,77.374,36.9882925811671,14.524,108.824994587886,45.8656226198949,83.0,147.0,0.56,82.794000,1.09,Final,,
2025-01-24,Premium Petrol 95R,285.786946775135,293.503366760069,155.814388500117,77.374,37.2765582750176,15.322,104.875495245698,50.9388932544199,83.0,146.0,0.565,79.916000,3.06,Final,,
2025-01-31,Premium Petrol 95R,285.676401964843,293.392821949777,155.967262578125,77.374,37.2621393867187,15.073,105.971302548443,49.9959600296813,81.0,143.0,0.566,77.372000,0.99,Final,,
2025-02-07,Premium Petrol 95R,284.628407435159,292.344827420093,155.098962987095,77.374,37.1254444480643,15.03,105.051692699339,50.047270287756,77.0,138.0,0.562,75.400000,2.04,Final,,
2025-02-14,Premium Petrol 95R,283.857561489857,291.573981474791,154.522662165093,77.374,37.024899324764,14.936,106.176046890606,48.3466152744873,78.0,138.0,0.565,76.012000,2.46,Final,,
2025-02-21,Premium Petrol 95R,283.35601540298,291.072435387913,154.190535133026,77.374,36.9594802699539,14.832,106.654644581707,47.5358905513191,78.0,137.0,0.573,76.088000,2.07,Final,,
2025-02-28,Premium Petrol 95R,283.016406728622,290.732826713555,153.79122324228,77.374,36.9151834863419,14.936,103.320236081987,50.4709871602923,76.0,134.0,0.57,74.252000,1.90,Final,,
2025-03-07,Premium Petrol 95R,281.47280852387,289.189228508804,152.7689639338,77.374,36.71384459007,14.616,99.3474060106966,53.4215579231034,71.0,125.0,0.567,71.930000,1.93,Final,,
2025-03-14,Premium Petrol 95R,279.225653409365,286.942073394299,151.228916008144,77.374,36.4207374012216,14.202,97.1064876960556,54.1224283120883,71.0,125.0,0.571,71.542000,1.54,Final,,
2025-03-21,Premium Petrol 95R,277.249859959293,284.966279944226,149.687834747211,77.374,36.1630252120817,14.025,98.2209306498856,51.4669040973255,73.0,126.0,0.579,72.210000,0.71,Final,,
2025-03-28,Premium Petrol 95R,276.280673039878,283.997093024812,148.905063512938,77.374,36.0366095269406,13.965,101.508932106276,47.3961314066618,75.0,131.0,0.573,74.350000,0.94,Final,,
2025-04-04,Premium Petrol 95R,277.37532917806,285.091749162993,150.802938415704,77.374,36.1793907623556,13.019,100.423563631985,50.3793747837194,73.0,128.0,0.572,74.636000,9.42,Final,04_tariff_2025,crisis
2025-04-11,Premium Petrol 95R,276.445175265205,284.161595250139,150.113108926265,77.374,36.0580663389398,12.9,89.8627570435369,60.2503518827282,64.0,114.0,0.562,66.098000,2.44,Final,04_tariff_2025,crisis
2025-04-18,Premium Petrol 95R,273.787063594751,281.503483579685,148.84985033084,77.374,35.7113561210545,11.8518571428571,88.6356443171096,60.2142060137301,67.0,114.0,0.589,67.757500,2.75,Final,04_tariff_2025,crisis
2025-04-25,Premium Petrol 95R,272.14043169296,279.856851677894,147.335115550814,77.374,35.4965780469078,11.9347380952381,90.1887081007787,57.1464074500355,68.0,113.0,0.597,67.920000,1.94,Final,04_tariff_2025,crisis
2025-05-02,Premium Petrol 95R,271.036593372379,278.753013357313,146.415994236851,77.374,35.3525991355277,11.894,89.1977179019949,57.2182763348564,64.0,107.0,0.594,63.496000,4.56,Final,04_tariff_2025,crisis
2025-05-09,Premium Petrol 95R,269.709277386692,277.425697371625,145.08380642321,77.374,35.1794709634815,12.072,87.7477609348271,57.3360454883832,63.0,106.0,0.596,62.290000,3.95,Final,04_tariff_2025,crisis
2025-05-16,Premium Petrol 95R,268.694153729181,276.410573714114,143.254090199288,77.374,35.0470635298932,13.019,91.4090856040952,51.8450045951925,65.0,110.0,0.59,65.536000,2.57,Final,04_tariff_2025,crisis
2025-05-23,Premium Petrol 95R,268.096187969505,275.812607954439,142.498119973483,77.374,34.9690679960224,13.255,90.7856556215121,51.7124643519707,64.0,109.0,0.592,65.864000,2.06,Final,04_tariff_2025,crisis
2025-05-30,Premium Petrol 95R,267.385718897934,275.102138882867,142.116320780812,77.374,34.8763981171218,13.019,90.1900681184605,51.9262526623513,63.0,106.0,0.597,64.740000,1.40,Final,04_tariff_2025,crisis
2025-06-06,Premium Petrol 95R,265.954049407792,273.670469392725,140.871390789384,77.374,34.6896586184076,13.019,89.7942434274105,51.0771473619736,65.0,107.0,0.603,67.176000,1.47,Final,04_tariff_2025,crisis
2025-06-13,Premium Petrol 95R,265.787517358002,273.503937342936,140.253580311306,77.374,34.6679370466959,13.492,93.2969025069169,46.9566778043893,69.0,114.0,0.603,71.054000,7.59,Final,04_tariff_2025,crisis
2025-06-20,Premium Petrol 95R,267.980651362011,275.697071346945,141.966581929699,77.374,34.9539980037406,13.6860714285714,100.372218165057,41.5943637646423,75.0,124.0,0.602,78.246000,5.32,Final,04_tariff_2025,crisis
2025-06-27,Premium Petrol 95R,272.328853437199,280.045273422132,145.468698641042,77.374,35.5211547961563,13.965,95.2401086500301,50.228589991012,70.0,116.0,0.602,69.962000,5.94,Final,04_tariff_2025,crisis
2025-07-04,Premium Petrol 95R,271.955002163423,279.671422148357,145.61661057689,77.374,35.4723915865335,13.492,91.7597417242993,53.8568688525904,69.0,113.0,0.608,69.606000,3.40,Final,,
2025-07-11,Premium Petrol 95R,270.75958863804,278.476008622974,144.459120554817,77.374,35.3164680832226,13.61,93.1258968499879,51.3332237048294,71.0,118.0,0.602,71.774000,2.12,Final,05_calm_import_era,calm
2025-07-18,Premium Petrol 95R,270.319897668076,278.036317653009,143.957780580935,77.374,35.2591170871403,13.729,93.178700104388,50.7790804765475,70.0,118.0,0.596,70.656000,1.65,Final,05_calm_import_era,calm
2025-07-25,Premium Petrol 95R,270.666540944057,278.38296092899,144.567209516571,77.374,35.3043314274857,13.421,91.2053526520743,53.3618568644968,71.0,118.0,0.6,70.086000,2.75,Final,05_calm_import_era,calm
2025-08-01,Premium Petrol 95R,270.497133499181,278.213553484115,144.34889869494,77.374,35.282234804241,13.492,94.5096311196876,49.8392675752526,73.0,124.0,0.595,72.408000,3.43,Final,05_calm_import_era,calm
2025-08-08,Premium Petrol 95R,270.3007063328,278.017126317733,144.178092463304,77.374,35.2566138694956,13.492,92.6635602007997,51.5145322625044,70.0,117.0,0.593,68.166000,2.57,Final,05_calm_import_era,calm
2025-08-15,Premium Petrol 95R,269.177030622983,276.893450607917,143.57398315042,77.374,35.110047472563,13.119,93.5213906822495,50.0525924681708,68.0,115.0,0.595,67.166000,1.87,Final,05_calm_import_era,calm
2025-08-22,Premium Petrol 95R,267.852849363901,275.569269348834,142.538521186,77.374,34.9373281779001,13.003,95.8406804446483,46.6978407413521,69.0,117.0,0.587,67.822000,1.79,Final,05_calm_import_era,calm
2025-08-29,Premium Petrol 95R,268.78724919476,276.503669179693,143.119042778052,77.374,35.0592064167078,13.235,96.9556798678591,46.1633629101929,70.0,120.0,0.586,67.770000,1.72,Final,05_calm_import_era,calm
2025-09-05,Premium Petrol 95R,269.67479113861,277.391211123543,143.8908183814,77.374,35.17497275721,13.235,97.6955641423401,46.1952542390596,70.0,118.0,0.588,66.854000,3.17,Final,05_calm_import_era,calm
2025-09-12,Premium Petrol 95R,270.158909312842,277.875329297775,144.078790706819,77.374,35.2381186060228,13.468,95.9981776359894,48.0806130708294,70.0,118.0,0.594,67.230000,2.53,Final,05_calm_import_era,calm
2025-09-19,Premium Petrol 95R,270.367881318841,278.084301303775,144.432505494645,77.374,35.2653758241967,13.296,96.718205347134,47.7143001475107,71.0,119.0,0.594,68.328000,2.64,Final,05_calm_import_era,calm
2025-09-26,Premium Petrol 95R,270.539936555541,278.256356540475,144.643118743949,77.374,35.2878178115923,13.235,95.9696028238788,48.6735159200702,70.0,121.0,0.583,69.220000,4.28,Final,05_calm_import_era,calm
2025-10-03,Premium Petrol 95R,270.818426146002,278.534846130936,145.001283605219,77.374,35.3241425407829,13.119,97.4079432223599,47.5933403828592,66.0,115.0,0.58,67.152000,3.56,Final,05_calm_import_era,calm
2025-10-10,Premium Petrol 95R,270.817073268118,278.533493253051,145.232107189668,77.374,35.3239660784502,12.887,97.2716271119865,47.9604800776812,65.0,113.0,0.579,66.650000,3.01,Final,05_calm_import_era,calm
2025-10-17,Premium Petrol 95R,270.692803304314,278.409223289248,145.031046351578,77.374,35.3077569527367,12.98,97.6543700525941,47.3766762989837,62.0,109.0,0.573,62.358000,3.07,Final,05_calm_import_era,calm
2025-10-24,Premium Petrol 95R,270.668844727815,278.385264712748,145.219212806795,77.374,35.3046319210193,12.771,98.9077764470698,46.3114363597255,65.0,114.0,0.575,63.222000,5.61,Final,05_calm_import_era,calm
2025-10-31,Premium Petrol 95R,271.156763410248,278.873183395181,146.117989921955,77.374,35.3682734882932,12.2965,100.846748648604,45.2712412733505,67.0,116.0,0.577,65.022000,1.49,Final,05_calm_import_era,calm
2025-11-07,Premium Petrol 95R,272.834397457049,280.550817441982,149.714302136564,77.374,35.5870953204846,10.159,102.210971109594,47.5033310269703,65.0,115.0,0.567,64.300000,2.38,Final,05_calm_import_era,calm
2025-11-14,Premium Petrol 95R,273.982947446718,281.699367431652,150.887041258016,77.374,35.7369061887024,9.985,104.468624137482,46.4184171205336,65.0,115.0,0.565,62.868000,1.98,Final,05_calm_import_era,calm
2025-11-21,Premium Petrol 95R,275.559199368572,283.275619353506,152.025695103106,77.374,35.9425042654659,10.217,102.320209052474,49.7054860506323,64.0,114.0,0.563,63.644000,2.08,Final,05_calm_import_era,calm
2025-11-28,Premium Petrol 95R,276.651222567664,284.367642552598,153.904280493621,77.374,36.0849420740431,9.288,101.849820273022,52.0544602205989,63.0,112.0,0.566,64.376000,0.84,Final,05_calm_import_era,calm
2025-12-05,Premium Petrol 95R,276.243594316612,283.960014301545,153.08582114488,77.374,36.031773171732,9.752,102.06438959594,51.0214315489394,64.0,111.0,0.575,63.982000,1.05,Final,05_calm_import_era,calm
2025-12-12,Premium Petrol 95R,276.443010582808,284.159430567742,153.827226593746,77.374,36.0577839890619,9.184,99.3843430021576,54.4428835915887,62.0,107.0,0.579,62.604000,1.43,Final,05_calm_import_era,calm
2025-12-19,Premium Petrol 95R,275.609574482273,283.325994467207,152.998499549803,77.374,35.9490749324704,9.288,95.4816459080135,57.5168536417895,60.0,104.0,0.578,60.826000,1.62,Final,05_calm_import_era,calm
2025-12-26,Premium Petrol 95R,274.180915044193,281.897335029126,151.75618699495,77.374,35.7627280492425,9.288,93.1886868677082,58.5675001272419,62.0,107.0,0.58,63.206666,1.48,Final,05_calm_import_era,calm
2026-01-02,Premium Petrol 95R,272.717364531296,280.433784516229,150.671867708373,77.374,35.571830156256,9.09966666666667,92.0551536692032,58.6167140391699,61.0,105.0,0.581,62.182500,1.75,Final,05_calm_import_era,calm
2026-01-09,Premium Petrol 95R,271.547972521379,279.264392506312,150.031671757721,77.374,35.4193007636581,8.723,90.1948972964886,59.8367744612319,60.0,104.0,0.577,62.926000,4.03,Final,05_calm_import_era,calm
2026-01-16,Premium Petrol 95R,269.835194104101,277.551614089034,149.124299220957,77.374,35.1958948831436,8.141,91.747345980661,57.3769532402963,63.0,109.0,0.575,66.996000,3.47,Final,05_calm_import_era,calm
2026-01-23,Premium Petrol 95R,268.408980686407,276.125400671341,147.787113640354,77.374,35.0098670460531,8.238,90.7177735648473,57.0693400755068,63.0,108.0,0.583,66.986000,2.70,Final,05_calm_import_era,calm
2026-01-30,Premium Petrol 95R,267.144202333527,274.86062231846,146.55330637698,77.374,34.8448959565469,8.372,89.4439458785845,57.1093604983951,66.0,110.0,0.601,70.426000,4.55,Final,05_calm_import_era,calm
2026-02-06,Premium Petrol 95R,266.225156726892,273.941576711825,144.654707712825,77.374,34.725020442638,9.47142857142857,88.6653223176991,55.9893853951259,66.0,110.0,0.602,69.840000,3.43,Final,05_calm_import_era,calm
2026-02-13,Premium Petrol 95R,265.727365550918,273.443785535852,143.032274392103,77.374,34.6600911588154,10.661,90.81046482766,52.2218095644428,68.0,112.0,0.604,70.696000,1.72,Final,05_calm_import_era,calm
2026-02-20,Premium Petrol 95R,265.382407181026,273.09882716596,142.974310592197,77.374,34.6150965888295,10.419,92.2327231039406,50.7415874882559,70.0,116.0,0.6,71.656000,3.40,Final,05_calm_import_era,calm
2026-02-27,Premium Petrol 95R,265.696627022341,273.413047007274,142.157545236818,77.374,34.6560817855227,11.509,96.7229123069795,45.4346329298383,71.0,119.0,0.598,71.356000,1.21,Final,05_calm_import_era,calm
2026-03-06,Premium Petrol 95R,271.067117272873,278.783537257806,147.60253675902,77.374,35.3565805138529,10.734,124.246145340152,23.3563914188681,87.0,146.0,0.593,85.282000,18.50,Final,06_iranus_2026,crisis
2026-03-13,Premium Petrol 95R,293.890136991832,301.606556976766,167.642640862463,77.374,38.3334961293694,10.54,161.014846504265,6.62779435819778,120.0,204.0,0.589,96.156000,13.39,Final,06_iranus_2026,crisis
2026-03-20,Premium Petrol 95R,327.018754169249,334.735174154183,197.298134060217,77.374,42.6546201090325,9.692,181.614881402033,15.6832526581838,156.0,267.0,0.584,111.398000,17.38,Final,06_iranus_2026,crisis
2026-03-27,Premium Petrol 95R,350.491654619225,358.208074604158,217.346351842804,77.374,45.7163027764206,10.055,169.144622221038,48.2017296217661,148.0,255.0,0.581,111.242000,17.68,Final,06_iranus_2026,crisis
2026-04-03,Premium Petrol 95R,355.590552890428,363.306972875362,221.658890712174,77.374,46.3813764639689,10.1762857142857,173.730289318755,47.9286013934187,121.0,211.0,0.574,123.935000,8.05,Provisional,06_iranus_2026,crisis
2026-04-10,Premium Petrol 95R,362.315408734609,370.031828719542,226.819305731958,77.374,47.2585315740794,10.8635714285714,171.827995082345,54.9913106496132,108.0,187.0,0.58,124.605000,19.18,Provisional,06_iranus_2026,crisis
2026-04-17,Premium Petrol 95R,358.81707206067,366.533492045604,223.252845270148,77.374,46.8022267905222,11.388,171.017330156685,52.2355151134635,100.0,170.0,0.587,114.432000,24.65,Provisional,06_iranus_2026,crisis
2026-04-24,Premium Petrol 95R,346.744270621393,354.460690606326,212.027757062081,77.374,45.2275135593121,12.115,151.984689012564,60.043068049517,100.0,170.0,0.589,109.618000,10.04,Provisional,06_iranus_2026,crisis
2026-05-01,Premium Petrol 95R,338.903380142251,346.619800127184,204.64687714233,77.374,44.2047887142066,12.6777142857143,159.59749018496,45.0493869573694,107.0,183.0,0.588,119.634000,10.35,Provisional,06_iranus_2026,crisis
2026-05-08,Premium Petrol 95R,339.444182746044,347.160602730978,205.194854561778,77.374,44.2753281842667,12.6,155.863513845178,49.3313407165995,98.0,166.0,0.592,105.877500,12.69,Provisional,06_iranus_2026,crisis
2026-05-15,Premium Petrol 95R,337.788815239263,345.505235224196,203.99840455588,77.374,44.0594106833821,12.357,158.916008443359,45.0823961125217,103.0,173.0,0.594,110.526000,7.85,Provisional,06_iranus_2026,crisis
2026-05-22,Premium Petrol 95R,339.901000933961,347.617420918894,205.592087768662,77.374,44.3349131652992,12.6,160.356607907567,45.2354798610941,105.0,179.0,0.585,110.608000,10.89,Provisional,06_iranus_2026,crisis
2026-05-29,Premium Petrol 95R,340.579225020124,348.295645005058,206.121847843586,77.374,44.4233771765379,12.66,143.715250728971,62.4065971146157,94.0,160.0,0.589,97.052500,9.87,Provisional,06_iranus_2026,crisis
2026-06-05,Premium Petrol 95R,337.840793574971,345.557213559904,204.246674537241,77.374,44.0661904663005,12.1539285714286,138.839050485543,65.4076240516981,93.0,158.0,0.59,98.948000,4.40,Provisional,06_iranus_2026,crisis
2026-06-12,Premium Petrol 95R,332.910582164323,340.627002149257,199.271462751585,77.374,43.4231194127378,12.842,141.612470982336,57.6589917692489,88.0,151.0,0.581,93.764000,8.82,Provisional,06_iranus_2026,crisis
2026-06-19,Premium Petrol 95R,325.667071926509,333.383491911443,192.730758196965,77.374,42.4783137295447,13.084,129.435267536511,63.2954906604534,74.0,128.0,0.581,81.000000,5.01,Provisional,06_iranus_2026,crisis
2026-06-26,Premium Petrol 95R,316.842680681309,324.559100666243,185.057374505486,77.374,41.3273061758229,13.084,126.709176921959,58.3481975835274,68.0,120.0,0.568,73.634000,6.33,Provisional,06_iranus_2026,crisis
2026-07-03,Premium Petrol 95R,311.246873341638,318.963293326572,180.277169365399,77.2882857142857,40.5974182619528,13.084,126.366810057742,53.9103593076577,66.0,116.0,0.567,69.700000,3.06,Provisional,06_iranus_2026,crisis
2026-07-10,Premium Petrol 95R,308.397890683268,316.114310668201,177.818435997873,77.254,40.2258118282523,13.0996428571429,124.52304000655,53.2953959913228,69.0,122.0,0.57,73.328000,6.94,Provisional,06_iranus_2026,crisis
2026-07-17,Premium Petrol 95R,306.033115818569,313.749535803503,175.704752885712,77.254,39.9173629328568,13.157,133.107029167175,42.5977237185376,77.0,133.0,0.581,82.926000,3.78,Provisional,06_iranus_2026,crisis
2026-07-24,Premium Petrol 95R,307.467032751545,315.183452736479,176.515637175257,77.254,40.1043955762885,13.593,147.728793458078,28.7868437171783,88.0,151.0,0.583,96.118000,18.33,Provisional,06_iranus_2026,crisis
2026-07-31,Premium Petrol 95R,314.286618087229,322.003038072162,182.493711380199,77.254,40.9939067070298,13.545,145.2436473728,37.2500640073985,83.0,142.0,0.58,91.628000,11.44,Provisional,06_iranus_2026,crisis
2026-08-07,Premium Petrol 95R,316.467946386848,324.184366371781,184.608518597259,77.254,41.2784277895888,13.327,131.991473856091,52.6170447411675,77.0,131.0,0.588,87.858000,3.18,Provisional,06_iranus_2026,crisis
2004-04-23,Regular Petrol,114.5,114.5,59.8,42.0,12.7,0.0,48.6,13.9,32.0,51.0,0.633,33.780000,0.00,Final,,
2004-04-30,Regular Petrol,113.0,113.0,58.5,41.9,12.6,0.0,52.2,11.8,33.0,52.0,0.626,34.640000,1.12,Final,,
2004-05-07,Regular Petrol,117.3,117.3,62.3,42.0,13.0,0.0,53.3,13.8,33.0,53.0,0.63,36.384000,2.28,Final,,
2004-05-14,Regular Petrol,121.9,121.9,66.4,42.0,13.5,0.0,56.4,14.2,34.0,57.0,0.609,37.618000,3.21,Final,,
2004-05-21,Regular Petrol,121.3,121.3,65.9,41.9,13.5,0.0,54.3,12.6,36.0,59.0,0.602,38.430000,1.29,Final,,
2004-05-28,Regular Petrol,123.9,123.9,68.2,41.9,13.8,0.0,53.7,11.8,35.0,57.0,0.618,37.952000,2.22,Final,,
2004-06-04,Regular Petrol,123.6,123.6,67.9,42.0,13.7,0.0,49.4,13.6,35.0,56.0,0.628,37.254000,3.08,Final,,
2004-06-11,Regular Petrol,120.6,120.6,65.2,42.0,13.4,0.0,48.2,11.5,34.0,53.0,0.629,35.342000,1.06,Final,,
2004-06-18,Regular Petrol,118.6,118.6,63.5,41.9,13.2,0.0,47.7,14.1,33.0,53.0,0.627,35.090000,1.02,Final,,
2004-06-25,Regular Petrol,116.9,116.9,61.9,42.0,13.0,0.0,44.6,13.7,34.0,53.0,0.63,34.708000,0.70,Final,,
2004-07-02,Regular Petrol,114.5,114.5,59.8,42.0,12.7,0.0,47.3,12.2,32.0,51.0,0.637,34.002000,2.97,Final,,
2004-07-09,Regular Petrol,112.9,112.9,58.4,42.0,12.5,0.0,48.3,13.8,34.0,53.0,0.652,36.506000,1.96,Final,,
2004-07-16,Regular Petrol,113.9,113.9,59.3,41.9,12.7,0.0,48.9,12.0,34.0,53.0,0.656,37.764000,1.81,Final,,
2004-07-23,Regular Petrol,115.8,115.8,60.9,41.9,12.9,0.0,51.3,12.7,35.0,53.0,0.65,39.052000,1.11,Final,,
2004-07-30,Regular Petrol,118.0,118.0,63.0,42.0,13.1,0.0,53.1,14.0,35.0,56.0,0.632,40.664000,1.72,Final,,
2004-08-06,Regular Petrol,120.6,120.6,65.2,42.0,13.4,0.0,53.2,14.0,37.0,58.0,0.642,42.008000,1.28,Final,,
2004-08-13,Regular Petrol,121.9,121.9,66.4,42.0,13.5,0.0,53.9,13.3,38.0,58.0,0.654,43.158000,1.68,Final,,
2004-08-20,Regular Petrol,121.9,121.9,66.4,42.0,13.5,0.0,52.8,13.2,40.0,60.0,0.666,44.564000,1.41,Final,,
2004-08-27,Regular Petrol,121.9,121.9,66.4,42.0,13.5,0.0,50.1,12.5,40.0,60.0,0.656,42.228000,3.74,Final,,
2004-09-03,Regular Petrol,121.8,121.8,66.3,42.0,13.5,0.0,49.3,13.5,36.0,56.0,0.652,41.000000,2.59,Final,,
2004-09-10,Regular Petrol,119.9,119.9,64.6,42.0,13.3,0.0,49.9,14.6,35.0,54.0,0.65,40.596000,1.54,Final,,
2004-09-17,Regular Petrol,119.9,119.9,64.6,42.0,13.3,0.0,51.6,15.3,35.0,52.0,0.659,41.552000,2.45,Final,,
2004-09-24,Regular Petrol,120.0,120.0,64.7,42.0,13.3,0.0,52.7,14.8,35.0,53.0,0.663,45.296000,2.93,Final,,
2004-10-01,Regular Petrol,120.9,120.9,65.5,42.0,13.4,0.0,53.5,13.8,37.0,56.0,0.671,47.110000,1.22,Final,,
2004-10-08,Regular Petrol,120.9,120.9,65.5,42.0,13.4,0.0,55.4,12.8,38.0,56.0,0.673,48.086000,2.42,Final,,
2004-10-15,Regular Petrol,122.3,122.3,66.8,42.0,13.6,0.0,53.2,13.3,38.0,55.0,0.68,50.956000,0.89,Final,,
2004-10-22,Regular Petrol,125.0,125.0,69.2,42.0,13.9,0.0,53.6,13.8,38.0,55.0,0.688,50.498000,3.12,Final,,
2004-10-29,Regular Petrol,123.3,123.3,67.7,42.0,13.7,0.0,51.8,14.4,37.0,54.0,0.692,50.150000,3.88,Final,,
2004-11-05,Regular Petrol,121.9,121.9,66.4,42.0,13.5,0.0,51.3,12.8,37.0,53.0,0.688,45.784000,2.47,Final,,
2004-11-12,Regular Petrol,121.0,121.0,65.6,42.0,13.4,0.0,49.0,13.8,35.0,51.0,0.69,42.834000,3.45,Final,,
2004-11-19,Regular Petrol,119.6,119.6,64.4,42.0,13.3,0.0,50.4,13.0,33.0,47.0,0.701,40.632000,2.97,Final,,
2004-11-26,Regular Petrol,118.3,118.3,63.2,42.0,13.1,0.0,48.1,14.2,34.0,47.0,0.712,42.780000,0.86,Final,,
2004-12-03,Regular Petrol,120.6,120.6,65.2,42.0,13.4,0.0,42.3,14.9,35.0,50.0,0.716,41.306000,5.74,Final,,
2004-12-10,Regular Petrol,113.9,113.9,59.3,41.9,12.7,0.0,42.8,11.2,33.0,46.0,0.717,37.602000,1.53,Final,,
2004-12-17,Regular Petrol,109.9,109.9,55.7,42.0,12.2,0.0,43.1,13.4,34.0,48.0,0.71,39.976000,6.29,Final,,
2004-12-24,Regular Petrol,112.1,112.1,57.7,41.9,12.5,0.0,41.5,14.9,36.0,50.0,0.713,41.152000,3.16,Final,,
2004-12-31,Regular Petrol,112.5,112.5,58.0,42.0,12.5,0.0,42.5,14.9,33.0,47.0,0.718,39.790000,1.45,Final,,
2005-01-07,Regular Petrol,110.5,110.5,56.2,41.9,12.3,0.0,45.0,14.3,34.0,49.0,0.7,42.070000,2.53,Final,,
2005-01-14,Regular Petrol,113.6,113.6,59.0,42.0,12.6,0.0,48.4,16.5,37.0,53.0,0.699,44.586000,2.31,Final,,
2005-01-21,Regular Petrol,117.2,117.2,62.2,42.0,13.0,0.0,49.1,17.2,39.0,56.0,0.7,45.076000,1.82,Final,,
2005-01-28,Regular Petrol,118.2,118.2,63.1,42.0,13.1,0.0,48.5,14.7,40.0,56.0,0.714,45.816000,1.76,Final,,
2005-02-04,Regular Petrol,118.9,118.9,63.7,42.0,13.2,0.0,49.1,14.6,39.0,55.0,0.711,44.038000,1.99,Final,,
2005-02-11,Regular Petrol,117.6,117.6,62.6,41.9,13.1,0.0,51.7,14.0,38.0,54.0,0.705,43.286000,1.92,Final,,
2005-02-18,Regular Petrol,116.5,116.5,61.6,42.0,12.9,0.0,54.7,12.4,39.0,55.0,0.715,45.224000,1.35,Final,,
2005-02-25,Regular Petrol,119.2,119.2,64.0,42.0,13.2,0.0,54.7,12.3,41.0,57.0,0.724,48.228000,3.96,Final,,
2005-03-04,Regular Petrol,120.2,120.2,64.9,41.9,13.4,0.0,55.7,10.2,43.0,59.0,0.726,51.328000,2.76,Final,,
2005-03-11,Regular Petrol,121.9,121.9,66.4,42.0,13.5,0.0,54.5,11.7,45.0,61.0,0.737,53.092000,2.24,Final,,
2005-03-18,Regular Petrol,122.2,122.2,66.6,41.9,13.6,0.0,55.3,10.9,46.0,62.0,0.741,54.852000,2.35,Final,,
2005-03-25,Regular Petrol,121.8,121.8,66.3,42.0,13.5,0.0,57.4,11.8,48.0,65.0,0.73,53.762500,4.27,Final,,
2005-04-01,Regular Petrol,124.7,124.7,68.9,41.9,13.9,0.0,61.2,12.7,47.0,66.0,0.709,52.232000,3.51,Final,,
2005-04-08,Regular Petrol,129.5,129.5,68.1,47.0,14.4,0.0,58.5,10.8,50.0,70.0,0.709,53.786000,4.09,Final,,
2005-04-15,Regular Petrol,129.5,129.5,68.1,47.0,14.4,0.0,57.9,7.0,47.0,65.0,0.72,50.428000,2.01,Final,,
2005-04-22,Regular Petrol,129.5,129.5,68.1,47.0,14.4,0.0,55.6,9.7,45.0,63.0,0.722,51.228000,4.93,Final,,
2005-04-29,Regular Petrol,129.5,129.5,68.1,47.0,14.4,0.0,51.4,10.2,47.0,65.0,0.726,51.642000,2.49,Final,,
2005-05-06,Regular Petrol,127.2,127.2,66.1,47.0,14.1,0.0,51.6,10.5,46.0,63.0,0.731,50.048000,1.41,Final,,
2005-05-13,Regular Petrol,123.9,123.9,63.2,46.9,13.8,0.0,50.5,11.8,46.0,63.0,0.728,48.696000,3.76,Final,,
2005-05-20,Regular Petrol,123.6,123.6,62.9,47.0,13.7,0.0,51.7,11.3,45.0,63.0,0.71,46.982000,0.93,Final,,
2005-05-27,Regular Petrol,120.9,120.9,60.5,47.0,13.4,0.0,53.7,10.0,45.0,64.0,0.711,48.588000,2.43,Final,,
2005-06-03,Regular Petrol,121.8,121.8,61.3,47.0,13.5,0.0,54.9,9.5,47.0,67.0,0.705,50.458000,2.60,Final,,
2005-06-10,Regular Petrol,124.6,124.6,63.8,47.0,13.8,0.0,56.9,10.1,49.0,69.0,0.712,51.898000,1.25,Final,,
2005-06-17,Regular Petrol,127.6,127.6,66.5,46.9,14.2,0.0,58.6,11.5,50.0,71.0,0.709,54.172000,4.92,Final,,
2005-06-24,Regular Petrol,131.0,131.0,69.5,46.9,14.6,0.0,59.3,12.6,50.0,71.0,0.713,56.952000,1.30,Final,,
2005-07-01,Regular Petrol,132.2,132.2,70.5,47.0,14.7,0.0,64.4,12.3,53.0,76.0,0.702,56.688000,3.14,Final,,
2005-07-08,Regular Petrol,132.2,132.2,69.8,47.7,14.7,0.0,62.3,10.5,54.0,79.0,0.677,57.984000,1.87,Final,,
2005-07-15,Regular Petrol,133.2,133.2,70.7,47.7,14.8,0.0,63.3,6.4,54.0,80.0,0.677,57.430000,2.85,Final,,
2005-07-22,Regular Petrol,135.8,135.8,73.0,47.6,15.1,0.0,64.5,10.7,51.0,76.0,0.678,56.392000,1.39,Final,,
2005-07-29,Regular Petrol,137.9,137.9,74.9,47.7,15.3,0.0,65.9,11.6,52.0,76.0,0.683,58.496000,2.26,Final,,
2005-08-05,Regular Petrol,138.8,138.8,75.7,47.7,15.4,0.0,69.1,11.2,55.0,80.0,0.686,60.416000,0.69,Final,,
2005-08-12,Regular Petrol,141.0,141.0,77.7,47.6,15.7,0.0,68.3,11.8,56.0,80.0,0.696,64.456000,4.70,Final,,
2005-08-19,Regular Petrol,143.9,143.9,80.2,47.7,16.0,0.0,71.0,11.2,57.0,81.0,0.703,64.230000,4.93,Final,,
2005-08-26,Regular Petrol,144.5,144.5,80.8,47.6,16.1,0.0,79.5,12.5,57.0,81.0,0.696,65.678000,1.07,Final,,
2005-09-02,Regular Petrol,150.0,150.0,85.7,47.6,16.7,0.0,79.5,14.7,59.0,84.0,0.696,66.092000,2.03,Final,,
2005-09-09,Regular Petrol,154.2,154.2,89.4,47.7,17.1,0.0,78.1,9.9,57.0,81.0,0.707,63.240000,2.50,Final,,
2005-09-16,Regular Petrol,153.6,153.6,88.9,47.6,17.1,0.0,74.1,10.7,56.0,79.0,0.706,61.216000,1.42,Final,,
2005-09-23,Regular Petrol,151.9,151.9,87.4,47.6,16.9,0.0,74.6,13.3,57.0,81.0,0.698,63.628000,2.47,Final,,
2005-09-30,Regular Petrol,151.9,151.9,87.4,47.6,16.9,0.0,73.4,12.8,56.0,82.0,0.687,62.164000,1.11,Final,,
2005-10-07,Regular Petrol,151.9,151.9,87.4,47.6,16.9,0.0,71.0,13.9,56.0,81.0,0.695,58.926000,4.44,Final,,
2005-10-14,Regular Petrol,149.8,149.8,85.5,47.7,16.6,0.0,70.4,14.4,54.0,78.0,0.695,58.590000,2.90,Final,,
2005-10-21,Regular Petrol,148.3,148.3,84.2,47.6,16.5,0.0,67.7,13.7,54.0,77.0,0.698,58.154000,2.87,Final,,
2005-10-28,Regular Petrol,142.5,142.5,79.0,47.7,15.8,0.0,62.7,11.3,53.0,75.0,0.704,58.498000,1.83,Final,,
2005-11-04,Regular Petrol,139.9,139.9,76.7,47.7,15.5,0.0,62.5,14.0,53.0,76.0,0.697,58.744000,3.79,Final,,
2005-11-11,Regular Petrol,139.9,139.9,76.7,47.7,15.5,0.0,62.2,14.2,53.0,78.0,0.684,56.788000,3.89,Final,,
2005-11-18,Regular Petrol,137.8,137.8,74.8,47.7,15.3,0.0,60.1,12.6,51.0,74.0,0.684,53.774000,1.61,Final,,
2005-11-25,Regular Petrol,136.9,136.9,74.0,47.7,15.2,0.0,58.4,13.9,51.0,73.0,0.691,53.572000,1.06,Final,,
2005-12-02,Regular Petrol,135.3,135.3,72.6,47.7,15.0,0.0,54.7,14.2,50.0,72.0,0.702,53.592000,2.00,Final,,
2005-12-09,Regular Petrol,131.9,131.9,69.6,47.6,14.7,0.0,57.0,14.9,53.0,75.0,0.71,56.068000,2.01,Final,,
2005-12-16,Regular Petrol,132.5,132.5,70.1,47.7,14.7,0.0,60.0,13.1,55.0,78.0,0.704,58.752000,2.44,Final,,
2005-12-23,Regular Petrol,135.9,135.9,73.1,47.7,15.1,0.0,59.1,13.2,53.0,77.0,0.682,56.360000,1.25,Final,,
2005-12-30,Regular Petrol,135.9,135.9,73.1,47.7,15.1,0.0,60.1,14.0,52.0,77.0,0.678,57.377500,1.80,Final,,
2006-01-06,Regular Petrol,136.8,136.8,73.9,47.7,15.2,0.0,65.3,13.8,56.0,81.0,0.686,61.717500,1.18,Final,,
2006-01-13,Regular Petrol,141.0,141.0,77.7,47.6,15.7,0.0,63.6,12.4,57.0,83.0,0.694,62.180000,1.41,Final,,
2006-01-20,Regular Petrol,141.9,141.9,78.5,47.6,15.8,0.0,65.8,14.9,59.0,85.0,0.69,63.544000,2.58,Final,,
2006-01-27,Regular Petrol,145.3,145.3,81.5,47.7,16.1,0.0,66.3,15.8,60.0,88.0,0.684,63.774000,2.34,Final,,
2006-02-03,Regular Petrol,145.8,145.8,81.9,47.7,16.2,0.0,64.3,15.6,60.0,88.0,0.685,64.000000,3.10,Final,,
2006-02-10,Regular Petrol,143.2,143.2,79.6,47.7,15.9,0.0,63.3,15.3,59.0,87.0,0.678,61.228000,3.66,Final,,
2006-02-17,Regular Petrol,141.9,141.9,78.5,47.6,15.8,0.0,62.6,15.2,56.0,84.0,0.675,58.044000,2.38,Final,,
2006-02-24,Regular Petrol,144.5,144.5,80.8,47.6,16.1,0.0,66.5,18.1,56.0,84.0,0.664,59.390000,1.42,Final,,
2006-03-03,Regular Petrol,147.9,147.9,83.8,47.7,16.4,0.0,67.1,17.3,58.0,87.0,0.663,61.060000,3.25,Final,,
2006-03-10,Regular Petrol,149.2,149.2,84.9,47.6,16.6,0.0,68.0,17.8,58.0,89.0,0.654,59.496000,2.99,Final,,
2006-03-17,Regular Petrol,149.5,149.5,85.2,47.7,16.6,0.0,70.1,17.2,57.0,89.0,0.642,62.422000,2.55,Final,,
2006-03-24,Regular Petrol,151.8,151.8,87.2,47.6,16.9,0.0,71.7,17.1,57.0,91.0,0.625,61.606000,2.82,Final,,
2006-03-31,Regular Petrol,155.2,155.2,90.3,47.7,17.2,0.0,76.3,18.6,58.0,96.0,0.608,64.758000,3.47,Final,,
2006-04-07,Regular Petrol,156.2,156.2,90.5,48.3,17.4,0.0,79.1,14.1,61.0,100.0,0.611,66.928000,1.65,Final,,
2006-04-14,Regular Petrol,159.3,159.3,93.3,48.4,17.7,0.0,83.4,14.1,63.0,102.0,0.613,68.912500,1.34,Final,,
2006-04-21,Regular Petrol,164.5,164.5,97.8,48.3,18.3,0.0,86.7,14.5,66.0,105.0,0.628,72.542500,2.97,Final,,
2006-04-28,Regular Petrol,168.8,168.8,101.6,48.3,18.8,0.0,87.3,15.0,66.0,105.0,0.631,72.844000,2.17,Final,,
2006-05-05,Regular Petrol,170.9,170.9,103.5,48.4,19.0,0.0,92.0,16.2,67.0,105.0,0.638,72.922000,3.23,Final,,
2006-05-12,Regular Petrol,170.9,170.9,103.5,48.4,19.0,0.0,92.5,11.6,66.0,104.0,0.632,70.438000,3.94,Final,,
2006-05-19,Regular Petrol,170.9,170.9,103.5,48.4,19.0,0.0,93.9,11.0,64.0,102.0,0.623,67.838000,1.76,Final,,
2006-05-26,Regular Petrol,170.9,170.9,103.5,48.4,19.0,0.0,92.1,9.6,64.0,102.0,0.629,68.466000,3.36,Final,,
2006-06-02,Regular Petrol,170.9,170.9,103.5,48.4,19.0,0.0,90.0,11.5,65.0,103.0,0.635,68.748000,2.25,Final,,
2006-06-09,Regular Petrol,170.9,170.9,103.5,48.4,19.0,0.0,89.3,13.5,66.0,105.0,0.629,67.888000,3.37,Final,,
2006-06-16,Regular Petrol,170.9,170.9,103.5,48.4,19.0,0.0,88.1,14.2,64.0,102.0,0.625,66.172000,3.61,Final,,
2006-06-23,Regular Petrol,169.2,169.2,102.0,48.4,18.8,0.0,85.4,13.9,64.0,104.0,0.616,68.330000,3.51,Final,,
2006-06-30,Regular Petrol,166.9,166.9,100.0,48.4,18.5,0.0,91.2,14.6,67.0,111.0,0.603,71.818000,3.35,Final,,
2006-07-07,Regular Petrol,169.8,169.8,102.5,48.3,18.9,0.0,92.3,11.4,69.0,113.0,0.607,73.450000,1.26,Final,,
2006-07-14,Regular Petrol,170.9,170.9,103.5,48.4,19.0,0.0,91.2,11.2,70.0,113.0,0.615,73.986000,3.74,Final,,
2006-07-21,Regular Petrol,174.8,174.8,107.0,48.4,19.4,0.0,91.1,15.8,69.0,111.0,0.623,73.516000,3.70,Final,,
2006-07-28,Regular Petrol,176.9,176.9,108.9,48.3,19.7,0.0,90.7,17.7,68.0,110.0,0.622,73.530000,3.27,Final,,
2006-08-04,Regular Petrol,176.9,176.9,108.9,48.3,19.7,0.0,93.5,18.1,70.0,113.0,0.62,76.316000,2.88,Final,,
2006-08-11,Regular Petrol,176.9,176.9,108.9,48.3,19.7,0.0,91.3,15.4,71.0,113.0,0.628,76.978000,3.07,Final,,
2006-08-18,Regular Petrol,173.0,173.0,105.4,48.4,19.2,0.0,84.4,14.1,68.0,107.0,0.636,72.348000,3.36,Final,,
2006-08-25,Regular Petrol,166.9,166.9,100.0,48.4,18.5,0.0,83.3,15.5,68.0,107.0,0.638,71.916000,1.46,Final,,
2006-09-01,Regular Petrol,165.5,165.5,98.7,48.4,18.4,0.0,77.2,15.4,65.0,101.0,0.645,68.350000,3.48,Final,,
2006-09-08,Regular Petrol,158.5,158.5,92.5,48.4,17.6,0.0,70.8,15.3,63.0,98.0,0.65,65.758000,4.32,Final,,
2006-09-15,Regular Petrol,154.5,154.5,88.9,48.3,17.2,0.0,68.3,18.1,60.0,93.0,0.647,61.380000,2.18,Final,,
2006-09-22,Regular Petrol,148.6,148.6,83.7,48.4,16.5,0.0,66.4,15.5,58.0,87.0,0.661,60.232000,3.71,Final,,
2006-09-29,Regular Petrol,145.6,145.6,81.1,48.4,16.2,0.0,65.4,14.7,57.0,86.0,0.66,58.758000,3.08,Final,,
2006-10-06,Regular Petrol,142.8,143.9,78.5,48.3,15.9,0.0,64.0,13.2,56.0,85.0,0.659,57.146000,2.98,Final,,
2006-10-13,Regular Petrol,142.8,143.9,78.5,48.3,15.9,0.0,62.3,14.6,56.0,85.0,0.659,58.328000,1.50,Final,,
2006-10-20,Regular Petrol,142.8,143.9,78.5,48.3,15.9,0.0,62.1,16.2,57.0,86.0,0.662,58.508000,2.39,Final,,
2006-10-27,Regular Petrol,142.8,143.9,78.5,48.3,15.9,0.0,61.7,16.4,57.0,86.0,0.66,57.732000,2.23,Final,,
2006-11-03,Regular Petrol,141.3,142.5,77.3,48.4,15.7,0.0,59.1,15.6,55.0,83.0,0.669,56.478000,0.95,Final,,
2006-11-10,Regular Petrol,137.8,138.9,74.1,48.4,15.3,0.0,60.9,14.9,58.0,86.0,0.668,58.018000,2.73,Final,,
2006-11-17,Regular Petrol,137.8,138.9,74.1,48.4,15.3,0.0,61.8,13.2,57.0,85.0,0.662,57.852000,2.62,Final,,
2006-11-24,Regular Petrol,137.8,138.9,74.1,48.4,15.3,0.0,63.1,12.3,56.0,84.0,0.669,59.198000,3.34,Final,,
2006-12-01,Regular Petrol,138.9,140.0,75.1,48.4,15.4,0.0,65.0,12.0,59.0,87.0,0.677,62.594000,4.22,Final,,
2006-12-08,Regular Petrol,141.8,142.9,77.6,48.3,15.8,0.0,64.3,12.7,60.0,87.0,0.688,63.632000,0.80,Final,,
2006-12-15,Regular Petrol,141.8,142.9,77.6,48.3,15.8,0.0,65.7,13.4,58.0,84.0,0.689,62.564000,1.02,Final,,
2006-12-22,Regular Petrol,141.8,142.9,77.6,48.3,15.8,0.0,67.0,11.9,58.0,84.0,0.693,62.436000,1.21,Final,,
2006-12-29,Regular Petrol,141.8,142.9,77.6,48.3,15.8,0.0,65.8,10.6,57.0,81.0,0.703,59.690000,1.74,Final,,
2007-01-05,Regular Petrol,140.2,142.9,76.2,48.3,15.6,0.0,63.3,10.4,54.0,76.0,0.704,55.630000,5.67,Final,,
2007-01-12,Regular Petrol,137.9,140.6,74.2,48.4,15.3,0.0,60.6,11.0,51.0,74.0,0.689,51.788000,2.87,Final,,
2007-01-19,Regular Petrol,135.2,137.9,71.8,48.4,15.0,0.0,57.6,11.2,50.0,71.0,0.694,51.397500,1.46,Final,,
2007-01-26,Regular Petrol,135.2,137.9,71.8,48.4,15.0,0.0,58.9,14.2,52.0,74.0,0.699,54.868000,1.74,Final,,
2007-02-02,Regular Petrol,135.2,137.9,71.8,48.4,15.0,0.0,61.5,12.9,53.0,77.0,0.691,55.918000,2.24,Final,,
2007-02-09,Regular Petrol,137.8,140.5,74.1,48.4,15.3,0.0,63.6,12.6,55.0,81.0,0.684,57.902000,1.46,Final,,
2007-02-16,Regular Petrol,141.2,143.9,77.1,48.4,15.7,0.0,62.4,13.6,54.0,79.0,0.688,55.544000,2.53,Final,,
2007-02-23,Regular Petrol,141.2,143.9,77.1,48.4,15.7,0.0,64.7,14.7,57.0,81.0,0.703,58.162500,4.47,Final,,
2007-03-02,Regular Petrol,141.8,144.5,77.6,48.3,15.8,0.0,68.8,12.9,59.0,84.0,0.702,60.622000,2.53,Final,,
2007-03-09,Regular Petrol,147.3,150.0,82.6,48.3,16.4,0.0,73.1,13.8,58.0,86.0,0.682,60.348000,1.45,Final,,
2007-03-16,Regular Petrol,150.6,153.3,85.5,48.4,16.7,0.0,72.0,12.4,58.0,83.0,0.693,60.866000,1.12,Final,,
2007-03-23,Regular Petrol,153.2,155.9,87.8,48.4,17.0,0.0,70.6,15.8,58.0,82.0,0.705,61.090000,2.99,Final,,
2007-03-30,Regular Petrol,153.2,155.9,87.8,48.4,17.0,0.0,72.8,17.2,62.0,87.0,0.714,66.098000,4.22,Final,,
2007-04-06,Regular Petrol,155.3,155.9,89.0,48.9,17.3,0.0,74.0,16.2,64.0,89.0,0.72,68.545000,1.15,Final,,
2007-04-13,Regular Petrol,151.3,151.9,85.5,49.0,16.8,0.0,74.3,11.5,64.0,88.0,0.728,68.202500,1.14,Final,,
2007-04-20,Regular Petrol,151.3,151.9,85.5,49.0,16.8,0.0,73.0,11.2,63.0,84.0,0.744,66.208000,2.01,Final,,
2007-04-27,Regular Petrol,151.8,152.5,86.0,49.0,16.9,0.0,76.1,13.0,64.0,86.0,0.744,67.394000,1.14,Final,,
2007-05-04,Regular Petrol,155.3,155.9,89.0,48.9,17.3,0.0,78.1,12.9,63.0,86.0,0.739,66.038000,2.55,Final,,
2007-05-11,Regular Petrol,154.3,154.9,88.1,49.0,17.1,0.0,78.8,10.0,63.0,85.0,0.734,63.912000,2.48,Final,,
2007-05-18,Regular Petrol,153.7,154.3,87.6,49.0,17.1,0.0,81.6,8.8,65.0,88.0,0.735,67.554000,3.40,Final,,
2007-05-25,Regular Petrol,153.8,154.5,87.8,49.0,17.1,0.0,82.3,6.1,66.0,91.0,0.728,70.650000,2.45,Final,,
2007-06-01,Regular Petrol,151.3,151.9,85.5,49.0,16.8,0.0,79.1,3.2,64.0,88.0,0.73,68.445000,1.67,Final,,
2007-06-08,Regular Petrol,152.7,153.3,86.7,49.0,17.0,0.0,75.0,7.7,66.0,88.0,0.751,71.232000,2.32,Final,,
2007-06-15,Regular Petrol,156.3,156.9,89.9,49.0,17.4,0.0,73.2,14.9,66.0,87.0,0.752,69.892000,3.07,Final,,
2007-06-22,Regular Petrol,156.3,156.9,89.9,49.0,17.4,0.0,73.0,16.7,67.0,88.0,0.758,71.780000,1.78,Final,,
2007-06-29,Regular Petrol,156.3,156.9,89.9,49.0,17.4,0.0,73.5,16.9,66.0,87.0,0.766,71.758000,0.86,Final,,
2007-07-06,Regular Petrol,156.4,157.5,88.5,50.5,17.4,0.0,74.2,15.0,69.0,88.0,0.78,74.785000,3.68,Final,,
2007-07-13,Regular Petrol,155.8,156.9,87.9,50.5,17.3,0.0,73.7,13.7,70.0,90.0,0.781,77.756000,1.14,Final,,
2007-07-20,Regular Petrol,155.8,156.9,87.9,50.5,17.3,0.0,71.1,14.2,70.0,89.0,0.792,78.244000,1.50,Final,,
2007-07-27,Regular Petrol,152.8,153.9,85.3,50.5,17.0,0.0,68.4,14.2,70.0,88.0,0.798,76.662000,3.15,Final,,
2007-08-03,Regular Petrol,152.8,153.9,85.3,50.5,17.0,0.0,69.5,16.9,70.0,92.0,0.766,76.338000,1.75,Final,,
2007-08-10,Regular Petrol,152.8,153.9,85.3,50.5,17.0,0.0,66.9,15.8,66.0,87.0,0.761,70.698000,3.12,Final,,
2007-08-17,Regular Petrol,153.2,154.3,85.7,50.6,17.0,0.0,70.5,18.7,67.0,93.0,0.721,70.092000,2.53,Final,,
2007-08-24,Regular Petrol,155.8,156.9,87.9,50.5,17.3,0.0,70.9,17.4,66.0,94.0,0.701,68.440000,1.76,Final,,
2007-08-31,Regular Petrol,155.8,156.9,87.9,50.5,17.3,0.0,73.2,17.1,68.0,96.0,0.709,70.548000,3.44,Final,,
2007-09-07,Regular Petrol,157.9,159.0,89.9,50.6,17.5,0.0,75.8,16.7,70.0,101.0,0.697,75.057500,1.99,Final,,
2007-09-14,Regular Petrol,161.1,162.2,92.6,50.5,17.9,0.0,75.8,16.9,73.0,104.0,0.701,76.892000,3.30,Final,,
2007-09-21,Regular Petrol,162.8,163.9,94.2,50.5,18.1,0.0,76.8,18.4,75.0,104.0,0.724,78.170000,1.91,Final,,
2007-09-28,Regular Petrol,162.8,163.9,94.2,50.5,18.1,0.0,74.9,17.4,76.0,101.0,0.747,78.150000,4.76,Final,,
2007-10-05,Regular Petrol,157.5,159.9,89.4,50.5,17.5,0.0,72.0,14.6,73.0,96.0,0.759,77.978000,2.18,Final,,
2007-10-12,Regular Petrol,154.9,157.3,87.2,50.6,17.2,0.0,73.6,15.2,74.0,97.0,0.765,78.852000,3.89,Final,,
2007-10-19,Regular Petrol,159.3,161.8,91.1,50.5,17.7,0.0,77.7,17.5,79.0,104.0,0.758,84.290000,2.74,Final,,
2007-10-26,Regular Petrol,160.6,163.0,92.2,50.6,17.8,0.0,79.3,14.5,80.0,106.0,0.755,83.722000,3.09,Final,,
2007-11-02,Regular Petrol,164.3,166.8,95.5,50.5,18.3,0.0,81.7,16.2,84.0,110.0,0.767,90.416000,2.24,Final,,
2007-11-09,Regular Petrol,166.5,168.9,97.4,50.5,18.5,0.0,84.3,15.7,88.0,114.0,0.773,93.544000,2.69,Final,,
2007-11-16,Regular Petrol,166.5,168.9,97.4,50.5,18.5,0.0,85.4,13.1,85.0,113.0,0.756,90.738000,2.90,Final,,
2007-11-23,Regular Petrol,168.6,171.0,99.4,50.6,18.7,0.0,87.9,13.9,88.0,117.0,0.756,94.005000,3.74,Final,,
2007-11-30,Regular Petrol,171.5,173.9,101.9,50.5,19.1,0.0,86.6,14.0,86.0,113.0,0.763,92.160000,6.17,Final,,
2007-12-07,Regular Petrol,169.8,172.2,100.4,50.5,18.9,0.0,83.5,13.8,84.0,110.0,0.768,89.088000,2.85,Final,,
2007-12-14,Regular Petrol,168.5,170.9,99.2,50.6,18.7,0.0,83.8,15.8,86.0,110.0,0.779,90.244000,5.24,Final,,
2007-12-21,Regular Petrol,168.5,170.9,99.2,50.6,18.7,0.0,86.1,15.4,85.0,113.0,0.759,90.820000,0.74,Final,,
2007-12-28,Regular Petrol,168.5,170.9,99.2,50.6,18.7,0.0,88.5,13.1,90.0,117.0,0.767,94.390000,4.33,Final,,
2008-01-04,Regular Petrol,169.7,171.6,100.3,50.5,18.9,0.0,94.3,11.8,91.0,118.0,0.773,96.502500,4.77,Final,,
2008-01-11,Regular Petrol,174.0,175.9,104.1,50.6,19.3,0.0,92.5,9.8,89.0,115.0,0.772,94.396000,4.90,Final,,
2008-01-18,Regular Petrol,171.8,173.8,102.2,50.5,19.1,0.0,87.9,9.7,85.0,110.0,0.777,90.034000,4.48,Final,,
2008-01-25,Regular Petrol,169.0,170.9,99.7,50.5,18.8,0.0,88.0,11.7,83.0,109.0,0.762,88.455000,3.90,Final,,
2008-02-01,Regular Petrol,169.0,170.9,99.7,50.5,18.8,0.0,88.4,11.6,86.0,111.0,0.779,91.770000,1.58,Final,,
2008-02-08,Regular Petrol,169.0,170.9,99.7,50.5,18.8,0.0,85.7,11.3,84.0,107.0,0.79,89.884000,2.90,Final,,
2008-02-15,Regular Petrol,166.1,168.0,97.1,50.5,18.5,0.0,88.9,11.5,90.0,114.0,0.788,94.982000,3.14,Final,,
2008-02-22,Regular Petrol,169.6,171.5,100.2,50.6,18.8,0.0,87.3,11.3,92.0,116.0,0.796,97.125000,1.81,Final,,
2008-02-29,Regular Petrol,173.0,174.9,103.2,50.6,19.2,0.0,92.5,15.9,93.0,115.0,0.814,99.098000,3.47,Final,,
2008-03-07,Regular Petrol,173.0,174.9,103.2,50.6,19.2,0.0,92.5,10.7,95.0,119.0,0.801,101.902000,6.06,Final,,
2008-03-14,Regular Petrol,174.7,176.6,104.7,50.5,19.4,0.0,95.6,12.2,99.0,123.0,0.802,107.688000,3.85,Final,,
2008-03-21,Regular Petrol,176.0,177.9,105.9,50.5,19.6,0.0,91.6,10.3,96.0,120.0,0.806,103.047500,5.57,Final,,
2008-03-28,Regular Petrol,176.0,177.9,105.9,50.5,19.6,0.0,93.3,14.2,97.0,121.0,0.804,102.048000,3.98,Final,,
2008-04-04,Regular Petrol,178.2,179.0,107.9,50.5,19.8,0.0,96.3,14.6,96.0,122.0,0.788,100.878000,3.64,Final,,
2008-04-11,Regular Petrol,180.4,181.2,109.8,50.6,20.0,0.0,100.1,13.5,101.0,127.0,0.796,106.602000,2.41,Final,,
2008-04-18,Regular Petrol,182.9,183.8,112.1,50.6,20.3,0.0,101.7,12.0,105.0,133.0,0.79,110.424000,3.02,Final,,
2008-04-25,Regular Petrol,186.1,187.0,114.9,50.5,20.7,0.0,103.4,13.3,109.0,137.0,0.794,114.340000,5.27,Final,,
2008-05-02,Regular Petrol,187.8,188.6,116.4,50.5,20.9,0.0,103.9,12.9,108.0,138.0,0.78,111.980000,8.40,Final,,
2008-05-09,Regular Petrol,188.1,188.9,116.6,50.5,20.9,0.0,108.2,12.7,117.0,149.0,0.781,119.844000,7.86,Final,,
2008-05-16,Regular Petrol,191.6,192.5,119.8,50.5,21.3,0.0,115.0,11.6,120.0,157.0,0.764,122.584000,1.93,Final,,
2008-05-23,Regular Petrol,196.2,197.0,123.9,50.5,21.8,0.0,118.5,8.9,125.0,161.0,0.777,126.470000,7.53,Final,,
2008-05-30,Regular Petrol,200.1,200.9,127.3,50.6,22.2,0.0,117.8,8.8,123.0,157.0,0.785,128.757500,1.48,Final,,
2008-06-06,Regular Petrol,200.1,200.9,127.3,50.6,22.2,0.0,118.6,9.5,122.0,157.0,0.775,126.334000,11.09,Final,,
2008-06-13,Regular Petrol,205.4,206.3,132.1,50.6,22.8,0.0,126.9,13.5,130.0,171.0,0.757,134.118000,3.13,Final,,
2008-06-20,Regular Petrol,210.6,211.4,136.6,50.5,23.4,0.0,125.6,9.8,129.0,171.0,0.756,132.082000,5.16,Final,,
2008-06-27,Regular Petrol,210.6,211.4,136.6,50.5,23.4,0.0,127.2,11.1,131.0,173.0,0.758,135.540000,7.79,Final,,
2008-07-04,Regular Petrol,209.9,212.3,134.0,52.6,23.3,0.0,130.8,6.9,137.0,181.0,0.759,141.065000,5.55,Final,,
2008-07-11,Regular Petrol,214.8,217.2,138.4,52.5,23.9,0.0,128.4,7.6,135.0,179.0,0.756,137.434000,9.77,Final,,
2008-07-18,Regular Petrol,215.4,217.8,138.9,52.6,23.9,0.0,122.6,10.6,132.0,172.0,0.766,135.052000,13.09,Final,,
2008-07-25,Regular Petrol,209.1,211.5,133.3,52.6,23.2,0.0,114.7,10.8,123.0,163.0,0.754,126.702000,4.64,Final,,
2008-08-01,Regular Petrol,203.4,205.8,128.3,52.5,22.6,0.0,113.8,13.5,121.0,164.0,0.739,124.432000,3.31,Final,,
2008-08-08,Regular Petrol,200.5,202.9,125.7,52.5,22.3,0.0,112.5,11.9,116.0,160.0,0.723,116.562000,8.84,Final,,
2008-08-15,Regular Petrol,199.7,202.0,125.0,52.5,22.2,0.0,112.6,12.5,110.0,157.0,0.699,110.164000,3.02,Final,,
2008-08-22,Regular Petrol,197.5,199.9,123.1,52.6,21.9,0.0,110.8,10.5,111.0,156.0,0.712,111.660000,8.52,Final,,
2008-08-29,Regular Petrol,197.5,199.9,123.1,52.6,21.9,0.0,114.0,12.3,112.0,160.0,0.703,112.404000,3.80,Final,,
2008-09-05,Regular Petrol,197.5,199.9,123.1,52.6,21.9,0.0,112.2,9.1,104.0,151.0,0.686,103.685000,2.43,Final,,
2008-09-12,Regular Petrol,197.5,199.9,123.1,52.6,21.9,0.0,113.0,10.9,97.0,146.0,0.665,97.280000,6.71,Final,,
2008-09-19,Regular Petrol,195.8,198.2,121.5,52.5,21.8,0.0,107.4,8.5,88.0,132.0,0.663,89.348000,7.61,Final,,
2008-09-26,Regular Petrol,193.5,195.9,119.5,52.6,21.5,0.0,111.3,12.1,97.0,141.0,0.685,100.914000,1.66,Final,,
2008-10-03,Regular Petrol,188.1,193.3,114.6,52.6,20.9,0.0,106.6,3.3,88.0,131.0,0.67,91.900000,7.08,Final,,
2008-10-10,Regular Petrol,184.6,189.9,111.6,52.6,20.5,0.0,104.0,5.0,75.0,120.0,0.625,80.976000,10.13,Final,,
2008-10-17,Regular Petrol,183.5,188.8,110.5,52.6,20.4,0.0,97.1,6.5,65.0,107.0,0.612,69.280000,10.84,Final,,
2008-10-24,Regular Petrol,172.6,177.9,100.9,52.6,19.2,0.0,85.7,3.8,60.0,98.0,0.606,64.404000,6.88,Final,,
2008-10-31,Regular Petrol,167.6,172.9,96.5,52.6,18.6,0.0,82.4,10.8,55.0,97.0,0.572,60.614000,5.13,Final,,
2008-11-07,Regular Petrol,161.6,166.9,91.1,52.5,18.0,0.0,72.7,8.8,54.0,92.0,0.593,59.434000,6.64,Final,,
2008-11-14,Regular Petrol,152.9,158.2,83.4,52.6,17.0,0.0,66.9,10.6,49.0,85.0,0.576,53.266000,6.38,Final,,
2008-11-21,Regular Petrol,146.5,151.8,77.7,52.5,16.3,0.0,59.9,10.8,45.0,83.0,0.543,47.794000,5.91,Final,,
2008-11-28,Regular Petrol,140.1,145.3,71.9,52.5,15.6,0.0,58.8,12.0,44.0,81.0,0.548,48.532500,2.00,Final,,
2008-12-05,Regular Petrol,138.1,143.3,70.2,52.6,15.3,0.0,56.0,11.4,40.0,75.0,0.535,43.696000,10.54,Final,,
2008-12-12,Regular Petrol,134.6,139.9,67.1,52.5,15.0,0.0,54.7,11.1,39.0,71.0,0.544,41.010000,4.20,Final,,
2008-12-19,Regular Petrol,134.6,139.9,67.1,52.5,15.0,0.0,60.1,12.4,41.0,71.0,0.571,41.714000,5.50,Final,,
2008-12-26,Regular Petrol,134.6,139.9,67.1,52.5,15.0,0.0,55.4,7.0,37.0,64.0,0.571,35.382500,4.35,Final,,
2009-01-02,Regular Petrol,136.9,136.9,69.1,52.6,15.2,0.0,54.9,13.7,38.0,65.0,0.577,37.035000,8.78,Final,,
2009-01-09,Regular Petrol,132.0,132.0,64.8,52.5,14.7,0.0,61.0,9.8,45.0,76.0,0.593,45.248000,6.55,Final,,
2009-01-16,Regular Petrol,135.7,135.8,68.1,52.5,15.1,0.0,67.1,7.1,42.0,76.0,0.559,42.384000,2.56,Final,,
2009-01-23,Regular Petrol,147.1,147.2,78.2,52.6,16.3,0.0,75.7,11.1,41.0,78.0,0.533,41.667500,3.23,Final,,
2009-01-30,Regular Petrol,158.0,158.0,87.9,52.5,17.6,0.0,78.9,12.2,43.0,81.0,0.525,44.204000,5.14,Final,,
2009-02-06,Regular Petrol,165.4,165.5,94.5,52.5,18.4,0.0,83.1,15.6,43.0,86.0,0.508,43.640000,1.53,Final,,
2009-02-13,Regular Petrol,167.1,167.2,96.0,52.5,18.6,0.0,83.3,12.9,44.0,84.0,0.528,45.588000,3.87,Final,,
2009-02-20,Regular Petrol,168.7,168.8,97.4,52.6,18.7,0.0,81.5,14.1,41.0,79.0,0.513,40.912500,2.95,Final,,
2009-02-27,Regular Petrol,166.6,166.6,95.5,52.6,18.5,0.0,78.0,13.9,42.0,82.0,0.51,42.676000,4.97,Final,,
2009-03-06,Regular Petrol,163.9,163.9,93.1,52.6,18.2,0.0,75.3,15.0,42.0,85.0,0.498,43.864000,3.47,Final,,
2009-03-13,Regular Petrol,162.4,162.5,91.8,52.6,18.0,0.0,71.6,16.5,43.0,85.0,0.507,43.980000,2.80,Final,,
2009-03-20,Regular Petrol,158.9,158.9,88.6,52.5,17.7,0.0,74.2,17.1,45.0,83.0,0.537,46.434000,5.15,Final,,
2009-03-27,Regular Petrol,158.9,158.9,88.6,52.5,17.7,0.0,74.7,14.4,50.0,89.0,0.568,51.464000,1.08,Final,,
2009-04-03,Regular Petrol,157.5,158.9,87.5,52.6,17.5,0.0,72.5,12.8,47.0,83.0,0.567,48.494000,4.97,Final,,
2009-04-10,Regular Petrol,157.5,158.9,87.5,52.6,17.5,0.0,74.7,15.0,51.0,88.0,0.583,51.480000,1.71,Final,,
2009-04-17,Regular Petrol,157.5,158.9,87.5,52.6,17.5,0.0,77.1,12.7,51.0,87.0,0.582,51.590000,1.33,Final,,
2009-04-24,Regular Petrol,157.5,158.9,87.5,52.6,17.5,0.0,76.6,10.3,49.0,87.0,0.56,48.966000,2.00,Final,,
2009-05-01,Regular Petrol,156.1,157.5,86.2,52.6,17.3,0.0,70.8,9.6,49.0,87.0,0.564,49.916000,3.11,Final,,
2009-05-08,Regular Petrol,154.0,155.3,84.3,52.6,17.1,0.0,77.2,13.5,55.0,94.0,0.583,54.828000,3.47,Final,,
2009-05-15,Regular Petrol,157.5,158.9,87.5,52.6,17.5,0.0,78.3,10.3,57.0,95.0,0.6,56.386000,0.85,Final,,
2009-05-22,Regular Petrol,161.1,162.5,90.6,52.6,17.9,0.0,81.7,12.3,58.0,97.0,0.601,57.890000,2.59,Final,,
2009-05-29,Regular Petrol,162.5,163.9,91.9,52.5,18.1,0.0,81.4,10.2,62.0,100.0,0.619,62.195000,5.93,Final,,
2009-06-05,Regular Petrol,164.2,165.6,93.4,52.6,18.2,0.0,82.7,12.1,67.0,104.0,0.643,67.174000,1.62,Final,,
2009-06-12,Regular Petrol,166.5,167.9,95.5,52.6,18.5,0.0,85.5,12.7,70.0,112.0,0.631,69.880000,4.10,Final,,
2009-06-19,Regular Petrol,166.5,167.9,95.5,52.6,18.5,0.0,85.8,10.0,70.0,111.0,0.634,69.680000,2.03,Final,,
2009-06-26,Regular Petrol,166.5,167.9,95.5,52.6,18.5,0.0,82.1,9.6,69.0,108.0,0.638,67.576000,2.69,Final,,
2009-07-03,Regular Petrol,166.2,167.9,94.6,53.1,18.5,0.0,80.0,12.4,69.0,107.0,0.642,68.030000,4.01,Final,,
2009-07-10,Regular Petrol,163.9,165.6,92.5,53.1,18.2,0.0,74.6,12.5,62.0,98.0,0.63,60.394000,4.69,Final,,
2009-07-17,Regular Petrol,159.3,161.0,88.5,53.1,17.7,0.0,73.0,13.9,62.0,97.0,0.64,61.108000,5.29,Final,,
2009-07-24,Regular Petrol,157.2,158.9,86.6,53.1,17.5,0.0,76.8,13.6,66.0,101.0,0.655,66.562000,4.18,Final,,
2009-07-31,Regular Petrol,160.0,161.8,89.1,53.1,17.8,0.0,79.8,12.3,67.0,103.0,0.654,68.600000,4.29,Final,,
2009-08-07,Regular Petrol,164.3,166.0,92.9,53.1,18.3,0.0,84.0,13.1,72.0,108.0,0.669,73.986000,1.71,Final,,
2009-08-14,Regular Petrol,167.2,168.9,95.5,53.1,18.6,0.0,83.8,11.4,71.0,105.0,0.673,72.898000,2.70,Final,,
2009-08-21,Regular Petrol,167.2,168.9,95.5,53.1,18.6,0.0,80.3,11.7,71.0,105.0,0.674,71.516000,5.10,Final,,
2009-08-28,Regular Petrol,167.2,168.9,95.5,53.1,18.6,0.0,80.7,15.1,71.0,104.0,0.684,72.332000,3.66,Final,,
2009-09-04,Regular Petrol,165.9,167.6,94.3,53.2,18.4,0.0,77.8,13.6,67.0,98.0,0.679,67.604000,3.18,Final,,
2009-09-11,Regular Petrol,164.2,165.9,92.8,53.2,18.2,0.0,75.2,15.0,69.0,99.0,0.696,69.170000,1.00,Final,,
2009-09-18,Regular Petrol,162.0,163.8,90.9,53.1,18.0,0.0,73.7,15.7,69.0,97.0,0.707,68.846000,5.03,Final,,
2009-09-25,Regular Petrol,161.2,162.9,90.1,53.1,17.9,0.0,70.6,16.4,67.0,93.0,0.716,66.956000,5.05,Final,,
2009-10-02,Regular Petrol,155.7,156.9,84.4,54.0,17.3,0.0,67.9,13.8,66.0,92.0,0.717,65.900000,2.49,Final,,
2009-10-09,Regular Petrol,156.7,157.9,83.1,56.1,17.4,0.0,67.7,15.2,68.0,93.0,0.732,67.868000,4.19,Final,,
2009-10-16,Regular Petrol,156.7,157.9,83.1,56.1,17.4,0.0,70.3,15.4,72.0,98.0,0.74,72.288000,3.83,Final,,
2009-10-23,Regular Petrol,158.4,159.6,84.7,56.1,17.6,0.0,73.2,14.4,77.0,102.0,0.752,77.238000,2.50,Final,,
2009-10-30,Regular Petrol,161.1,162.3,87.1,56.1,17.9,0.0,75.5,13.8,76.0,104.0,0.736,76.068000,2.27,Final,,
2009-11-06,Regular Petrol,164.7,165.9,90.2,56.1,18.3,0.0,76.4,14.7,77.0,107.0,0.72,76.596000,2.70,Final,,
2009-11-13,Regular Petrol,164.7,165.9,90.2,56.1,18.3,0.0,74.9,13.8,77.0,104.0,0.738,76.246000,2.37,Final,,
2009-11-20,Regular Petrol,164.7,165.9,90.2,56.1,18.3,0.0,75.4,15.3,78.0,105.0,0.743,77.040000,3.03,Final,,
2009-11-27,Regular Petrol,164.7,165.9,90.2,56.1,18.3,0.0,76.2,14.8,77.0,106.0,0.726,76.515000,2.79,Final,,
2009-12-04,Regular Petrol,164.7,165.9,90.2,56.1,18.3,0.0,78.3,14.1,79.0,110.0,0.72,77.782000,1.72,Final,,
2009-12-11,Regular Petrol,165.0,166.2,90.5,56.2,18.3,0.0,77.0,12.2,75.0,104.0,0.717,73.144000,6.11,Final,,
2009-12-18,Regular Petrol,165.2,166.5,90.8,56.1,18.4,0.0,75.3,13.7,73.0,101.0,0.721,71.802000,2.15,Final,,
2009-12-25,Regular Petrol,162.7,163.9,88.5,56.1,18.1,0.0,79.4,13.2,73.0,104.0,0.705,73.350000,3.51,Final,,
2010-01-01,Regular Petrol,162.7,163.9,88.5,56.1,18.1,0.0,81.6,9.1,77.0,108.0,0.716,77.192500,1.32,Final,,
2010-01-08,Regular Petrol,166.98253968254,168.471428571429,92.2999241622575,56.129,18.5536155202822,0.0,81.0944728873757,11.2054512748818,80.0,109.0,0.735,79.818000,1.52,Final,,
2010-01-15,Regular Petrol,172.411111111111,173.9,97.1253209876543,56.129,19.1567901234568,0.0,81.5623984676395,15.5629225200148,78.0,106.0,0.741,78.310000,3.29,Final,,
2010-01-22,Regular Petrol,172.268253968254,173.757142857143,96.9983368606702,56.129,19.1409171075838,0.0,80.6966030994154,16.3017337612548,75.0,104.0,0.728,74.282500,2.45,Final,,
2010-01-29,Regular Petrol,171.411111111111,172.9,96.2364320987654,56.129,19.0456790123457,0.0,81.6550985307888,14.5813335679767,73.0,102.0,0.709,71.882000,2.10,Final,,
2010-02-05,Regular Petrol,171.411111111111,172.9,96.2364320987654,56.129,19.0456790123457,0.0,83.3234222222025,12.913009876563,73.0,104.0,0.702,72.540000,5.66,Final,,
2010-02-12,Regular Petrol,171.411111111111,172.9,96.2364320987654,56.129,19.0456790123457,0.0,81.2697813147841,14.9666507839813,71.0,103.0,0.692,70.852000,2.73,Final,,
2010-02-19,Regular Petrol,171.411111111111,172.9,96.2364320987654,56.129,19.0456790123457,0.0,83.1313855903448,13.1050465084206,76.0,108.0,0.7,75.800000,2.06,Final,,
2010-02-26,Regular Petrol,171.411111111111,172.9,96.2364320987654,56.129,19.0456790123457,0.0,85.3123726853109,10.9240594134545,76.0,109.0,0.696,76.226000,2.62,Final,,
2010-03-05,Regular Petrol,174.268253968254,175.757142857143,98.776114638448,56.129,19.363139329806,0.0,86.4832284165658,12.2928862218821,77.0,111.0,0.695,77.862000,3.13,Final,,
2010-03-12,Regular Petrol,178.553968253968,180.042857142857,102.585638447972,56.129,19.8393298059965,0.0,88.1027138126618,14.48292463531,78.0,111.0,0.701,79.364000,1.52,Final,,
2010-03-19,Regular Petrol,179.411111111111,180.9,103.347543209877,56.129,19.9345679012346,0.0,86.4741049591429,16.8734382507337,77.0,109.0,0.709,79.054000,3.20,Final,,
2010-03-26,Regular Petrol,179.411111111111,180.9,103.347543209877,56.129,19.9345679012346,0.0,85.4576649755002,17.8898782343763,77.0,110.0,0.705,78.382000,1.19,Final,,
2010-04-02,Regular Petrol,176.378702250131,178.042857142857,100.652068666783,56.129,19.5976335833479,0.0,85.9875987101813,14.6644699566017,79.0,112.0,0.708,80.587500,3.17,Final,,
2010-04-09,Regular Petrol,177.532967032967,179.328571428571,101.678081807082,56.129,19.7258852258852,0.0,88.8565595225002,12.8215222845816,83.0,117.0,0.706,83.884000,2.42,Final,,
2010-04-16,Regular Petrol,180.104395604396,181.9,103.963796092796,56.129,20.0115995115995,0.0,87.3690344705526,16.5947616222435,84.0,117.0,0.714,85.234000,3.46,Final,,
2010-04-23,Regular Petrol,180.104395604396,181.9,103.963796092796,56.129,20.0115995115995,0.0,86.9613930703321,17.002403022464,83.0,117.0,0.709,84.608000,3.00,Final,,
2010-04-30,Regular Petrol,180.104395604396,181.9,103.963796092796,56.129,20.0115995115995,0.0,87.4908266669924,16.4729694258037,85.0,118.0,0.719,85.982000,2.23,Final,,
2010-05-07,Regular Petrol,180.104395604396,181.9,103.963796092796,56.129,20.0115995115995,0.0,84.9404123880686,19.0233837047275,81.0,112.0,0.723,82.496000,11.61,Final,,
2010-05-14,Regular Petrol,176.104395604396,177.9,100.408240537241,56.129,19.5671550671551,0.0,81.5461909567083,18.8620495805323,80.0,111.0,0.716,78.324000,2.98,Final,,
2010-05-21,Regular Petrol,174.39010989011,176.185714285714,98.884431013431,56.129,19.3766788766789,0.0,80.0302083901497,18.8542226232813,72.0,105.0,0.689,72.172000,5.56,Final,,
2010-05-28,Regular Petrol,172.39010989011,174.185714285714,97.1066532356532,56.129,19.1544566544567,0.0,78.4408898450265,18.6657633906267,70.0,104.0,0.673,70.790000,6.38,Final,,
2010-06-04,Regular Petrol,171.104395604396,172.9,95.9637960927961,56.129,19.0115995115995,0.0,80.955711456385,15.0080846364111,73.0,108.0,0.68,72.705000,1.28,Final,,
2010-06-11,Regular Petrol,171.104395604396,172.9,95.9637960927961,56.129,19.0115995115995,0.0,81.5726854688639,14.3911106239322,73.0,108.0,0.671,72.762000,3.24,Final,,
2010-06-18,Regular Petrol,171.104395604396,172.9,95.9637960927961,56.129,19.0115995115995,0.0,81.4146283316279,14.5491677611682,75.0,108.0,0.697,76.218000,2.41,Final,,
2010-06-25,Regular Petrol,173.247252747253,175.042857142857,97.868557997558,56.129,19.2496947496947,0.0,79.9846559804436,17.8839020171144,75.0,106.0,0.71,76.642000,3.36,Final,,
2010-07-02,Regular Petrol,175.50561053853,177.614285714286,98.6879871453598,56.129,19.50062339317,1.188,79.2004124568528,19.487574688507,72.0,104.0,0.697,73.858000,4.93,Final,,
2010-07-09,Regular Petrol,173.55652173913,175.9,96.0644637681159,56.129,19.2840579710145,2.079,78.6629972072507,17.4014665608653,72.0,103.0,0.696,73.952500,2.23,Final,,
2010-07-16,Regular Petrol,173.55652173913,175.9,96.0644637681159,56.129,19.2840579710145,2.079,78.1854367799513,17.8790269881646,73.0,102.0,0.717,75.700000,2.28,Final,,
2010-07-23,Regular Petrol,173.55652173913,175.9,96.0644637681159,56.129,19.2840579710145,2.079,79.5264358951382,16.5380278729777,74.0,103.0,0.713,76.642000,1.84,Final,,
2010-07-30,Regular Petrol,173.55652173913,175.9,96.0644637681159,56.129,19.2840579710145,2.079,78.3498919992366,17.7145717688794,74.0,102.0,0.728,77.236000,3.08,Final,,
2010-08-06,Regular Petrol,174.413664596273,176.757142857143,96.8263685300207,56.129,19.3792960662526,2.079,80.8521731209624,15.9741954090583,79.0,108.0,0.731,82.694000,2.48,Final,,
2010-08-13,Regular Petrol,175.55652173913,177.9,97.8422415458937,56.129,19.5062801932367,2.079,79.2439802893637,18.59826125653,74.0,103.0,0.722,78.206000,6.40,Final,,
2010-08-20,Regular Petrol,173.842236024845,176.185714285714,96.3184320220842,56.129,19.3158040027605,2.079,78.9339227308853,17.3845092911989,73.0,102.0,0.709,74.944000,3.26,Final,,
2010-08-27,Regular Petrol,171.842236024845,174.185714285714,94.3096542443064,56.129,19.0935817805383,2.31,77.3682665851628,16.9413876591436,71.0,101.0,0.704,72.818000,4.55,Final,,
2010-09-03,Regular Petrol,171.55652173913,173.9,94.0556859903382,56.129,19.0618357487923,2.31,78.792786992651,15.2628989976871,73.0,104.0,0.709,75.410000,1.12,Final,,
2010-09-10,Regular Petrol,171.55652173913,173.9,94.0556859903382,56.129,19.0618357487923,2.31,77.899941038254,16.1557449520842,75.0,104.0,0.721,77.167500,2.09,Final,,
2010-09-17,Regular Petrol,171.55652173913,173.9,94.0556859903382,56.129,19.0618357487923,2.31,77.9646029158223,16.0910830745159,76.0,104.0,0.729,78.438000,1.46,Final,,
2010-09-24,Regular Petrol,171.55652173913,173.9,94.0556859903382,56.129,19.0618357487923,2.31,76.9995167522509,17.0561692380873,76.0,104.0,0.73,78.378000,2.13,Final,,
2010-10-01,Regular Petrol,174.429813664596,176.9,91.9533845530651,57.4147142857143,22.7517148258169,2.31,77.8494408365975,14.1039437164676,77.0,105.0,0.736,79.820000,4.98,Final,,
2010-10-08,Regular Petrol,179.689440993789,182.328571428571,94.8126878206859,59.129,23.4377531731029,2.31,80.4846806882066,14.3280071324794,81.0,109.0,0.747,83.866000,1.66,Final,,
2010-10-15,Regular Petrol,180.260869565217,182.9,95.3095822306238,59.129,23.5122873345936,2.31,81.6250910557649,13.6844911748589,81.0,107.0,0.756,83.114000,2.07,Final,,
2010-10-22,Regular Petrol,182.260869565217,184.9,97.0487126654064,59.129,23.773156899811,2.31,80.3192240669236,16.7294885984829,80.0,106.0,0.751,81.426000,1.55,Final,,
2010-10-29,Regular Petrol,182.260869565217,184.9,97.0487126654064,59.129,23.773156899811,2.31,80.8414394585533,16.2072732068532,80.0,107.0,0.75,82.248000,1.70,Final,,
2010-11-05,Regular Petrol,182.260869565217,184.9,97.0487126654064,59.129,23.773156899811,2.31,79.9203519083329,17.1283607570735,83.0,107.0,0.777,85.596000,2.99,Final,,
2010-11-12,Regular Petrol,182.260869565217,184.9,97.0487126654064,59.129,23.773156899811,2.31,81.5265876933079,15.5221249720985,85.0,109.0,0.784,87.430000,2.01,Final,,
2010-11-19,Regular Petrol,182.260869565217,184.9,97.0487126654064,59.129,23.773156899811,2.31,81.0631723498144,15.985540315592,82.0,107.0,0.773,83.940000,2.32,Final,,
2010-11-26,Regular Petrol,182.260869565217,184.9,97.0487126654064,59.129,23.773156899811,2.31,81.9590817633039,15.0896309021025,82.0,107.0,0.766,83.505000,2.44,Final,,
2010-12-03,Regular Petrol,184.546583850932,187.185714285714,98.937290305158,59.129,24.0712935457737,2.409,87.6127073417314,11.3245829634266,86.0,114.0,0.749,88.100000,4.75,Final,,
2010-12-10,Regular Petrol,189.689440993789,192.328571428571,103.392839994599,59.129,24.7421009991898,2.4255,90.8770989886952,12.5157410059038,88.0,117.0,0.756,90.248000,1.71,Final,,
2010-12-17,Regular Petrol,192.832298136646,195.471428571429,106.125759249257,59.129,25.1520388873886,2.4255,91.660361899313,14.4653973499444,89.0,120.0,0.746,90.912000,0.93,Final,,
2010-12-24,Regular Petrol,194.975155279503,197.614285714286,107.989113286524,59.129,25.4315419929787,2.4255,94.3530517873576,13.6360614991669,91.0,122.0,0.742,92.900000,2.32,Final,,
2010-12-31,Regular Petrol,195.357763975155,197.9,108.321816500135,59.129,25.4814474750203,2.4255,92.1206772015111,16.2011392986239,90.0,117.0,0.765,93.170000,1.02,Final,,
2011-01-07,Regular Petrol,195.6,197.9,108.532456521739,59.129,25.5130434782609,2.4255,92.8697163628242,15.6627401589149,91.0,120.0,0.76,94.722000,2.30,Final,,
2011-01-14,Regular Petrol,195.6,197.9,108.532456521739,59.129,25.5130434782609,2.4255,93.7895505210032,14.7429060007359,94.0,123.0,0.764,97.086000,2.81,Final,,
2011-01-21,Regular Petrol,197.6,199.9,110.271586956522,59.129,25.7739130434783,2.4255,94.25772822252,16.0138587340017,93.0,121.0,0.767,97.340000,2.15,Final,,
2011-01-28,Regular Petrol,197.6,199.9,110.271586956522,59.129,25.7739130434783,2.4255,92.581153495547,17.6904334609747,93.0,121.0,0.767,96.620000,1.02,Final,,
2011-02-04,Regular Petrol,197.6,199.9,110.271586956522,59.129,25.7739130434783,2.4255,94.3486785427924,15.9229084137293,96.0,125.0,0.774,100.358000,2.72,Final,,
2011-02-11,Regular Petrol,197.6,199.9,110.271586956522,59.129,25.7739130434783,2.4255,94.3145027443068,15.957084212215,97.0,125.0,0.77,99.904000,1.49,Final,,
2011-02-18,Regular Petrol,199.314285714286,201.614285714286,111.762270186335,59.129,25.9975155279503,2.4255,97.0011057238298,14.7611644625056,99.0,131.0,0.756,102.806000,1.25,Final,,
2011-02-25,Regular Petrol,200.6,202.9,112.880282608696,59.129,26.1652173913043,2.4255,103.309136792448,9.57114581624786,106.0,141.0,0.753,110.492500,7.09,Final,,
2011-03-04,Regular Petrol,206.171428571429,208.471428571429,117.72500310559,59.129,26.8919254658385,2.4255,107.081247049786,10.643756055804,109.0,146.0,0.747,114.526000,4.62,Final,,
2011-03-11,Regular Petrol,212.885714285714,215.185714285714,123.56351242236,59.129,27.767701863354,2.4255,109.670787413407,13.8927250089528,110.0,149.0,0.737,114.446000,4.26,Final,,
2011-03-18,Regular Petrol,213.6,215.9,124.184630434783,59.129,27.8608695652174,2.4255,108.222336846024,15.962293588759,107.0,147.0,0.73,112.666000,3.22,Final,,
2011-03-25,Regular Petrol,216.171428571429,218.471428571429,126.420655279503,59.129,28.1962732919255,2.4255,109.5557223593,16.8649329202026,110.0,149.0,0.74,115.412000,0.73,Final,,
2011-04-01,Regular Petrol,216.715384615385,218.9,126.893660535117,59.129,28.2672240802676,2.4255,108.09574824324,18.7979122918769,110.0,146.0,0.757,116.490000,3.28,Final,,
2011-04-08,Regular Petrol,216.869230769231,218.9,127.027439799331,59.129,28.2872909698997,2.4255,110.367526048746,16.6599137505846,115.0,149.0,0.772,123.030000,6.23,Final,,
2011-04-15,Regular Petrol,216.869230769231,218.9,127.027439799331,59.129,28.2872909698997,2.4255,109.415358524278,17.6120812750533,116.0,148.0,0.786,123.572000,5.13,Final,,
2011-04-22,Regular Petrol,216.869230769231,218.9,127.027439799331,59.129,28.2872909698997,2.4255,108.481137702629,18.5463020967021,116.0,146.0,0.792,122.735000,2.91,Final,,
2011-04-29,Regular Petrol,216.869230769231,218.9,127.027439799331,59.129,28.2872909698997,2.4255,111.783797073194,15.2436427261375,119.0,148.0,0.803,125.360000,2.04,Final,,
2011-05-06,Regular Petrol,219.012087912088,221.042857142857,128.890793836598,59.129,28.5667940754897,2.4255,111.588495924735,17.3022979118633,112.0,140.0,0.798,119.564000,14.71,Final,,
2011-05-13,Regular Petrol,213.869230769231,215.9,124.418744147157,59.129,27.8959866220736,2.4255,107.187537635209,17.2312065119478,108.0,136.0,0.792,114.528000,4.95,Final,,
2011-05-20,Regular Petrol,210.869230769231,212.9,121.810048494983,59.129,27.5046822742475,2.4255,100.981028962324,20.8290195326596,107.0,136.0,0.786,112.020000,4.33,Final,,
2011-05-27,Regular Petrol,204.726373626374,206.757142857143,116.468433588151,59.129,26.7034400382226,2.4255,100.615969942481,15.8524636456701,108.0,135.0,0.798,113.406000,4.93,Final,,
2011-06-03,Regular Petrol,203.869230769231,205.9,115.723091973244,59.129,26.5916387959866,2.4255,99.1560061309229,16.5670858423212,109.0,133.0,0.819,115.680000,2.88,Final,,
2011-06-10,Regular Petrol,203.869230769231,205.9,115.723091973244,59.129,26.5916387959866,2.4255,100.172540106777,15.5505518664668,111.0,135.0,0.821,117.726000,4.55,Final,,
2011-06-17,Regular Petrol,205.297802197802,207.328571428571,116.965327998089,59.129,26.7779741997133,2.4255,99.894191578824,17.0711364192648,110.0,136.0,0.814,116.788000,6.75,Final,,
2011-06-24,Regular Petrol,205.869230769231,207.9,117.462222408027,59.129,26.852508361204,2.4255,97.7684706821635,19.6937517258633,105.0,129.0,0.812,110.176000,8.80,Final,,
2011-07-01,Regular Petrol,203.611299569995,205.9,115.498803973909,59.129,26.5579955960863,2.4255,96.6557826199228,18.8430213539861,105.0,129.0,0.815,109.032000,7.14,Final,,
2011-07-08,Regular Petrol,203.267391304348,205.9,115.282253308129,59.129,26.5131379962193,2.343,101.101005829273,14.1812474788558,109.0,131.0,0.829,115.390000,4.19,Final,,
2011-07-15,Regular Petrol,206.124534161491,208.757142857143,117.898725357818,59.129,26.8858088036727,2.211,101.101844885697,16.7968804721207,111.0,133.0,0.834,117.722000,1.11,Final,,
2011-07-22,Regular Petrol,205.553105590062,208.185714285714,117.41833094788,59.129,26.811274642182,2.1945,97.5130517763345,19.9052791715455,112.0,131.0,0.854,118.198000,1.94,Final,,
2011-07-29,Regular Petrol,204.267391304348,206.9,116.30031852552,59.129,26.643572778828,2.1945,97.3328499271159,18.9674685984039,112.0,129.0,0.868,117.698000,2.34,Final,,
2011-08-05,Regular Petrol,204.267391304348,206.9,116.30031852552,59.129,26.643572778828,2.1945,96.1638671218305,20.1364514036893,107.0,124.0,0.863,112.654000,9.45,Final,,
2011-08-12,Regular Petrol,198.981677018634,201.614285714286,111.704045233594,59.129,25.9541317850392,2.1945,95.6729425332597,16.0311027003347,101.0,122.0,0.827,105.304000,5.11,Final,,
2011-08-19,Regular Petrol,198.981677018634,201.614285714286,111.704045233594,59.129,25.9541317850392,2.1945,98.2445857953665,13.4594594382279,104.0,125.0,0.832,109.536000,3.01,Final,,
2011-08-26,Regular Petrol,200.267391304348,202.9,112.822057655955,59.129,26.1218336483932,2.1945,99.2011906451916,13.620867010763,105.0,127.0,0.827,111.058000,3.46,Final,,
2011-09-02,Regular Petrol,203.695962732919,206.328571428571,115.803424115582,59.129,26.5690386173373,2.1945,101.045581254022,14.7578428615595,110.0,129.0,0.849,116.105000,0.89,Final,,
2011-09-09,Regular Petrol,204.267391304348,206.9,116.30031852552,59.129,26.643572778828,2.1945,101.913706838389,14.3866116871305,109.0,130.0,0.833,115.970000,4.70,Final,,
2011-09-16,Regular Petrol,206.410248447205,209.042857142857,118.163672562787,59.129,26.923075884418,2.1945,100.744600229827,17.4190723329598,107.0,131.0,0.822,114.980000,3.61,Final,,
2011-09-23,Regular Petrol,207.267391304348,209.9,118.909014177694,59.129,27.0348771266541,2.1945,101.249603449664,17.6594107280299,106.0,131.0,0.81,111.984000,5.22,Final,,
2011-09-30,Regular Petrol,207.302795031056,209.9,118.939800027005,59.129,27.0394950040508,2.1945,102.165817225749,16.7739828012562,102.0,132.0,0.777,107.692000,4.12,Final,,
2011-10-07,Regular Petrol,207.391304347826,209.9,119.016764650284,59.129,27.0510396975425,2.1945,103.740817920079,15.2759467302042,99.0,130.0,0.762,104.032000,4.72,Final,,
2011-10-14,Regular Petrol,207.391304347826,209.9,119.363307507426,59.129,27.0510396975425,1.84795714285714,105.411115458899,13.9521920485274,105.0,134.0,0.785,111.586000,5.11,Final,,
2011-10-21,Regular Petrol,207.391304347826,209.9,119.421064650284,59.129,27.0510396975425,1.7902,102.799178270752,16.6218863795312,107.0,134.0,0.796,111.472000,3.92,Final,,
2011-10-28,Regular Petrol,207.391304347826,209.9,119.421064650284,59.129,27.0510396975425,1.7902,99.7533182534555,19.6677463968281,108.0,133.0,0.806,111.334000,2.44,Final,,
2011-11-04,Regular Petrol,206.105590062112,208.614285714286,118.303052227923,59.129,26.8833378341885,1.7902,96.507111287971,21.7959409399524,106.0,132.0,0.801,109.840000,5.25,Final,,
2011-11-11,Regular Petrol,204.391304347826,206.9,116.81236899811,59.129,26.6597353497164,1.7902,99.0935631869546,17.718805811155,111.0,141.0,0.79,114.680000,2.29,Final,,
2011-11-18,Regular Petrol,204.391304347826,206.9,116.81236899811,59.129,26.6597353497164,1.7902,96.3821334002299,20.4302355978797,110.0,142.0,0.774,110.690000,4.75,Final,,
2011-11-25,Regular Petrol,204.391304347826,206.9,116.81236899811,59.129,26.6597353497164,1.7902,97.3529416917825,19.4594273063272,107.0,143.0,0.747,106.665000,1.79,Final,,
2011-12-02,Regular Petrol,204.391304347826,206.9,116.81236899811,59.129,26.6597353497164,1.7902,97.1494637172312,19.6629052808784,109.0,142.0,0.765,110.054000,2.42,Final,,
2011-12-09,Regular Petrol,204.391304347826,206.9,116.81236899811,59.129,26.6597353497164,1.7902,97.0320945930683,19.7802744050414,108.0,139.0,0.778,109.310000,2.27,Final,,
2011-12-16,Regular Petrol,204.391304347826,206.9,116.81236899811,59.129,26.6597353497164,1.7902,99.6112045883267,17.2011644097829,105.0,138.0,0.76,106.262000,5.25,Final,,
2011-12-23,Regular Petrol,204.391304347826,206.9,117.356826140967,59.129,26.6597353497164,1.24574285714286,98.4976733944182,18.8591527465486,105.0,137.0,0.766,107.722000,4.73,Final,,
2011-12-30,Regular Petrol,204.304477510068,206.9,117.372067400059,59.129,26.6484101100088,1.155,100.17020025561,17.2018671444488,105.0,136.0,0.771,107.506666,1.20,Final,,
2012-01-06,Regular Petrol,203.783516483517,206.9,116.919057811753,59.129,26.580458671763,1.155,103.30755167762,13.6115061341335,109.0,138.0,0.786,112.510000,2.47,Final,,
2012-01-13,Regular Petrol,207.354945054945,210.471428571429,120.024647873865,59.129,27.0462971810798,1.155,103.585497811125,16.43915006274,110.0,139.0,0.791,111.776000,3.42,Final,,
2012-01-20,Regular Petrol,208.783516483517,211.9,121.26688389871,59.129,27.2326325848065,1.155,103.01989946206,18.2469844366496,109.0,137.0,0.799,109.600000,2.05,Final,,
2012-01-27,Regular Petrol,208.783516483517,211.9,121.26688389871,59.129,27.2326325848065,1.155,101.78390011603,19.4829837826805,109.0,134.0,0.813,109.180000,2.12,Final,,
2012-02-03,Regular Petrol,207.497802197802,210.614285714286,120.14887147635,59.129,27.0649307214525,1.155,100.947679506553,19.2011919697964,110.0,133.0,0.827,111.196000,2.32,Final,,
2012-02-10,Regular Petrol,205.783516483517,208.9,118.658188246536,59.129,26.8413282369804,1.155,102.080235213254,16.577953033282,114.0,137.0,0.835,117.208000,2.93,Final,,
2012-02-17,Regular Petrol,208.069230769231,211.185714285714,120.645765886288,59.129,27.1394648829431,1.155,104.30020697818,16.3455589081074,116.0,140.0,0.832,119.794000,2.70,Final,,
2012-02-24,Regular Petrol,209.783516483517,212.9,122.136449116101,59.129,27.3630673674152,1.155,105.444811494905,16.6916376211959,120.0,143.0,0.836,123.335000,4.04,Final,,
2012-03-02,Regular Petrol,212.640659340659,215.757142857143,124.620921165791,59.129,27.7357381748686,1.155,106.192406773354,18.4285143924365,121.0,144.0,0.838,124.880000,4.23,Final,,
2012-03-09,Regular Petrol,213.783516483517,216.9,125.614709985667,59.129,27.88480649785,1.155,108.539640364461,17.0750696212059,123.0,149.0,0.821,126.624000,3.05,Final,,
2012-03-16,Regular Petrol,215.926373626374,219.042857142857,127.478064022934,59.129,28.16430960344,1.155,111.081805142011,16.3962588809222,124.0,151.0,0.818,126.222000,4.51,Final,,
2012-03-23,Regular Petrol,216.783516483517,219.9,128.22340563784,59.129,28.2761108456761,1.155,110.294975009264,17.9284306285761,123.0,150.0,0.818,124.346000,3.27,Final,,
2012-03-30,Regular Petrol,216.689010989011,219.9,128.141226946966,59.129,28.2637840420449,1.155,110.728813746974,17.4124131999925,122.0,148.0,0.819,124.430000,2.62,Final,,
2012-04-06,Regular Petrol,216.121978021978,219.9,127.64815480172,59.129,28.189823220258,1.155,111.782216010474,15.8659387912457,121.0,148.0,0.82,123.686666,1.40,Final,,
2012-04-13,Regular Petrol,216.121978021978,219.9,127.64815480172,59.129,28.189823220258,1.155,108.455861357508,19.1922934442115,118.0,144.0,0.821,120.872500,1.48,Final,,
2012-04-20,Regular Petrol,216.121978021978,219.9,127.64815480172,59.129,28.189823220258,1.155,107.143557396537,20.504597405183,115.0,140.0,0.819,117.180000,3.05,Final,,
2012-04-27,Regular Petrol,216.121978021978,219.9,127.64815480172,59.129,28.189823220258,1.155,107.62723265787,20.0209221438503,115.0,141.0,0.815,118.096000,2.67,Final,,
2012-05-04,Regular Petrol,216.121978021978,219.9,127.64815480172,59.129,28.189823220258,1.155,106.501524085741,21.1466307159789,113.0,140.0,0.813,116.674000,7.91,Final,,
2012-05-11,Regular Petrol,216.121978021978,219.9,127.64815480172,59.129,28.189823220258,1.155,104.208042917138,23.4401118845821,109.0,138.0,0.789,111.777500,2.02,Final,,
2012-05-18,Regular Petrol,216.121978021978,219.9,127.64815480172,59.129,28.189823220258,1.155,103.58484912391,24.0633056778096,107.0,139.0,0.771,109.866000,3.37,Final,,
2012-05-25,Regular Petrol,212.121978021978,215.9,124.169893932155,59.129,27.6680840898232,1.155,103.049016860053,21.120877072102,104.0,138.0,0.756,108.144000,2.88,Final,,
2012-06-01,Regular Petrol,212.121978021978,215.9,124.169893932155,59.129,27.6680840898232,1.155,101.865272184212,22.3046217479424,101.0,134.0,0.757,103.472500,8.92,Final,,
2012-06-08,Regular Petrol,208.693406593407,212.471428571429,121.188527472527,59.129,27.2208791208791,1.155,95.2788139013361,25.9097135711914,97.0,127.0,0.763,99.030000,3.57,Final,,
2012-06-15,Regular Petrol,203.407692307692,207.185714285714,116.592254180602,59.129,26.5314381270903,1.155,90.9077679954663,25.6844861851357,96.0,124.0,0.776,97.214000,2.14,Final,,
2012-06-22,Regular Petrol,198.264835164835,202.042857142857,112.120204491161,59.129,25.8606306736742,1.155,84.0573549249395,28.0628495662215,92.0,116.0,0.794,92.458000,5.99,Final,,
2012-06-29,Regular Petrol,193.494304143062,197.328571428571,107.971916646141,59.129,25.2383874969211,1.155,84.3540287118491,23.6178879342917,92.0,116.0,0.789,91.226000,5.48,Final,,
2012-07-06,Regular Petrol,194.013975155279,198.185714285714,108.423804482852,59.129,25.3061706724278,1.155,88.5660094214973,19.8577950613545,97.0,120.0,0.803,98.802500,6.26,Final,,
2012-07-13,Regular Petrol,195.728260869565,199.9,109.914487712665,59.129,25.5297731568998,1.155,91.6623871752326,18.2521005374328,97.0,122.0,0.795,99.882000,2.76,Final,,
2012-07-20,Regular Petrol,199.728260869565,203.9,113.392748582231,59.129,26.0515122873346,1.155,96.2932152829884,17.0995332992422,102.0,128.0,0.799,105.400000,5.69,Final,,
2012-07-27,Regular Petrol,205.013975155279,209.185714285714,117.989021874156,59.129,26.7409532811234,1.155,97.377945683673,20.6110761904831,101.0,127.0,0.792,104.180000,3.95,Final,,
2012-08-03,Regular Petrol,208.156832298137,212.328571428571,119.540869700243,60.5575714285714,27.1508911693222,0.9075,98.3831020447686,21.1577676554744,103.0,127.0,0.809,107.274000,3.64,Final,,
2012-08-10,Regular Petrol,210.442546583851,214.614285714286,121.056018768566,61.129,27.4490278152849,0.8085,102.741526452219,18.3144923163467,107.0,131.0,0.816,112.494000,3.51,Final,,
2012-08-17,Regular Petrol,214.871118012422,219.042857142857,124.906950445585,61.129,28.0266675668377,0.8085,106.047592230918,18.8593582146671,110.0,136.0,0.809,115.042000,2.22,Final,,
2012-08-24,Regular Petrol,217.442546583851,221.614285714286,127.142975290305,61.129,28.3620712935458,0.8085,104.412434336397,22.7305409539081,112.0,139.0,0.811,116.102000,1.95,Final,,
2012-08-31,Regular Petrol,217.442546583851,221.614285714286,127.142975290305,61.129,28.3620712935458,0.8085,102.172621290593,24.9703539997121,110.0,137.0,0.805,113.020000,1.65,Final,,
2012-09-07,Regular Petrol,215.728260869565,219.9,125.652292060491,61.129,28.1384688090737,0.8085,101.888104708635,23.7641873518565,112.0,141.0,0.798,114.110000,1.66,Final,,
2012-09-14,Regular Petrol,215.728260869565,219.9,125.652292060491,61.129,28.1384688090737,0.8085,102.995901135762,22.6563909247295,114.0,139.0,0.818,115.408000,3.64,Final,,
2012-09-21,Regular Petrol,214.299689440994,218.471428571429,124.410056035647,61.129,27.952133405347,0.8085,99.439905276982,24.9701507586647,109.0,132.0,0.828,111.832000,8.21,Final,,
2012-09-28,Regular Petrol,210.728260869565,214.9,121.304465973535,61.129,27.4862948960302,0.8085,100.216113322098,21.0883526514374,108.0,131.0,0.825,110.354000,2.46,Final,,
2012-10-05,Regular Petrol,209.982608695652,214.9,120.656072778828,61.129,27.3890359168242,0.8085,100.288371458844,20.3677013199844,108.0,131.0,0.825,111.408000,3.26,Final,,
2012-10-12,Regular Petrol,211.696894409938,216.614285714286,122.146756008642,61.129,27.6126384012962,0.8085,103.961461989524,18.1852940191181,110.0,135.0,0.818,114.876000,3.58,Final,,
2012-10-19,Regular Petrol,212.982608695652,217.9,123.264768431002,61.129,27.7803402646503,0.8085,101.541805121479,21.7229633095233,110.0,134.0,0.818,113.592000,3.11,Final,,
2012-10-26,Regular Petrol,209.125465838509,214.042857142857,119.910731163921,61.129,27.2772346745882,0.8085,95.1689005683351,24.7418305955861,106.0,130.0,0.817,108.270000,2.09,Final,,
2012-11-02,Regular Petrol,206.982608695652,211.9,118.047377126654,61.129,26.9977315689981,0.8085,93.5961045544204,24.4512725722337,106.0,129.0,0.822,108.850000,3.10,Final,,
2012-11-09,Regular Petrol,203.982608695652,208.9,115.43868147448,61.129,26.606427221172,0.8085,93.387224549557,22.0514569249232,105.0,128.0,0.822,107.782000,3.68,Final,,
2012-11-16,Regular Petrol,203.982608695652,208.9,115.43868147448,61.129,26.606427221172,0.8085,97.7255200210927,17.7131614533875,107.0,131.0,0.814,109.118000,3.42,Final,,
2012-11-23,Regular Petrol,206.839751552795,211.757142857143,117.92315352417,61.129,26.9790980286254,0.8085,99.3204811334905,18.602672390679,109.0,133.0,0.816,110.255000,0.80,Final,,
2012-11-30,Regular Petrol,207.982608695652,212.9,118.916942344045,61.129,27.1281663516068,0.8085,97.349337424741,21.5676049193044,108.0,131.0,0.823,109.816000,2.58,Final,,
2012-12-07,Regular Petrol,207.982608695652,212.9,118.916942344045,61.129,27.1281663516068,0.8085,94.5288883016329,24.3880540424125,106.0,128.0,0.825,109.078000,4.11,Final,,
2012-12-14,Regular Petrol,204.554037267081,209.471428571429,115.935575884418,61.129,26.6809613826627,0.8085,92.2797677413536,23.6558081430645,105.0,125.0,0.838,109.096000,2.58,Final,,
2012-12-21,Regular Petrol,203.982608695652,208.9,115.43868147448,61.129,26.606427221172,0.8085,93.5407761023181,21.8979053721621,106.0,127.0,0.84,109.792000,1.44,Final,,
2012-12-28,Regular Petrol,203.982608695652,208.9,115.43868147448,61.129,26.606427221172,0.8085,97.6432484159723,17.7954330585078,106.0,130.0,0.821,109.812500,2.28,Final,,
2013-01-04,Regular Petrol,206.759420289855,212.328571428571,117.853300252048,61.129,26.9686200378072,0.8085,98.3542659667667,19.4990342852812,107.0,130.0,0.827,112.347500,2.23,Final,,
2013-01-11,Regular Petrol,207.222222222222,212.9,118.255736714976,61.129,27.0289855072464,0.8085,96.0899548584262,22.1657818565497,107.0,128.0,0.838,112.372000,2.77,Final,,
2013-01-18,Regular Petrol,205.936507936508,211.614285714286,117.137724292616,61.129,26.8612836438923,0.8085,94.6332715333245,22.5044527592911,107.0,128.0,0.84,111.346000,0.75,Final,,
2013-01-25,Regular Petrol,204.222222222222,209.9,115.647041062802,61.129,26.6376811594203,0.8085,97.2837457706222,18.3632952921797,109.0,130.0,0.839,113.717500,1.87,Final,,
2013-02-01,Regular Petrol,205.936507936508,211.614285714286,117.137724292616,61.129,26.8612836438923,0.8085,100.574985777115,16.5627385155002,110.0,132.0,0.837,115.132000,1.63,Final,,
2013-02-08,Regular Petrol,209.936507936508,215.614285714286,120.615985162181,61.129,27.3830227743271,0.8085,103.792619379306,16.8233657828752,112.0,133.0,0.841,117.154000,2.84,Final,,
2013-02-15,Regular Petrol,213.936507936508,219.614285714286,124.094246031746,61.129,27.9047619047619,0.8085,105.998680249648,18.0955657820978,113.0,134.0,0.842,118.098000,1.08,Final,,
2013-02-22,Regular Petrol,215.222222222222,220.9,125.212258454106,61.129,28.0724637681159,0.8085,105.107188005508,20.1050704485983,111.0,132.0,0.841,115.300000,3.30,Final,,
2013-03-01,Regular Petrol,215.222222222222,220.9,125.212258454106,61.129,28.0724637681159,0.8085,102.920004804616,22.2922536494899,108.0,130.0,0.829,112.418000,4.41,Final,,
2013-03-08,Regular Petrol,214.365079365079,220.042857142857,124.466916839199,61.129,27.9606625258799,0.8085,100.478521396413,23.9883954427864,106.0,128.0,0.828,109.984000,1.51,Final,,
2013-03-15,Regular Petrol,213.222222222222,218.9,123.473128019324,61.129,27.8115942028986,0.8085,100.065021831431,23.4081061878927,105.0,128.0,0.823,108.410000,1.81,Final,,
2013-03-22,Regular Petrol,212.365079365079,218.042857142857,122.727786404417,61.129,27.6997929606625,0.8085,99.3500119014734,23.3777745029434,105.0,126.0,0.827,107.328000,2.13,Final,,
2013-03-29,Regular Petrol,211.222222222222,216.9,121.733997584541,61.129,27.5507246376812,0.8085,97.4957115996883,24.2382859848528,106.0,126.0,0.837,107.682500,1.85,Final,,
2013-04-05,Regular Petrol,210.440659340659,215.614285714286,121.05437768753,61.129,27.4487816531295,0.8085,96.6090672791123,24.4453104084176,106.0,126.0,0.841,107.062000,5.68,Final,,
2013-04-12,Regular Petrol,206.154945054945,211.328571428571,117.327669612996,61.129,26.8897754419494,0.8085,89.7930774554885,27.5345921575072,103.0,120.0,0.852,103.248000,4.22,Final,,
2013-04-19,Regular Petrol,201.012087912088,206.185714285714,112.855619923555,61.129,26.2189679885332,0.8085,86.7792212246908,26.0763986988639,98.0,115.0,0.848,98.092000,2.48,Final,,
2013-04-26,Regular Petrol,199.726373626374,204.9,111.737607501194,61.129,26.0512661251792,0.8085,88.7145737392336,23.0230337619609,100.0,118.0,0.844,100.608000,3.32,Final,,
2013-05-03,Regular Petrol,199.726373626374,204.9,111.737607501194,61.129,26.0512661251792,0.8085,87.8360824097976,23.9015250913969,100.0,118.0,0.853,101.534000,6.26,Final,,
2013-05-10,Regular Petrol,199.726373626374,204.9,111.737607501194,61.129,26.0512661251792,0.8085,89.9469215535633,21.7906859476311,101.0,119.0,0.847,103.774000,3.87,Final,,
2013-05-17,Regular Petrol,201.440659340659,206.614285714286,113.228290731008,61.129,26.2748686096512,0.8085,92.7044032690717,20.5238874619365,100.0,122.0,0.823,102.908000,2.70,Final,,
2013-05-24,Regular Petrol,203.726373626374,208.9,115.21586837076,61.129,26.573005255614,0.8085,94.5969921036343,20.6188762671254,101.0,124.0,0.812,102.298000,4.09,Final,,
2013-05-31,Regular Petrol,205.440659340659,210.614285714286,116.706551600573,61.129,26.796607740086,0.8085,95.5384368799679,21.1681147206054,100.0,123.0,0.809,102.032500,3.34,Final,,
2013-06-07,Regular Petrol,206.726373626374,211.9,117.824564022934,61.129,26.96430960344,0.8085,97.2491890301009,20.5753749928327,100.0,125.0,0.802,102.924000,2.44,Final,,
2013-06-14,Regular Petrol,210.726373626374,215.9,121.302824892499,61.129,27.4860487338748,0.8085,99.3870299445243,21.9157949479745,101.0,127.0,0.794,103.392000,3.60,Final,,
2013-06-21,Regular Petrol,210.726373626374,215.9,121.302824892499,61.129,27.4860487338748,0.8085,99.5854269509962,21.7173979415026,101.0,128.0,0.793,103.930000,5.44,Final,,
2013-06-28,Regular Petrol,210.726373626374,215.9,121.302824892499,61.129,27.4860487338748,0.8085,99.551785256605,21.7510396358938,99.0,127.0,0.777,101.432000,2.94,Final,,
2013-07-05,Regular Petrol,215.621739130435,219.9,122.559664461248,64.129,28.1245746691871,0.8085,100.350590063764,22.2090743974837,101.0,130.0,0.778,105.182500,4.27,Final,,
2013-07-12,Regular Petrol,220.33602484472,224.614285714286,127.005543343235,64.129,28.7394815014853,0.462,104.55005327657,22.4554900666653,104.0,133.0,0.783,108.258000,1.28,Final,,
2013-07-19,Regular Petrol,222.621739130435,226.9,128.993120982987,64.129,29.037618147448,0.462,105.190528682469,23.8025923005179,105.0,133.0,0.786,109.412000,0.66,Final,,
2013-07-26,Regular Petrol,220.33602484472,224.614285714286,127.005543343235,64.129,28.7394815014853,0.462,98.0378029144428,28.9677404287924,105.0,131.0,0.799,108.398000,1.70,Final,,
2013-08-02,Regular Petrol,216.907453416149,221.185714285714,124.024176883608,64.129,28.2922765325412,0.462,97.16609306722,26.8580838163879,105.0,131.0,0.799,108.606000,2.47,Final,,
2013-08-09,Regular Petrol,216.621739130435,220.9,123.775729678639,64.129,28.2550094517958,0.462,96.4948872742751,27.2808424043638,104.0,132.0,0.789,108.556000,2.49,Final,,
2013-08-16,Regular Petrol,214.050310559006,218.328571428571,121.539704833918,64.129,27.9196057250878,0.462,95.9016553805169,25.6380494534015,106.0,132.0,0.802,110.726000,2.54,Final,,
2013-08-23,Regular Petrol,213.621739130435,217.9,121.167034026465,64.129,27.8637051039698,0.462,96.0514107910758,25.1156232353892,108.0,135.0,0.797,111.120000,1.61,Final,,
2013-08-30,Regular Petrol,215.764596273292,220.042857142857,123.030388063732,64.129,28.1432082095598,0.462,101.361281161948,21.6691069017841,112.0,143.0,0.78,115.318000,4.68,Final,,
2013-09-06,Regular Petrol,216.621739130435,220.9,123.775729678639,64.129,28.2550094517958,0.462,102.426276954841,21.3494527237976,110.0,141.0,0.783,116.025000,1.66,Final,,
2013-09-13,Regular Petrol,217.33602484472,221.614285714286,124.396847691061,64.129,28.3481771536592,0.462,95.9869903358221,28.4098573552392,109.0,135.0,0.806,113.218000,3.10,Final,,
2013-09-20,Regular Petrol,213.907453416149,218.185714285714,121.415481231434,64.129,27.9009721847151,0.462,92.7821376837319,28.6333435477021,108.0,130.0,0.827,109.976000,1.81,Final,,
2013-09-27,Regular Petrol,212.621739130435,216.9,120.297468809074,64.129,27.7332703213611,0.462,92.3654802087233,27.9319886003504,106.0,128.0,0.83,108.802000,1.78,Final,,
2013-10-04,Regular Petrol,210.764596273292,215.471428571429,118.682561976776,64.129,27.4910342965163,0.462,92.3358792878872,26.3466826888884,105.0,127.0,0.829,108.634000,2.17,Final,,
2013-10-11,Regular Petrol,207.121739130435,211.9,115.514860113422,64.129,27.0158790170132,0.462,93.2612423232198,22.2536177902018,107.0,129.0,0.83,110.304000,2.61,Final,,
2013-10-18,Regular Petrol,207.121739130435,211.9,115.514860113422,64.129,27.0158790170132,0.462,92.609530908958,22.9053292044635,107.0,128.0,0.839,110.108000,1.39,Final,,
2013-10-25,Regular Petrol,207.121739130435,211.9,115.514860113422,64.129,27.0158790170132,0.462,90.8499584213871,24.6649016920344,106.0,126.0,0.845,107.822000,3.87,Final,,
2013-11-01,Regular Petrol,207.121739130435,211.9,115.514860113422,64.129,27.0158790170132,0.462,92.7545904293668,22.7602696840547,106.0,128.0,0.827,107.610000,2.63,Final,,
2013-11-08,Regular Petrol,207.121739130435,211.9,115.514860113422,64.129,27.0158790170132,0.462,90.5100041557208,25.0048559577008,104.0,125.0,0.832,104.538000,2.38,Final,,
2013-11-15,Regular Petrol,207.121739130435,211.9,115.514860113422,64.129,27.0158790170132,0.462,93.1156146445022,22.3992454689193,105.0,128.0,0.826,107.098000,2.53,Final,,
2013-11-22,Regular Petrol,207.121739130435,211.9,115.514860113422,64.129,27.0158790170132,0.462,93.3225032557103,22.1923568577112,107.0,129.0,0.831,109.324000,3.09,Final,,
2013-11-29,Regular Petrol,208.83602484472,213.614285714286,117.005543343235,64.129,27.2394815014853,0.462,95.6395567971645,21.3659865460707,109.0,133.0,0.817,111.315000,1.21,Final,,
2013-12-06,Regular Petrol,211.264596273292,216.042857142857,119.117344585471,64.129,27.5562516878207,0.462,95.8335223563554,23.2838222291158,109.0,132.0,0.82,112.278000,1.78,Final,,
2013-12-13,Regular Petrol,212.121739130435,216.9,119.862686200378,64.129,27.6680529300567,0.462,95.402373547175,24.460312653203,107.0,129.0,0.828,109.104000,1.99,Final,,
2013-12-20,Regular Petrol,212.121739130435,216.9,119.862686200378,64.129,27.6680529300567,0.462,95.5428061061947,24.3198800941833,108.0,131.0,0.824,110.340000,3.24,Final,,
2013-12-27,Regular Petrol,212.121739130435,216.9,119.862686200378,64.129,27.6680529300567,0.462,99.4633179675132,20.3993682328649,109.0,133.0,0.819,111.715000,0.49,Final,,
2014-01-03,Regular Petrol,214.574465148378,219.9,121.995491433372,64.129,27.9879737150059,0.462,99.6239515866704,22.371539846702,106.0,130.0,0.818,108.732500,3.90,Final,,
2014-01-10,Regular Petrol,212.64126984127,218.185714285714,120.314452035887,64.129,27.735817805383,0.462,95.745882370762,24.5685696651248,104.0,125.0,0.827,107.014000,1.05,Final,,
2014-01-17,Regular Petrol,210.926984126984,216.471428571429,118.823768806073,64.129,27.512215320911,0.462,94.1127493786934,24.7110194273798,103.0,124.0,0.835,107.828000,1.33,Final,,
2014-01-24,Regular Petrol,210.355555555556,215.9,118.326874396135,64.129,27.4376811594203,0.462,95.2510016255031,23.0758727706322,104.0,125.0,0.83,109.140000,1.68,Final,,
2014-01-31,Regular Petrol,210.355555555556,215.9,118.326874396135,64.129,27.4376811594203,0.462,95.8807957378608,22.4460786582745,104.0,127.0,0.823,108.834000,1.20,Final,,
2014-02-07,Regular Petrol,210.355555555556,215.9,118.326874396135,64.129,27.4376811594203,0.462,95.278261091109,23.0486133050262,103.0,126.0,0.817,107.734000,3.57,Final,,
2014-02-14,Regular Petrol,210.355555555556,215.9,118.326874396135,64.129,27.4376811594203,0.462,97.6531343427986,20.6737400533367,105.0,127.0,0.831,109.124000,1.56,Final,,
2014-02-21,Regular Petrol,210.355555555556,215.9,118.326874396135,64.129,27.4376811594203,0.462,97.5093560333197,20.8175183628155,107.0,128.0,0.832,109.740000,1.34,Final,,
2014-02-28,Regular Petrol,211.498412698413,217.042857142857,119.320663216011,64.129,27.5867494824017,0.462,97.6831805294494,21.6374826865617,106.0,127.0,0.833,109.172000,1.22,Final,,
2014-03-07,Regular Petrol,212.355555555556,217.9,120.066004830918,64.129,27.6985507246377,0.462,96.9191023158679,23.14690251505,105.0,125.0,0.84,109.142000,3.27,Final,,
2014-03-14,Regular Petrol,212.355555555556,217.9,120.066004830918,64.129,27.6985507246377,0.462,95.0892497677733,24.9767550631446,104.0,123.0,0.849,108.012000,0.87,Final,,
2014-03-21,Regular Petrol,210.355555555556,215.9,118.326874396135,64.129,27.4376811594203,0.462,92.3381238898929,25.9887505062424,104.0,121.0,0.856,106.532000,1.47,Final,,
2014-03-28,Regular Petrol,210.355555555556,215.9,118.326874396135,64.129,27.4376811594203,0.462,92.3295257987263,25.997348597409,104.0,121.0,0.858,106.544000,1.11,Final,,
2014-04-04,Regular Petrol,208.102598988313,214.757142857143,116.367781728968,64.129,27.1438172593452,0.462,92.0676257927082,24.3001559362599,103.0,119.0,0.862,105.262000,3.04,Final,,
2014-04-11,Regular Petrol,207.06043956044,213.9,115.461556139513,64.129,27.0078834209269,0.462,93.170002406355,22.2915537331577,104.0,120.0,0.865,106.510000,2.50,Final,,
2014-04-18,Regular Petrol,208.774725274725,215.614285714286,116.952239369326,64.129,27.231485905399,0.462,95.0930531988309,21.8591861704954,106.0,122.0,0.866,109.070000,2.11,Final,,
2014-04-25,Regular Petrol,210.203296703297,217.042857142857,118.194475394171,64.129,27.4178213091257,0.462,95.8673323430931,22.327143051078,106.0,123.0,0.86,109.206000,1.31,Final,,
2014-05-02,Regular Petrol,211.06043956044,217.9,118.939817009078,64.129,27.5296225513617,0.462,94.1953420161892,24.7444749928887,105.0,122.0,0.858,109.150000,1.26,Final,,
2014-05-09,Regular Petrol,208.917582417582,215.757142857143,117.076462971811,64.129,27.2501194457716,0.462,91.7013959833828,25.375066988428,104.0,120.0,0.867,108.480000,1.31,Final,,
2014-05-16,Regular Petrol,208.917582417582,215.757142857143,117.076462971811,64.129,27.2501194457716,0.462,94.0917047101204,22.9847582616904,106.0,122.0,0.864,109.532000,2.53,Final,,
2014-05-23,Regular Petrol,210.06043956044,216.9,118.070251791687,64.129,27.399187768753,0.462,95.5060859498828,22.5641658418038,107.0,124.0,0.86,110.718000,1.13,Final,,
2014-05-30,Regular Petrol,211.774725274725,218.614285714286,119.5609350215,64.129,27.622790253225,0.462,96.6277085708582,22.933226450642,106.0,125.0,0.853,109.620000,0.92,Final,,
2014-06-06,Regular Petrol,212.06043956044,218.9,119.809382226469,64.129,27.6600573339704,0.462,95.2841175997896,24.5252646266796,105.0,125.0,0.845,108.984000,0.91,Final,,
2014-06-13,Regular Petrol,212.06043956044,218.9,119.809382226469,64.129,27.6600573339704,0.462,94.6550351404876,25.1543470859816,107.0,125.0,0.856,110.978000,3.97,Final,,
2014-06-20,Regular Petrol,212.917582417582,219.757142857143,120.554723841376,64.129,27.7718585762064,0.462,96.3570599608144,24.1976638805616,110.0,127.0,0.869,114.286000,1.77,Final,,
2014-06-27,Regular Petrol,214.06043956044,220.9,121.548512661252,64.129,27.9209268991878,0.462,97.3118327330314,24.2366799282204,110.0,126.0,0.872,113.086000,1.13,Final,,
2014-07-04,Regular Petrol,215.469503788137,223.471428571429,120.2023573313,66.7004285714286,28.1047178854092,0.462,97.6933681369162,22.5089891943834,108.0,123.0,0.876,110.257500,2.05,Final,,
2014-07-11,Regular Petrol,214.56149068323,222.757142857143,118.984209289765,67.129,27.9862813934648,0.462,94.5402976256443,24.4439116641207,106.0,121.0,0.878,107.032000,2.93,Final,,
2014-07-18,Regular Petrol,213.704347826087,221.9,118.238867674858,67.129,27.8744801512287,0.462,93.5174972240562,24.721370450802,105.0,120.0,0.875,105.388000,1.31,Final,,
2014-07-25,Regular Petrol,213.704347826087,221.9,118.238867674858,67.129,27.8744801512287,0.462,91.7584084716999,26.4804592031584,106.0,122.0,0.865,106.342000,1.18,Final,,
2014-08-01,Regular Petrol,213.704347826087,221.9,118.238867674858,67.129,27.8744801512287,0.462,90.6649388840915,27.5739287907668,105.0,123.0,0.852,105.708000,3.53,Final,,
2014-08-08,Regular Petrol,211.990062111801,220.185714285714,116.748184445045,67.129,27.6508776667567,0.462,88.4398613271107,28.3083231179338,103.0,122.0,0.848,103.600000,1.35,Final,,
2014-08-15,Regular Petrol,211.704347826087,219.9,116.499737240076,67.129,27.6136105860113,0.462,88.4641899391952,28.0355473008804,102.0,121.0,0.846,101.940000,2.34,Final,,
2014-08-22,Regular Petrol,209.990062111801,218.185714285714,115.009054010262,67.129,27.3900081015393,0.462,87.9849883692545,27.0240656410074,100.0,118.0,0.843,99.880000,0.91,Final,,
2014-08-29,Regular Petrol,209.704347826087,217.9,114.760606805293,67.129,27.3527410207939,0.462,90.509483007432,24.251123797861,101.0,120.0,0.835,100.644000,0.72,Final,,
2014-09-05,Regular Petrol,211.418633540373,219.614285714286,116.251290035107,67.129,27.576343505266,0.462,90.9597558785939,25.2915341565128,100.0,120.0,0.834,100.452500,1.70,Final,,
2014-09-12,Regular Petrol,211.704347826087,219.9,116.499737240076,67.129,27.6136105860113,0.462,90.5587333971843,25.9410038428913,96.0,117.0,0.825,97.320000,3.27,Final,,
2014-09-19,Regular Petrol,211.704347826087,219.9,116.499737240076,67.129,27.6136105860113,0.462,91.0183624322747,25.4813748078009,96.0,118.0,0.815,97.018000,1.27,Final,,
2014-09-26,Regular Petrol,211.704347826087,219.9,116.499737240076,67.129,27.6136105860113,0.462,91.6187339570293,24.8810032830462,94.0,117.0,0.807,95.010000,0.84,Final,,
2014-10-03,Regular Petrol,214.159316770186,221.9,118.63449284364,67.129,27.933823926546,0.462,93.905016505825,24.7294763378153,93.0,119.0,0.782,93.406000,4.90,Final,,
2014-10-10,Regular Petrol,214.341304347826,221.9,118.792742911153,67.129,27.957561436673,0.462,90.9498632898251,27.8428796213279,89.0,114.0,0.783,90.186000,2.24,Final,,
2014-10-17,Regular Petrol,209.484161490683,217.042857142857,114.569140426681,67.129,27.3240210640022,0.462,85.325666950307,29.243473476374,85.0,108.0,0.789,85.498000,3.80,Final,,
2014-10-24,Regular Petrol,207.198447204969,214.757142857143,112.581562786929,67.129,27.0258844180394,0.462,83.3087332313502,29.2728295555793,84.0,106.0,0.791,85.582000,1.96,Final,,
2014-10-31,Regular Petrol,206.341304347826,213.9,111.836221172023,67.129,26.9140831758034,0.462,85.3917322932949,26.4444888787278,84.0,107.0,0.787,85.558000,2.74,Final,,
2014-11-07,Regular Petrol,204.912732919255,212.471428571429,110.593985147178,67.129,26.7277477720767,0.462,83.0521625987125,27.5418225484654,81.0,104.0,0.775,83.036000,2.82,Final,,
2014-11-14,Regular Petrol,203.198447204969,210.757142857143,109.103301917364,67.129,26.5041452876046,0.462,79.8713323154171,29.2319696019472,77.0,99.0,0.782,79.902000,5.39,Final,,
2014-11-21,Regular Petrol,200.341304347826,207.9,106.618829867675,67.129,26.1314744801512,0.462,76.9808896951349,29.6379401725399,75.0,95.0,0.79,77.622000,2.34,Final,,
2014-11-28,Regular Petrol,199.484161490683,207.042857142857,105.873488252768,67.129,26.0196732379152,0.462,77.8210692196982,28.0524190330698,72.0,92.0,0.786,76.630000,7.73,Final,,
2014-12-05,Regular Petrol,194.055590062112,201.614285714286,101.152991358358,67.129,25.3115987037537,0.462,70.3955853675598,30.7574059907983,68.0,87.0,0.781,69.722000,3.13,Final,,
2014-12-12,Regular Petrol,191.112732919255,198.671428571429,98.4949851471779,67.129,24.9277477720767,0.561,66.1144743831676,32.3805107640104,62.0,80.0,0.773,64.078000,4.44,Final,,
2014-12-19,Regular Petrol,186.62701863354,194.185714285714,94.5778640291655,67.129,24.3426546043748,0.5775,62.2359497357555,32.34191429341,57.0,74.0,0.776,59.774000,2.28,Final,,
2014-12-26,Regular Petrol,184.62701863354,192.185714285714,92.8387335943829,67.129,24.0817850391574,0.5775,63.489094687298,29.3496389070849,56.0,73.0,0.773,58.692500,0.76,Final,,
2015-01-02,Regular Petrol,183.041511387164,190.757142857143,91.4600316410118,67.129,23.8749797461518,0.5775,59.4265597456196,32.0334718953922,54.0,69.0,0.779,56.027500,2.59,Final,,
2015-01-09,Regular Petrol,176.638095238095,184.471428571429,85.8918436853002,67.129,23.039751552795,0.5775,54.5096373793365,31.3822063059637,47.0,61.0,0.775,49.466000,3.44,Final,,
2015-01-16,Regular Petrol,166.780952380952,174.614285714286,77.3204151138716,67.129,21.7540372670807,0.5775,50.9366496280972,26.3837654857744,44.0,56.0,0.778,46.578000,2.53,Final,,
2015-01-23,Regular Petrol,165.066666666667,172.9,75.829731884058,67.129,21.5304347826087,0.5775,53.099263153887,22.730468730171,44.0,58.0,0.765,46.442500,0.60,Final,,
2015-01-30,Regular Petrol,165.066666666667,172.9,75.829731884058,67.129,21.5304347826087,0.5775,55.2591698246145,20.5705620594434,45.0,60.0,0.738,46.764000,1.45,Final,,
2015-02-06,Regular Petrol,172.92380952381,180.757142857143,82.6620300207039,67.129,22.5552795031056,0.5775,63.8629253851225,18.7991046355814,54.0,74.0,0.732,54.616000,4.24,Final,,
2015-02-13,Regular Petrol,179.352380952381,187.185714285714,88.2520921325052,67.129,23.3937888198758,0.5775,66.1717726594398,22.0803194730654,55.0,75.0,0.739,56.566000,6.85,Final,,
2015-02-20,Regular Petrol,184.495238095238,192.328571428571,92.7241418219461,67.129,24.0645962732919,0.5775,67.5765148457065,25.1476269762397,58.0,77.0,0.752,60.568000,2.79,Final,,
2015-02-27,Regular Petrol,185.066666666667,192.9,93.2210362318841,67.129,24.1391304347826,0.5775,68.1335480657612,25.0874881661229,57.0,76.0,0.753,60.632000,2.12,Final,,
2015-03-06,Regular Petrol,186.780952380952,194.614285714286,94.7117194616977,67.129,24.3627329192547,0.5775,71.1703084335189,23.5414110281788,58.0,77.0,0.754,60.118000,2.03,Final,,
2015-03-13,Regular Petrol,187.066666666667,194.9,94.9601666666667,67.129,24.4,0.5775,71.1110054051015,23.8491612615651,54.0,74.0,0.733,56.508000,3.87,Final,,
2015-03-20,Regular Petrol,187.352380952381,195.185714285714,95.2086138716356,67.129,24.4372670807453,0.5775,67.7609803689891,27.4476335026465,51.0,70.0,0.738,52.720000,1.88,Final,,
2015-03-27,Regular Petrol,185.352380952381,193.185714285714,93.469483436853,67.129,24.1763975155279,0.5775,68.1048205339902,25.3646629028628,54.0,71.0,0.762,55.014000,3.41,Final,,
2015-04-03,Regular Petrol,184.128937728938,192.9,92.4056197642937,67.129,24.0168179646441,0.5775,66.7548309191701,25.6507888451236,53.0,71.0,0.75,54.785000,2.04,Final,,
2015-04-10,Regular Petrol,183.753846153846,192.9,92.0794531772575,67.129,23.9678929765886,0.5775,65.5092050056096,26.570248171648,56.0,74.0,0.754,56.512000,1.82,Final,,
2015-04-17,Regular Petrol,185.03956043956,194.185714285714,93.1974655996178,67.129,24.1355948399427,0.5775,69.9100243207586,23.2874412788592,59.0,78.0,0.755,59.118000,4.17,Final,,
2015-04-24,Regular Petrol,190.753846153846,199.9,98.1664096989967,67.129,24.8809364548495,0.5775,71.0708968776572,27.0955128213395,61.0,80.0,0.765,61.412000,2.84,Final,,
2015-05-01,Regular Petrol,193.325274725275,202.471428571429,100.402434543717,67.129,25.2163401815576,0.5775,74.0313243192839,26.3711102244333,62.0,82.0,0.764,63.494000,1.52,Final,,
2015-05-08,Regular Petrol,198.753846153846,207.9,105.122931438127,67.129,25.9244147157191,0.5775,76.6836067139396,28.4393247241876,65.0,87.0,0.749,65.006000,2.40,Final,,
2015-05-15,Regular Petrol,197.753846153846,206.9,104.253366220736,67.129,25.7939799331104,0.5775,77.9861909320712,26.2671752886646,64.0,86.0,0.743,64.902000,3.51,Final,,
2015-05-22,Regular Petrol,195.753846153846,204.9,102.514235785953,67.129,25.533110367893,0.5775,79.8273305995683,22.6869051863849,63.0,85.0,0.737,64.310000,1.67,Final,,
2015-05-29,Regular Petrol,195.753846153846,204.9,102.514235785953,67.129,25.533110367893,0.5775,78.8298327613725,23.6844030245807,61.0,85.0,0.725,61.570000,3.04,Final,,
2015-06-05,Regular Petrol,197.468131868132,206.614285714286,104.004919015767,67.129,25.756712852365,0.5775,79.9804316224596,24.0244873933073,62.0,86.0,0.714,61.898000,2.80,Final,,
2015-06-12,Regular Petrol,198.03956043956,207.185714285714,104.501813425705,67.129,25.8312470138557,0.5775,83.7924838265126,20.7093295991922,62.0,88.0,0.707,63.238000,3.35,Final,,
2015-06-19,Regular Petrol,201.468131868132,210.614285714286,107.483179885332,67.129,26.2784519827998,0.5775,84.8878199005281,22.595359984804,62.0,88.0,0.696,60.654000,1.96,Final,,
2015-06-26,Regular Petrol,202.753846153846,211.9,108.601192307692,67.129,26.4461538461539,0.5775,82.2588441972544,26.3423481104379,61.0,88.0,0.689,60.844000,1.53,Final,,
2015-07-03,Regular Petrol,203.890850453894,211.9,109.589891699038,67.129,26.5944587548557,0.5775,81.0885226947189,28.5013690043193,61.0,90.0,0.677,60.356000,2.70,Final,,
2015-07-10,Regular Petrol,203.202795031056,210.757142857143,108.991582635701,67.129,26.5047123953551,0.5775,80.024763827403,28.9668188082977,57.0,85.0,0.67,56.632000,3.11,Final,,
2015-07-17,Regular Petrol,202.345652173913,209.9,108.246241020794,67.129,26.3929111531191,0.5775,80.2256080739509,28.020632946843,57.0,86.0,0.664,57.172000,1.25,Final,,
2015-07-24,Regular Petrol,202.345652173913,209.9,108.246241020794,67.129,26.3929111531191,0.5775,79.3731800093677,28.8730610114262,55.0,84.0,0.659,55.754000,2.13,Final,,
2015-07-31,Regular Petrol,199.774223602484,207.328571428571,106.010216176073,67.129,26.057507426411,0.5775,77.0910720444512,28.9191441316222,54.0,81.0,0.663,54.136000,1.44,Final,,
2015-08-07,Regular Petrol,198.202795031056,205.757142857143,104.643756548744,67.129,25.8525384823116,0.5775,77.026868006732,27.6168885420122,50.0,76.0,0.655,48.590000,1.95,Final,,
2015-08-14,Regular Petrol,197.345652173913,204.9,103.898414933837,67.129,25.7407372400756,0.5775,75.6591125498638,28.2393023839736,49.0,75.0,0.657,47.944000,0.97,Final,,
2015-08-21,Regular Petrol,195.917080745342,203.471428571429,102.656178908993,67.129,25.5544018363489,0.5775,70.3857049151448,32.2704739938479,47.0,71.0,0.659,45.998000,3.93,Final,,
2015-08-28,Regular Petrol,190.345652173913,197.9,97.8114584120983,67.129,24.8276937618147,0.5775,64.9179286054971,32.8935298066012,44.0,68.0,0.652,43.528000,6.38,Final,,
2015-09-04,Regular Petrol,193.202795031056,200.757142857143,100.295930461788,67.129,25.2003645692682,0.5775,72.6411095009444,27.6548209608433,48.0,75.0,0.638,48.867500,2.74,Final,,
2015-09-11,Regular Petrol,195.48850931677,203.042857142857,102.283508101539,67.129,25.4985012152309,0.5775,73.7704569281723,28.513051173367,46.0,73.0,0.631,47.596000,2.46,Final,,
2015-09-18,Regular Petrol,196.345652173913,203.9,103.028849716446,67.129,25.6103024574669,0.5775,71.438183539029,31.5906661774171,44.0,70.0,0.634,47.336000,3.48,Final,,
2015-09-25,Regular Petrol,196.345652173913,203.9,103.028849716446,67.129,25.6103024574669,0.5775,72.7844396565233,30.2444100599227,44.0,70.0,0.632,47.334000,1.31,Final,,
2015-10-02,Regular Petrol,194.471118012422,203.9,101.398820010802,67.129,25.3657980016203,0.5775,72.4556179639962,28.9432020468059,44.0,69.0,0.637,46.988000,1.54,Final,,
2015-10-09,Regular Petrol,193.065217391304,203.9,100.176297731569,67.129,25.1824196597354,0.5775,70.5642453234349,29.6120524081341,49.0,74.0,0.655,51.332000,2.68,Final,,
2015-10-16,Regular Petrol,190.208074534161,201.042857142857,97.6918256818795,67.129,24.8097488522819,0.5775,67.0029271619754,30.6888985199042,47.0,69.0,0.673,48.994000,3.08,Final,,
2015-10-23,Regular Petrol,186.208074534161,197.042857142857,94.2135648123143,67.129,24.2880097218472,0.5775,62.9868406871257,31.2267241251887,44.0,65.0,0.678,46.810000,1.21,Final,,
2015-10-30,Regular Petrol,185.065217391304,195.9,93.2197759924386,67.129,24.1389413988658,0.5775,63.5491469123572,29.6706290800814,44.0,66.0,0.673,47.150000,2.50,Final,,
2015-11-06,Regular Petrol,185.065217391304,195.9,92.9887759924385,67.129,24.1389413988658,0.8085,64.2916013646295,28.6971746278091,45.0,68.0,0.667,47.230000,1.91,Final,,
2015-11-13,Regular Petrol,185.065217391304,195.9,92.9887759924385,67.129,24.1389413988658,0.8085,63.8374770021465,29.151298990292,42.0,64.0,0.654,44.752000,4.46,Final,,
2015-11-20,Regular Petrol,183.350931677019,194.185714285714,91.4980927626249,67.129,23.9153389143937,0.8085,61.7069584158401,29.7911343467848,39.0,60.0,0.651,41.544000,2.21,Final,,
2015-11-27,Regular Petrol,183.065217391304,193.9,91.2496455576559,67.129,23.8780718336484,0.8085,62.582215359638,28.6674301980179,40.0,61.0,0.655,43.652000,1.31,Final,,
2015-12-04,Regular Petrol,183.065217391304,193.9,91.1011027005131,67.129,23.8780718336484,0.957042857142857,61.4795834629453,29.6215192375678,39.0,60.0,0.662,42.412000,2.29,Final,,
2015-12-11,Regular Petrol,177.922360248447,188.757142857143,86.604295868215,67.129,23.2072643802322,0.9818,58.7075048325018,27.8967910357132,35.0,52.0,0.67,38.762000,2.70,Final,,
2015-12-18,Regular Petrol,175.77950310559,186.614285714286,84.7409418309479,67.129,22.9277612746422,0.9818,58.6786382248694,26.0623036060784,33.0,49.0,0.674,36.836000,1.37,Final,,
2015-12-25,Regular Petrol,174.065217391304,184.9,83.2502586011342,67.129,22.7041587901701,0.9818,56.64203079868,26.6082278024542,32.0,47.0,0.678,35.902500,1.96,Final,,
2016-01-01,Regular Petrol,173.486246672582,184.9,82.7468058022453,67.129,22.6286408703368,0.9818,56.7666769492506,25.9801288529946,32.0,46.0,0.686,36.547500,1.43,Final,,
2016-01-08,Regular Petrol,172.714285714286,184.9,82.0755354037267,67.129,22.527950310559,0.9818,57.1649553017213,24.9105801020054,30.0,46.0,0.668,34.194000,4.61,Final,,
2016-01-15,Regular Petrol,171.285714285714,183.471428571429,80.833299378882,67.129,22.3416149068323,0.9818,54.7255419475849,26.1077574312971,26.0,40.0,0.652,29.100000,1.56,Final,,
2016-01-22,Regular Petrol,168.571428571429,180.757142857143,78.473050931677,67.129,21.9875776397516,0.9818,52.7539899575821,25.719060974095,24.0,37.0,0.645,27.756000,4.45,Final,,
2016-01-29,Regular Petrol,169.0,181.185714285714,78.8457217391304,67.129,22.0434782608696,0.9818,53.6575581370821,25.1881636020483,28.0,43.0,0.647,31.748000,3.32,Final,,
2016-02-05,Regular Petrol,170.714285714286,182.9,80.3364049689441,67.129,22.2670807453416,0.9818,50.0161141395171,30.320290829427,30.0,46.0,0.659,32.184000,1.78,Final,,
2016-02-12,Regular Petrol,165.142857142857,177.328571428571,75.4916844720497,67.129,21.5403726708075,0.9818,44.0643907201899,31.4272937518597,27.0,41.0,0.666,30.410000,2.98,Final,,
2016-02-19,Regular Petrol,161.714285714286,173.9,72.5103180124224,67.129,21.0931677018634,0.9818,47.7104085697748,24.7999094426476,30.0,45.0,0.663,32.290000,2.12,Final,,
2016-02-26,Regular Petrol,161.714285714286,173.9,72.5103180124224,67.129,21.0931677018634,0.9818,47.9787582056923,24.5315598067301,30.0,45.0,0.668,33.116000,4.26,Final,,
2016-03-04,Regular Petrol,164.714285714286,176.9,75.1190136645963,67.129,21.4844720496894,0.9818,50.9918580906048,24.1271555739915,32.0,48.0,0.664,36.278000,1.88,Final,,
2016-03-11,Regular Petrol,168.142857142857,180.328571428571,78.1003801242236,67.129,21.9316770186335,0.9818,55.7464517603502,22.3539283638734,35.0,53.0,0.673,39.296000,1.63,Final,,
2016-03-18,Regular Petrol,174.714285714286,186.9,83.8146658385093,67.129,22.7888198757764,0.9818,55.9222577533713,27.892408085138,36.0,53.0,0.672,38.496000,1.80,Final,,
2016-03-25,Regular Petrol,174.714285714286,186.9,83.5672086956522,67.129,22.7888198757764,1.22925714285714,56.893422181083,26.6737865145692,37.0,55.0,0.675,39.405000,2.21,Final,,
2016-04-01,Regular Petrol,174.003610675039,186.9,82.9079875435124,67.129,22.6961231315269,1.2705,55.4731538917437,27.4348336517687,35.0,51.0,0.686,37.000000,1.91,Final,,
2016-04-08,Regular Petrol,171.341758241758,185.185714285714,80.5933332537028,67.129,22.3489249880554,1.2705,53.3430306332024,27.2503026205004,35.0,51.0,0.682,37.512000,4.83,Final,,
2016-04-15,Regular Petrol,174.913186813187,188.757142857143,83.6989233158146,67.129,22.8147634973722,1.2705,56.2011377047085,27.4977856111061,40.0,58.0,0.687,42.350000,1.70,Final,,
2016-04-22,Regular Petrol,174.627472527473,188.471428571429,83.2194761108457,67.129,22.7774964166269,1.5015,54.2742935500277,28.9451825608179,40.0,58.0,0.696,43.040000,2.33,Final,,
2016-04-29,Regular Petrol,175.484615384615,189.328571428571,83.9648177257525,67.129,22.8892976588629,1.5015,58.1863249646133,25.7784927611392,42.0,61.0,0.691,44.464000,2.67,Final,,
2016-05-06,Regular Petrol,176.056043956044,189.9,84.2637121356904,67.129,22.9638318203536,1.6995,56.7461397903018,27.5175723453886,42.0,61.0,0.694,44.196000,2.74,Final,,
2016-05-13,Regular Petrol,177.77032967033,191.614285714286,85.7213953655041,67.129,23.1874343048256,1.7325,58.4298576177862,27.2915377477179,43.0,63.0,0.68,45.200000,4.62,Final,,
2016-05-20,Regular Petrol,180.341758241758,194.185714285714,87.9574202102245,67.129,23.5228380315337,1.7325,61.9797329023585,25.977687307866,46.0,67.0,0.677,48.336000,1.92,Final,,
2016-05-27,Regular Petrol,183.341758241758,197.185714285714,90.5661158623984,67.129,23.9141423793598,1.7325,62.9110326069821,27.6550832554164,46.0,68.0,0.674,48.734000,1.75,Final,,
2016-06-03,Regular Petrol,185.056043956044,198.9,92.0567990922121,67.129,24.1377448638318,1.7325,62.0818418144422,29.9749572777699,46.0,68.0,0.677,48.905000,0.76,Final,,
2016-06-10,Regular Petrol,182.913186813187,196.757142857143,90.193445054945,67.129,23.8582417582418,1.7325,59.5877385631538,30.6057064917912,48.0,68.0,0.703,49.944000,1.79,Final,,
2016-06-17,Regular Petrol,180.77032967033,194.614285714286,88.330091017678,67.129,23.5787386526517,1.7325,56.970899556352,31.3591914613259,46.0,65.0,0.704,47.388000,3.70,Final,,
2016-06-24,Regular Petrol,177.341758241758,191.185714285714,85.0517245580506,67.129,23.1315336837076,2.0295,57.659797638203,27.3919269198476,46.0,65.0,0.714,48.122000,1.99,Final,,
2016-07-01,Regular Petrol,178.898174186062,190.9,86.2892011555822,67.1954285714286,23.3345444590516,2.079,56.208715503677,30.0804856519051,45.0,64.0,0.708,47.092000,3.33,Final,,
2016-07-08,Regular Petrol,179.640062111801,189.185714285714,86.8457496624359,67.284,23.4313124493654,2.079,52.9236127075287,33.9221369549072,44.0,61.0,0.718,45.964000,3.49,Final,,
2016-07-15,Regular Petrol,173.354347826087,182.9,81.3799111531191,67.284,22.6114366729679,2.079,50.1464950183639,31.2334161347552,43.0,59.0,0.725,45.538000,2.68,Final,,
2016-07-22,Regular Petrol,173.354347826087,182.9,81.3799111531191,67.284,22.6114366729679,2.079,51.787398569457,29.5925125836621,42.0,60.0,0.702,45.220000,1.58,Final,,
2016-07-29,Regular Petrol,169.068633540373,178.614285714286,77.653203078585,67.284,22.0524304617877,2.079,49.444721949783,28.208481128802,40.0,57.0,0.704,42.546000,3.00,Final,,
2016-08-05,Regular Petrol,167.354347826087,176.9,76.1625198487713,67.284,21.8288279773157,2.079,47.8437351540617,28.3187846947095,39.0,55.0,0.719,40.884000,2.47,Final,,
2016-08-12,Regular Petrol,168.782919254658,178.328571428571,77.404755873616,67.284,22.0151633810424,2.079,49.787254581185,27.617501292431,42.0,59.0,0.719,43.630000,2.93,Final,,
2016-08-19,Regular Petrol,174.497204968944,184.042857142857,82.3736999729949,67.284,22.7605049959492,2.079,53.9843127526724,28.3893872203225,46.0,64.0,0.725,48.602000,2.15,Final,,
2016-08-26,Regular Petrol,177.925776397516,187.471428571429,85.3550664326222,67.284,23.2077099648933,2.079,54.9168741710311,30.4381922615911,46.0,63.0,0.729,48.654000,2.10,Final,,
2016-09-02,Regular Petrol,179.782919254658,189.328571428571,86.9699732649203,67.284,23.4499459897381,2.079,55.20600635066,31.7639669142603,43.0,60.0,0.725,47.310000,4.61,Final,,
2016-09-09,Regular Petrol,178.354347826087,187.9,85.7277372400756,67.284,23.2636105860113,2.079,54.866370624051,30.8613666160246,44.0,60.0,0.738,47.506000,3.02,Final,,
2016-09-16,Regular Petrol,178.354347826087,187.9,85.7277372400756,67.284,23.2636105860113,2.079,55.1332498590674,30.5944873810082,43.0,59.0,0.73,46.208000,2.56,Final,,
2016-09-23,Regular Petrol,178.354347826087,187.9,85.7277372400756,67.284,23.2636105860113,2.079,55.0061194974427,30.721617742633,44.0,60.0,0.731,46.238000,1.97,Final,,
2016-09-30,Regular Petrol,177.159316770186,187.9,84.688579800162,67.284,23.1077369700243,2.079,56.0200692906688,28.6685105094933,44.0,61.0,0.726,46.744000,3.48,Final,,
2016-10-07,Regular Petrol,177.028881987578,190.757142857143,84.5751582500675,67.284,23.0907237375101,2.079,58.5435452334689,26.0316130165986,49.0,68.0,0.721,49.524000,1.88,Final,,
2016-10-14,Regular Petrol,180.88602484472,194.614285714286,87.9291955171482,67.284,23.5938293275722,2.079,60.8091243129184,27.1200712042298,49.0,70.0,0.71,49.942000,2.67,Final,,
2016-10-21,Regular Petrol,184.88602484472,198.614285714286,91.4074563867135,67.284,24.115568458007,2.079,61.5317324214555,29.875723965258,49.0,68.0,0.719,50.334000,2.54,Final,,
2016-10-28,Regular Petrol,185.171739130435,198.9,91.6559035916824,67.284,24.1528355387524,2.079,62.1529438691079,29.5029597225745,48.0,67.0,0.714,48.954000,2.02,Final,,
2016-11-04,Regular Petrol,184.028881987578,197.757142857143,90.6621147718066,67.284,24.003767215771,2.079,58.1856392256393,32.4764755461673,44.0,60.0,0.723,44.626000,3.14,Final,,
2016-11-11,Regular Petrol,178.028881987578,191.757142857143,85.4447234674588,67.284,23.2211585201188,2.079,55.0929653171638,30.351758150295,42.0,58.0,0.731,43.092000,2.27,Final,,
2016-11-18,Regular Petrol,175.171739130435,188.9,82.9602514177693,67.284,22.8484877126654,2.079,55.9281256172254,27.032125800544,43.0,61.0,0.709,44.006000,3.24,Final,,
2016-11-25,Regular Petrol,177.743167701863,191.471428571429,85.1962762624899,67.284,23.1838914393735,2.079,59.5872478789303,25.6090283835596,46.0,65.0,0.703,46.492000,1.58,Final,,
2016-12-02,Regular Petrol,180.600310559006,194.328571428571,87.6807483121793,67.284,23.5565622468269,2.079,59.0122720540395,28.6684762581398,48.0,67.0,0.709,48.780000,7.67,Final,,
2016-12-09,Regular Petrol,184.314596273292,198.042857142857,90.9105619767756,67.284,24.0410342965163,2.079,62.6067512109296,28.303810765846,51.0,72.0,0.715,52.260000,1.70,Final,,
2016-12-16,Regular Petrol,187.314596273292,201.042857142857,93.5192576289495,67.284,24.4323386443424,2.079,64.3325410891749,29.1867165397746,52.0,73.0,0.713,53.258000,2.43,Final,,
2016-12-23,Regular Petrol,189.314596273292,203.042857142857,95.2583880637321,67.284,24.6932082095598,2.079,67.692428442941,27.565959620791,52.0,75.0,0.693,53.814000,1.55,Final,,
2016-12-30,Regular Petrol,189.728157349896,203.9,95.6180063912143,67.284,24.7471509586821,2.079,69.6606541465496,25.9573522446647,54.0,77.0,0.693,54.960000,0.02,Final,,
2017-01-06,Regular Petrol,188.495238095238,205.328571428571,94.5459026915114,67.284,24.5863354037267,2.079,69.2014702619037,25.3444324296077,54.0,78.0,0.697,55.127500,1.33,Final,,
2017-01-13,Regular Petrol,189.066666666667,205.9,95.0427971014493,67.284,24.6608695652174,2.079,67.3979539817703,27.644843119679,53.0,76.0,0.702,54.016000,1.31,Final,,
2017-01-20,Regular Petrol,191.638095238095,208.471428571429,97.2788219461698,67.284,24.9962732919255,2.079,66.8600683911436,30.4187535550262,53.0,75.0,0.715,54.194000,1.86,Final,,
2017-01-27,Regular Petrol,192.066666666667,208.9,97.6514927536232,67.284,25.0521739130435,2.079,65.8158481306978,31.8356446229254,54.0,74.0,0.724,54.906000,1.55,Final,,
2017-02-03,Regular Petrol,192.066666666667,208.9,97.1109927536232,67.284,25.0521739130435,2.6195,66.3181730765647,30.7928196770585,55.0,75.0,0.729,55.534000,1.17,Final,,
2017-02-10,Regular Petrol,190.92380952381,207.757142857143,96.1172039337474,67.284,24.9031055900621,2.6195,66.5670502462681,29.5501536874794,54.0,75.0,0.726,54.482000,1.41,Final,,
2017-02-17,Regular Petrol,190.066666666667,206.9,95.3718623188406,67.284,24.7913043478261,2.6195,67.1341349699758,28.2377273488648,54.0,75.0,0.72,54.464000,0.81,Final,,
2017-02-24,Regular Petrol,190.066666666667,206.9,95.3718623188406,67.284,24.7913043478261,2.6195,65.2326843830869,30.1391779357537,55.0,76.0,0.718,55.400000,1.65,Final,,
2017-03-03,Regular Petrol,190.066666666667,206.9,95.3718623188406,67.284,24.7913043478261,2.6195,63.9630914036122,31.4087709152284,55.0,76.0,0.715,54.402000,2.36,Final,,
2017-03-10,Regular Petrol,190.066666666667,206.9,95.3718623188406,67.284,24.7913043478261,2.6195,64.7848135172537,30.5870488015869,53.0,76.0,0.696,52.784000,4.10,Final,,
2017-03-17,Regular Petrol,188.352380952381,205.185714285714,93.8811790890269,67.284,24.567701863354,2.6195,62.2698082806706,31.6113708083563,50.0,72.0,0.696,50.294000,1.03,Final,,
2017-03-24,Regular Petrol,187.066666666667,203.9,92.7631666666667,67.284,24.4,2.6195,61.8089062648242,30.9542604018425,49.0,70.0,0.704,50.102000,1.11,Final,,
2017-03-31,Regular Petrol,187.666457352172,203.9,93.2847237844971,67.284,24.4782335676746,2.6195,63.281472469292,30.003251315205,50.0,72.0,0.702,51.330000,2.13,Final,,
2017-04-07,Regular Petrol,189.165934065934,203.9,94.5886165790731,67.284,24.673817486861,2.6195,66.3027841160735,28.2858324629996,52.0,75.0,0.698,53.278000,2.20,Final,,
2017-04-14,Regular Petrol,191.165934065934,205.9,96.3277470138557,67.284,24.9346870520784,2.6195,67.8815902643652,28.4461567494905,54.0,78.0,0.696,54.830000,0.32,Final,,
2017-04-21,Regular Petrol,191.165934065934,205.9,96.3277470138557,67.284,24.9346870520784,2.6195,66.2751650550649,30.0525819587908,52.0,74.0,0.702,52.082000,4.86,Final,,
2017-04-28,Regular Petrol,191.165934065934,205.9,96.3277470138557,67.284,24.9346870520784,2.6195,64.2892624303606,32.0384845834951,50.0,72.0,0.694,49.546000,0.62,Final,,
2017-05-05,Regular Petrol,191.165934065934,205.9,96.3277470138557,67.284,24.9346870520784,2.6195,61.7304703972424,34.5972766166133,49.0,71.0,0.69,48.704000,2.96,Final,,
2017-05-12,Regular Petrol,187.165934065934,201.9,92.8494861442905,67.284,24.4129479216436,2.6195,62.7596532443719,30.0898328999186,49.0,71.0,0.688,48.004000,2.57,Final,,
2017-05-19,Regular Petrol,187.165934065934,201.9,92.8494861442905,67.284,24.4129479216436,2.6195,64.4293397189419,28.4201464253486,51.0,74.0,0.69,51.750000,1.57,Final,,
2017-05-26,Regular Petrol,187.165934065934,201.9,92.8494861442905,67.284,24.4129479216436,2.6195,64.3127976279971,28.5366885162934,52.0,74.0,0.7,52.584000,2.51,Final,,
2017-06-02,Regular Petrol,187.165934065934,201.9,92.8494861442905,67.284,24.4129479216436,2.6195,62.084122270394,30.7653638738965,49.0,70.0,0.707,50.234000,3.79,Final,,
2017-06-09,Regular Petrol,187.165934065934,201.9,92.8494861442905,67.284,24.4129479216436,2.6195,58.8859776937304,33.9635084505601,47.0,66.0,0.718,47.276000,1.95,Final,,
2017-06-16,Regular Petrol,180.451648351648,195.185714285714,87.0109768275203,67.284,23.537171524128,2.6195,56.4736964747047,30.5372803528156,46.0,64.0,0.722,46.182000,1.71,Final,,
2017-06-23,Regular Petrol,172.88021978022,187.614285714286,80.4271258958433,67.284,22.5495938843765,2.6195,54.8126717944776,25.6144541013657,45.0,61.0,0.725,44.626000,1.95,Final,,
2017-06-30,Regular Petrol,171.834052283121,185.9,79.7459864573719,67.0554285714286,22.4131372543201,2.6195,55.6042230594243,24.1417633979477,46.0,63.0,0.73,46.162000,2.99,Final,,
2017-07-07,Regular Petrol,173.504347826087,185.9,81.7698459357278,66.484,22.6310018903592,2.6195,57.1299675381047,24.6398783976231,47.0,65.0,0.729,48.172000,2.68,Final,,
2017-07-14,Regular Petrol,173.504347826087,185.9,81.7698459357278,66.484,22.6310018903592,2.6195,56.7282948305862,25.0415511051416,47.0,64.0,0.726,47.104000,1.32,Final,,
2017-07-21,Regular Petrol,173.504347826087,185.9,81.7698459357278,66.484,22.6310018903592,2.6195,58.2267898684747,23.5430560672531,48.0,65.0,0.735,47.986000,1.07,Final,,
2017-07-28,Regular Petrol,175.504347826087,187.9,83.5089763705104,66.484,22.8918714555766,2.6195,57.7701483372719,25.7388280332385,49.0,66.0,0.746,49.950000,4.19,Final,,
2017-08-04,Regular Petrol,178.932919254658,191.328571428571,86.4903428301377,66.484,23.3390764245207,2.6195,60.5360482453314,25.9542945848064,51.0,68.0,0.746,52.042000,2.11,Final,,
2017-08-11,Regular Petrol,182.790062111801,195.185714285714,89.8443800972185,66.484,23.8421820145828,2.6195,62.5634796712578,27.2809004259606,51.0,69.0,0.734,51.964000,1.17,Final,,
2017-08-18,Regular Petrol,184.504347826087,196.9,91.3350633270321,66.484,24.0657844990548,2.6195,62.7773128165162,28.557750510516,49.0,68.0,0.729,50.582000,1.39,Final,,
2017-08-25,Regular Petrol,185.647204968944,198.042857142857,92.3288521469079,66.484,24.2148528220362,2.6195,63.6737032952199,28.655148851688,50.0,69.0,0.726,52.028000,0.58,Final,,
2017-09-01,Regular Petrol,188.647204968944,201.042857142857,94.9375477990818,66.484,24.6061571698623,2.6195,65.2865362136976,29.6510115853842,50.0,70.0,0.722,52.252000,1.51,Final,,
2017-09-08,Regular Petrol,191.647204968944,204.042857142857,97.3502148798272,66.484,24.9974615176884,2.81552857142857,66.6005873033594,30.7496275764678,52.0,73.0,0.721,53.884000,1.95,Final,,
2017-09-15,Regular Petrol,192.504347826087,204.9,98.0628850661626,66.484,25.1092627599244,2.8482,66.6162917849269,31.4465932812356,53.0,74.0,0.725,55.544000,2.56,Final,,
2017-09-22,Regular Petrol,192.504347826087,204.9,98.0628850661626,66.484,25.1092627599244,2.8482,65.9724912535908,32.0903938125718,54.0,74.0,0.731,57.034000,2.66,Final,,
2017-09-29,Regular Petrol,192.111801242236,204.9,97.72154021064,66.484,25.058061031596,2.8482,66.8713275816727,30.8502126289673,56.0,77.0,0.724,58.750000,2.75,Final,,
2017-10-06,Regular Petrol,189.75652173913,204.9,95.6734710775047,66.484,24.7508506616257,2.8482,65.741097976996,29.9323731005087,54.0,76.0,0.717,56.076000,1.59,Final,,
2017-10-13,Regular Petrol,188.327950310559,203.471428571429,94.43123505266,66.484,24.564515257899,2.8482,66.4929110919684,27.9383239606916,55.0,77.0,0.709,56.206000,1.57,Final,,
2017-10-20,Regular Petrol,187.75652173913,202.9,93.9343406427221,66.484,24.4899810964083,2.8482,67.4384668303303,26.4958738123919,56.0,78.0,0.714,57.776000,0.56,Final,,
2017-10-27,Regular Petrol,187.75652173913,202.9,93.9343406427221,66.484,24.4899810964083,2.8482,69.7688897738891,24.165450868833,57.0,82.0,0.69,58.576000,2.46,Final,,
2017-11-03,Regular Petrol,192.613664596273,207.757142857143,98.1579431271942,66.484,25.1235214690791,2.8482,72.5207339699656,25.6372091572286,59.0,85.0,0.689,61.038000,0.77,Final,,
2017-11-10,Regular Petrol,196.899378881988,212.042857142857,101.884651201728,66.484,25.6825276802593,2.8482,75.0140145239137,26.8706366778147,62.0,89.0,0.693,64.286000,0.53,Final,,
2017-11-17,Regular Petrol,197.75652173913,212.9,102.629992816635,66.484,25.7943289224953,2.8482,74.232528482645,28.3974643339902,60.0,88.0,0.688,61.524000,2.03,Final,,
2017-11-24,Regular Petrol,197.75652173913,212.9,102.629992816635,66.484,25.7943289224953,2.8482,75.125146361568,27.5048464550672,61.0,89.0,0.684,62.678000,2.24,Final,,
2017-12-01,Regular Petrol,199.75652173913,214.9,104.369123251418,66.484,26.0551984877127,2.8482,75.0963022794492,29.2728209719686,61.0,89.0,0.687,63.730000,1.32,Final,,
2017-12-08,Regular Petrol,199.75652173913,214.9,104.171123251418,66.484,26.0551984877127,3.0462,73.9525180609169,30.2186051905009,60.0,88.0,0.687,63.076000,1.61,Final,,
2017-12-15,Regular Petrol,196.899378881988,212.042857142857,101.653651201728,66.484,25.6825276802593,3.0792,73.7735750630056,27.8800761387228,61.0,88.0,0.694,64.354000,1.96,Final,,
2017-12-22,Regular Petrol,195.75652173913,210.9,100.659862381853,66.484,25.5334593572779,3.0792,72.5265371306342,28.1333252512184,62.0,88.0,0.7,64.364000,0.95,Final,,
2017-12-29,Regular Petrol,195.75652173913,210.9,100.659862381853,66.484,25.5334593572779,3.0792,72.2525572211115,28.4073051607411,63.0,89.0,0.707,66.520000,0.77,Final,,
2018-01-05,Regular Petrol,201.244444444444,210.9,104.468669082126,66.484,26.2492753623188,4.0425,73.1386606442585,31.3300084378671,65.0,91.0,0.711,67.810000,2.08,Final,,
2018-01-12,Regular Petrol,202.101587301587,211.757142857143,105.214010697032,66.484,26.3610766045549,4.0425,73.6034257348028,31.6105849622296,66.0,92.0,0.719,69.470000,1.88,Final,,
2018-01-19,Regular Petrol,203.244444444444,212.9,106.207799516908,66.484,26.5101449275362,4.0425,73.4344382791424,32.7733612377658,66.0,91.0,0.728,69.388000,1.75,Final,,
2018-01-26,Regular Petrol,203.244444444444,212.9,106.207799516908,66.484,26.5101449275362,4.0425,73.8957550867389,32.3120444301693,67.0,92.0,0.733,70.040000,1.76,Final,,
2018-02-02,Regular Petrol,203.244444444444,212.9,106.207799516908,66.484,26.5101449275362,4.0425,74.9571608749871,31.2506386419211,66.0,90.0,0.735,68.004000,1.15,Final,,
2018-02-09,Regular Petrol,202.387301587302,212.042857142857,105.462457902001,66.484,26.3983436853002,4.0425,73.1956103787426,32.2668475232588,63.0,86.0,0.727,65.496000,4.65,Final,,
2018-02-16,Regular Petrol,198.95873015873,208.614285714286,102.481091442374,66.484,25.9511387163561,4.0425,69.3481480266331,33.132943415741,60.0,82.0,0.731,62.718000,2.36,Final,,
2018-02-23,Regular Petrol,197.244444444444,206.9,100.99040821256,66.484,25.7275362318841,4.0425,70.0481772994239,30.9422309131365,63.0,85.0,0.735,65.520000,2.36,Final,,
2018-03-02,Regular Petrol,197.244444444444,206.9,100.99040821256,66.484,25.7275362318841,4.0425,72.0435667140832,28.9468414984772,62.0,86.0,0.726,66.024000,3.73,Final,,
2018-03-09,Regular Petrol,197.244444444444,206.9,100.99040821256,66.484,25.7275362318841,4.0425,70.959589130438,30.0308190821224,62.0,85.0,0.726,65.120000,1.91,Final,,
2018-03-16,Regular Petrol,197.244444444444,206.9,100.99040821256,66.484,25.7275362318841,4.0425,70.4512704560685,30.5391377564919,62.0,84.0,0.73,64.138000,1.07,Final,,
2018-03-23,Regular Petrol,197.244444444444,206.9,100.99040821256,66.484,25.7275362318841,4.0425,74.0613276828067,26.9290805297536,65.0,90.0,0.722,67.396000,4.21,Final,,
2018-03-30,Regular Petrol,198.544060701204,208.9,102.120509305394,66.484,25.8970513958092,4.0425,74.0686588047386,28.0518505006558,65.0,89.0,0.725,68.647500,0.89,Final,,
2018-04-06,Regular Petrol,194.341758241758,208.9,98.4663332537028,66.484,25.3489249880554,4.0425,74.1786767498581,24.2876565038447,65.0,89.0,0.726,67.027500,2.98,Final,,
2018-04-13,Regular Petrol,196.056043956044,210.614285714286,99.9570164835165,66.484,25.5725274725275,4.0425,74.668687321965,25.2883291615515,68.0,93.0,0.734,71.244000,4.99,Final,,
2018-04-20,Regular Petrol,197.341758241758,211.9,101.075028905877,66.484,25.7402293358815,4.0425,75.4634327006198,25.6115962052569,70.0,95.0,0.732,73.392000,3.14,Final,,
2018-04-27,Regular Petrol,203.341758241758,217.9,106.292420210225,66.484,26.5228380315337,4.0425,79.4738673566005,26.818552853624,71.0,99.0,0.712,74.982000,2.07,Final,,
2018-05-04,Regular Petrol,203.341758241758,217.9,106.292420210225,66.484,26.5228380315337,4.0425,79.6378705478661,26.6545496623585,71.0,100.0,0.704,74.422000,2.78,Final,,
2018-05-11,Regular Petrol,207.056043956044,221.614285714286,109.522233874821,66.484,27.0073100812231,4.0425,82.6093056512486,26.9129282235723,73.0,105.0,0.698,76.680000,3.44,Final,,
2018-05-18,Regular Petrol,213.056043956044,227.614285714286,114.739625179169,66.484,27.7899187768753,4.0425,87.0017908073072,27.7378343718614,76.0,110.0,0.691,78.754000,1.92,Final,,
2018-05-25,Regular Petrol,215.341758241758,229.9,116.72720281892,66.484,28.088055422838,4.0425,88.2021070472297,28.5250957716905,76.0,110.0,0.692,78.590000,3.82,Final,,
2018-06-01,Regular Petrol,215.341758241758,229.9,116.72720281892,66.484,28.088055422838,4.0425,84.5240052404788,32.2031975784414,75.0,108.0,0.695,75.347500,1.94,Final,,
2018-06-08,Regular Petrol,211.056043956044,225.614285714286,113.000494744386,66.484,27.5290492116579,4.0425,81.8703894910415,31.1301052533445,73.0,104.0,0.703,73.978000,2.32,Final,,
2018-06-15,Regular Petrol,209.341758241758,223.9,111.509811514572,66.484,27.3054467271859,4.0425,81.3395235851674,30.170287929405,74.0,106.0,0.701,74.260000,3.05,Final,,
2018-06-22,Regular Petrol,208.198901098901,222.757142857143,110.516022694697,66.484,27.1563784042045,4.0425,79.0461865664903,31.4698361282063,72.0,104.0,0.69,74.116000,2.05,Final,,
2018-06-29,Regular Petrol,207.728543671391,222.081902785437,109.624626324553,66.9663899114394,27.0950274353988,4.0425,81.3635562954431,28.2610700291094,75.0,109.0,0.683,75.238000,4.62,Final,,
2018-07-06,Regular Petrol,210.049256249186,223.17331949806,108.748297793129,69.8607293800759,27.3977290759807,4.0425,83.5037811877029,25.2445166054261,75.0,110.0,0.676,76.328000,2.11,Final,,
2018-07-13,Regular Petrol,210.049256249186,223.17331949806,108.748297793129,69.8607293800759,27.3977290759807,4.0425,82.7192433658526,26.0290544272764,74.0,109.0,0.681,75.290000,5.69,Final,,
2018-07-20,Regular Petrol,210.049256249186,223.17331949806,108.748297793129,69.8607293800759,27.3977290759807,4.0425,81.0301024370671,27.7181953560619,71.0,104.0,0.677,71.270000,1.47,Final,,
2018-07-27,Regular Petrol,211.773378977555,224.897442226429,110.247534948233,69.8607293800759,27.6226146492464,4.0425,83.5874808178663,26.6600541303668,73.0,107.0,0.681,74.000000,1.39,Final,,
2018-08-03,Regular Petrol,213.066471023833,226.190534272707,111.371962814561,69.8607293800759,27.7912788291956,4.0425,83.4929879831598,27.8789748314014,72.0,107.0,0.679,73.372000,2.71,Final,,
2018-08-10,Regular Petrol,214.790593752202,227.914657001076,112.871199969665,69.8607293800759,28.0161644024612,4.0425,84.9882832997927,27.8829166698726,72.0,108.0,0.67,71.416000,1.96,Final,,
2018-08-17,Regular Petrol,218.095162314911,231.219225563785,115.167237850282,69.8607293800759,28.4471950845536,4.62,86.611899331044,28.5553385192376,70.0,107.0,0.658,69.824000,2.39,Final,,
2018-08-24,Regular Petrol,218.095162314911,231.219225563785,115.167237850282,69.8607293800759,28.4471950845536,4.62,85.7154811337004,29.4517567165812,72.0,109.0,0.666,72.772000,3.30,Final,,
2018-08-31,Regular Petrol,221.112377089558,234.236440338432,117.790902871714,69.8607293800759,28.8407448377685,4.62,87.6569495469113,30.1339533248025,75.0,113.0,0.668,76.076000,2.64,Final,,
2018-09-07,Regular Petrol,222.836499817928,235.960563066802,119.290140026818,69.8607293800759,29.0656304110341,4.62,90.0567932603353,29.2333467664827,75.0,115.0,0.659,76.644000,2.26,Final,,
2018-09-14,Regular Petrol,226.284745274667,239.408808523541,122.288614337026,69.8607293800759,29.5154015575653,4.62,91.2871579810864,31.0014563559398,76.0,117.0,0.654,78.108000,3.25,Final,,
2018-09-21,Regular Petrol,227.146806638852,240.270869887726,123.038232914578,69.8607293800759,29.6278443441981,4.62,91.1342841431221,31.9039487714562,77.0,116.0,0.661,78.966000,1.21,Final,,
2018-09-28,Regular Petrol,229.158283155284,242.282346404158,124.287187419698,70.3608848892447,29.8902108463413,4.62,92.2927291948021,31.9944582248955,80.0,120.0,0.665,81.846000,1.83,Final,,
2018-10-05,Regular Petrol,240.477700509116,248.884087666704,131.129225976713,73.3618179442576,31.3666565881455,4.62,95.6520717884625,35.4771541882502,83.0,127.0,0.656,85.442000,1.13,Final,,
2018-10-12,Regular Petrol,242.784452176072,251.19083933366,133.135096991458,73.3618179442576,31.6675372403573,4.62,94.9514027730466,38.183694218411,81.0,126.0,0.647,83.052000,4.45,Final,,
2018-10-19,Regular Petrol,238.891808738083,247.298195895671,129.750189654076,73.3618179442576,31.15980113975,4.62,88.9614497347145,40.7887399193611,79.0,120.0,0.655,80.406000,1.00,Final,,
2018-10-26,Regular Petrol,234.999165300094,243.405552457682,126.365282316694,73.3618179442576,30.6520650391427,4.62,84.9790243340946,41.3862579825989,76.0,117.0,0.653,78.232000,3.15,Final,,
2018-11-02,Regular Petrol,228.799770195148,237.206157352736,120.974503964567,73.3618179442576,29.8434482863236,4.62,82.1736865730927,38.8008173914739,74.0,112.0,0.656,74.088000,6.45,Final,,
2018-11-09,Regular Petrol,218.851903631397,227.258290788985,112.324185213479,73.3618179442576,28.5459004736605,4.62,74.9016693187916,37.4225158946875,70.0,105.0,0.672,70.344000,3.67,Final,,
2018-11-16,Regular Petrol,210.489928838679,218.896315996267,105.052902785029,73.3618179442576,27.455208109393,4.62,70.8527918103534,34.2001109746754,67.0,98.0,0.677,66.208000,4.93,Final,,
2018-11-23,Regular Petrol,207.606489254984,216.012876412571,102.545564016598,73.3618179442576,27.0791072941283,4.62,68.2058682489551,34.3396957676426,62.0,91.0,0.683,61.218000,6.45,Final,,
2018-11-30,Regular Petrol,202.99298592107,211.399373078658,98.5338219871079,73.3618179442576,26.4773459897048,4.62,62.2989826015436,36.2348393855643,59.0,87.0,0.681,58.650000,1.99,Final,,
2018-12-07,Regular Petrol,200.397890295744,208.804277453332,96.2772170955199,73.3618179442576,26.1388552559666,4.62,62.6867087032114,33.5905083923085,60.0,87.0,0.691,60.466000,3.88,Final,,
2018-12-14,Regular Petrol,198.667826545527,207.074213703114,94.7728138344612,73.3618179442576,25.9131947668078,4.62,62.8837167372769,31.8890970971842,59.0,86.0,0.686,59.510000,1.73,Final,,
2018-12-21,Regular Petrol,197.370278732863,205.776665890451,93.6445113886672,73.3618179442576,25.7439493999387,4.62,61.4947943850383,32.1497170036289,55.0,81.0,0.68,54.644000,5.66,Final,,
2018-12-28,Regular Petrol,196.505246857755,204.911634015343,92.8923097581378,73.3618179442576,25.6311191553593,4.62,61.4911013542463,31.4012084038916,55.0,82.0,0.672,51.030000,0.92,Final,,
2019-01-04,Regular Petrol,193.15929890528,203.677218888311,88.9917012352824,73.3629065084393,25.1946911615583,5.61,61.0909700012252,27.9007312340572,55.0,82.0,0.667,54.310000,2.41,Final,,
2019-01-11,Regular Petrol,192.793870218781,203.663712339385,88.5089371600655,73.3629065084393,25.1470265502757,5.775,64.0991456256268,24.4097915344388,59.0,87.0,0.676,58.636000,3.56,Final,,
2019-01-18,Regular Petrol,194.811341366273,205.681183486878,90.2632598970157,73.3629065084393,25.4101749608182,5.775,63.7714782565793,26.4917816404364,60.0,88.0,0.68,59.830000,3.39,Final,,
2019-01-25,Regular Petrol,196.828812513766,207.698654634371,92.0175826339658,73.3629065084393,25.6733233713608,5.775,63.875392807609,28.1421898263568,61.0,90.0,0.676,61.342000,1.28,Final,,
2019-02-01,Regular Petrol,196.828812513766,207.698654634371,92.0175826339658,73.3629065084393,25.6733233713608,5.775,61.4060395669213,30.6115430670446,61.0,89.0,0.686,61.380000,2.75,Final,,
2019-02-08,Regular Petrol,196.828812513766,207.698654634371,92.0175826339658,73.3629065084393,25.6733233713608,5.775,64.4848951978162,27.5326874361497,62.0,91.0,0.682,61.706000,1.25,Final,,
2019-02-15,Regular Petrol,198.990388743222,209.860230863827,93.897214137841,73.3629065084393,25.955268096942,5.775,65.762263796031,28.13495034181,64.0,94.0,0.678,63.360000,4.35,Final,,
2019-02-22,Regular Petrol,204.322276775882,215.192118896486,98.5336385140664,73.3629065084393,26.6507317533759,5.775,68.664814027193,29.8688244868734,67.0,97.0,0.685,66.582000,1.05,Final,,
2019-03-01,Regular Petrol,206.627958087302,217.497800207907,100.538578784867,73.3629065084393,26.9514727939959,5.775,68.9827137907199,31.5558649941467,65.0,95.0,0.686,64.564000,1.84,Final,,
2019-03-08,Regular Petrol,206.916168251229,217.786010371834,100.789196318717,73.3629065084393,26.9890654240734,5.775,71.4492427549379,29.3399535637787,66.0,97.0,0.679,64.734000,1.42,Final,,
2019-03-15,Regular Petrol,209.077744480686,219.94758660129,102.668827822592,73.3629065084393,27.2710101496547,5.775,74.3350466311396,28.3337811914521,67.0,98.0,0.683,65.714000,1.12,Final,,
2019-03-22,Regular Petrol,206.916168251229,217.786010371834,100.789196318717,73.3629065084393,26.9890654240734,5.775,75.5198290744695,25.2693672442471,67.0,98.0,0.687,67.344000,2.06,Final,,
2019-03-29,Regular Petrol,210.662900382287,221.532742502892,104.047068749598,73.3630620176081,27.4777696150809,5.775,75.7873123378795,28.2597564117186,67.0,98.0,0.684,67.248000,1.85,Final,,
2019-04-05,Regular Petrol,209.466146601553,223.789209791797,103.005480233078,73.3639950726209,27.3216712958548,5.775,77.1495199983367,25.8559602347409,69.0,102.0,0.678,69.540000,0.85,Final,,
2019-04-12,Regular Petrol,215.478522224438,229.801585414682,108.233632948629,73.3639950726209,28.1058942031875,5.775,80.2711310878327,27.9625018607967,70.0,104.0,0.674,71.328000,0.61,Final,,
2019-04-19,Regular Petrol,217.053192030431,231.376255220675,109.602911040798,73.3639950726209,28.3112859170128,5.775,81.6995960172925,27.9033150235052,71.0,105.0,0.674,70.872500,0.43,Final,,
2019-04-26,Regular Petrol,220.488835243508,234.811898433752,112.590426878256,73.3639950726209,28.7594132926315,5.775,84.0613036674543,28.5291232108016,73.0,110.0,0.665,72.932000,4.23,Final,,
2019-05-03,Regular Petrol,214.476459620624,228.799522810868,107.362274162704,73.3639950726209,27.9751903852988,5.775,81.1489974101788,26.2132767525253,71.0,107.0,0.665,71.586000,1.63,Final,,
2019-05-10,Regular Petrol,211.613423609726,225.93648679997,104.872677631489,73.3639950726209,27.6017509056165,5.775,78.1462911422953,26.7263864891936,70.0,106.0,0.659,71.252000,1.34,Final,,
2019-05-17,Regular Petrol,214.476459620624,228.799522810868,107.362274162704,73.3639950726209,27.9751903852988,5.775,80.1336218143807,27.2286523483234,72.0,109.0,0.657,73.322000,2.35,Final,,
2019-05-24,Regular Petrol,220.345683442963,234.668746633207,112.465947051695,73.3639950726209,28.7407413186474,5.775,79.6227855606089,32.8431614910862,69.0,105.0,0.652,70.888000,5.23,Final,,
2019-05-31,Regular Petrol,217.196343830976,231.51940702122,109.727390867358,73.3639950726209,28.3299578909969,5.775,75.0263394146511,34.7010514527074,66.0,101.0,0.653,69.290000,3.86,Final,,
2019-06-07,Regular Petrol,208.607235798284,222.930298988528,102.258601273713,73.3639950726209,27.2096394519501,5.775,67.4529354927897,34.8056657809233,60.0,91.0,0.661,63.146000,1.96,Final,,
2019-06-14,Regular Petrol,207.03256599229,221.355629182534,100.889323181545,73.3639950726209,27.0042477381248,5.775,68.6849896690049,32.2043335125398,61.0,92.0,0.659,63.188000,2.65,Final,,
2019-06-21,Regular Petrol,207.03256599229,221.355629182534,100.889323181545,73.3639950726209,27.0042477381248,5.775,69.4579653753122,31.4313578062325,62.0,95.0,0.654,64.038000,3.43,Final,,
2019-06-28,Regular Petrol,207.03256599229,221.355629182534,100.889167672376,73.3641505817897,27.0042477381248,5.775,72.3148229881519,28.574344684224,64.0,97.0,0.665,66.510000,2.36,Final,,
2019-07-05,Regular Petrol,205.207389628211,221.430221934166,95.5011247355549,77.1650836368026,26.7661812558536,5.775,73.1353292568663,22.3657954786886,62.0,93.0,0.669,63.840000,2.38,Final,,
2019-07-12,Regular Petrol,207.355390229008,223.578222534963,97.3689513449437,77.1650836368026,27.0463552472619,5.775,77.0031765341488,20.3657748107948,64.0,97.0,0.664,65.978000,3.34,Final,,
2019-07-19,Regular Petrol,209.932990949965,226.155823255919,99.6103432762102,77.1650836368026,27.3825640369519,5.775,75.0732294347115,24.5371138414986,63.0,93.0,0.673,63.628000,6.16,Final,,
2019-07-26,Regular Petrol,210.219391030071,226.442223336026,99.8593868241286,77.1650836368026,27.4199205691397,5.775,72.6389107871742,27.2204760369545,63.0,93.0,0.671,62.800000,1.87,Final,,
2019-08-02,Regular Petrol,210.219391030071,226.442223336026,99.8593868241286,77.1650836368026,27.4199205691397,5.775,73.882933400765,25.9764534233637,63.0,95.0,0.659,62.586000,2.95,Final,,
2019-08-09,Regular Petrol,210.219391030071,226.442223336026,99.8593868241286,77.1650836368026,27.4199205691397,5.775,72.632963716925,27.2264231072037,57.0,88.0,0.65,57.328000,4.29,Final,,
2019-08-16,Regular Petrol,210.219391030071,226.442223336026,99.8593868241286,77.1650836368026,27.4199205691397,5.775,73.9930580579393,25.8663287661894,58.0,90.0,0.645,58.252000,2.77,Final,,
2019-08-23,Regular Petrol,210.219391030071,226.442223336026,99.8593868241286,77.1650836368026,27.4199205691397,5.775,74.2257452593532,25.6336415647754,59.0,92.0,0.641,59.574000,1.96,Final,,
2019-08-30,Regular Petrol,211.508191390549,227.731023696504,100.980082789762,77.1650836368026,27.5880249639847,5.775,74.7603165117997,26.2197662779622,59.0,93.0,0.635,59.826000,2.60,Final,,
2019-09-06,Regular Petrol,213.226591871187,229.449424177142,102.474344077273,77.1650836368026,27.8121641571113,5.775,73.1064702475444,29.3678738297285,58.0,92.0,0.634,60.228000,4.77,Final,,
2019-09-13,Regular Petrol,213.226591871187,229.449424177142,102.474344077273,77.1650836368026,27.8121641571113,5.775,76.7508278194034,25.7235162578694,60.0,93.0,0.642,62.738000,3.91,Final,,
2019-09-20,Regular Petrol,217.092992952622,233.315825258576,105.836431974173,77.1650836368026,28.3164773416463,5.775,85.5267289340933,20.3097030400793,64.0,102.0,0.633,65.556000,4.17,Final,,
2019-09-27,Regular Petrol,216.233792712303,232.456625018257,105.089301330417,77.1650836368026,28.204407745083,5.775,82.3068479966572,22.7824533337599,62.0,99.0,0.629,63.152000,2.58,Final,,
2019-10-04,Regular Petrol,211.800146529629,233.736638060211,101.235445696828,77.163594763719,27.6261060690821,5.775,79.2686198833643,21.9668258134641,58.0,93.0,0.628,59.222000,3.07,Final,,
2019-10-11,Regular Petrol,211.061205499184,233.949973567203,100.59288827905,77.163594763719,27.5297224564153,5.775,82.6093903560952,17.9834979229545,59.0,93.0,0.63,59.394000,2.45,Final,,
2019-10-18,Regular Petrol,211.061205499184,233.949973567203,100.59288827905,77.163594763719,27.5297224564153,5.775,81.7031464982243,18.8897417808253,59.0,94.0,0.631,59.322000,1.15,Final,,
2019-10-25,Regular Petrol,211.061205499184,233.949973567203,100.59288827905,77.163594763719,27.5297224564153,5.775,77.4954454837282,23.0974427953215,61.0,95.0,0.64,60.748000,3.11,Final,,
2019-11-01,Regular Petrol,211.061205499184,233.949973567203,100.59288827905,77.163594763719,27.5297224564153,5.775,75.8812644726202,24.7116238064294,60.0,95.0,0.639,60.226000,1.75,Final,,
2019-11-08,Regular Petrol,212.358285374811,235.24705344283,101.720783823073,77.163594763719,27.6989067880188,5.775,80.5786662275423,21.1421175955306,61.0,96.0,0.639,62.390000,0.72,Final,,
2019-11-15,Regular Petrol,215.240685098426,238.129453166445,104.227218365347,77.163594763719,28.0748719693599,5.775,82.8225398681261,21.4046784972206,62.0,97.0,0.638,62.564000,1.13,Final,,
2019-11-22,Regular Petrol,216.10540501551,238.994173083529,104.979148728029,77.163594763719,28.1876615237622,5.775,80.8647681773765,24.1143805506523,62.0,97.0,0.641,63.762000,2.62,Final,,
2019-11-29,Regular Petrol,216.10540501551,238.994173083529,104.979148728029,77.163594763719,28.1876615237622,5.775,80.3023405096687,24.6768082183602,63.0,98.0,0.642,64.740000,0.53,Final,,
2019-12-06,Regular Petrol,216.10540501551,238.994173083529,104.979148728029,77.163594763719,28.1876615237622,5.775,78.1760409251616,26.8031078028672,62.0,96.0,0.651,64.714000,3.55,Final,,
2019-12-13,Regular Petrol,216.10540501551,238.994173083529,104.979148728029,77.163594763719,28.1876615237622,5.775,77.1774113534651,27.8017373745637,64.0,98.0,0.657,66.498000,2.07,Final,,
2019-12-20,Regular Petrol,216.10540501551,238.994173083529,104.979148728029,77.163594763719,28.1876615237622,5.775,76.6498281013667,28.3293206266621,66.0,101.0,0.659,68.902000,1.66,Final,,
2019-12-27,Regular Petrol,216.970124932594,239.858893000614,105.731079090711,77.163594763719,28.3004510781645,5.775,76.4363394796031,29.2947396111079,66.0,100.0,0.664,68.730000,1.77,Final,,
2020-01-03,Regular Petrol,223.053779079819,242.522760409309,111.022489308705,77.1623185867902,29.0939711843242,5.775,75.8884939319298,35.1339953767749,66.0,99.0,0.671,68.050000,2.03,Final,,
2020-01-10,Regular Petrol,224.389560476014,242.490627110092,112.184251045029,77.1621058906354,29.2682035403496,5.775,76.0906670731639,36.0935839718651,67.0,101.0,0.664,67.930000,3.67,Final,,
2020-01-17,Regular Petrol,222.942977960294,241.044044594372,110.926353205273,77.1621058906354,29.0795188643862,5.775,73.5092068157831,37.4171463894896,65.0,98.0,0.663,64.112000,1.34,Final,,
2020-01-24,Regular Petrol,221.351737193003,239.45280382708,109.542665581541,77.1621058906354,28.8719657208264,5.775,72.4469244796927,37.0957411018481,63.0,95.0,0.66,62.200000,5.29,Final,,
2020-01-31,Regular Petrol,216.433356639556,234.534423273633,105.26581292637,77.1621058906354,28.2304378225507,5.775,68.4055713628323,36.8602415635372,58.0,89.0,0.654,58.572000,1.74,Final,,
2020-02-07,Regular Petrol,214.697457620692,232.79852425477,103.756335518662,77.1621058906354,28.0040162113946,5.775,67.8821109942426,35.8742245244194,54.0,84.0,0.646,54.594000,1.46,Final,,
2020-02-14,Regular Petrol,214.697457620692,232.79852425477,103.756335518662,77.1621058906354,28.0040162113946,5.775,69.4009558943326,34.3553796243294,54.0,85.0,0.642,55.328000,3.98,Final,,
2020-02-21,Regular Petrol,214.118824614404,232.219891248482,103.25317638276,77.1621058906354,27.9285423410092,5.775,70.639365301961,32.6138110807985,57.0,88.0,0.64,58.614000,2.37,Final,,
2020-02-28,Regular Petrol,213.250875104972,231.35194173905,102.498437678906,77.1621058906354,27.8153315354312,5.775,66.5132070060842,35.9852306728216,51.0,82.0,0.631,54.092000,5.40,Final,,
2020-03-06,Regular Petrol,211.370317834537,229.471384468615,100.863170487223,77.1621058906354,27.5700414566787,5.775,63.8265296529144,37.0366408343083,50.0,79.0,0.628,50.702000,6.92,Final,01_covid_2020,crisis
2020-03-13,Regular Petrol,191.986112123893,210.087178757971,84.0073394344889,77.1621058906354,25.0416667987686,5.775,48.335371005983,35.6719684285058,33.0,53.0,0.626,33.724000,4.55,Final,01_covid_2020,crisis
2020-03-20,Regular Petrol,179.25618598556,197.357252619637,72.9378384446339,77.1621058906354,23.3812416502904,5.775,37.0107496661817,35.9270887784522,28.0,47.0,0.588,25.654000,5.19,Final,01_covid_2020,crisis
2020-03-27,Regular Petrol,179.25618598556,197.357252619637,72.9378384446339,77.1621058906354,23.3812416502904,5.775,30.8198257842861,42.1180126603477,25.0,43.0,0.579,23.962000,3.23,Final,01_covid_2020,crisis
2020-04-03,Regular Petrol,180.020102886372,197.553428466154,73.6033901874867,77.1608297137065,23.480882985179,5.775,28.5791170548923,45.0242731325944,24.0,41.0,0.596,18.716000,9.48,Final,01_covid_2020,crisis
2020-04-10,Regular Petrol,180.325669646697,197.631898804761,73.8693131100111,77.1606170175517,23.5207395191344,5.775,28.2360357714185,45.6332773385925,23.0,38.0,0.595,22.532500,4.99,Final,01_covid_2020,crisis
2020-04-17,Regular Petrol,180.325669646697,197.631898804761,73.8693131100111,77.1606170175517,23.5207395191344,5.775,27.3954614247312,46.4738516852799,21.0,35.0,0.604,19.995000,3.05,Final,01_covid_2020,crisis
2020-04-24,Regular Petrol,180.325669646697,197.631898804761,73.8693131100111,77.1606170175517,23.5207395191344,5.775,30.2078761462051,43.661436963806,18.0,29.0,0.598,14.236000,8.24,Final,01_covid_2020,crisis
2020-05-01,Regular Petrol,181.484546133128,198.790775291192,74.8770317938643,77.1606170175517,23.6718973217124,5.775,34.3579387689239,40.5190930249404,18.0,30.0,0.608,17.046000,3.32,Final,01_covid_2020,crisis
2020-05-08,Regular Petrol,182.353703497952,199.659932656015,75.6328208067542,77.1606170175517,23.7852656736459,5.775,41.2187236588413,34.4140971479129,27.0,44.0,0.606,23.572500,5.06,Final,01_covid_2020,crisis
2020-05-15,Regular Petrol,184.092018227599,201.398247385662,77.144398832534,77.1606170175517,24.0120023775129,5.775,41.33856853327,35.805830299264,29.0,48.0,0.605,28.182000,5.42,Final,01_covid_2020,crisis
2020-05-22,Regular Petrol,183.512579984383,200.818809142446,76.6405394906074,77.1606170175517,23.9364234762239,5.775,44.5691918327069,32.0713476579006,34.0,56.0,0.607,33.940000,1.72,Final,01_covid_2020,crisis
2020-05-29,Regular Petrol,183.222860862775,200.529090020839,76.3886098196441,77.1606170175517,23.8986340255794,5.775,43.0128963283092,33.3757134913349,34.0,55.0,0.616,33.702500,1.42,Final,01_covid_2020,crisis
2020-06-05,Regular Petrol,185.395754274834,202.701983432897,78.2780823518689,77.1606170175517,24.1820549054131,5.775,46.6818283316922,31.5962540201767,39.0,61.0,0.64,38.370000,4.26,Final,01_covid_2020,crisis
2020-06-12,Regular Petrol,185.395754274834,202.701983432897,78.2780823518689,77.1606170175517,24.1820549054131,5.775,48.4239470008048,29.8541353510641,40.0,62.0,0.651,39.518000,3.42,Final,02_calm_own_refinery,calm
2020-06-19,Regular Petrol,185.395754274834,202.701983432897,78.2780823518689,77.1606170175517,24.1820549054131,5.775,50.6108092296734,27.6672731221956,41.0,63.0,0.644,40.948000,2.89,Final,02_calm_own_refinery,calm
2020-06-26,Regular Petrol,185.395754274834,202.701983432897,78.2780823518689,77.1606170175517,24.1820549054131,5.775,51.1288260647884,27.1492562870805,42.0,65.0,0.644,41.694000,2.80,Final,02_calm_own_refinery,calm
2020-07-03,Regular Petrol,185.955407478373,205.79532344091,76.258870631254,79.6664836977658,24.255053149353,5.775,48.3033255625826,27.9555450686714,42.0,65.0,0.646,42.302000,1.61,Final,02_calm_own_refinery,calm
2020-07-10,Regular Petrol,184.438645265548,205.292035949874,73.9373025212257,80.6691281444681,24.0572145998541,5.775,49.3546348875325,24.5826676336932,43.0,66.0,0.656,43.060000,1.32,Final,02_calm_own_refinery,calm
2020-07-17,Regular Petrol,185.018853096961,205.872243781288,74.4418310702809,80.6691281444681,24.1328938822124,5.775,48.0615955356743,26.3802355346066,44.0,66.0,0.655,43.404000,1.11,Final,02_calm_own_refinery,calm
2020-07-24,Regular Petrol,186.469372675495,207.322763359822,74.0993524429189,80.6691281444681,24.3220920881081,7.3788,47.8134453603118,26.2859070826071,44.0,66.0,0.661,43.568000,1.35,Final,02_calm_own_refinery,calm
2020-07-31,Regular Petrol,188.209996169736,209.063386854062,75.1146380900845,80.6691281444681,24.5491299351829,7.8771,46.3919036801412,28.7227344099433,43.0,64.0,0.667,43.224000,0.53,Final,02_calm_own_refinery,calm
2020-08-07,Regular Petrol,185.889164844082,206.742555528408,73.2351238938637,80.6691281444681,24.2464128057498,7.7385,47.5263259107528,25.7087979831109,44.0,66.0,0.664,44.356000,1.28,Final,02_calm_own_refinery,calm
2020-08-14,Regular Petrol,185.018853096961,205.872243781288,72.3744310702809,80.6691281444681,24.1328938822124,7.8424,49.8008603422926,22.5735707279883,44.0,67.0,0.657,44.538000,1.41,Final,02_calm_own_refinery,calm
2020-08-21,Regular Petrol,186.179268759788,207.032659444115,73.4064881683913,80.6691281444681,24.2842524469289,7.8194,50.4225374625896,22.9839507058017,44.0,67.0,0.656,44.792000,1.40,Final,02_calm_own_refinery,calm
2020-08-28,Regular Petrol,189.080307916856,209.933698601182,75.8714309136673,80.6691281444681,24.6626488587203,7.8771,50.5792840176023,25.292146896065,44.0,67.0,0.658,45.258000,1.58,Final,02_calm_own_refinery,calm
2020-09-04,Regular Petrol,189.080307916856,209.933698601182,75.8945309136673,80.6691281444681,24.6626488587203,7.854,48.4085924875993,27.485938426068,43.0,64.0,0.675,43.060000,4.62,Final,02_calm_own_refinery,calm
2020-09-11,Regular Petrol,187.339684422615,208.193075106942,74.3116452665017,80.6691281444681,24.4356110116455,7.9233,46.3465180167849,27.9651272497168,40.0,59.0,0.667,39.450000,2.14,Final,02_calm_own_refinery,calm
2020-09-18,Regular Petrol,184.438645265548,205.292035949874,71.6157025212257,80.6691281444681,24.0572145998541,8.0966,47.9382379427978,23.677464578428,41.0,61.0,0.671,40.770000,3.78,Final,02_calm_own_refinery,calm
2020-09-25,Regular Petrol,185.889164844082,206.742555528408,72.8770238938637,80.6691281444681,24.2464128057498,8.0966,48.9633978348475,23.9136260590163,41.0,62.0,0.663,40.890000,0.87,Final,02_calm_own_refinery,calm
2020-10-02,Regular Petrol,188.354534888176,206.899801644555,75.0712796597034,80.6648724169715,24.5679828115012,8.0504,49.5171115675055,25.5541680921979,40.0,61.0,0.659,39.994000,3.59,Final,02_calm_own_refinery,calm
2020-10-09,Regular Petrol,185.349534498174,202.163708308592,72.4599381333088,80.6631701259729,24.1760262388923,8.0504,49.1451490593003,23.3147890740085,41.0,63.0,0.661,41.060000,2.22,Final,02_calm_own_refinery,calm
2020-10-16,Regular Petrol,186.653536056819,203.467709867237,73.5708525321304,80.6631701259729,24.3461133987155,8.0734,48.0048982487826,25.5659542833479,42.0,63.0,0.664,41.320000,1.31,Final,02_calm_own_refinery,calm
2020-10-23,Regular Petrol,186.943314180962,203.757487991381,73.7950335096464,80.6631701259729,24.3839105453429,8.1012,47.5857406644369,26.2092928452095,42.0,63.0,0.663,40.998000,1.53,Final,02_calm_own_refinery,calm
2020-10-30,Regular Petrol,186.363757932676,203.177931743094,73.2841715546145,80.6631701259729,24.3083162520881,8.1081,44.7687127328412,28.5154588217734,38.0,58.0,0.666,37.906000,3.39,Final,02_calm_own_refinery,calm
2020-11-06,Regular Petrol,185.929090746461,202.743264556879,72.9016000883406,80.6631701259729,24.251620532147,8.1127,44.0049127055853,28.8966873827553,39.0,59.0,0.667,38.636000,1.90,Final,02_calm_own_refinery,calm
2020-11-13,Regular Petrol,187.233092305106,204.047266115524,73.9939144871623,80.6631701259729,24.4217076919703,8.1543,46.4488328759121,27.5450816112502,43.0,63.0,0.684,41.870000,1.57,Final,02_calm_own_refinery,calm
2020-11-20,Regular Petrol,185.929090746461,202.743264556879,72.7561000883406,80.6631701259729,24.251620532147,8.2582,45.7631369186967,26.9929631696439,44.0,64.0,0.69,43.008000,1.25,Final,02_calm_own_refinery,calm
2020-11-27,Regular Petrol,185.639312622317,202.453486432736,72.4925191108247,80.6631701259729,24.2138233855196,8.2698,48.9224195875175,23.5700995233072,47.0,67.0,0.698,46.426000,2.30,Final,02_calm_own_refinery,calm
2020-12-04,Regular Petrol,187.957537615464,204.771711425882,74.3235669309522,80.6631701259729,24.5162005585388,8.4546,49.1410910683368,25.1824758626153,48.0,67.0,0.705,47.828000,2.26,Final,02_calm_own_refinery,calm
2020-12-11,Regular Petrol,189.696206360324,206.510380170742,75.5305527960478,80.6631701259729,24.7429834383031,8.7595,50.4691178789143,25.0614349171335,49.0,70.0,0.705,49.324000,1.70,Final,02_calm_own_refinery,calm
2020-12-18,Regular Petrol,188.247315739607,205.061489550026,74.3329479084681,80.6631701259729,24.5539977051662,8.6972,52.194615866032,22.1383320424361,51.0,72.0,0.71,51.048000,1.90,Final,02_calm_own_refinery,calm
2020-12-25,Regular Petrol,184.914867311959,201.729041122377,71.4351666670348,80.6631701259729,24.1193305189512,8.6972,53.6273201019539,17.8078465650809,52.0,73.0,0.708,50.605000,1.17,Final,02_calm_own_refinery,calm
2021-01-01,Regular Petrol,186.387200578718,201.950331246889,72.7182039033571,80.6597655439757,24.3113739885285,8.69785714285714,54.2332942653674,18.4849096379897,52.0,73.0,0.717,50.820000,0.78,Final,02_calm_own_refinery,calm
2021-01-08,Regular Petrol,192.397242761569,206.292315906742,77.943157167593,80.6572121074777,25.0952925341177,8.70158095238095,54.0315130236025,23.9116441439904,53.0,74.0,0.725,53.308000,5.14,Final,02_calm_own_refinery,calm
2021-01-15,Regular Petrol,197.166840200736,211.061913345909,81.9359570111747,80.6572121074777,25.7174139392264,8.85625714285714,56.8908617534752,25.0450952576995,55.0,77.0,0.72,55.380000,1.18,Final,02_calm_own_refinery,calm
2021-01-22,Regular Petrol,199.479372292453,213.374445437626,83.9310544822331,80.6572121074777,26.0190485598852,8.87205714285714,56.6337387388721,27.297315743361,55.0,78.0,0.716,55.230000,1.47,Final,02_calm_own_refinery,calm
2021-01-29,Regular Petrol,195.57697438768,209.472047532853,80.4931221426792,80.6572121074777,25.5100401375235,8.9166,56.7483694453739,23.7447526973053,55.0,77.0,0.718,55.178000,0.57,Final,02_calm_own_refinery,calm
2021-02-05,Regular Petrol,195.287907876216,209.182981021389,80.0685599587969,80.6572121074777,25.4723358099412,9.0898,58.8249546136126,21.2436053451843,57.0,80.0,0.718,58.222000,3.06,Final,02_calm_own_refinery,calm
2021-02-12,Regular Petrol,200.057505315382,213.952578460555,84.2968359928548,80.6572121074777,26.0944572150499,9.009,60.6512298050997,23.6456061877552,60.0,84.0,0.722,61.128000,2.30,Final,02_calm_own_refinery,calm
2021-02-19,Regular Petrol,201.502837872706,215.397911017879,85.5074469122663,80.6572121074777,26.2829788529616,9.0552,63.7765123932306,21.7309345190357,62.0,87.0,0.721,63.898000,2.18,Final,02_calm_own_refinery,calm
2021-02-26,Regular Petrol,202.948170430029,216.843243575202,86.8058578316778,80.6572121074777,26.4715004908733,9.0136,65.1156787755426,21.6901790561352,64.0,87.0,0.735,65.858000,2.12,Final,02_calm_own_refinery,calm
2021-03-05,Regular Petrol,205.694302288943,219.589375434116,89.2214985785596,80.6572121074777,26.8296916029056,8.9859,65.7711670908876,23.4503314876721,64.0,89.0,0.725,65.940000,6.78,Final,02_calm_own_refinery,calm
2021-03-12,Regular Petrol,207.139634846266,221.034707991439,90.5130094979711,80.6572121074777,27.0182132408173,8.9512,69.9123646740615,20.6006448239097,67.0,93.0,0.718,68.154000,2.31,Final,02_calm_own_refinery,calm
2021-03-19,Regular Petrol,206.561501823337,220.45657496851,90.3682851302065,80.6572121074777,26.9428045856526,8.5932,69.6004729600062,20.7678121702003,65.0,90.0,0.72,66.114000,6.67,Final,02_calm_own_refinery,calm
2021-03-26,Regular Petrol,203.526303452958,217.421376598131,87.7635821994424,80.6572121074777,26.546909146038,8.5586,67.6165971601327,20.1469850393097,62.0,89.0,0.704,62.506000,3.93,Final,02_calm_own_refinery,calm
2021-04-02,Regular Petrol,204.589693351129,217.372361663292,88.7080676520566,80.6529563799812,26.6856121762342,8.54305714285714,68.4723182399405,20.235749412116,62.0,88.0,0.699,63.677500,0.78,Final,02_calm_own_refinery,calm
2021-04-09,Regular Petrol,205.387235774757,217.335600462162,89.3995612845125,80.6512540889825,26.7896394488814,8.54678095238095,68.0169579420122,21.3826033425002,61.0,87.0,0.704,61.827500,0.62,Final,02_calm_own_refinery,calm
2021-04-16,Regular Petrol,205.965140715161,217.913505402566,89.8279682720267,80.6512540889825,26.8650183541514,8.6209,69.1069824148528,20.7209858571739,63.0,90.0,0.708,64.686000,3.75,Final,02_calm_own_refinery,calm
2021-04-23,Regular Petrol,208.999141652278,220.947506339683,92.4131299564765,80.6512540889825,27.2607576068189,8.674,69.3526466417068,23.0604833147697,64.0,89.0,0.718,65.344000,2.52,Final,02_calm_own_refinery,calm
2021-04-30,Regular Petrol,209.43257035758,221.380935044985,92.7969244828264,80.6512540889825,27.3172917857713,8.6671,68.6605983709651,24.1363261118613,64.0,89.0,0.724,66.964000,2.76,Final,02_calm_own_refinery,calm
2021-05-07,Regular Petrol,210.588380238387,222.536744925792,93.829676553093,80.6512540889825,27.4680495963113,8.6394,70.9031676428851,22.9265089102079,67.0,93.0,0.72,68.992500,1.09,Final,02_calm_own_refinery,calm
2021-05-14,Regular Petrol,211.455237648992,223.403602336397,94.6890798915072,80.6512540889825,27.5811179542163,8.53378571428571,69.3183810777023,25.3706988138049,67.0,92.0,0.723,68.732000,2.26,Final,02_calm_own_refinery,calm
2021-05-21,Regular Petrol,211.455237648992,223.403602336397,94.7451989391263,80.6512540889825,27.5811179542163,8.47766666666667,69.0523014884831,25.6928974506432,66.0,91.0,0.721,67.482000,4.44,Final,02_calm_own_refinery,calm
2021-05-28,Regular Petrol,213.188952470202,225.137317157607,96.1834437111928,80.6512540889825,27.8072546700263,8.547,70.0145405800182,26.1689031311746,67.0,93.0,0.724,69.022000,0.84,Final,02_calm_own_refinery,calm
2021-06-04,Regular Petrol,215.500572231815,227.44893691922,97.9279478517259,80.6512540889825,28.1087702911063,8.8126,70.675884534203,27.2520633175229,69.0,95.0,0.723,70.660000,1.27,Final,02_calm_own_refinery,calm
2021-06-11,Regular Petrol,217.667715758327,229.616080445732,99.3405204834757,80.6512540889825,28.3914411858687,9.2845,72.1135842192391,27.2269362642367,70.0,98.0,0.72,71.458000,1.16,Final,02_calm_own_refinery,calm
2021-06-18,Regular Petrol,220.701716695444,232.650081382849,101.780682167925,80.6512540889825,28.7871804385362,9.4826,74.3070420678939,27.4736401000316,72.0,101.0,0.71,73.110000,1.61,Final,02_calm_own_refinery,calm
2021-06-25,Regular Petrol,223.735717632561,235.684082319966,103.945443852375,80.6512540889825,29.1829196912037,9.9561,77.326605895617,26.6188379567582,73.0,104.0,0.701,75.406000,1.96,Final,02_calm_own_refinery,calm
2021-07-02,Regular Petrol,223.51375993956,236.177133945425,103.479421461734,80.6355697900574,29.1539686877687,10.2448,78.3686626917518,25.1107587699819,73.0,105.0,0.701,76.260000,2.73,Final,02_calm_own_refinery,calm
2021-07-09,Regular Petrol,224.570145701506,237.769776696216,103.611291496039,80.6252960704874,29.291758134979,11.0418,80.3336555710086,23.2776359250308,73.0,104.0,0.7,76.134000,4.03,Final,02_calm_own_refinery,calm
2021-07-16,Regular Petrol,224.858299099914,238.057930094624,103.850259668568,80.6252960704874,29.3293433608583,11.0534,79.5059544091319,24.344305259436,74.0,105.0,0.7,75.800000,3.04,Final,02_calm_own_refinery,calm
2021-07-23,Regular Petrol,223.129378709467,236.329009704177,102.284550633397,80.6252960704874,29.1038320055826,11.1157,77.4889831242772,24.7955675091195,71.0,101.0,0.696,72.202000,5.53,Final,02_calm_own_refinery,calm
2021-07-30,Regular Petrol,224.71422240071,237.91385339542,103.540175582304,80.6252960704874,29.3105507479187,11.2382,80.1180527718801,23.4221228104236,73.0,105.0,0.698,75.754000,2.93,Final,02_calm_own_refinery,calm
2021-08-06,Regular Petrol,228.316139880807,241.515770875518,106.55687773891,80.6252960704874,29.7803660714097,11.3536,78.1906749861394,28.366202752771,70.0,100.0,0.702,72.260000,2.92,Final,02_calm_own_refinery,calm
2021-08-13,Regular Petrol,227.30760298638,240.50723398109,105.552789135061,80.6252960704874,29.6488177808322,11.4807,78.0205191275243,27.5322700075362,70.0,100.0,0.701,71.094000,2.34,Final,02_calm_own_refinery,calm
2021-08-20,Regular Petrol,226.731296189564,239.930927184275,105.040152790003,80.6252960704874,29.5736473290736,11.4922,76.0436059336911,28.9965468563124,67.0,97.0,0.692,68.078000,4.56,Final,02_calm_own_refinery,calm
2021-08-27,Regular Petrol,228.0279864824,241.22761747711,105.855809566382,80.6252960704874,29.7427808455304,11.8041,76.5017199004634,29.3540896659185,70.0,101.0,0.692,71.016000,3.19,Final,02_calm_own_refinery,calm
2021-09-03,Regular Petrol,229.756906872847,242.956537867557,105.280218601553,80.6252960704874,29.9682922008061,13.8831,76.4070710960686,28.8731475054846,71.0,100.0,0.705,73.017500,1.57,Final,02_calm_own_refinery,calm
2021-09-10,Regular Petrol,229.180600076031,242.380231070741,103.647182256496,80.6252960704874,29.8931217490475,15.015,75.8879926142298,27.7591896422663,70.0,99.0,0.712,72.014000,1.12,Final,02_calm_own_refinery,calm
2021-09-17,Regular Petrol,230.045060271254,243.244691265965,104.629886774082,80.6252960704874,30.0058774266854,14.784,78.1647828310391,26.4651039430426,72.0,102.0,0.71,74.128000,2.17,Final,02_calm_own_refinery,calm
2021-09-24,Regular Petrol,231.629903962497,244.829534957208,105.892511722989,80.6252960704874,30.2125961690214,14.8995,79.8492617133673,26.0432500096214,74.0,105.0,0.703,75.320000,3.83,Final,02_calm_own_refinery,calm
2021-10-01,Regular Petrol,231.485490982479,246.679594391865,106.759360763547,80.6228705255658,30.1937596933669,13.9095,83.3186911735906,23.440669589956,76.0,110.0,0.695,78.444000,1.59,Final,02_calm_own_refinery,calm
2021-10-08,Regular Petrol,234.735178074717,252.588578037004,108.573894785053,80.6210513668746,30.6176319227892,14.9226,87.5979591338971,20.975935651156,80.0,115.0,0.694,82.012000,1.33,Final,02_calm_own_refinery,calm
2021-10-15,Regular Petrol,239.475792915882,257.329192878169,112.64996855998,80.6210513668746,31.2359729890281,14.9688,92.2536261316374,20.3963424283421,82.0,117.0,0.696,83.868000,1.14,Final,02_calm_own_refinery,calm
2021-10-22,Regular Petrol,244.360062752234,262.213462714522,116.804759722025,80.6210513668746,31.8730516633349,15.0612,93.6963278771331,23.1084318448918,83.0,116.0,0.714,84.984000,1.63,Final,02_calm_own_refinery,calm
2021-10-29,Regular Petrol,249.387987583774,267.241387546061,121.166096842618,80.6210513668746,32.5288679457096,15.0719714285714,95.6158494782142,25.5502473644036,83.0,116.0,0.717,84.116000,2.01,Final,02_calm_own_refinery,calm
2021-11-05,Regular Petrol,251.542812511576,269.396212473863,123.027529077974,80.6210513668746,32.8099320667273,15.0843,93.5900369946215,29.4374920833525,81.0,114.0,0.715,82.522000,4.36,Final,02_calm_own_refinery,calm
2021-11-12,Regular Petrol,251.542812511576,269.396212473863,123.143029077974,80.6210513668746,32.8099320667273,14.9688,91.8025697718267,31.3404593061474,82.0,115.0,0.709,83.390000,1.62,Final,02_calm_own_refinery,calm
2021-11-19,Regular Petrol,251.542812511576,269.396212473863,123.119929077974,80.6210513668746,32.8099320667273,14.9919,88.8563404067325,34.2635886712416,80.0,114.0,0.702,81.630000,2.61,Final,02_calm_own_refinery,calm
2021-11-26,Regular Petrol,248.526057612653,266.37945757494,120.496663948475,80.6210513668746,32.4164422973025,14.9919,86.1368275420747,34.3598364064007,79.0,115.0,0.692,80.238000,11.06,Final,02_calm_own_refinery,calm
2021-12-03,Regular Petrol,248.526057612653,266.37945757494,119.711263948475,80.6210513668746,32.4164422973025,15.7773,80.386931280639,39.3243326678364,71.0,104.0,0.681,71.000000,3.81,Final,02_calm_own_refinery,calm
2021-12-10,Regular Petrol,246.37123268485,264.224632647137,117.883703141691,80.6210513668746,32.1353781762848,15.7311,84.8163041919991,33.0673989496916,74.0,109.0,0.678,74.788000,2.56,Final,02_calm_own_refinery,calm
2021-12-17,Regular Petrol,243.498132781113,261.351532743401,115.369155399311,80.6210513668746,31.7606260149278,15.7473,86.7245870095293,28.6445683897816,73.0,108.0,0.677,73.762000,1.67,Final,02_calm_own_refinery,calm
2021-12-24,Regular Petrol,243.498132781113,261.351532743401,115.322955399311,80.6210513668746,31.7606260149278,15.7935,85.1745458917111,30.1484095075998,72.0,107.0,0.677,73.910000,5.75,Final,02_calm_own_refinery,calm
2021-12-31,Regular Petrol,244.763145029659,258.340473999774,116.424785208912,80.6192322081834,31.9256276125643,15.7935,89.3989085781257,27.0258766307859,77.0,113.0,0.683,78.160000,1.39,Final,02_calm_own_refinery,calm
2022-01-07,Regular Petrol,248.194927216748,251.082078706431,119.411369177389,80.6168066632619,32.3732513760976,15.7935,91.2436345876289,28.1677345897596,79.0,117.0,0.678,80.502000,4.03,Final,02_calm_own_refinery,calm
2022-01-14,Regular Petrol,250.11103079048,252.998182280163,120.239046198025,80.6168066632619,32.6231779291931,16.632,92.9802953590494,27.2587508389759,82.0,120.0,0.681,85.068000,5.61,Final,02_calm_own_refinery,calm
2022-01-21,Regular Petrol,253.684286435603,256.571437925287,122.664825019872,80.6168066632619,33.08925475247,17.3134,96.6817234312944,25.9831015885771,87.0,128.0,0.678,89.158000,1.93,Final,02_calm_own_refinery,calm
2022-01-28,Regular Petrol,257.094613094656,259.98176458434,125.560926462526,80.6168066632619,33.5340799688682,17.3828,100.734611219482,24.8263152430444,87.0,131.0,0.666,90.124000,3.73,Final,02_calm_own_refinery,calm
2022-02-04,Regular Petrol,261.099273828836,263.98642531852,128.581240144422,80.6168066632619,34.0564270211526,17.8448,104.890457148216,23.6907829962059,89.0,135.0,0.661,92.774000,6.62,Final,02_calm_own_refinery,calm
2022-02-11,Regular Petrol,265.044222187165,267.931373676848,130.567930021229,80.6168066632619,34.5709855026736,19.2885,106.4804941481,24.0874358731293,91.0,136.0,0.666,96.434000,2.55,Final,02_calm_own_refinery,calm
2022-02-18,Regular Petrol,269.2884653763,272.175616865983,134.143076272651,80.6168066632619,35.1245824403869,19.404,109.619839568012,24.5232367046387,92.0,138.0,0.666,97.798000,6.38,Final,02_calm_own_refinery,calm
2022-02-25,Regular Petrol,272.791453864074,275.678605353757,137.939953218542,80.6168066632619,35.5814939822705,18.6532,111.237476855887,26.7024763626546,95.0,141.0,0.672,99.364000,2.73,Final,03_ukraine_2022,crisis
2022-03-04,Regular Petrol,279.917496121174,282.804647610857,144.656211702976,80.6168066632619,36.5109777549357,18.1335,120.583401749661,24.0728099533157,105.0,156.0,0.675,114.434000,20.78,Final,03_ukraine_2022,crisis
2022-03-11,Regular Petrol,298.781230516286,301.66838200597,162.445459003074,80.6168066632619,38.9714648499504,16.7475,137.670358984676,24.7751000183978,119.0,173.0,0.685,122.286000,18.64,Final,03_ukraine_2022,crisis
2022-03-18,Regular Petrol,279.830956322603,282.718107812286,167.13683113279,59.1882352346904,36.4996899551221,17.0062,122.410298448733,44.7265326840569,103.0,151.0,0.68,109.592000,9.71,Final,03_ukraine_2022,crisis
2022-03-25,Regular Petrol,269.59069564315,272.477847132833,161.427085200347,55.6168066632619,35.1640037795413,17.3828,126.875446856438,34.5516383439091,114.0,165.0,0.694,123.598000,5.99,Final,03_ukraine_2022,crisis
2022-04-01,Regular Petrol,268.182485672836,272.069294774963,160.0317803363,55.6143811183403,34.9803242181961,17.556,120.525019654189,39.5067606821109,107.0,154.0,0.694,111.260000,9.46,Final,03_ukraine_2022,crisis
2022-04-08,Regular Petrol,263.008740734472,268.22842665319,155.650190852935,55.6125619596491,34.3054879218877,17.4405,118.656362738803,36.9938281141324,101.0,147.0,0.692,103.330000,8.32,Final,03_ukraine_2022,crisis
2022-04-15,Regular Petrol,260.726666076726,265.946351995443,153.345678107069,55.6125619596491,34.0078260100077,17.7606,124.077799696496,29.2678784105731,103.0,151.0,0.684,105.415000,12.91,Final,03_ukraine_2022,crisis
2022-04-22,Regular Petrol,262.005099291577,267.224785210294,154.606959163461,55.6125619596491,34.1745781684665,17.611,129.761270247714,24.8456889157472,105.0,155.0,0.675,105.722500,2.15,Final,03_ukraine_2022,crisis
2022-04-29,Regular Petrol,265.540956816965,270.760642735682,157.75476788119,55.6125619596491,34.6357769761258,17.53785,132.19961665171,25.5551512294797,103.0,156.0,0.656,103.920000,9.09,Final,03_ukraine_2022,crisis
2022-05-06,Regular Petrol,273.559507471595,278.779193390313,164.593770624347,55.6125619596491,35.6816748875994,17.6715,148.34860697193,16.2451636524171,107.0,165.0,0.646,110.360000,8.92,Final,03_ukraine_2022,crisis
2022-05-13,Regular Petrol,284.208287979831,289.427973898548,173.830479761943,55.6125619596491,37.0706462582388,17.6946,149.291483873526,24.5389958884165,104.0,165.0,0.63,107.432000,9.51,Final,03_ukraine_2022,crisis
2022-05-20,Regular Petrol,291.460543934888,296.680229853605,180.067489288079,55.6125619596491,38.0165926871593,17.7639,160.753995472631,19.3134938154485,108.0,171.0,0.633,112.928000,4.82,Final,03_ukraine_2022,crisis
2022-05-27,Regular Petrol,294.844443711791,300.064129630509,182.940710833213,55.6125619596491,38.4579709189293,17.8332,152.693142582408,30.2475682508043,110.0,170.0,0.647,117.662000,6.06,Final,03_ukraine_2022,crisis
2022-06-03,Regular Petrol,294.181450644815,299.401136563532,182.394195122799,55.6125619596491,38.3714935623672,17.8032,158.663762801582,23.7304323212163,114.0,175.0,0.653,124.105000,3.48,Final,03_ukraine_2022,crisis
2022-06-10,Regular Petrol,295.734873877564,300.954559796281,183.845840791028,55.6125619596491,38.5741139840301,17.7023571428571,164.296422228699,19.5494185623281,117.0,181.0,0.644,127.398000,4.21,Final,03_ukraine_2022,crisis
2022-06-17,Regular Petrol,303.655226615731,308.874912534449,190.740861184465,55.6125619596491,39.6072034716171,17.6946,169.406311494011,21.3345496904535,115.0,183.0,0.629,125.084000,9.22,Final,03_ukraine_2022,crisis
2022-06-24,Regular Petrol,308.502445029708,313.722130948425,195.124133718358,55.6125619596491,40.239449351701,17.5263,166.476492792108,28.6476409262501,109.0,173.0,0.63,116.832000,4.01,Final,03_ukraine_2022,crisis
2022-07-01,Regular Petrol,308.929735337035,314.030643098668,195.581301766545,55.6358507004418,40.295182870048,17.4174,165.8757304884,29.7055712781448,111.0,178.0,0.626,120.338000,3.00,Final,03_ukraine_2022,crisis
2022-07-08,Regular Petrol,307.982891507207,312.925428392728,195.279892750231,55.6683172560364,40.1716815009401,16.863,147.530098601426,47.7497941488045,102.0,165.0,0.619,113.636000,13.26,Final,03_ukraine_2022,crisis
2022-07-15,Regular Petrol,303.494181194788,308.436718080309,191.399766391606,55.6683172560364,39.5861975471463,16.8399,128.959838822989,62.4399275686165,98.0,159.0,0.613,109.800000,7.87,Final,03_ukraine_2022,crisis
2022-07-22,Regular Petrol,285.763600641319,290.70613752684,176.004970258154,55.6683172560364,37.2735131271285,16.8168,124.822022481423,51.1829477767306,104.0,168.0,0.621,113.534000,10.50,Final,03_ukraine_2022,crisis
2022-07-29,Regular Petrol,269.544420346407,274.486957231928,160.1688352191,55.6683172560364,35.1579678712705,18.5493,126.948632153011,33.2202030660895,105.0,168.0,0.626,109.276000,4.19,Final,03_ukraine_2022,crisis
2022-08-05,Regular Petrol,264.510886207618,269.453423093139,155.907349011458,55.6683172560364,34.5014199401241,18.4338,120.343832327595,35.5635166838624,96.0,153.0,0.629,102.544000,8.52,Final,03_ukraine_2022,crisis
2022-08-12,Regular Petrol,261.251380035468,266.193916920989,152.968995818284,55.6683172560364,34.076266961148,18.5378,117.966672121918,35.0023236963656,96.0,152.0,0.633,104.644000,3.73,Final,03_ukraine_2022,crisis
2022-08-19,Regular Petrol,258.52456769061,263.467104576131,149.385154648842,55.6683172560364,33.7205957857317,19.7505,118.570952807507,30.8142018413351,93.0,147.0,0.633,96.726000,2.89,Final,03_ukraine_2022,crisis
2022-08-26,Regular Petrol,258.688337267396,263.630874152917,149.296562976482,55.6683172560364,33.7419570348778,19.9815,123.846768315437,25.4497946610456,98.0,158.0,0.619,98.872000,6.07,Final,03_ukraine_2022,crisis
2022-09-02,Regular Petrol,261.306717179219,266.24925406474,151.446315073719,55.6683172560364,34.0834848494633,20.1086,116.305829370395,35.1404857033238,95.0,155.0,0.611,95.305000,7.10,Final,,
2022-09-09,Regular Petrol,261.832201136655,266.774738022176,152.261357645402,55.6683172560364,34.1520262352158,19.7505,116.861993765174,35.3993638802283,92.0,151.0,0.607,90.430000,7.39,Final,,
2022-09-16,Regular Petrol,261.300408351132,266.242945236653,152.330229136252,55.6683172560364,34.0826619588433,19.2192,117.009123790976,35.3211053452756,93.0,153.0,0.605,91.406000,4.17,Final,,
2022-09-23,Regular Petrol,261.020880734913,265.963417620434,152.364361643888,55.6683172560364,34.0462018349887,18.942,112.502015376783,39.8623462671049,90.0,152.0,0.59,88.542500,6.11,Final,,
2022-09-30,Regular Petrol,259.588087025902,265.035034944338,151.972053996619,55.6727173302523,33.8593156990307,18.084,111.80999373756,40.1620602590592,87.0,153.0,0.569,87.276000,7.00,Final,,
2022-10-07,Regular Petrol,257.176596497457,263.88457199818,148.803338945393,55.6785840958734,33.54477345619,19.1499,113.147394228114,35.6559447172794,92.0,162.0,0.57,94.660000,8.20,Final,,
2022-10-14,Regular Petrol,257.394256162226,264.102231662948,149.431508219105,55.6785840958734,33.5731638472468,18.711,117.525972527021,31.905535692084,93.0,165.0,0.561,94.624000,4.91,Final,,
2022-10-21,Regular Petrol,257.564767636757,264.272743137479,149.533579066524,55.6785840958734,33.5954044743596,18.7572,115.511078990007,34.0225000765164,88.0,157.0,0.565,91.036000,2.36,Final,,
2022-10-28,Regular Petrol,258.042644087652,264.750619588374,149.134023806432,55.6785840958734,33.6577361853459,19.5723,113.320772281094,35.8132515253383,92.0,159.0,0.577,93.014000,3.07,Final,,
2022-11-04,Regular Petrol,257.172123538482,263.880099039205,148.31434941585,55.6785840958734,33.5441900267586,19.635,115.443584263526,32.8707651523242,92.0,157.0,0.581,95.862000,6.23,Final,,
2022-11-11,Regular Petrol,257.679422200183,264.387397700905,148.085578686894,55.6785840958734,33.6103594174151,20.3049,117.958117438873,30.1274612480211,91.0,153.0,0.594,96.078000,6.82,Final,,
2022-11-18,Regular Petrol,257.61125030699,264.319225807712,147.96859877977,55.6785840958734,33.6014674313465,20.3626,113.070903207356,34.8976955724137,86.0,141.0,0.612,92.086000,5.37,Final,,
2022-11-25,Regular Petrol,256.153213388569,262.861188889292,147.151140589839,55.6785840958734,33.4112887028569,19.9122,108.328129038904,38.8230115509352,79.0,127.0,0.618,86.396000,5.25,Final,,
2022-12-02,Regular Petrol,252.7027133062,259.410688806923,145.351905735605,55.6785840958734,32.9612234747217,18.711,101.669635856316,43.6822698792889,80.0,128.0,0.626,85.030000,3.32,Final,,
2022-12-09,Regular Petrol,246.9486907285,253.656666229223,139.828607841953,55.6785840958734,32.2106987906739,19.2308,96.8409039057148,42.9877039362377,75.0,117.0,0.635,78.556000,7.34,Final,,
2022-12-16,Regular Petrol,240.203316699835,246.911292200558,135.291365208331,55.6785840958734,31.3308673956307,17.9025,96.4695647202571,38.8218004880738,76.0,119.0,0.641,80.802000,5.33,Final,,
2022-12-23,Regular Petrol,236.845885408807,243.55386090953,132.602859737872,55.6785840958734,30.8929415750618,17.6715,97.8289211519334,34.7739385859388,77.0,121.0,0.632,80.678000,3.00,Final,,
2022-12-30,Regular Petrol,238.815376517435,245.208452549783,134.490727319086,55.681517478684,31.1498317196654,17.4933,103.039764621586,31.4509626974994,79.0,125.0,0.631,81.826666,1.86,Final,,
2023-01-06,Regular Petrol,243.23377559279,247.737454814887,138.523522871685,55.6888509357105,31.7261446425379,17.2952571428571,103.207612442235,35.3159104294497,76.0,121.0,0.627,77.202500,5.05,Final,,
2023-01-13,Regular Petrol,242.884774500448,247.388453722545,138.594500803809,55.6888509357105,31.680622760928,16.9208,102.948766522491,35.6457342813184,79.0,124.0,0.637,80.606000,5.93,Final,,
2023-01-20,Regular Petrol,242.984066248496,247.487745470593,138.738641454286,55.6888509357105,31.6935738584994,16.863,110.053394439247,28.6852470150388,83.0,130.0,0.641,84.570000,4.31,Final,,
2023-01-27,Regular Petrol,247.950927820651,252.454607042748,143.20780151703,55.6888509357105,32.341425367911,16.71285,112.576223024727,30.6315784923031,84.0,130.0,0.649,85.904000,2.46,Final,,
2023-02-03,Regular Petrol,247.972148819777,252.475828041874,143.152304559748,55.6888509357105,32.3441933243187,16.7868,107.79075470634,35.3615498534074,81.0,125.0,0.648,81.870000,6.05,Final,,
2023-02-10,Regular Petrol,246.879973097019,251.383652319116,142.281979397101,55.6888509357105,32.2017356213503,16.7074071428571,110.334845571047,31.9471338260541,81.0,129.0,0.632,83.298000,4.98,Final,,
2023-02-17,Regular Petrol,247.191562550603,251.6952417727,143.078733890901,55.6888509357105,32.2423777239917,16.1816,110.509279789611,32.5694541012901,83.0,132.0,0.63,84.172000,4.01,Final,,
2023-02-24,Regular Petrol,245.263995205376,249.767674427474,141.876188373312,55.6888509357105,31.9909558963534,15.708,109.82959421756,32.0465941557527,81.0,131.0,0.624,81.774000,3.24,Final,,
2023-03-03,Regular Petrol,245.98254541363,250.486224635727,142.755114641359,55.6888509357105,32.0846798365604,15.4539,110.074871447194,32.680243194165,83.0,133.0,0.619,83.604000,4.50,Final,,
2023-03-10,Regular Petrol,245.684454016439,250.188133238536,142.703804730758,55.6888509357105,32.0457983499703,15.246,112.193890427285,30.5099143034735,83.0,134.0,0.615,82.858000,4.86,Final,,
2023-03-17,Regular Petrol,244.81362092146,249.317300143557,141.946558561211,55.6888509357105,31.9322114245383,15.246,107.512536027641,34.4340225335708,76.0,122.0,0.619,74.978000,8.64,Final,,
2023-03-24,Regular Petrol,243.069282987213,247.57296220931,141.099642966214,55.6888509357105,31.7046890852886,14.5761,105.828275832766,35.2713671334479,75.0,120.0,0.624,74.244000,3.66,Final,,
2023-03-31,Regular Petrol,241.829121051328,246.284517612319,142.00344120862,55.6932510099264,31.5429288327819,12.5895,110.476017203459,31.5274240051602,77.0,124.0,0.623,78.004000,2.39,Final,,
2023-04-07,Regular Petrol,246.190095913659,250.524785821886,144.576940782913,55.6991177755476,32.111751640912,13.8022857142857,113.769046846824,30.8078939360895,85.0,134.0,0.63,85.990000,0.86,Final,,
2023-04-14,Regular Petrol,248.763940986268,253.098630894495,146.160647885389,55.6991177755476,32.4474705634263,14.4567047619048,114.738417374722,31.4222305106678,86.0,138.0,0.624,87.362500,1.80,Final,,
2023-04-21,Regular Petrol,249.310615743351,253.645305651578,146.967122001279,55.6991177755476,32.5187759665241,14.1256,110.844798797728,36.122323203551,83.0,135.0,0.618,84.620000,2.34,Final,,
2023-04-28,Regular Petrol,248.900713700044,253.235403608271,147.800285441882,55.6991177755476,32.4653104826145,12.936,106.030787782874,41.769497659008,80.0,131.0,0.614,81.396000,5.04,Final,,
2023-05-05,Regular Petrol,245.377534248068,249.712224156295,145.083151135816,55.6991177755476,32.0057653367045,12.5895,98.1252931993745,46.9578579364414,73.0,118.0,0.623,74.617500,3.80,Final,,
2023-05-12,Regular Petrol,239.638771891115,243.973461799342,140.554922999335,55.6991177755476,31.2572311162324,12.1275,97.7503208825675,42.8046021167672,75.0,119.0,0.632,76.080000,3.22,Final,,
2023-05-19,Regular Petrol,235.756637274211,240.091327182438,136.832653767244,55.6991177755476,30.7508657314188,12.474,100.151095879729,36.6815578875151,74.0,119.0,0.624,75.752000,1.83,Final,,
2023-05-26,Regular Petrol,236.327110250313,240.66180015854,137.097717224724,55.6991177755476,30.8252752500408,12.705,104.449034937844,32.6486822868805,76.0,122.0,0.618,76.482000,2.33,Final,,
2023-06-02,Regular Petrol,239.296986115538,243.631676023765,139.507017977094,55.6991177755476,31.2126503628962,12.8782,104.075311048046,35.4317069290477,73.0,120.0,0.604,73.885000,4.02,Final,,
2023-06-09,Regular Petrol,238.782420641731,243.117110549958,139.00589831043,55.6991177755476,31.1455331271823,12.9318714285714,105.274128935548,33.7317693748813,76.0,125.0,0.607,76.060000,2.11,Final,,
2023-06-16,Regular Petrol,238.562628813324,242.897318721551,137.886646409951,55.6991177755476,31.1168646278248,13.86,102.207440986762,35.679205423189,74.0,120.0,0.616,74.388000,4.96,Final,,
2023-06-23,Regular Petrol,238.622329004824,242.957018913051,141.750059619952,55.6991177755476,31.1246516093249,10.0485,102.16093325265,39.5891263673016,76.0,122.0,0.619,75.258000,3.36,Final,,
2023-06-30,Regular Petrol,243.490789020085,247.6682922411,139.220545894409,62.8663749926206,31.7596681330545,9.6442,100.629867081728,38.5906788126814,75.0,122.0,0.613,73.550000,2.63,Final,,
2023-07-07,Regular Petrol,264.644326398504,268.42886290149,140.221616600706,80.7793846153846,34.5188251824136,9.1245,102.560329084267,37.6612875164393,77.0,125.0,0.617,76.596000,4.25,Final,,
2023-07-14,Regular Petrol,264.287875585241,268.072412088226,138.529773657495,80.7793846153846,34.4723315980749,10.5063857142857,104.198083686717,34.3316899707782,79.0,127.0,0.624,79.786000,3.48,Final,,
2023-07-21,Regular Petrol,266.781852583396,270.566389086382,140.290035022351,80.7793846153846,34.7976329456604,10.9148,105.998097377675,34.2919376446764,81.0,129.0,0.63,79.480000,3.26,Final,,
2023-07-28,Regular Petrol,272.374797985343,276.159334488329,142.208265806653,80.7793846153846,35.5271475633056,13.86,110.469391472348,31.7388743343044,84.0,135.0,0.62,83.548000,1.96,Final,,
2023-08-04,Regular Petrol,277.764427406129,281.548963909115,147.356900085597,80.7793846153846,36.2301427051473,13.398,114.414174953041,32.9427251325561,86.0,140.0,0.614,85.628000,3.37,Final,,
2023-08-11,Regular Petrol,281.275667909424,285.06020441241,149.901952697158,80.7793846153846,36.6881305968814,13.9062,118.071685459108,31.8302672380497,88.0,145.0,0.606,87.830000,2.84,Final,,
2023-08-18,Regular Petrol,286.402909458752,290.187445961738,153.251623609617,80.7793846153846,37.3569012337503,15.015,121.276221954979,31.9754016546388,86.0,145.0,0.595,85.866000,2.91,Final,,
2023-08-25,Regular Petrol,288.646167989783,292.430704492769,154.740283201818,80.7793846153846,37.6495001725804,15.477,123.142976648254,31.5973065535641,86.0,145.0,0.594,84.714000,1.50,Final,,
2023-09-01,Regular Petrol,290.938262808376,294.722799311361,155.809409131029,80.7793846153846,37.948469061962,16.401,124.182604151616,31.6268049794133,87.0,147.0,0.595,87.565000,3.61,Final,,
2023-09-08,Regular Petrol,293.434679189698,297.219215692684,157.518205984353,80.7793846153846,38.2740885899606,16.863,124.468514946194,33.0496910381589,91.0,155.0,0.59,91.294000,1.43,Final,,
2023-09-15,Regular Petrol,296.535936609318,300.320473112304,160.965951566631,80.7793846153846,38.6786004273024,16.112,130.563527930491,30.4024236361406,94.0,158.0,0.592,93.868000,3.58,Final,,
2023-09-22,Regular Petrol,301.000983149644,304.78551965263,165.887600732132,80.7793846153846,39.2609978021275,15.073,129.102704247958,36.7848964841734,95.0,161.0,0.592,94.862000,2.41,Final,,
2023-09-29,Regular Petrol,301.935064252842,306.195272145813,166.513147718211,80.7810820668693,39.382834467762,15.258,121.491026884933,45.0221208332783,95.0,159.0,0.595,95.614000,3.09,Final,,
2023-10-06,Regular Petrol,296.721630735612,303.835866968491,161.814483639734,80.785325695581,38.7028214002972,15.419,111.617993121254,50.1964905184796,88.0,148.0,0.595,90.328000,6.60,Final,,
2023-10-13,Regular Petrol,292.436421351818,299.550657584697,157.880214610348,80.785325695581,38.1438810458894,15.627,111.865146584531,46.0150680258167,88.0,146.0,0.6,90.476000,6.75,Final,,
2023-10-20,Regular Petrol,289.364855216068,296.479091448947,155.140287535783,80.785325695581,37.7432419847046,15.696,115.70636043503,39.4339271007531,92.0,157.0,0.588,92.468000,2.73,Final,,
2023-10-27,Regular Petrol,287.627940715699,294.742176948578,153.168427100679,80.785325695581,37.516687919439,16.1575,118.050300731178,35.118126369501,90.0,154.0,0.583,89.840000,3.88,Final,,
2023-11-03,Regular Petrol,286.79197431953,293.906210552409,152.428999799663,80.785325695581,37.4076488242866,16.17,115.570505614169,36.8584941854942,87.0,149.0,0.585,88.208000,3.91,Final,,
2023-11-10,Regular Petrol,285.577184792942,292.691421025821,151.141661080891,80.785325695581,37.2491980164707,16.401,111.906036554352,39.2356245265389,83.0,140.0,0.594,83.520000,5.85,Final,,
2023-11-17,Regular Petrol,282.635995719636,289.750231952514,148.803105364972,80.785325695581,36.8655646590829,16.182,110.090594046075,38.7125113188964,82.0,137.0,0.595,81.928000,6.47,Final,,
2023-11-24,Regular Petrol,279.730794698663,286.845030931542,145.930843607604,80.785325695581,36.4866253954778,16.528,107.967025117981,37.9638184896237,83.0,138.0,0.604,81.620000,3.43,Final,,
2023-12-01,Regular Petrol,276.715812309621,283.830048542499,142.396119791046,80.785325695581,36.093366822994,17.441,106.306377447885,36.0897423431605,82.0,134.0,0.614,80.914000,4.26,Final,,
2023-12-08,Regular Petrol,272.978069154467,280.092305387346,140.589908351781,80.785325695581,35.6058351071044,15.997,99.6918920490964,40.8980163026851,76.0,124.0,0.617,75.982000,3.95,Final,,
2023-12-15,Regular Petrol,268.070970563071,275.18520679595,135.745866098394,80.785325695581,34.9657787690962,16.574,99.4889574975621,36.2569086008316,75.0,122.0,0.616,75.578000,2.94,Final,,
2023-12-22,Regular Petrol,266.050183640671,273.16441987355,134.131242496498,80.785325695581,34.7021978661744,16.4314175824176,99.6279399279479,34.5033025685498,77.0,123.0,0.625,80.154000,2.21,Final,,
2023-12-29,Regular Petrol,265.761984480222,272.876220713101,134.079401189763,80.7861744213234,34.6646066713333,16.2318021978022,99.8228526188789,34.2565485708842,78.0,123.0,0.634,79.233333,3.28,Final,,
2024-01-05,Regular Petrol,265.717457383846,272.592346374845,134.195281928761,80.7912667757774,34.6587987891973,16.0721098901099,99.069330765819,35.1259511629423,77.0,124.0,0.624,76.880000,2.52,Final,,
2024-01-12,Regular Petrol,265.304905363656,272.179794354655,134.37365093175,80.7912667757774,34.6049876561291,15.535,99.6395292046861,34.7341217270636,78.0,124.0,0.624,78.400000,4.74,Final,,
2024-01-19,Regular Petrol,265.05007427706,271.924963268059,133.979058682535,80.7912667757774,34.5717488187469,15.708,104.712115972147,29.2669427103888,78.0,126.0,0.616,80.108000,2.16,Final,,
2024-01-26,Regular Petrol,266.545341008492,273.420229999492,134.657147765769,80.7912667757774,34.7667836098034,16.3301428571429,112.675687984679,21.9814597810894,80.0,132.0,0.611,82.312000,1.64,Final,,
2024-02-02,Regular Petrol,272.126688542167,279.001577533166,138.919636304367,80.7912667757774,35.4947854620217,16.921,113.644750083863,25.2748862205039,81.0,132.0,0.613,82.570000,4.60,Final,,
2024-02-09,Regular Petrol,275.584116289301,282.4590052803,142.123095214919,80.7912667757774,35.9457542986045,16.724,111.88686727201,30.2362279429089,79.0,130.0,0.609,81.506000,4.28,Final,,
2024-02-16,Regular Petrol,277.821139944939,284.696028935938,144.795333176343,80.7912667757774,36.2375399928181,15.997,114.086977022231,30.7083561541124,82.0,135.0,0.61,84.444000,1.00,Final,,
2024-02-23,Regular Petrol,279.243285090301,286.1181740813,146.435981128832,80.7912667757774,36.4230371856914,15.593,111.074343288581,35.3616378402507,82.0,133.0,0.617,85.018000,1.66,Final,,
2024-03-01,Regular Petrol,279.324405809257,286.199294800256,146.795520884446,80.7912667757774,36.4336181490335,15.304,112.498918310836,34.2966025736096,83.0,135.0,0.613,84.256000,1.02,Final,,
2024-03-08,Regular Petrol,280.164224036328,287.039113027327,146.774797603638,80.7912667757774,36.5431596569124,16.055,110.638490478205,36.1363071254332,83.0,135.0,0.612,85.632000,2.30,Final,,
2024-03-15,Regular Petrol,279.502044420481,286.37693341148,147.353989242032,80.7912667757774,36.4567884026715,14.9,110.144508569619,37.2094806724131,84.0,136.0,0.615,84.520000,2.72,Final,,
2024-03-22,Regular Petrol,279.84370125182,286.718590242819,149.881082138848,80.7912667757774,36.5013523371939,12.67,116.476349021557,33.4047331172917,86.0,142.0,0.607,85.878000,2.49,Final,,
2024-03-29,Regular Petrol,282.272616582353,289.147505573353,151.194905129098,80.7921155015198,36.818167380307,13.4674285714286,118.753420543541,32.4414845855571,87.0,144.0,0.6,85.800000,1.24,Final,,
2024-04-05,Regular Petrol,283.563046359961,290.726345834237,152.377497053309,80.7972078559738,36.986484307821,13.4018571428571,121.60047746199,30.7770195913192,90.0,150.0,0.599,90.340000,5.18,Final,,
2024-04-12,Regular Petrol,284.863038598749,292.026338073025,154.204782229895,80.7972078559738,37.1560485128804,12.705,121.026711207742,33.1780710221537,90.0,150.0,0.602,92.008000,1.63,Final,,
2024-04-19,Regular Petrol,285.194541891912,292.357841366187,154.32004596308,80.7972078559738,37.199288072858,12.878,122.924223906673,31.3958220564066,89.0,150.0,0.59,89.594000,3.33,Final,,
2024-04-26,Regular Petrol,284.592995537406,291.756295011682,153.796962176553,80.7972078559738,37.1208255048791,12.878,120.192911097487,33.6040510790665,88.0,148.0,0.594,88.532000,2.65,Final,,
2024-05-03,Regular Petrol,283.61880879195,290.782108266226,153.180843267461,80.7972078559738,36.9937576685152,12.647,119.084956298026,34.0958869694352,87.0,146.0,0.594,85.726000,4.89,Final,,
2024-05-10,Regular Petrol,281.861044234995,289.02434370927,151.594352348369,80.7972078559738,36.7644840306515,12.705,113.778142463987,37.8162098843824,85.0,142.0,0.601,82.947500,0.95,Final,,
2024-05-17,Regular Petrol,278.709796687136,285.873096161412,150.009137089362,80.7972078559738,36.3534517418003,11.55,108.786121322799,41.2230157665626,84.0,138.0,0.606,81.610000,3.20,Final,,
2024-05-24,Regular Petrol,275.948435477672,283.111734951947,148.704953428958,80.7972078559738,35.9932741927398,10.453,107.095195696512,41.6097577324458,84.0,137.0,0.611,80.240000,2.99,Final,,
2024-05-31,Regular Petrol,273.238848507943,280.402147982219,145.251790846585,80.7972078559738,35.6398498053839,11.55,103.911941895907,41.3398489506787,84.0,137.0,0.613,80.917500,2.09,Final,,
2024-06-07,Regular Petrol,268.675370896362,275.838670370638,140.648549445211,80.7972078559738,35.0446135951777,12.185,100.96717154348,39.6813779017313,79.0,128.0,0.619,76.586000,2.79,Final,,
2024-06-14,Regular Petrol,264.30792222072,271.471221694995,137.48576798813,80.7972078559738,34.4749463766156,11.55,103.688122557116,33.7976454310139,82.0,134.0,0.614,80.638000,1.90,Final,,
2024-06-21,Regular Petrol,263.134336567721,270.297636041996,136.176258724653,80.7972078559738,34.321869987094,11.839,106.557847472118,29.6184112525344,85.0,139.0,0.613,85.044000,3.97,Final,,
2024-06-28,Regular Petrol,265.491814227474,272.65511370175,138.348890572609,80.7980565817162,34.6293670731488,11.7155,108.279017300056,30.0698732725534,85.0,139.0,0.611,86.716000,1.50,Final,,
2024-07-05,Regular Petrol,262.136875849355,269.256341043696,138.674109434222,77.374,34.1917664151333,11.897,110.930316647715,27.7437927865069,87.0,143.0,0.61,88.020000,2.09,Final,,
2024-07-12,Regular Petrol,264.272021693226,271.391486887567,140.18475799411,77.374,34.4702636991165,12.243,108.601369807552,31.5833881865575,85.0,140.0,0.611,86.804000,0.87,Final,,
2024-07-19,Regular Petrol,264.637581049099,271.75704624344,140.502635694869,77.374,34.5179453542304,12.243,108.741583906422,31.7610517884468,84.0,139.0,0.607,86.046000,1.41,Final,,
2024-07-26,Regular Petrol,264.280853282963,271.400318477304,140.834437637359,77.374,34.4714156456039,11.601,107.366371717428,33.4680659199311,80.0,135.0,0.595,82.516000,2.09,Final,,
2024-08-02,Regular Petrol,263.498451161209,270.617916355549,139.646087966268,77.374,34.3693631949403,12.109,105.658093152622,33.9879948136459,78.0,132.0,0.592,80.262000,3.04,Final,,
2024-08-09,Regular Petrol,262.514685474863,269.634150669204,138.540639543359,77.374,34.2410459315039,12.359,98.9602787149184,39.5803608284411,76.0,127.0,0.598,78.844000,4.45,Final,,
2024-08-16,Regular Petrol,260.560747998114,267.680213192454,136.74956347662,77.374,33.9861845214931,12.451,100.846566658583,35.9029968180375,79.0,132.0,0.601,82.474000,1.53,Final,,
2024-08-23,Regular Petrol,258.825745201401,265.945210395742,133.946865392523,77.374,33.7598798088784,13.745,95.8342390862227,38.1126263062999,77.0,126.0,0.613,79.570000,2.32,Final,,
2024-08-30,Regular Petrol,256.43474673491,263.55421192925,131.445736291226,77.374,33.4480104436839,14.167,94.4645498112155,36.9811864800102,78.0,125.0,0.625,80.825000,1.51,Final,,
2024-09-06,Regular Petrol,254.43288123403,261.552346428371,129.607983681766,77.374,33.1868975522648,14.264,90.1990565335999,39.4089271481657,74.0,119.0,0.621,75.248000,5.00,Final,,
2024-09-13,Regular Petrol,251.692594524168,258.812059718509,124.35812567319,77.374,32.8294688509785,17.131,88.3926993315323,35.9654263416576,71.0,116.0,0.616,72.102000,3.50,Final,,
2024-09-20,Regular Petrol,249.018096125922,256.137561320262,125.042474892106,77.374,32.4806212338159,14.121,91.0797432740987,33.9627316180074,74.0,120.0,0.62,74.984000,2.00,Final,,
2024-09-27,Regular Petrol,247.262061917713,254.381527112053,123.353488624098,77.374,32.2515732936147,14.283,89.7958344160704,33.5576542080276,73.0,117.0,0.628,74.066000,3.77,Final,,
2024-10-04,Regular Petrol,246.794877498525,253.106865460735,122.869241303066,77.374,32.1906361954598,14.361,89.7431691518116,33.1260721512539,75.0,119.0,0.629,75.880000,6.97,Final,,
2024-10-11,Regular Petrol,249.436575406396,255.613983829917,124.939369918605,77.374,32.5352054877908,14.588,98.0987000343478,26.8406698842573,78.0,127.0,0.612,79.342000,4.68,Final,,
2024-10-18,Regular Petrol,252.261149008107,258.438557431628,127.545520876615,77.374,32.9036281314922,14.438,95.4629783909264,32.0825424856882,74.0,122.0,0.607,74.584000,5.72,Final,,
2024-10-25,Regular Petrol,253.185337359331,259.362745782852,128.250162921157,77.374,33.0241744381736,14.537,95.1858022808429,33.0643606403145,74.0,123.0,0.603,74.690000,2.33,Final,,
2024-11-01,Regular Petrol,252.339321269536,258.516729693057,127.467139613261,77.374,32.9138245134178,14.5843571428571,93.5745537463208,33.8925858669405,72.0,120.0,0.597,72.610000,2.54,Final,,
2024-11-08,Regular Petrol,253.767616773654,259.945025197175,128.578492846656,77.374,33.1001239269983,14.715,95.9234180151826,32.6550748314729,74.0,124.0,0.598,75.632000,2.94,Final,,
2024-11-15,Regular Petrol,255.812859552382,261.990267975903,130.338964828158,77.374,33.3668947242237,14.733,94.1691650928029,36.1697997353552,71.0,121.0,0.591,72.890000,1.26,Final,,
2024-11-22,Regular Petrol,255.972995025669,262.15040344919,130.450213065799,77.374,33.3877819598698,14.761,96.8139847156761,33.6362283501226,73.0,124.0,0.588,74.838000,1.78,Final,,
2024-11-29,Regular Petrol,255.87130415205,262.048712575571,130.336786219174,77.374,33.3745179328761,14.786,96.4811251265669,33.8556610926073,72.0,123.0,0.586,74.164000,0.65,Final,,
2024-12-06,Regular Petrol,255.464824075616,261.642232499137,130.188325283144,77.374,33.3214987924716,14.581,96.0122217843035,34.1761034988407,72.0,123.0,0.588,73.970000,1.99,Final,,
2024-12-13,Regular Petrol,255.646679433394,261.824087856915,130.450460376865,77.374,33.3452190565297,14.477,98.7190111566026,31.731449220262,73.0,125.0,0.581,74.032000,1.37,Final,,
2024-12-20,Regular Petrol,258.506771015691,264.684179439212,133.240496535384,77.374,33.7182744803076,14.174,100.526056190251,32.7144403451332,73.0,128.0,0.571,73.794000,1.41,Final,,
2024-12-27,Regular Petrol,262.340532821431,268.517941244952,136.574202453418,77.374,34.2183303680127,14.174,100.115531489635,36.4586709637835,73.0,130.0,0.564,73.130000,1.65,Final,,
2025-01-03,Regular Petrol,264.739204796576,270.12848190701,138.660004170936,77.374,34.5312006256404,14.174,100.946255493738,37.7137486771984,76.0,135.0,0.563,75.420000,2.48,Final,,
2025-01-10,Regular Petrol,265.701185302049,270.775209887248,139.496508958304,77.374,34.6566763437456,14.174,101.421960403401,38.0745485549027,77.0,138.0,0.562,78.136000,2.49,Final,,
2025-01-17,Regular Petrol,268.186939464334,273.260964049533,141.658034316812,77.374,34.9809051475218,14.174,105.48331505626,36.1747192605522,83.0,147.0,0.56,82.794000,1.09,Final,,
2025-01-24,Regular Petrol,270.647919303917,275.721943889116,143.019016786015,77.374,35.3019025179023,14.953,101.561675686183,41.4573410998319,83.0,146.0,0.565,79.916000,3.06,Final,,
2025-01-31,Regular Petrol,270.393771739198,275.467796324397,143.041018903651,77.374,35.2687528355476,14.71,102.666963920152,40.3740549834988,81.0,143.0,0.566,77.372000,0.99,Final,,
2025-02-07,Regular Petrol,269.398909393653,274.472933978852,142.216921211872,77.374,35.1389881817809,14.669,101.724777251365,40.492143960507,77.0,138.0,0.562,75.400000,2.04,Final,,
2025-02-14,Regular Petrol,268.81659210997,273.890616695169,141.803558356496,77.374,35.0630337534744,14.576,102.863365277263,38.9401930792322,78.0,138.0,0.565,76.012000,2.46,Final,,
2025-02-21,Regular Petrol,268.374622421516,273.448647006715,141.520236888275,77.374,35.0053855332412,14.475,103.371451494065,38.1487853942095,78.0,137.0,0.573,76.088000,2.07,Final,,
2025-02-28,Regular Petrol,267.70196543763,272.775990022829,140.834317771852,77.374,34.9176476657778,14.576,100.028587056022,40.8057307158302,76.0,134.0,0.57,74.252000,1.90,Final,,
2025-03-07,Regular Petrol,266.341977159736,271.416001744934,139.963719269335,77.374,34.7402578904003,14.264,96.029211358791,43.9345079105443,71.0,125.0,0.567,71.930000,1.93,Final,,
2025-03-14,Regular Petrol,263.86124316322,268.935267748419,138.210559272366,77.374,34.4166838908548,13.86,93.8191031359932,44.3914561363724,71.0,125.0,0.571,71.542000,1.54,Final,,
2025-03-21,Regular Petrol,261.66781557131,266.741840156509,136.476230931574,77.374,34.1305846397361,13.687,94.9758903014444,41.5003406301295,73.0,126.0,0.579,72.210000,0.71,Final,,
2025-03-28,Regular Petrol,261.213304567785,266.287329152984,136.139003971987,77.374,34.0713005957981,13.629,98.2315313996239,37.9074725723633,75.0,131.0,0.573,74.350000,0.94,Final,,
2025-04-04,Regular Petrol,261.213685883258,267.260742185932,137.063335550659,77.374,34.0713503325989,12.705,98.0349718254562,39.0283637252029,73.0,128.0,0.572,74.636000,9.42,Final,04_tariff_2025,crisis
2025-04-11,Regular Petrol,260.00921479184,266.218443047426,136.130969384208,77.374,33.9142454076313,12.59,87.4320258841724,48.6989435000361,64.0,114.0,0.562,66.098000,2.44,Final,04_tariff_2025,crisis
2025-04-18,Regular Petrol,257.338062278679,263.547290534266,134.831656639845,77.374,33.5658342102625,11.5665714285714,86.3174778101391,48.5141788297063,67.0,114.0,0.589,67.757500,2.75,Final,04_tariff_2025,crisis
2025-04-25,Regular Petrol,255.489491947383,261.698720202969,133.142727987372,77.374,33.324716340963,11.6480476190476,87.9064934155685,45.2362345718037,68.0,113.0,0.597,67.920000,1.94,Final,04_tariff_2025,crisis
2025-05-02,Regular Petrol,254.236069386879,260.445297642465,132.092842945112,77.374,33.1612264417668,11.608,86.9038389125553,45.1890040325568,64.0,107.0,0.594,63.496000,4.56,Final,04_tariff_2025,crisis
2025-05-09,Regular Petrol,252.978376554224,259.18760480981,130.826197003673,77.374,32.9971795505509,11.781,85.4616813541287,45.3645156495442,63.0,106.0,0.596,62.290000,3.95,Final,04_tariff_2025,crisis
2025-05-16,Regular Petrol,251.683835897518,257.893064153105,128.776509476103,77.374,32.8283264214154,12.705,89.0945253093931,39.6819841667097,65.0,110.0,0.59,65.536000,2.57,Final,04_tariff_2025,crisis
2025-05-23,Regular Petrol,251.151338366386,257.360566621973,128.082468144684,77.374,32.7588702217026,12.936,88.4737721045094,39.6086960401744,64.0,109.0,0.592,65.864000,2.06,Final,04_tariff_2025,crisis
2025-05-30,Regular Petrol,250.362831650262,256.572059905848,127.627810130663,77.374,32.6560215195994,12.705,87.9013859305371,39.7264242001254,63.0,106.0,0.597,64.740000,1.40,Final,04_tariff_2025,crisis
2025-06-06,Regular Petrol,248.861958380143,255.071186635729,126.322702939254,77.374,32.4602554408882,12.705,87.5266104535629,38.7960924856915,65.0,107.0,0.603,67.176000,1.47,Final,04_tariff_2025,crisis
2025-06-13,Regular Petrol,248.308977405816,254.518205661403,125.379849918101,77.374,32.3881274877152,13.167,91.0319369167732,34.3479130013278,69.0,114.0,0.603,71.054000,7.59,Final,04_tariff_2025,crisis
2025-06-20,Regular Petrol,250.719808845681,256.929037101268,127.286082226058,77.374,32.7025837624802,13.3571428571429,98.0996380686611,29.1864441573973,75.0,124.0,0.602,78.246000,5.32,Final,04_tariff_2025,crisis
2025-06-27,Regular Petrol,255.178076007995,261.387304263581,130.890979137387,77.374,33.284096870608,13.629,92.9627057976066,37.9282733397804,70.0,116.0,0.602,69.962000,5.94,Final,04_tariff_2025,crisis
2025-07-04,Regular Petrol,256.090469583039,261.589250989554,132.146364854817,77.374,33.4031047282225,13.167,89.8142706354921,42.3320942193249,69.0,113.0,0.608,69.606000,3.40,Final,,
2025-07-11,Regular Petrol,254.878677446349,260.259051044686,130.976632562043,77.374,33.2450448843064,13.283,91.1630002933063,39.8136322687366,71.0,118.0,0.602,71.774000,2.12,Final,05_calm_import_era,calm
2025-07-18,Regular Petrol,253.89432150648,259.274695104816,130.0056708752,77.374,33.11665063128,13.398,91.1984892938022,38.8071815813978,70.0,118.0,0.596,70.656000,1.65,Final,05_calm_import_era,calm
2025-07-25,Regular Petrol,254.124553834335,259.504927432671,130.505872899422,77.374,33.1466809349133,13.098,89.2373656630655,41.2685072363563,71.0,118.0,0.6,70.086000,2.75,Final,05_calm_import_era,calm
2025-08-01,Regular Petrol,253.913176299564,259.2935498979,130.253066347447,77.374,33.119109952117,13.167,92.5267115871356,37.726354760311,73.0,124.0,0.595,72.408000,3.43,Final,05_calm_import_era,calm
2025-08-08,Regular Petrol,254.142351496872,259.522725095209,130.452349127715,77.374,33.1490023691572,13.167,90.6761365961323,39.7762125315827,70.0,117.0,0.593,68.166000,2.57,Final,05_calm_import_era,calm
2025-08-15,Regular Petrol,252.742037033988,258.122410632325,129.299684377381,77.374,32.9663526566072,13.102,91.5407098395523,37.7589745378289,68.0,115.0,0.595,67.166000,1.87,Final,05_calm_import_era,calm
2025-08-22,Regular Petrol,251.643188235772,257.023561834108,128.46016368328,77.374,32.8230245524919,12.986,93.8275451162355,34.6326185670441,69.0,117.0,0.587,67.822000,1.79,Final,05_calm_import_era,calm
2025-08-29,Regular Petrol,252.584623604951,257.964997203287,129.04680313474,77.374,32.945820470211,13.218,94.9336791731835,34.1131239615565,70.0,120.0,0.586,67.770000,1.72,Final,05_calm_import_era,calm
2025-09-05,Regular Petrol,253.453069612723,258.833443211059,129.801973576281,77.374,33.0590960364421,13.218,95.6819060120673,34.1200675642134,70.0,118.0,0.588,66.854000,3.17,Final,05_calm_import_era,calm
2025-09-12,Regular Petrol,254.716279222932,260.096652821268,130.668416715593,77.374,33.2238625073389,13.45,94.0055975745314,36.6628191410615,70.0,118.0,0.594,67.230000,2.53,Final,05_calm_import_era,calm
2025-09-19,Regular Petrol,254.948504387748,260.328877986085,131.04135164152,77.374,33.2541527462281,13.279,94.729620950243,36.3117306912773,71.0,119.0,0.594,68.328000,2.64,Final,05_calm_import_era,calm
2025-09-26,Regular Petrol,254.885645473968,260.266019072305,131.047691716494,77.374,33.2459537574741,13.218,93.9462399510415,37.1014517654525,70.0,121.0,0.583,69.220000,4.28,Final,05_calm_import_era,calm
2025-10-03,Regular Petrol,256.79284211049,260.21165253953,132.82212357434,77.374,33.4947185361509,13.102,93.5877765856339,39.2343469887056,66.0,115.0,0.58,67.152000,3.56,Final,05_calm_import_era,calm
2025-10-10,Regular Petrol,257.774370409439,260.40855557076,133.90762644299,77.374,33.6227439664486,12.87,93.4519557453237,40.4556706976668,65.0,113.0,0.579,66.650000,3.01,Final,05_calm_import_era,calm
2025-10-17,Regular Petrol,257.928334191379,260.562519352701,133.948507992504,77.374,33.6428261988756,12.963,93.7899030117282,40.1586049807756,62.0,109.0,0.573,62.358000,3.07,Final,05_calm_import_era,calm
2025-10-24,Regular Petrol,258.028209958444,260.662395119765,134.243356485603,77.374,33.6558534728405,12.755,95.0581000772949,39.1852564083086,65.0,114.0,0.575,63.222000,5.61,Final,05_calm_import_era,calm
2025-10-31,Regular Petrol,258.194037314912,260.828222476233,134.86205418688,77.374,33.677483128032,12.2805,97.0133058225899,37.8487483642901,67.0,116.0,0.577,65.022000,1.49,Final,05_calm_import_era,calm
2025-11-07,Regular Petrol,259.979516819161,262.613701980482,138.54914506014,77.374,33.910371759021,10.146,98.3077919246878,40.2413531354521,65.0,115.0,0.567,64.300000,2.38,Final,05_calm_import_era,calm
2025-11-14,Regular Petrol,261.097671866157,263.731857027479,139.695453796659,77.374,34.0562180694988,9.972,100.54404414964,39.1514096470188,65.0,115.0,0.565,62.868000,1.98,Final,05_calm_import_era,calm
2025-11-21,Regular Petrol,262.713883995907,265.348069157228,140.868855648615,77.374,34.2670283472922,10.204,98.3857200273283,42.4831356212866,64.0,114.0,0.563,63.644000,2.08,Final,05_calm_import_era,calm
2025-11-28,Regular Petrol,263.666752086289,266.30093724761,142.625436596773,77.374,34.3913154895159,9.276,97.9267722531303,44.6986643436424,63.0,112.0,0.566,64.376000,0.84,Final,05_calm_import_era,calm
2025-12-05,Regular Petrol,263.298597441774,265.932782603096,141.841302123282,77.374,34.3432953184923,9.74,98.1891303752282,43.652171748054,64.0,111.0,0.575,63.982000,1.05,Final,05_calm_import_era,calm
2025-12-12,Regular Petrol,263.558055646649,266.19224080797,142.634917953608,77.374,34.3771376930411,9.172,95.5402894812798,47.0946284723279,62.0,107.0,0.579,62.604000,1.43,Final,05_calm_import_era,calm
2025-12-19,Regular Petrol,262.68088177152,265.315066932842,141.768158062192,77.374,34.2627237093287,9.276,91.6342110659516,50.13394699624,60.0,104.0,0.578,60.826000,1.62,Final,05_calm_import_era,calm
2025-12-26,Regular Petrol,260.875940359558,263.510125520879,140.19864379092,77.374,34.027296568638,9.276,89.3573450978085,50.8412986931116,62.0,107.0,0.58,63.206666,1.48,Final,05_calm_import_era,calm
2026-01-02,Regular Petrol,259.347948672241,262.133091441343,139.1022887005,77.374,33.8279933050749,9.04366666666667,88.2287053206918,50.8735833798079,61.0,105.0,0.581,62.182500,1.75,Final,05_calm_import_era,calm
2026-01-09,Regular Petrol,257.894187463833,260.79254843877,138.302815185941,77.374,33.6383722778912,8.579,86.9657560404619,51.3370591454794,60.0,104.0,0.577,62.926000,4.03,Final,05_calm_import_era,calm
2026-01-16,Regular Petrol,255.856904703768,258.755265678706,137.103264959799,77.374,33.3726397439698,8.007,88.5044879443296,48.5987770154691,63.0,109.0,0.575,66.996000,3.47,Final,05_calm_import_era,calm
2026-01-23,Regular Petrol,254.828837451624,257.727198426562,136.114293436195,77.374,33.2385440154292,8.102,87.5186560905925,48.5956373456022,63.0,108.0,0.583,66.986000,2.70,Final,05_calm_import_era,calm
2026-01-30,Regular Petrol,254.287849303392,257.18621027833,135.512868959472,77.374,33.1679803439207,8.233,86.3441550416645,49.168713917807,66.0,110.0,0.601,70.426000,4.55,Final,05_calm_import_era,calm
2026-02-06,Regular Petrol,253.690999802336,256.589360777274,133.911797964765,77.374,33.0901304090004,9.31507142857143,85.5749154288123,48.3368825359522,66.0,110.0,0.602,69.840000,3.43,Final,05_calm_import_era,calm
2026-02-13,Regular Petrol,252.826660557877,255.725021532814,131.990270050327,77.374,32.9773905075491,10.485,87.7325977426402,44.2576723076873,68.0,112.0,0.604,70.696000,1.72,Final,05_calm_import_era,calm
2026-02-20,Regular Petrol,252.309718056528,255.208079031466,131.778754831764,77.374,32.9099632247646,10.247,89.1385194174247,42.640235414339,70.0,116.0,0.6,71.656000,3.40,Final,05_calm_import_era,calm
2026-02-27,Regular Petrol,252.945479566857,255.843840541795,131.259590927702,77.374,32.9928886391553,11.319,93.6147343370916,37.6448565906104,71.0,119.0,0.598,71.356000,1.21,Final,05_calm_import_era,calm
2026-03-06,Regular Petrol,258.016378605461,260.914739580399,136.431068352575,77.374,33.6543102528862,10.557,121.091633637717,15.339434714858,87.0,146.0,0.593,85.282000,18.50,Final,06_iranus_2026,crisis
2026-03-13,Regular Petrol,282.061264796822,284.95962577176,157.530665040715,77.374,36.7905997561073,10.366,157.84565680437,-0.314991763654405,120.0,204.0,0.589,96.156000,13.39,Final,06_iranus_2026,crisis
2026-03-20,Regular Petrol,313.919893082757,316.818254057695,186.067820071962,77.374,40.9460730107944,9.532,178.416448718513,7.65137135344906,156.0,267.0,0.584,111.398000,17.38,Final,06_iranus_2026,crisis
2026-03-27,Regular Petrol,335.247878899273,338.146239874211,204.25689469502,77.374,43.727984204253,9.889,165.91369050914,38.3432041858797,148.0,255.0,0.581,111.242000,17.68,Final,06_iranus_2026,crisis
2026-04-03,Regular Petrol,340.849246400688,343.747607375626,209.008363329791,77.374,44.4585973566115,10.0082857142857,169.760789614132,39.247573715659,121.0,211.0,0.574,123.935000,8.05,Provisional,06_iranus_2026,crisis
2026-04-10,Regular Petrol,347.678938340574,350.577299315511,214.271273505261,77.374,45.3494267400748,10.6842380952381,167.900424991894,46.370848513367,108.0,187.0,0.58,124.605000,19.18,Provisional,06_iranus_2026,crisis
2026-04-17,Regular Petrol,342.975484906459,345.873845881396,209.665552092573,77.374,44.7359328138859,11.2,167.118219306112,42.5473327864605,100.0,170.0,0.587,114.432000,24.65,Provisional,06_iranus_2026,crisis
2026-04-24,Regular Petrol,331.187674089339,334.086035064276,198.700281816816,77.374,43.1983922725224,11.915,148.08625858696,50.6140232298564,100.0,170.0,0.589,109.618000,10.04,Provisional,06_iranus_2026,crisis
2026-05-01,Regular Petrol,323.324953763703,326.223314738641,191.30970513614,77.374,42.1728200561352,12.4684285714286,155.697129403156,35.6125757329841,107.0,183.0,0.588,119.634000,10.35,Provisional,06_iranus_2026,crisis
2026-05-08,Regular Petrol,323.887519670215,326.785880645153,191.875321452361,77.374,42.2461982178541,12.392,151.990938469993,39.8843829823679,98.0,166.0,0.592,105.877500,12.69,Provisional,06_iranus_2026,crisis
2026-05-15,Regular Petrol,323.024776537237,325.923137512175,191.36411003238,77.374,42.133666504857,12.153,155.061635599521,36.3024744328596,103.0,173.0,0.594,110.526000,7.85,Provisional,06_iranus_2026,crisis
2026-05-22,Regular Petrol,325.249954367427,328.148315342365,193.060047276024,77.374,42.4239070914036,12.392,156.454547922687,36.6054993533368,105.0,179.0,0.585,110.608000,10.89,Provisional,06_iranus_2026,crisis
2026-05-29,Regular Petrol,325.690518567413,328.588879542351,193.384146580359,77.374,42.4813719870538,12.451,139.843778708877,53.5403678714819,94.0,160.0,0.589,97.052500,9.87,Provisional,06_iranus_2026,crisis
2026-06-05,Regular Petrol,323.093900896284,325.992261871222,191.623932456396,77.374,42.1426827256022,11.9532857142857,134.983716695134,56.6402157612623,93.0,158.0,0.59,98.948000,4.40,Provisional,06_iranus_2026,crisis
2026-06-12,Regular Petrol,317.97892814435,320.877289119288,186.499415777696,77.374,41.4755123666543,12.63,137.701857616015,48.7975581616807,88.0,151.0,0.581,93.764000,8.82,Provisional,06_iranus_2026,crisis
2026-06-19,Regular Petrol,310.613817206754,313.512178181691,179.856971484134,77.374,40.51484572262,12.868,125.527507646954,54.3294638371797,74.0,128.0,0.581,81.000000,5.01,Provisional,06_iranus_2026,crisis
2026-06-26,Regular Petrol,301.87412974784,304.772490722778,172.257243258992,77.374,39.3748864888487,12.868,122.710087563851,49.5471556951409,68.0,120.0,0.568,73.634000,6.33,Provisional,06_iranus_2026,crisis
2026-07-03,Regular Petrol,296.949076016425,299.847436991363,168.060302126084,77.2882857142857,38.7324881760554,12.868,120.446215890809,47.6140862352746,66.0,116.0,0.567,69.700000,3.06,Provisional,06_iranus_2026,crisis
2026-07-10,Regular Petrol,293.514123093463,296.412484068401,165.092243683756,77.254,38.2844508382777,12.8834285714286,118.643778822212,46.4484648615443,69.0,122.0,0.57,73.328000,6.94,Provisional,06_iranus_2026,crisis
2026-07-17,Regular Petrol,291.348751749681,294.247112724619,163.152740651896,77.254,38.0020110977845,12.94,127.335953513288,35.816787138608,77.0,133.0,0.581,82.926000,3.78,Provisional,06_iranus_2026,crisis
2026-07-24,Regular Petrol,292.834207909944,295.732568884882,164.015441660821,77.254,38.1957662491232,13.369,141.980289420473,22.035152240348,88.0,151.0,0.583,96.118000,18.33,Provisional,06_iranus_2026,crisis
2026-07-31,Regular Petrol,299.396608664465,302.294969639402,169.769877099534,77.254,39.0517315649302,13.321,139.47688397058,30.2929931289546,83.0,142.0,0.58,91.628000,11.44,Provisional,06_iranus_2026,crisis
2026-08-07,Regular Petrol,301.682660096363,304.581021071301,171.971747909881,77.254,39.3499121864822,13.107,126.299171559559,45.6725763503223,77.0,131.0,0.588,87.858000,3.18,Provisional,06_iranus_2026,crisis
