week_date,target_week,fuel,h,input_status,outcome_known,price_now,actual_price,pred_naive,pred_adl,pred_adl_ecm,err_naive,err_adl,err_adl_ecm
2013-02-01,2013-02-08,Regular Petrol,1,final,True,205.9365,209.9365,205.9365,208.1329,208.0666,-4.0,-1.8037,-1.87
2013-02-01,2013-02-15,Regular Petrol,2,final,True,205.9365,213.9365,205.9365,209.2187,209.6434,-8.0,-4.7179,-4.2931
2013-02-01,2013-02-22,Regular Petrol,3,final,True,205.9365,215.2222,205.9365,209.6375,210.8086,-9.2857,-5.5847,-4.4136
2013-02-08,2013-02-15,Regular Petrol,1,final,True,209.9365,213.9365,209.9365,212.7592,213.0725,-4.0,-1.1773,-0.8641
2013-02-08,2013-02-22,Regular Petrol,2,final,True,209.9365,215.2222,209.9365,213.9463,215.24,-5.2857,-1.2759,0.0177
2013-02-08,2013-03-01,Regular Petrol,3,final,True,209.9365,215.2222,209.9365,214.2091,216.721,-5.2857,-1.0131,1.4988
2013-02-15,2013-02-22,Regular Petrol,1,final,True,213.9365,215.2222,213.9365,216.3153,216.7747,-1.2857,1.093,1.5525
2013-02-15,2013-03-01,Regular Petrol,2,final,True,213.9365,215.2222,213.9365,217.1173,218.5512,-1.2857,1.895,3.329
2013-02-15,2013-03-08,Regular Petrol,3,final,True,213.9365,214.3651,213.9365,217.2166,219.7681,-0.4286,2.8516,5.403
2013-02-22,2013-03-01,Regular Petrol,1,final,True,215.2222,215.2222,215.2222,215.5278,216.3458,0.0,0.3056,1.1236
2013-02-22,2013-03-08,Regular Petrol,2,final,True,215.2222,214.3651,215.2222,215.4038,217.0748,0.8571,1.0387,2.7097
2013-02-22,2013-03-15,Regular Petrol,3,final,True,215.2222,213.2222,215.2222,215.2456,217.7708,2.0,2.0234,4.5486
2013-03-01,2013-03-08,Regular Petrol,1,final,True,215.2222,214.3651,215.2222,213.9381,214.7232,0.8571,-0.427,0.3581
2013-03-01,2013-03-15,Regular Petrol,2,final,True,215.2222,213.2222,215.2222,213.2515,214.5585,2.0,0.0292,1.3362
2013-03-01,2013-03-22,Regular Petrol,3,final,True,215.2222,212.3651,215.2222,213.0135,214.7177,2.8571,0.6484,2.3526
2013-03-08,2013-03-15,Regular Petrol,1,final,True,214.3651,213.2222,214.3651,212.4105,212.8748,1.1429,-0.8117,-0.3474
2013-03-08,2013-03-22,Regular Petrol,2,final,True,214.3651,212.3651,214.3651,211.5961,212.1019,2.0,-0.769,-0.2631
2013-03-08,2013-03-29,Regular Petrol,3,final,True,214.3651,211.2222,214.3651,211.4403,211.8255,3.1429,0.2181,0.6033
2013-03-15,2013-03-22,Regular Petrol,1,final,True,213.2222,212.3651,213.2222,212.2107,211.9066,0.8571,-0.1544,-0.4585
2013-03-15,2013-03-29,Regular Petrol,2,final,True,213.2222,211.2222,213.2222,211.9642,211.1433,2.0,0.742,-0.0789
2013-03-15,2013-04-05,Regular Petrol,3,final,True,213.2222,210.4407,213.2222,212.0353,210.661,2.7816,1.5947,0.2203
2013-03-22,2013-03-29,Regular Petrol,1,final,True,212.3651,211.2222,212.3651,211.7465,211.5545,1.1429,0.5243,0.3323
2013-03-22,2013-04-05,Regular Petrol,2,final,True,212.3651,210.4407,212.3651,211.6471,211.1373,1.9244,1.2065,0.6967
2013-03-22,2013-04-12,Regular Petrol,3,final,True,212.3651,206.1549,212.3651,211.7272,210.8546,6.2101,5.5723,4.6996
2013-03-29,2013-04-05,Regular Petrol,1,final,True,211.2222,210.4407,211.2222,210.1409,210.2303,0.7816,-0.2997,-0.2104
2013-03-29,2013-04-12,Regular Petrol,2,final,True,211.2222,206.1549,211.2222,209.7754,209.681,5.0673,3.6204,3.526
2013-03-29,2013-04-19,Regular Petrol,3,final,True,211.2222,201.0121,211.2222,209.714,209.3128,10.2101,8.7019,8.3007
2013-04-05,2013-04-12,Regular Petrol,1,final,True,210.4407,206.1549,210.4407,209.6147,209.3987,4.2857,3.4597,3.2438
2013-04-05,2013-04-19,Regular Petrol,2,final,True,210.4407,201.0121,210.4407,209.3459,208.6824,9.4286,8.3338,7.6703
2013-04-05,2013-04-26,Regular Petrol,3,final,True,210.4407,199.7264,210.4407,209.3525,208.1237,10.7143,9.6262,8.3973
2013-04-12,2013-04-19,Regular Petrol,1,final,True,206.1549,201.0121,206.1549,202.2843,203.2048,5.1429,1.2722,2.1927
2013-04-12,2013-04-26,Regular Petrol,2,final,True,206.1549,199.7264,206.1549,200.6127,201.4977,6.4286,0.8863,1.7714
2013-04-12,2013-05-03,Regular Petrol,3,final,True,206.1549,199.7264,206.1549,200.1573,200.6012,6.4286,0.431,0.8748
2013-04-19,2013-04-26,Regular Petrol,1,final,True,201.0121,199.7264,201.0121,197.752,197.5284,1.2857,-1.9744,-2.198
2013-04-19,2013-05-03,Regular Petrol,2,final,True,201.0121,199.7264,201.0121,196.5534,195.3331,1.2857,-3.1729,-4.3932
2013-04-19,2013-05-10,Regular Petrol,3,final,True,201.0121,199.7264,201.0121,196.3438,193.8269,1.2857,-3.3826,-5.8995
2013-04-26,2013-05-03,Regular Petrol,1,final,True,199.7264,199.7264,199.7264,199.567,198.5764,0.0,-0.1594,-1.1499
2013-04-26,2013-05-10,Regular Petrol,2,final,True,199.7264,199.7264,199.7264,199.8307,197.7849,0.0,0.1043,-1.9415
2013-04-26,2013-05-17,Regular Petrol,3,final,True,199.7264,201.4407,199.7264,200.227,197.1331,-1.7143,-1.2136,-4.3075
2013-05-03,2013-05-10,Regular Petrol,1,final,True,199.7264,199.7264,199.7264,199.5336,199.5072,0.0,-0.1928,-0.2192
2013-05-03,2013-05-17,Regular Petrol,2,final,True,199.7264,201.4407,199.7264,199.726,199.5718,-1.7143,-1.7147,-1.8689
2013-05-03,2013-05-24,Regular Petrol,3,final,True,199.7264,203.7264,199.7264,199.8373,199.6007,-4.0,-3.8891,-4.1256
2013-05-10,2013-05-17,Regular Petrol,1,final,True,199.7264,201.4407,199.7264,201.0288,200.2485,-1.7143,-0.4118,-1.1922
2013-05-10,2013-05-24,Regular Petrol,2,final,True,199.7264,203.7264,199.7264,201.6236,200.368,-4.0,-2.1028,-3.3583
2013-05-10,2013-05-31,Regular Petrol,3,final,True,199.7264,205.4407,199.7264,201.813,200.1201,-5.7143,-3.6277,-5.3206
2013-05-17,2013-05-24,Regular Petrol,1,final,True,201.4407,203.7264,201.4407,203.4865,203.0284,-2.2857,-0.2399,-0.698
2013-05-17,2013-05-31,Regular Petrol,2,final,True,201.4407,205.4407,201.4407,204.3148,203.773,-4.0,-1.1258,-1.6677
2013-05-17,2013-06-07,Regular Petrol,3,final,True,201.4407,206.7264,201.4407,204.6305,204.1311,-5.2857,-2.0958,-2.5953
2013-05-24,2013-05-31,Regular Petrol,1,final,True,203.7264,205.4407,203.7264,205.5449,205.4171,-1.7143,0.1042,-0.0235
2013-05-24,2013-06-07,Regular Petrol,2,final,True,203.7264,206.7264,203.7264,206.2996,206.3993,-3.0,-0.4268,-0.3271
2013-05-24,2013-06-14,Regular Petrol,3,final,True,203.7264,210.7264,203.7264,206.4851,207.0167,-7.0,-4.2413,-3.7097
2013-05-31,2013-06-07,Regular Petrol,1,final,True,205.4407,206.7264,205.4407,206.692,206.7122,-1.2857,-0.0344,-0.0142
2013-05-31,2013-06-14,Regular Petrol,2,final,True,205.4407,210.7264,205.4407,207.0882,207.452,-5.2857,-3.6381,-3.2744
2013-05-31,2013-06-21,Regular Petrol,3,final,True,205.4407,210.7264,205.4407,207.1675,207.9352,-5.2857,-3.5589,-2.7912
2013-06-07,2013-06-14,Regular Petrol,1,final,True,206.7264,210.7264,206.7264,208.0183,207.8738,-4.0,-2.7081,-2.8526
2013-06-07,2013-06-21,Regular Petrol,2,final,True,206.7264,210.7264,206.7264,208.4851,208.4679,-4.0,-2.2412,-2.2585
2013-06-07,2013-06-28,Regular Petrol,3,final,True,206.7264,210.7264,206.7264,208.6348,208.8667,-4.0,-2.0916,-1.8597
2013-06-14,2013-06-21,Regular Petrol,1,final,True,210.7264,210.7264,210.7264,212.349,212.21,0.0,1.6226,1.4837
2013-06-14,2013-06-28,Regular Petrol,2,final,True,210.7264,210.7264,210.7264,213.0056,213.1135,0.0,2.2793,2.3872
2013-06-14,2013-07-05,Regular Petrol,3,final,True,210.7264,215.6217,210.7264,213.239,213.7707,-4.8954,-2.3828,-1.8511
2013-06-21,2013-06-28,Regular Petrol,1,final,True,210.7264,210.7264,210.7264,211.4584,211.3178,0.0,0.732,0.5915
2013-06-21,2013-07-05,Regular Petrol,2,final,True,210.7264,215.6217,210.7264,211.7167,211.6387,-4.8954,-3.905,-3.983
2013-06-21,2013-07-12,Regular Petrol,3,final,True,210.7264,220.336,210.7264,211.7617,211.8269,-9.6097,-8.5743,-8.5091
2013-06-28,2013-07-05,Regular Petrol,1,final,True,210.7264,215.6217,210.7264,210.9567,211.0884,-4.8954,-4.665,-4.5334
2013-06-28,2013-07-12,Regular Petrol,2,final,True,210.7264,220.336,210.7264,210.9872,211.3266,-9.6097,-9.3488,-9.0094
2013-06-28,2013-07-19,Regular Petrol,3,final,True,210.7264,222.6217,210.7264,210.9707,211.5236,-11.8954,-11.6511,-11.0981
2013-07-05,2013-07-12,Regular Petrol,1,final,True,215.6217,220.336,215.6217,216.0809,216.1183,-4.7143,-4.2551,-4.2177
2013-07-05,2013-07-19,Regular Petrol,2,final,True,215.6217,222.6217,215.6217,216.2522,216.4342,-7.0,-6.3696,-6.1876
2013-07-05,2013-07-26,Regular Petrol,3,final,True,215.6217,220.336,215.6217,216.3559,216.7281,-4.7143,-3.9801,-3.6079
2013-07-12,2013-07-19,Regular Petrol,1,final,True,220.336,222.6217,220.336,222.73,221.8956,-2.2857,0.1083,-0.7262
2013-07-12,2013-07-26,Regular Petrol,2,final,True,220.336,220.336,220.336,223.797,222.6974,0.0,3.4609,2.3613
2013-07-12,2013-08-02,Regular Petrol,3,final,True,220.336,216.9075,220.336,224.2347,223.1454,3.4286,7.3273,6.2379
2013-07-19,2013-07-26,Regular Petrol,1,final,True,222.6217,220.336,222.6217,224.0218,223.5853,2.2857,3.6857,3.2493
2013-07-19,2013-08-02,Regular Petrol,2,final,True,222.6217,216.9075,222.6217,224.6024,224.0751,5.7143,7.695,7.1677
2013-07-19,2013-08-09,Regular Petrol,3,final,True,222.6217,216.6217,222.6217,224.7848,224.2946,6.0,8.163,7.6729
2013-07-26,2013-08-02,Regular Petrol,1,final,True,220.336,216.9075,220.336,217.1922,218.1865,3.4286,0.2848,1.2791
2013-07-26,2013-08-09,Regular Petrol,2,final,True,220.336,216.6217,220.336,215.8031,217.0503,3.7143,-0.8186,0.4286
2013-07-26,2013-08-16,Regular Petrol,3,final,True,220.336,214.0503,220.336,215.1636,216.334,6.2857,1.1132,2.2837
2013-08-02,2013-08-09,Regular Petrol,1,final,True,216.9075,216.6217,216.9075,215.065,214.103,0.2857,-1.5567,-2.5187
2013-08-02,2013-08-16,Regular Petrol,2,final,True,216.9075,214.0503,216.9075,214.2343,211.8665,2.8571,0.184,-2.1838
2013-08-02,2013-08-23,Regular Petrol,3,final,True,216.9075,213.6217,216.9075,214.0362,210.0517,3.2857,0.4144,-3.57
2013-08-09,2013-08-16,Regular Petrol,1,final,True,216.6217,214.0503,216.6217,215.4349,214.7768,2.5714,1.3846,0.7264
2013-08-09,2013-08-23,Regular Petrol,2,final,True,216.6217,213.6217,216.6217,215.0499,213.4399,3.0,1.4282,-0.1819
2013-08-09,2013-08-30,Regular Petrol,3,final,True,216.6217,215.7646,216.6217,215.2222,212.6154,0.8571,-0.5424,-3.1492
2013-08-16,2013-08-23,Regular Petrol,1,final,True,214.0503,213.6217,214.0503,213.3589,212.4274,0.4286,-0.2629,-1.1943
2013-08-16,2013-08-30,Regular Petrol,2,final,True,214.0503,215.7646,214.0503,213.4374,211.4439,-1.7143,-2.3271,-4.3207
2013-08-16,2013-09-06,Regular Petrol,3,final,True,214.0503,216.6217,214.0503,213.5202,210.5264,-2.5714,-3.1015,-6.0953
2013-08-23,2013-08-30,Regular Petrol,1,final,True,213.6217,215.7646,213.6217,213.779,213.1683,-2.1429,-1.9856,-2.5963
2013-08-23,2013-09-06,Regular Petrol,2,final,True,213.6217,216.6217,213.6217,213.8878,212.7366,-3.0,-2.734,-3.8851
2013-08-23,2013-09-13,Regular Petrol,3,final,True,213.6217,217.336,213.6217,213.9861,212.2097,-3.7143,-3.3499,-5.1263
2013-08-30,2013-09-06,Regular Petrol,1,final,True,215.7646,216.6217,215.7646,218.6526,217.2298,-0.8571,2.0309,0.608
2013-08-30,2013-09-13,Regular Petrol,2,final,True,215.7646,217.336,215.7646,219.8216,217.5386,-1.5714,2.4855,0.2026
2013-08-30,2013-09-20,Regular Petrol,3,final,True,215.7646,213.9075,215.7646,220.4435,217.544,1.8571,6.536,3.6365
2013-09-06,2013-09-13,Regular Petrol,1,final,True,216.6217,217.336,216.6217,218.3308,218.1851,-0.7143,0.9947,0.8491
2013-09-06,2013-09-20,Regular Petrol,2,final,True,216.6217,213.9075,216.6217,219.156,219.2465,2.7143,5.2486,5.3391
2013-09-06,2013-09-27,Regular Petrol,3,final,True,216.6217,212.6217,216.6217,219.4352,219.9385,4.0,6.8134,7.3168
2013-09-13,2013-09-20,Regular Petrol,1,final,True,217.336,213.9075,217.336,214.8713,216.5111,3.4286,0.9639,2.6036
2013-09-13,2013-09-27,Regular Petrol,2,final,True,217.336,212.6217,217.336,213.7883,216.4747,4.7143,1.1666,3.8529
2013-09-13,2013-10-04,Regular Petrol,3,final,True,217.336,210.7646,217.336,213.0506,216.5196,6.5714,2.286,5.755
2013-09-20,2013-09-27,Regular Petrol,1,final,True,213.9075,212.6217,213.9075,211.1877,210.987,1.2857,-1.434,-1.6348
2013-09-20,2013-10-04,Regular Petrol,2,final,True,213.9075,210.7646,213.9075,209.7684,208.711,3.1429,-0.9962,-2.0536
2013-09-20,2013-10-11,Regular Petrol,3,final,True,213.9075,207.1217,213.9075,209.3842,207.1117,6.7857,2.2624,-0.0101
2013-09-27,2013-10-04,Regular Petrol,1,final,True,212.6217,210.7646,212.6217,211.0091,210.2181,1.8571,0.2445,-0.5465
2013-09-27,2013-10-11,Regular Petrol,2,final,True,212.6217,207.1217,212.6217,210.4868,208.4913,5.5,3.3651,1.3696
2013-09-27,2013-10-18,Regular Petrol,3,final,True,212.6217,207.1217,212.6217,210.6873,207.4171,5.5,3.5655,0.2954
2013-10-04,2013-10-11,Regular Petrol,1,final,True,210.7646,207.1217,210.7646,210.2244,209.2561,3.6429,3.1027,2.1343
2013-10-04,2013-10-18,Regular Petrol,2,final,True,210.7646,207.1217,210.7646,210.426,208.392,3.6429,3.3042,1.2703
2013-10-04,2013-10-25,Regular Petrol,3,final,True,210.7646,207.1217,210.7646,210.5434,207.5233,3.6429,3.4217,0.4015
2013-10-11,2013-10-18,Regular Petrol,1,final,True,207.1217,207.1217,207.1217,207.7275,206.9005,0.0,0.6057,-0.2212
2013-10-11,2013-10-25,Regular Petrol,2,final,True,207.1217,207.1217,207.1217,208.1143,206.6329,0.0,0.9926,-0.4889
2013-10-11,2013-11-01,Regular Petrol,3,final,True,207.1217,207.1217,207.1217,208.2933,206.1581,0.0,1.1716,-0.9636
2013-10-18,2013-10-25,Regular Petrol,1,final,True,207.1217,207.1217,207.1217,207.172,207.8154,0.0,0.0502,0.6937
2013-10-18,2013-11-01,Regular Petrol,2,final,True,207.1217,207.1217,207.1217,207.2198,208.4303,0.0,0.098,1.3086
2013-10-18,2013-11-08,Regular Petrol,3,final,True,207.1217,207.1217,207.1217,207.2545,208.9848,0.0,0.1327,1.863
2013-10-25,2013-11-01,Regular Petrol,1,final,True,207.1217,207.1217,207.1217,206.281,207.0373,0.0,-0.8408,-0.0845
2013-10-25,2013-11-08,Regular Petrol,2,final,True,207.1217,207.1217,207.1217,205.9646,207.2217,0.0,-1.1572,0.0999
2013-10-25,2013-11-15,Regular Petrol,3,final,True,207.1217,207.1217,207.1217,205.7621,207.4262,0.0,-1.3596,0.3045
2013-11-01,2013-11-08,Regular Petrol,1,final,True,207.1217,207.1217,207.1217,207.7804,207.4099,0.0,0.6586,0.2882
2013-11-01,2013-11-15,Regular Petrol,2,final,True,207.1217,207.1217,207.1217,207.9638,207.3613,0.0,0.842,0.2396
2013-11-01,2013-11-22,Regular Petrol,3,final,True,207.1217,207.1217,207.1217,208.1462,207.3373,0.0,1.0245,0.2155
2013-11-08,2013-11-15,Regular Petrol,1,final,True,207.1217,207.1217,207.1217,206.157,206.9222,0.0,-0.9648,-0.1996
2013-11-08,2013-11-22,Regular Petrol,2,final,True,207.1217,207.1217,207.1217,205.8865,207.1661,0.0,-1.2352,0.0444
2013-11-08,2013-11-29,Regular Petrol,3,final,True,207.1217,208.836,207.1217,205.8915,207.6171,-1.7143,-2.9445,-1.219
2013-11-15,2013-11-22,Regular Petrol,1,final,True,207.1217,207.1217,207.1217,208.1818,207.5545,0.0,1.0601,0.4327
2013-11-15,2013-11-29,Regular Petrol,2,final,True,207.1217,208.836,207.1217,208.715,207.7071,-1.7143,-0.1211,-1.1289
2013-11-15,2013-12-06,Regular Petrol,3,final,True,207.1217,211.2646,207.1217,208.855,207.5875,-4.1429,-2.4096,-3.6771
2013-11-22,2013-11-29,Regular Petrol,1,final,True,207.1217,208.836,207.1217,207.7823,208.089,-1.7143,-1.0537,-0.7471
2013-11-22,2013-12-06,Regular Petrol,2,final,True,207.1217,211.2646,207.1217,207.9436,208.6986,-4.1429,-3.321,-2.566
2013-11-22,2013-12-13,Regular Petrol,3,final,True,207.1217,212.1217,207.1217,208.2383,209.4379,-5.0,-3.8835,-2.6839
2013-11-29,2013-12-06,Regular Petrol,1,final,True,208.836,211.2646,208.836,210.1652,210.2078,-2.4286,-1.0994,-1.0568
2013-11-29,2013-12-13,Regular Petrol,2,final,True,208.836,212.1217,208.836,210.9484,211.2952,-3.2857,-1.1733,-0.8265
2013-11-29,2013-12-20,Regular Petrol,3,final,True,208.836,212.1217,208.836,211.1428,212.0163,-3.2857,-0.9789,-0.1054
2013-12-06,2013-12-13,Regular Petrol,1,final,True,211.2646,212.1217,211.2646,212.1229,212.6296,-0.8571,0.0012,0.5079
2013-12-06,2013-12-20,Regular Petrol,2,final,True,211.2646,212.1217,211.2646,212.3872,213.6342,-0.8571,0.2654,1.5125
2013-12-06,2013-12-27,Regular Petrol,3,final,True,211.2646,212.1217,211.2646,212.5436,214.542,-0.8571,0.4219,2.4202
2013-12-13,2013-12-20,Regular Petrol,1,final,True,212.1217,212.1217,212.1217,212.1645,212.4696,0.0,0.0428,0.3479
2013-12-13,2013-12-27,Regular Petrol,2,final,True,212.1217,212.1217,212.1217,212.2345,212.8034,0.0,0.1128,0.6817
2013-12-13,2014-01-03,Regular Petrol,3,final,True,212.1217,214.5745,212.1217,212.1604,213.0333,-2.4527,-2.414,-1.5411
2013-12-20,2013-12-27,Regular Petrol,1,final,True,212.1217,212.1217,212.1217,212.2637,212.1902,0.0,0.142,0.0685
2013-12-20,2014-01-03,Regular Petrol,2,final,True,212.1217,214.5745,212.1217,212.2177,212.1281,-2.4527,-2.3568,-2.4463
2013-12-20,2014-01-10,Regular Petrol,3,final,True,212.1217,212.6413,212.1217,212.2323,212.0954,-0.5195,-0.409,-0.5459
2013-12-27,2014-01-03,Regular Petrol,1,final,True,212.1217,214.5745,212.1217,214.0744,213.2949,-2.4527,-0.5001,-1.2796
2013-12-27,2014-01-10,Regular Petrol,2,final,True,212.1217,212.6413,212.1217,214.8877,213.7792,-0.5195,2.2464,1.1379
2013-12-27,2014-01-17,Regular Petrol,3,final,True,212.1217,210.927,212.1217,215.3572,214.1339,1.1948,4.4302,3.2069
2014-01-03,2014-01-10,Regular Petrol,1,final,True,214.5745,212.6413,214.5745,215.4699,216.212,1.9332,2.8287,3.5707
2014-01-03,2014-01-17,Regular Petrol,2,final,True,214.5745,210.927,214.5745,215.9738,217.6915,3.6475,5.0468,6.7646
2014-01-03,2014-01-24,Regular Petrol,3,final,True,214.5745,210.3556,214.5745,216.2341,219.0436,4.2189,5.8786,8.6881
2014-01-10,2014-01-17,Regular Petrol,1,final,True,212.6413,210.927,212.6413,211.1553,212.3979,1.7143,0.2283,1.4709
2014-01-10,2014-01-24,Regular Petrol,2,final,True,212.6413,210.3556,212.6413,210.6329,212.7605,2.2857,0.2773,2.4049
2014-01-10,2014-01-31,Regular Petrol,3,final,True,212.6413,210.3556,212.6413,210.1342,213.0004,2.2857,-0.2214,2.6448
2014-01-17,2014-01-24,Regular Petrol,1,final,True,210.927,210.3556,210.927,209.5694,210.1995,0.5714,-0.7861,-0.156
2014-01-17,2014-01-31,Regular Petrol,2,final,True,210.927,210.3556,210.927,208.7396,209.6689,0.5714,-1.616,-0.6867
2014-01-17,2014-02-07,Regular Petrol,3,final,True,210.927,210.3556,210.927,208.3497,209.3427,0.5714,-2.0059,-1.0129
2014-01-24,2014-01-31,Regular Petrol,1,final,True,210.3556,210.3556,210.3556,210.1099,210.1531,0.0,-0.2457,-0.2024
2014-01-24,2014-02-07,Regular Petrol,2,final,True,210.3556,210.3556,210.3556,209.9427,209.9399,0.0,-0.4129,-0.4157
2014-01-24,2014-02-14,Regular Petrol,3,final,True,210.3556,210.3556,210.3556,210.1767,210.1165,0.0,-0.1788,-0.239
2014-01-31,2014-02-07,Regular Petrol,1,final,True,210.3556,210.3556,210.3556,210.5106,210.7876,0.0,0.155,0.4321
2014-01-31,2014-02-14,Regular Petrol,2,final,True,210.3556,210.3556,210.3556,210.8696,211.4965,0.0,0.5141,1.1409
2014-01-31,2014-02-21,Regular Petrol,3,final,True,210.3556,210.3556,210.3556,211.1774,212.2355,0.0,0.8218,1.8799
2014-02-07,2014-02-14,Regular Petrol,1,final,True,210.3556,210.3556,210.3556,210.407,211.0483,0.0,0.0514,0.6928
2014-02-07,2014-02-21,Regular Petrol,2,final,True,210.3556,210.3556,210.3556,210.594,211.8964,0.0,0.2385,1.5409
2014-02-07,2014-02-28,Regular Petrol,3,final,True,210.3556,211.4984,210.3556,210.5985,212.5416,-1.1429,-0.8999,1.0432
2014-02-14,2014-02-21,Regular Petrol,1,final,True,210.3556,210.3556,210.3556,211.7553,211.7946,0.0,1.3998,1.439
2014-02-14,2014-02-28,Regular Petrol,2,final,True,210.3556,211.4984,210.3556,212.2346,212.5707,-1.1429,0.7362,1.0723
2014-02-14,2014-03-07,Regular Petrol,3,final,True,210.3556,212.3556,210.3556,212.4496,213.1484,-2.0,0.094,0.7929
2014-02-21,2014-02-28,Regular Petrol,1,final,True,210.3556,211.4984,210.3556,210.7541,211.6702,-1.1429,-0.7443,0.1718
2014-02-21,2014-03-07,Regular Petrol,2,final,True,210.3556,212.3556,210.3556,210.9391,212.8212,-2.0,-1.4165,0.4656
2014-02-21,2014-03-14,Regular Petrol,3,final,True,210.3556,212.3556,210.3556,211.0904,213.9819,-2.0,-1.2652,1.6264
2014-02-28,2014-03-07,Regular Petrol,1,final,True,211.4984,212.3556,211.4984,211.7709,212.6735,-0.8571,-0.5847,0.3179
2014-02-28,2014-03-14,Regular Petrol,2,final,True,211.4984,212.3556,211.4984,211.9602,213.823,-0.8571,-0.3953,1.4675
2014-02-28,2014-03-21,Regular Petrol,3,final,True,211.4984,210.3556,211.4984,211.9431,214.8114,1.1429,1.5875,4.4559
2014-03-07,2014-03-14,Regular Petrol,1,final,True,212.3556,212.3556,212.3556,212.1566,213.0644,0.0,-0.199,0.7088
2014-03-07,2014-03-21,Regular Petrol,2,final,True,212.3556,210.3556,212.3556,211.9902,213.7624,2.0,1.6346,3.4069
2014-03-07,2014-03-28,Regular Petrol,3,final,True,212.3556,210.3556,212.3556,211.9322,214.5101,2.0,1.5766,4.1546
2014-03-14,2014-03-21,Regular Petrol,1,final,True,212.3556,210.3556,212.3556,211.2583,212.1051,2.0,0.9027,1.7496
2014-03-14,2014-03-28,Regular Petrol,2,final,True,212.3556,210.3556,212.3556,210.8361,212.2631,2.0,0.4806,1.9075
2014-03-14,2014-04-04,Regular Petrol,3,final,True,212.3556,208.1026,212.3556,210.6556,212.5876,4.253,2.553,4.485
2014-03-21,2014-03-28,Regular Petrol,1,final,True,210.3556,210.3556,210.3556,208.5347,209.1855,0.0,-1.8208,-1.1701
2014-03-21,2014-04-04,Regular Petrol,2,final,True,210.3556,208.1026,210.3556,207.7964,208.7195,2.253,-0.3062,0.6169
2014-03-21,2014-04-11,Regular Petrol,3,final,True,210.3556,207.0604,210.3556,207.4953,208.5159,3.2951,0.4348,1.4554
2014-03-28,2014-04-04,Regular Petrol,1,final,True,210.3556,208.1026,210.3556,209.6252,209.6628,2.253,1.5226,1.5602
2014-03-28,2014-04-11,Regular Petrol,2,final,True,210.3556,207.0604,210.3556,209.334,209.2301,3.2951,2.2736,2.1697
2014-03-28,2014-04-18,Regular Petrol,3,final,True,210.3556,208.7747,210.3556,209.3269,209.0041,1.5808,0.5522,0.2294
2014-04-04,2014-04-11,Regular Petrol,1,final,True,208.1026,207.0604,208.1026,207.6683,207.595,1.0422,0.6079,0.5346
2014-04-04,2014-04-18,Regular Petrol,2,final,True,208.1026,208.7747,208.1026,207.5983,207.3456,-0.6721,-1.1764,-1.4291
2014-04-04,2014-04-25,Regular Petrol,3,final,True,208.1026,210.2033,208.1026,207.7419,207.2772,-2.1007,-2.4614,-2.9261
2014-04-11,2014-04-18,Regular Petrol,1,final,True,207.0604,208.7747,207.0604,207.5385,207.6008,-1.7143,-1.2363,-1.174
2014-04-11,2014-04-25,Regular Petrol,2,final,True,207.0604,210.2033,207.0604,207.9003,208.113,-3.1429,-2.303,-2.0903
2014-04-11,2014-05-02,Regular Petrol,3,final,True,207.0604,211.0604,207.0604,208.0783,208.5003,-4.0,-2.9822,-2.5602
2014-04-18,2014-04-25,Regular Petrol,1,final,True,208.7747,210.2033,208.7747,210.1102,210.4114,-1.4286,-0.0931,0.2081
2014-04-18,2014-05-02,Regular Petrol,2,final,True,208.7747,211.0604,208.7747,210.6843,211.5557,-2.2857,-0.3761,0.4953
2014-04-18,2014-05-09,Regular Petrol,3,final,True,208.7747,208.9176,208.7747,211.0033,212.5302,-0.1429,2.0858,3.6126
2014-04-25,2014-05-02,Regular Petrol,1,final,True,210.2033,211.0604,210.2033,211.1664,211.6972,-0.8571,0.106,0.6367
2014-04-25,2014-05-09,Regular Petrol,2,final,True,210.2033,208.9176,210.2033,211.6422,212.8738,1.2857,2.7246,3.9562
2014-04-25,2014-05-16,Regular Petrol,3,final,True,210.2033,208.9176,210.2033,211.8333,213.8614,1.2857,2.9157,4.9438
2014-05-02,2014-05-09,Regular Petrol,1,final,True,211.0604,208.9176,211.0604,210.6953,211.5926,2.1429,1.7777,2.675
2014-05-02,2014-05-16,Regular Petrol,2,final,True,211.0604,208.9176,211.0604,210.5479,212.2561,2.1429,1.6303,3.3385
2014-05-02,2014-05-23,Regular Petrol,3,final,True,211.0604,210.0604,211.0604,210.378,212.851,1.0,0.3176,2.7906
2014-05-09,2014-05-16,Regular Petrol,1,final,True,208.9176,208.9176,208.9176,207.5052,208.1723,0.0,-1.4124,-0.7453
2014-05-09,2014-05-23,Regular Petrol,2,final,True,208.9176,210.0604,208.9176,206.8257,207.8488,-1.1429,-3.2348,-2.2117
2014-05-09,2014-05-30,Regular Petrol,3,final,True,208.9176,211.7747,208.9176,206.4756,207.7035,-2.8571,-5.2991,-4.0712
2014-05-16,2014-05-23,Regular Petrol,1,final,True,208.9176,210.0604,208.9176,209.4461,209.2153,-1.1429,-0.6143,-0.8451
2014-05-16,2014-05-30,Regular Petrol,2,final,True,208.9176,211.7747,208.9176,209.5814,209.225,-2.8571,-2.1933,-2.5497
2014-05-16,2014-06-06,Regular Petrol,3,final,True,208.9176,212.0604,208.9176,209.8063,209.3529,-3.1429,-2.2541,-2.7075
2014-05-23,2014-05-30,Regular Petrol,1,final,True,210.0604,211.7747,210.0604,210.9088,211.1106,-1.7143,-0.8659,-0.6642
2014-05-23,2014-06-06,Regular Petrol,2,final,True,210.0604,212.0604,210.0604,211.4201,212.0049,-2.0,-0.6404,-0.0555
2014-05-23,2014-06-13,Regular Petrol,3,final,True,210.0604,212.0604,210.0604,211.8478,212.9208,-2.0,-0.2127,0.8604
2014-05-30,2014-06-06,Regular Petrol,1,final,True,211.7747,212.0604,211.7747,212.8534,213.1384,-0.2857,0.793,1.078
2014-05-30,2014-06-13,Regular Petrol,2,final,True,211.7747,212.0604,211.7747,213.5075,214.3057,-0.2857,1.4471,2.2452
2014-05-30,2014-06-20,Regular Petrol,3,final,True,211.7747,212.9176,211.7747,213.6938,215.127,-1.1429,0.7762,2.2095
2014-06-06,2014-06-13,Regular Petrol,1,final,True,212.0604,212.0604,212.0604,212.037,212.7029,0.0,-0.0235,0.6425
2014-06-06,2014-06-20,Regular Petrol,2,final,True,212.0604,212.9176,212.0604,211.9495,213.2599,-0.8571,-0.9681,0.3423
2014-06-06,2014-06-27,Regular Petrol,3,final,True,212.0604,214.0604,212.0604,211.8411,213.7381,-2.0,-2.2193,-0.3223
2014-06-13,2014-06-20,Regular Petrol,1,final,True,212.0604,212.9176,212.0604,211.6566,212.021,-0.8571,-1.261,-0.8965
2014-06-13,2014-06-27,Regular Petrol,2,final,True,212.0604,214.0604,212.0604,211.4203,212.0244,-2.0,-2.6401,-2.0361
2014-06-13,2014-07-04,Regular Petrol,3,final,True,212.0604,215.4695,212.0604,211.2808,212.0826,-3.4091,-4.1887,-3.3869
2014-06-20,2014-06-27,Regular Petrol,1,final,True,212.9176,214.0604,212.9176,213.5379,213.3126,-1.1429,-0.5226,-0.7478
2014-06-20,2014-07-04,Regular Petrol,2,final,True,212.9176,215.4695,212.9176,213.7463,213.4351,-2.5519,-1.7232,-2.0344
2014-06-20,2014-07-11,Regular Petrol,3,final,True,212.9176,214.5615,212.9176,213.9743,213.6177,-1.6439,-0.5872,-0.9438
2014-06-27,2014-07-04,Regular Petrol,1,final,True,214.0604,215.4695,214.0604,214.7506,214.717,-1.4091,-0.7189,-0.7525
2014-06-27,2014-07-11,Regular Petrol,2,final,True,214.0604,214.5615,214.0604,215.1733,215.2486,-0.5011,0.6118,0.6871
2014-06-27,2014-07-18,Regular Petrol,3,final,True,214.0604,213.7043,214.0604,215.4555,215.7326,0.3561,1.7512,2.0282
2014-07-04,2014-07-11,Regular Petrol,1,final,True,215.4695,214.5615,215.4695,216.0727,216.1043,0.908,1.5112,1.5429
2014-07-04,2014-07-18,Regular Petrol,2,final,True,215.4695,213.7043,215.4695,216.4314,216.6286,1.7652,2.727,2.9242
2014-07-04,2014-07-25,Regular Petrol,3,final,True,215.4695,213.7043,215.4695,216.518,216.938,1.7652,2.8137,3.2337
2014-07-11,2014-07-18,Regular Petrol,1,final,True,214.5615,213.7043,214.5615,213.3335,214.4786,0.8571,-0.3708,0.7742
2014-07-11,2014-07-25,Regular Petrol,2,final,True,214.5615,213.7043,214.5615,212.7891,214.8048,0.8571,-0.9152,1.1004
2014-07-11,2014-08-01,Regular Petrol,3,final,True,214.5615,213.7043,214.5615,212.4622,215.2159,0.8571,-1.2422,1.5116
2014-07-18,2014-07-25,Regular Petrol,1,final,True,213.7043,213.7043,213.7043,212.6494,213.2483,0.0,-1.0549,-0.4561
2014-07-18,2014-08-01,Regular Petrol,2,final,True,213.7043,213.7043,213.7043,212.1199,213.0789,0.0,-1.5845,-0.6254
2014-07-18,2014-08-08,Regular Petrol,3,final,True,213.7043,211.9901,213.7043,211.8501,213.0616,1.7143,-0.14,1.0715
2014-07-25,2014-08-01,Regular Petrol,1,final,True,213.7043,213.7043,213.7043,212.3,212.9328,0.0,-1.4043,-0.7716
2014-07-25,2014-08-08,Regular Petrol,2,final,True,213.7043,211.9901,213.7043,211.6921,212.6604,1.7143,-0.298,0.6703
2014-07-25,2014-08-15,Regular Petrol,3,final,True,213.7043,211.7043,213.7043,211.5971,212.765,2.0,-0.1073,1.0606
2014-08-01,2014-08-08,Regular Petrol,1,final,True,213.7043,211.9901,213.7043,212.5592,212.6738,1.7143,0.5691,0.6837
2014-08-01,2014-08-15,Regular Petrol,2,final,True,213.7043,211.7043,213.7043,212.2656,212.2389,2.0,0.5612,0.5345
2014-08-01,2014-08-22,Regular Petrol,3,final,True,213.7043,209.9901,213.7043,212.2007,211.9665,3.7143,2.2106,1.9764
2014-08-08,2014-08-15,Regular Petrol,1,final,True,211.9901,211.7043,211.9901,210.588,210.5967,0.2857,-1.1164,-1.1077
2014-08-08,2014-08-22,Regular Petrol,2,final,True,211.9901,209.9901,211.9901,210.0879,209.8013,2.0,0.0978,-0.1888
2014-08-08,2014-08-29,Regular Petrol,3,final,True,211.9901,209.7043,211.9901,209.9373,209.2022,2.2857,0.2329,-0.5022
2014-08-15,2014-08-22,Regular Petrol,1,final,True,211.7043,209.9901,211.7043,211.2228,210.7682,1.7143,1.2328,0.7781
2014-08-15,2014-08-29,Regular Petrol,2,final,True,211.7043,209.7043,211.7043,211.0903,210.0323,2.0,1.386,0.328
2014-08-15,2014-09-05,Regular Petrol,3,final,True,211.7043,211.4186,211.7043,211.0964,209.3814,0.2857,-0.3223,-2.0373
2014-08-22,2014-08-29,Regular Petrol,1,final,True,209.9901,209.7043,209.9901,209.6103,209.1827,0.2857,-0.094,-0.5217
2014-08-22,2014-09-05,Regular Petrol,2,final,True,209.9901,211.4186,209.9901,209.5075,208.5485,-1.4286,-1.9111,-2.8702
2014-08-22,2014-09-12,Regular Petrol,3,final,True,209.9901,211.7043,209.9901,209.6167,208.0731,-1.7143,-2.0876,-3.6312
2014-08-29,2014-09-05,Regular Petrol,1,final,True,209.7043,211.4186,209.7043,210.8503,210.1179,-1.7143,-0.5683,-1.3007
2014-08-29,2014-09-12,Regular Petrol,2,final,True,209.7043,211.7043,209.7043,211.4517,210.2052,-2.0,-0.2526,-1.4991
2014-08-29,2014-09-19,Regular Petrol,3,final,True,209.7043,211.7043,209.7043,211.7588,210.1102,-2.0,0.0545,-1.5942
2014-09-05,2014-09-12,Regular Petrol,1,final,True,211.4186,211.7043,211.4186,212.2448,212.3384,-0.2857,0.5404,0.634
2014-09-05,2014-09-19,Regular Petrol,2,final,True,211.4186,211.7043,211.4186,212.6451,212.9929,-0.2857,0.9408,1.2885
2014-09-05,2014-09-26,Regular Petrol,3,final,True,211.4186,211.7043,211.4186,212.9137,213.568,-0.2857,1.2093,1.8636
2014-09-12,2014-09-19,Regular Petrol,1,final,True,211.7043,211.7043,211.7043,211.9043,211.9766,0.0,0.2,0.2723
2014-09-12,2014-09-26,Regular Petrol,2,final,True,211.7043,211.7043,211.7043,212.0915,212.2461,0.0,0.3872,0.5417
2014-09-12,2014-10-03,Regular Petrol,3,final,True,211.7043,214.1593,211.7043,212.0529,212.3233,-2.455,-2.1065,-1.836
2014-09-19,2014-09-26,Regular Petrol,1,final,True,211.7043,211.7043,211.7043,212.12,211.9636,0.0,0.4156,0.2592
2014-09-19,2014-10-03,Regular Petrol,2,final,True,211.7043,214.1593,211.7043,212.1694,211.9402,-2.455,-1.9899,-2.2191
2014-09-19,2014-10-10,Regular Petrol,3,final,True,211.7043,214.3413,211.7043,212.2012,211.8853,-2.637,-2.1401,-2.456
2014-09-26,2014-10-03,Regular Petrol,1,final,True,211.7043,214.1593,211.7043,212.0514,211.9845,-2.455,-2.1079,-2.1749
2014-09-26,2014-10-10,Regular Petrol,2,final,True,211.7043,214.3413,211.7043,212.1992,212.1162,-2.637,-2.1421,-2.2251
2014-09-26,2014-10-17,Regular Petrol,3,final,True,211.7043,209.4842,211.7043,212.3469,212.2926,2.2202,2.8627,2.8085
2014-10-03,2014-10-10,Regular Petrol,1,final,True,214.1593,214.3413,214.1593,215.4472,215.1694,-0.182,1.1059,0.8281
2014-10-03,2014-10-17,Regular Petrol,2,final,True,214.1593,209.4842,214.1593,216.0494,215.7855,4.6752,6.5652,6.3013
2014-10-03,2014-10-24,Regular Petrol,3,final,True,214.1593,207.1984,214.1593,216.3613,216.2362,6.9609,9.1629,9.0377
2014-10-10,2014-10-17,Regular Petrol,1,final,True,214.3413,209.4842,214.3413,213.4745,214.0805,4.8571,3.9904,4.5964
2014-10-10,2014-10-24,Regular Petrol,2,final,True,214.3413,207.1984,214.3413,213.2022,214.2218,7.1429,6.0038,7.0234
2014-10-10,2014-10-31,Regular Petrol,3,final,True,214.3413,206.3413,214.3413,213.0709,214.4306,8.0,6.7296,8.0893
2014-10-17,2014-10-24,Regular Petrol,1,final,True,209.4842,207.1984,209.4842,206.4045,207.0982,2.2857,-0.7939,-0.1002
2014-10-17,2014-10-31,Regular Petrol,2,final,True,209.4842,206.3413,209.4842,205.1754,205.881,3.1429,-1.1659,-0.4603
2014-10-17,2014-11-07,Regular Petrol,3,final,True,209.4842,204.9127,209.4842,204.4104,204.8497,4.5714,-0.5023,-0.063
2014-10-24,2014-10-31,Regular Petrol,1,final,True,207.1984,206.3413,207.1984,204.9791,205.0244,0.8571,-1.3622,-1.317
2014-10-24,2014-11-07,Regular Petrol,2,final,True,207.1984,204.9127,207.1984,203.8229,203.4167,2.2857,-1.0899,-1.4961
2014-10-24,2014-11-14,Regular Petrol,3,final,True,207.1984,203.1984,207.1984,203.4093,202.2728,4.0,0.2108,-0.9256
2014-10-31,2014-11-07,Regular Petrol,1,final,True,206.3413,204.9127,206.3413,206.2246,205.3894,1.4286,1.3119,0.4767
2014-10-31,2014-11-14,Regular Petrol,2,final,True,206.3413,203.1984,206.3413,206.1994,204.4775,3.1429,3.001,1.2791
2014-10-31,2014-11-21,Regular Petrol,3,final,True,206.3413,200.3413,206.3413,206.5749,203.9727,6.0,6.2336,3.6314
2014-11-07,2014-11-14,Regular Petrol,1,final,True,204.9127,203.1984,204.9127,203.727,204.0023,1.7143,0.5285,0.8039
2014-11-07,2014-11-21,Regular Petrol,2,final,True,204.9127,200.3413,204.9127,203.6688,203.9694,4.5714,3.3275,3.6281
2014-11-07,2014-11-28,Regular Petrol,3,final,True,204.9127,199.4842,204.9127,203.7459,204.0333,5.4286,4.2617,4.5492
2014-11-14,2014-11-21,Regular Petrol,1,final,True,203.1984,200.3413,203.1984,201.5778,201.9265,2.8571,1.2365,1.5852
2014-11-14,2014-11-28,Regular Petrol,2,final,True,203.1984,199.4842,203.1984,201.0481,201.362,3.7143,1.564,1.8779
2014-11-14,2014-12-05,Regular Petrol,3,final,True,203.1984,194.0556,203.1984,200.6036,200.7016,9.1429,6.548,6.646
2014-11-21,2014-11-28,Regular Petrol,1,final,True,200.3413,199.4842,200.3413,198.3831,198.4819,0.8571,-1.101,-1.0023
2014-11-21,2014-12-05,Regular Petrol,2,final,True,200.3413,194.0556,200.3413,197.3914,197.0931,6.2857,3.3358,3.0375
2014-11-21,2014-12-12,Regular Petrol,3,final,True,200.3413,191.1127,200.3413,197.0148,196.0525,9.2286,5.9021,4.9398
2014-11-28,2014-12-05,Regular Petrol,1,final,True,199.4842,194.0556,199.4842,198.918,198.2878,5.4286,4.8624,4.2322
2014-11-28,2014-12-12,Regular Petrol,2,final,True,199.4842,191.1127,199.4842,198.699,197.2632,8.3714,7.5863,6.1505
2014-11-28,2014-12-19,Regular Petrol,3,final,True,199.4842,186.627,199.4842,198.8217,196.5396,12.8571,12.1947,9.9126
2014-12-05,2014-12-12,Regular Petrol,1,final,True,194.0556,191.1127,194.0556,190.2419,191.2421,2.9429,-0.8708,0.1294
2014-12-05,2014-12-19,Regular Petrol,2,final,True,194.0556,186.627,194.0556,188.9052,190.0571,7.4286,2.2782,3.4301
2014-12-05,2014-12-26,Regular Petrol,3,final,True,194.0556,184.627,194.0556,188.3711,189.3578,9.4286,3.7441,4.7308
2014-12-12,2014-12-19,Regular Petrol,1,final,True,191.1127,186.627,191.1127,187.7273,187.999,4.4857,1.1003,1.372
2014-12-12,2014-12-26,Regular Petrol,2,final,True,191.1127,184.627,191.1127,186.3792,186.125,6.4857,1.7522,1.498
2014-12-12,2015-01-02,Regular Petrol,3,final,True,191.1127,183.0415,191.1127,185.5557,184.4225,8.0712,2.5142,1.381
2014-12-19,2014-12-26,Regular Petrol,1,final,True,186.627,184.627,186.627,183.4595,183.2606,2.0,-1.1675,-1.3664
2014-12-19,2015-01-02,Regular Petrol,2,final,True,186.627,183.0415,186.627,181.8637,180.698,3.5855,-1.1778,-2.3435
2014-12-19,2015-01-09,Regular Petrol,3,final,True,186.627,176.6381,186.627,181.6015,179.0409,9.9889,4.9634,2.4028
2014-12-26,2015-01-02,Regular Petrol,1,final,True,184.627,183.0415,184.627,183.6278,182.4686,1.5855,0.5863,-0.5729
2014-12-26,2015-01-09,Regular Petrol,2,final,True,184.627,176.6381,184.627,183.6398,181.0325,7.9889,7.0017,4.3944
2014-12-26,2015-01-16,Regular Petrol,3,final,True,184.627,166.781,184.627,183.8429,179.7834,17.8461,17.062,13.0024
2015-01-02,2015-01-09,Regular Petrol,1,final,True,183.0415,176.6381,183.0415,181.145,181.2669,6.4034,4.507,4.6288
2015-01-02,2015-01-16,Regular Petrol,2,final,True,183.0415,166.781,183.0415,180.5772,180.4027,16.2606,13.7962,13.6217
2015-01-02,2015-01-23,Regular Petrol,3,final,True,183.0415,165.0667,183.0415,180.5384,179.8383,17.9748,15.4718,14.7716
2015-01-09,2015-01-16,Regular Petrol,1,final,True,176.6381,166.781,176.6381,173.7244,173.6801,9.8571,6.9435,6.8991
2015-01-09,2015-01-23,Regular Petrol,2,final,True,176.6381,165.0667,176.6381,172.669,171.8188,11.5714,7.6023,6.7521
2015-01-09,2015-01-30,Regular Petrol,3,final,True,176.6381,165.0667,176.6381,172.0129,170.0592,11.5714,6.9462,4.9925
2015-01-16,2015-01-23,Regular Petrol,1,final,True,166.781,165.0667,166.781,163.8347,163.903,1.7143,-1.2319,-1.1637
2015-01-16,2015-01-30,Regular Petrol,2,final,True,166.781,165.0667,166.781,162.3132,161.7808,1.7143,-2.7534,-3.2858
2015-01-16,2015-02-06,Regular Petrol,3,final,True,166.781,172.9238,166.781,161.7677,160.2603,-6.1429,-11.1562,-12.6635
2015-01-23,2015-01-30,Regular Petrol,1,final,True,165.0667,165.0667,165.0667,164.6086,164.8787,0.0,-0.4581,-0.1879
2015-01-23,2015-02-06,Regular Petrol,2,final,True,165.0667,172.9238,165.0667,164.5123,164.9239,-7.8571,-8.4115,-7.9999
2015-01-23,2015-02-13,Regular Petrol,3,final,True,165.0667,179.3524,165.0667,164.5662,165.0919,-14.2857,-14.7862,-14.2605
2015-01-30,2015-02-06,Regular Petrol,1,final,True,165.0667,172.9238,165.0667,166.0208,166.6627,-7.8571,-6.903,-6.2611
2015-01-30,2015-02-13,Regular Petrol,2,final,True,165.0667,179.3524,165.0667,166.5161,167.9884,-14.2857,-12.8363,-11.364
2015-01-30,2015-02-20,Regular Petrol,3,final,True,165.0667,184.4952,165.0667,166.9647,169.3584,-19.4286,-17.5306,-15.1368
2015-02-06,2015-02-13,Regular Petrol,1,final,True,172.9238,179.3524,172.9238,177.6501,177.5119,-6.4286,-1.7023,-1.8405
2015-02-06,2015-02-20,Regular Petrol,2,final,True,172.9238,184.4952,172.9238,179.9345,180.6981,-11.5714,-4.5608,-3.7971
2015-02-06,2015-02-27,Regular Petrol,3,final,True,172.9238,185.0667,172.9238,180.7365,182.8957,-12.1429,-4.3301,-2.171
2015-02-13,2015-02-20,Regular Petrol,1,final,True,179.3524,184.4952,179.3524,182.7741,183.7096,-5.1429,-1.7212,-0.7857
2015-02-13,2015-02-27,Regular Petrol,2,final,True,179.3524,185.0667,179.3524,184.0861,186.7018,-5.7143,-0.9806,1.6351
2015-02-13,2015-03-06,Regular Petrol,3,final,True,179.3524,186.781,179.3524,184.8701,189.4702,-7.4286,-1.9109,2.6893
2015-02-20,2015-02-27,Regular Petrol,1,final,True,184.4952,185.0667,184.4952,186.5149,187.0972,-0.5714,1.4482,2.0305
2015-02-20,2015-03-06,Regular Petrol,2,final,True,184.4952,186.781,184.4952,187.6211,189.2438,-2.2857,0.8401,2.4628
2015-02-20,2015-03-13,Regular Petrol,3,final,True,184.4952,187.0667,184.4952,187.6457,190.5388,-2.5714,0.579,3.4721
2015-02-27,2015-03-06,Regular Petrol,1,final,True,185.0667,186.781,185.0667,186.431,186.5902,-1.7143,-0.35,-0.1908
2015-02-27,2015-03-13,Regular Petrol,2,final,True,185.0667,187.0667,185.0667,186.5348,187.1496,-2.0,-0.5319,0.083
2015-02-27,2015-03-20,Regular Petrol,3,final,True,185.0667,187.3524,185.0667,186.7515,187.8444,-2.2857,-0.6009,0.492
2015-03-06,2015-03-13,Regular Petrol,1,final,True,186.781,187.0667,186.781,188.3494,188.259,-0.2857,1.2828,1.1923
2015-03-06,2015-03-20,Regular Petrol,2,final,True,186.781,187.3524,186.781,189.2141,189.3853,-0.5714,1.8617,2.0329
2015-03-06,2015-03-27,Regular Petrol,3,final,True,186.781,185.3524,186.781,189.5017,190.1121,1.4286,4.1493,4.7597
2015-03-13,2015-03-20,Regular Petrol,1,final,True,187.0667,187.3524,187.0667,187.8838,188.5448,-0.2857,0.5314,1.1924
2015-03-13,2015-03-27,Regular Petrol,2,final,True,187.0667,185.3524,187.0667,188.1407,189.632,1.7143,2.7883,4.2797
2015-03-13,2015-04-03,Regular Petrol,3,final,True,187.0667,184.1289,187.0667,188.3784,190.7604,2.9377,4.2495,6.6314
2015-03-20,2015-03-27,Regular Petrol,1,final,True,187.3524,185.3524,187.3524,186.001,187.3642,2.0,0.6486,2.0118
2015-03-20,2015-04-03,Regular Petrol,2,final,True,187.3524,184.1289,187.3524,185.5083,187.9363,3.2234,1.3794,3.8074
2015-03-20,2015-04-10,Regular Petrol,3,final,True,187.3524,183.7538,187.3524,185.1614,188.5385,3.5985,1.4075,4.7847
2015-03-27,2015-04-03,Regular Petrol,1,final,True,185.3524,184.1289,185.3524,185.0241,185.1073,1.2234,0.8952,0.9784
2015-03-27,2015-04-10,Regular Petrol,2,final,True,185.3524,183.7538,185.3524,184.7543,184.8445,1.5985,1.0004,1.0907
2015-03-27,2015-04-17,Regular Petrol,3,final,True,185.3524,185.0396,185.3524,184.6465,184.6615,0.3128,-0.393,-0.378
2015-04-03,2015-04-10,Regular Petrol,1,final,True,184.1289,183.7538,184.1289,183.2041,183.9764,0.3751,-0.5497,0.2225
2015-04-03,2015-04-17,Regular Petrol,2,final,True,184.1289,185.0396,184.1289,182.7962,184.1171,-0.9106,-2.2433,-0.9225
2015-04-03,2015-04-24,Regular Petrol,3,final,True,184.1289,190.7538,184.1289,182.9372,184.7202,-6.6249,-7.8166,-6.0337
2015-04-10,2015-04-17,Regular Petrol,1,final,True,183.7538,185.0396,183.7538,182.7414,183.4493,-1.2857,-2.2982,-1.5902
2015-04-10,2015-04-24,Regular Petrol,2,final,True,183.7538,190.7538,183.7538,182.6026,183.8006,-7.0,-8.1513,-6.9532
2015-04-10,2015-05-01,Regular Petrol,3,final,True,183.7538,193.3253,183.7538,182.4073,184.0526,-9.5714,-10.918,-9.2727
2015-04-17,2015-04-24,Regular Petrol,1,final,True,185.0396,190.7538,185.0396,187.0263,186.4936,-5.7143,-3.7276,-4.2602
2015-04-17,2015-05-01,Regular Petrol,2,final,True,185.0396,193.3253,185.0396,187.8144,187.1656,-8.2857,-5.5109,-6.1596
2015-04-17,2015-05-08,Regular Petrol,3,final,True,185.0396,198.7538,185.0396,188.1655,187.5374,-13.7143,-10.5883,-11.2164
2015-04-24,2015-05-01,Regular Petrol,1,final,True,190.7538,193.3253,190.7538,192.0828,192.5888,-2.5714,-1.2425,-0.7365
2015-04-24,2015-05-08,Regular Petrol,2,final,True,190.7538,198.7538,190.7538,192.6956,193.9685,-8.0,-6.0583,-4.7854
2015-04-24,2015-05-15,Regular Petrol,3,final,True,190.7538,197.7538,190.7538,193.2029,195.3776,-7.0,-4.5509,-2.3763
2015-05-01,2015-05-08,Regular Petrol,1,final,True,193.3253,198.7538,193.3253,195.4027,194.6618,-5.4286,-3.3511,-4.0921
2015-05-01,2015-05-15,Regular Petrol,2,final,True,193.3253,197.7538,193.3253,196.5545,195.5307,-4.4286,-1.1994,-2.2231
2015-05-01,2015-05-22,Regular Petrol,3,final,True,193.3253,195.7538,193.3253,196.6243,195.548,-2.4286,0.8705,-0.2058
2015-05-08,2015-05-15,Regular Petrol,1,final,True,198.7538,197.7538,198.7538,201.2229,200.671,1.0,3.4691,2.9172
2015-05-08,2015-05-22,Regular Petrol,2,final,True,198.7538,195.7538,198.7538,201.8848,201.2815,3.0,6.1309,5.5276
2015-05-08,2015-05-29,Regular Petrol,3,final,True,198.7538,195.7538,198.7538,202.3825,201.8409,3.0,6.6287,6.087
2015-05-15,2015-05-22,Regular Petrol,1,final,True,197.7538,195.7538,197.7538,199.0467,198.2247,2.0,3.2928,2.4709
2015-05-15,2015-05-29,Regular Petrol,2,final,True,197.7538,195.7538,197.7538,199.7856,198.4151,2.0,4.0317,2.6612
2015-05-15,2015-06-05,Regular Petrol,3,final,True,197.7538,197.4681,197.7538,199.9586,198.2157,0.2857,2.4905,0.7476
2015-05-22,2015-05-29,Regular Petrol,1,final,True,195.7538,195.7538,195.7538,197.3879,197.0752,0.0,1.6341,1.3214
2015-05-22,2015-06-05,Regular Petrol,2,final,True,195.7538,197.4681,195.7538,197.8878,197.656,-1.7143,0.4196,0.1878
2015-05-22,2015-06-12,Regular Petrol,3,final,True,195.7538,198.0396,195.7538,198.0487,198.0142,-2.2857,0.0091,-0.0254
2015-05-29,2015-06-05,Regular Petrol,1,final,True,195.7538,197.4681,195.7538,195.7498,196.9488,-1.7143,-1.7183,-0.5194
2015-05-29,2015-06-12,Regular Petrol,2,final,True,195.7538,198.0396,195.7538,195.6883,198.0842,-2.2857,-2.3513,0.0446
2015-05-29,2015-06-19,Regular Petrol,3,final,True,195.7538,201.4681,195.7538,195.7371,199.3314,-5.7143,-5.7311,-2.1368
2015-06-05,2015-06-12,Regular Petrol,1,final,True,197.4681,198.0396,197.4681,197.9806,198.7074,-0.5714,-0.0589,0.6678
2015-06-05,2015-06-19,Regular Petrol,2,final,True,197.4681,201.4681,197.4681,198.2766,199.8592,-4.0,-3.1915,-1.6089
2015-06-05,2015-06-26,Regular Petrol,3,final,True,197.4681,202.7538,197.4681,198.2607,200.7717,-5.2857,-4.4932,-1.9822
2015-06-12,2015-06-19,Regular Petrol,1,final,True,198.0396,201.4681,198.0396,200.1928,200.2512,-3.4286,-1.2753,-1.2169
2015-06-12,2015-06-26,Regular Petrol,2,final,True,198.0396,202.7538,198.0396,200.9553,201.5559,-4.7143,-1.7985,-1.1979
2015-06-12,2015-07-03,Regular Petrol,3,final,True,198.0396,203.8909,198.0396,201.4354,202.7422,-5.8513,-2.4555,-1.1487
2015-06-19,2015-06-26,Regular Petrol,1,final,True,201.4681,202.7538,201.4681,202.7714,203.9576,-1.2857,0.0176,1.2037
2015-06-19,2015-07-03,Regular Petrol,2,final,True,201.4681,203.8909,201.4681,203.4827,206.1393,-2.4227,-0.4082,2.2485
2015-06-19,2015-07-10,Regular Petrol,3,final,True,201.4681,203.2028,201.4681,203.7197,208.021,-1.7347,0.517,4.8182
2015-06-26,2015-07-03,Regular Petrol,1,final,True,202.7538,203.8909,202.7538,202.1767,203.6523,-1.137,-1.7141,-0.2385
2015-06-26,2015-07-10,Regular Petrol,2,final,True,202.7538,203.2028,202.7538,201.862,204.7023,-0.4489,-1.3408,1.4995
2015-06-26,2015-07-17,Regular Petrol,3,final,True,202.7538,202.3457,202.7538,201.5681,205.6852,0.4082,-0.7776,3.3395
2015-07-03,2015-07-10,Regular Petrol,1,final,True,203.8909,203.2028,203.8909,203.0111,203.6467,0.6881,-0.1917,0.4439
2015-07-03,2015-07-17,Regular Petrol,2,final,True,203.8909,202.3457,203.8909,202.4597,203.5164,1.5452,0.1141,1.1707
2015-07-03,2015-07-24,Regular Petrol,3,final,True,203.8909,202.3457,203.8909,202.3097,203.6457,1.5452,-0.0359,1.3
2015-07-10,2015-07-17,Regular Petrol,1,final,True,203.2028,202.3457,203.2028,202.1361,202.205,0.8571,-0.2095,-0.1407
2015-07-10,2015-07-24,Regular Petrol,2,final,True,203.2028,202.3457,203.2028,201.7598,201.639,0.8571,-0.5859,-0.7067
2015-07-10,2015-07-31,Regular Petrol,3,final,True,203.2028,199.7742,203.2028,201.8748,201.4961,3.4286,2.1006,1.7219
2015-07-17,2015-07-24,Regular Petrol,1,final,True,202.3457,202.3457,202.3457,202.0682,201.735,0.0,-0.2775,-0.6106
2015-07-17,2015-07-31,Regular Petrol,2,final,True,202.3457,199.7742,202.3457,202.2252,201.5128,2.5714,2.451,1.7385
2015-07-17,2015-08-07,Regular Petrol,3,final,True,202.3457,198.2028,202.3457,202.2363,201.1816,4.1429,4.0335,2.9788
2015-07-24,2015-07-31,Regular Petrol,1,final,True,202.3457,199.7742,202.3457,202.0904,202.1312,2.5714,2.3162,2.357
2015-07-24,2015-08-07,Regular Petrol,2,final,True,202.3457,198.2028,202.3457,201.9223,201.9461,4.1429,3.7195,3.7433
2015-07-24,2015-08-14,Regular Petrol,3,final,True,202.3457,197.3457,202.3457,201.9639,201.9004,5.0,4.6182,4.5547
2015-07-31,2015-08-07,Regular Petrol,1,final,True,199.7742,198.2028,199.7742,198.4887,198.6773,1.5714,0.2859,0.4745
2015-07-31,2015-08-14,Regular Petrol,2,final,True,199.7742,197.3457,199.7742,198.0463,198.0994,2.4286,0.7006,0.7538
2015-07-31,2015-08-21,Regular Petrol,3,final,True,199.7742,195.9171,199.7742,197.8345,197.6335,3.8571,1.9174,1.7164
2015-08-07,2015-08-14,Regular Petrol,1,final,True,198.2028,197.3457,198.2028,197.7277,197.5968,0.8571,0.3821,0.2511
2015-08-07,2015-08-21,Regular Petrol,2,final,True,198.2028,195.9171,198.2028,197.5012,197.1137,2.2857,1.5841,1.1966
2015-08-07,2015-08-28,Regular Petrol,3,final,True,198.2028,190.3457,198.2028,197.4758,196.7525,7.8571,7.1301,6.4069
2015-08-14,2015-08-21,Regular Petrol,1,final,True,197.3457,195.9171,197.3457,196.4509,196.7945,1.4286,0.5338,0.8774
2015-08-14,2015-08-28,Regular Petrol,2,final,True,197.3457,190.3457,197.3457,196.1402,196.5961,7.0,5.7946,6.2505
2015-08-14,2015-09-04,Regular Petrol,3,final,True,197.3457,193.2028,197.3457,196.2076,196.6982,4.1429,3.0048,3.4955
2015-08-21,2015-08-28,Regular Petrol,1,final,True,195.9171,190.3457,195.9171,193.0302,193.9839,5.5714,2.6846,3.6382
2015-08-21,2015-09-04,Regular Petrol,2,final,True,195.9171,193.2028,195.9171,191.9987,193.2364,2.7143,-1.2041,0.0336
2015-08-21,2015-09-11,Regular Petrol,3,final,True,195.9171,195.4885,195.9171,191.5356,192.81,0.4286,-3.9529,-2.6785
2015-08-28,2015-09-04,Regular Petrol,1,final,True,190.3457,193.2028,190.3457,186.6301,186.8999,-2.8571,-6.5727,-6.3029
2015-08-28,2015-09-11,Regular Petrol,2,final,True,190.3457,195.4885,190.3457,185.018,184.6983,-5.1429,-10.4705,-10.7902
2015-08-28,2015-09-18,Regular Petrol,3,final,True,190.3457,196.3457,190.3457,184.4518,183.1343,-6.0,-11.8939,-13.2114
2015-09-04,2015-09-11,Regular Petrol,1,final,True,193.2028,195.4885,193.2028,195.3051,193.119,-2.2857,-0.1834,-2.3695
2015-09-04,2015-09-18,Regular Petrol,2,final,True,193.2028,196.3457,193.2028,196.3219,192.4052,-3.1429,-0.0238,-3.9405
2015-09-04,2015-09-25,Regular Petrol,3,final,True,193.2028,196.3457,193.2028,196.959,191.5173,-3.1429,0.6133,-4.8284
2015-09-11,2015-09-18,Regular Petrol,1,final,True,195.4885,196.3457,195.4885,197.0458,196.4966,-0.8571,0.7001,0.1509
2015-09-11,2015-09-25,Regular Petrol,2,final,True,195.4885,196.3457,195.4885,197.9165,197.1456,-0.8571,1.5708,0.8
2015-09-11,2015-10-02,Regular Petrol,3,final,True,195.4885,194.4711,195.4885,198.7487,197.9718,1.0174,4.2776,3.5007
2015-09-18,2015-09-25,Regular Petrol,1,final,True,196.3457,196.3457,196.3457,196.1085,196.0783,0.0,-0.2372,-0.2674
2015-09-18,2015-10-02,Regular Petrol,2,final,True,196.3457,194.4711,196.3457,196.4578,196.3637,1.8745,1.9867,1.8926
2015-09-18,2015-10-09,Regular Petrol,3,final,True,196.3457,193.0652,196.3457,195.7397,195.6433,3.2804,2.6745,2.5781
2015-09-25,2015-10-02,Regular Petrol,1,final,True,196.3457,194.4711,196.3457,197.3376,196.2348,1.8745,2.8665,1.7637
2015-09-25,2015-10-09,Regular Petrol,2,final,True,196.3457,193.0652,196.3457,196.9056,194.8914,3.2804,3.8404,1.8262
2015-09-25,2015-10-16,Regular Petrol,3,final,True,196.3457,190.2081,196.3457,197.0619,193.9707,6.1376,6.8538,3.7626
2015-10-02,2015-10-09,Regular Petrol,1,final,True,194.4711,193.0652,194.4711,193.9323,193.4039,1.4059,0.8671,0.3387
2015-10-02,2015-10-16,Regular Petrol,2,final,True,194.4711,190.2081,194.4711,194.0996,192.8283,4.263,3.8915,2.6203
2015-10-02,2015-10-23,Regular Petrol,3,final,True,194.4711,186.2081,194.4711,194.3559,192.4475,8.263,8.1478,6.2394
2015-10-09,2015-10-16,Regular Petrol,1,final,True,193.0652,190.2081,193.0652,192.3498,192.3019,2.8571,2.1417,2.0938
2015-10-09,2015-10-23,Regular Petrol,2,final,True,193.0652,186.2081,193.0652,192.2101,192.0205,6.8571,6.002,5.8124
2015-10-09,2015-10-30,Regular Petrol,3,final,True,193.0652,185.0652,193.0652,191.9626,191.6087,8.0,6.8974,6.5435
2015-10-16,2015-10-23,Regular Petrol,1,final,True,190.2081,186.2081,190.2081,188.3934,188.7529,4.0,2.1853,2.5448
2015-10-16,2015-10-30,Regular Petrol,2,final,True,190.2081,185.0652,190.2081,187.402,187.7164,5.1429,2.3368,2.6512
2015-10-16,2015-11-06,Regular Petrol,3,final,True,190.2081,185.0652,190.2081,187.1731,187.1729,5.1429,2.1078,2.1077
2015-10-23,2015-10-30,Regular Petrol,1,final,True,186.2081,185.0652,186.2081,183.3313,183.7621,1.1429,-1.7339,-1.3032
2015-10-23,2015-11-06,Regular Petrol,2,final,True,186.2081,185.0652,186.2081,182.2515,182.4166,1.1429,-2.8137,-2.6486
2015-10-23,2015-11-13,Regular Petrol,3,final,True,186.2081,185.0652,186.2081,181.9531,181.6062,1.1429,-3.1121,-3.459
2015-10-30,2015-11-06,Regular Petrol,1,final,True,185.0652,185.0652,185.0652,184.259,183.7593,0.0,-0.8062,-1.3059
2015-10-30,2015-11-13,Regular Petrol,2,final,True,185.0652,185.0652,185.0652,184.0869,182.9,0.0,-0.9784,-2.1652
2015-10-30,2015-11-20,Regular Petrol,3,final,True,185.0652,183.3509,185.0652,184.152,182.2164,1.7143,0.8011,-1.1346
2015-11-06,2015-11-13,Regular Petrol,1,final,True,185.0652,185.0652,185.0652,185.2414,184.8487,0.0,0.1761,-0.2165
2015-11-06,2015-11-20,Regular Petrol,2,final,True,185.0652,183.3509,185.0652,185.463,184.6947,1.7143,2.1121,1.3438
2015-11-06,2015-11-27,Regular Petrol,3,final,True,185.0652,183.0652,185.0652,185.7171,184.5984,2.0,2.6519,1.5332
2015-11-13,2015-11-20,Regular Petrol,1,final,True,185.0652,183.3509,185.0652,185.0752,185.0522,1.7143,1.7243,1.7012
2015-11-13,2015-11-27,Regular Petrol,2,final,True,185.0652,183.0652,185.0652,185.2343,185.1646,2.0,2.169,2.0994
2015-11-13,2015-12-04,Regular Petrol,3,final,True,185.0652,183.0652,185.0652,185.1565,185.039,2.0,2.0913,1.9738
2015-11-20,2015-11-27,Regular Petrol,1,final,True,183.3509,183.0652,183.3509,182.5085,182.7529,0.2857,-0.5567,-0.3123
2015-11-20,2015-12-04,Regular Petrol,2,final,True,183.3509,183.0652,183.3509,181.9822,182.2425,0.2857,-1.083,-0.8227
2015-11-20,2015-12-11,Regular Petrol,3,final,True,183.3509,177.9224,183.3509,181.8435,181.9403,5.4286,3.9212,4.018
2015-11-27,2015-12-04,Regular Petrol,1,final,True,183.0652,183.0652,183.0652,182.9484,182.6514,0.0,-0.1168,-0.4138
2015-11-27,2015-12-11,Regular Petrol,2,final,True,183.0652,177.9224,183.0652,182.9928,182.3132,5.1429,5.0705,4.3908
2015-11-27,2015-12-18,Regular Petrol,3,final,True,183.0652,175.7795,183.0652,183.0589,181.9921,7.2857,7.2794,6.2126
2015-12-04,2015-12-11,Regular Petrol,1,final,True,183.0652,177.9224,183.0652,182.5957,182.734,5.1429,4.6733,4.8117
2015-12-04,2015-12-18,Regular Petrol,2,final,True,183.0652,175.7795,183.0652,182.4319,182.5864,7.2857,6.6524,6.8069
2015-12-04,2015-12-25,Regular Petrol,3,final,True,183.0652,174.0652,183.0652,182.5494,182.6807,9.0,8.4842,8.6155
2015-12-11,2015-12-18,Regular Petrol,1,final,True,177.9224,175.7795,177.9224,176.46,176.7522,2.1429,0.6805,0.9727
2015-12-11,2015-12-25,Regular Petrol,2,final,True,177.9224,174.0652,177.9224,175.9959,176.2445,3.8571,1.9307,2.1793
2015-12-11,2016-01-01,Regular Petrol,3,final,True,177.9224,173.4862,177.9224,175.682,175.7704,4.4361,2.1957,2.2841
2015-12-18,2015-12-25,Regular Petrol,1,final,True,175.7795,174.0652,175.7795,175.3011,175.7213,1.7143,1.2358,1.6561
2015-12-18,2016-01-01,Regular Petrol,2,final,True,175.7795,173.4862,175.7795,174.9806,175.7042,2.2933,1.4943,2.2179
2015-12-18,2016-01-08,Regular Petrol,3,final,True,175.7795,172.7143,175.7795,174.9782,175.8875,3.0652,2.2639,3.1732
2015-12-25,2016-01-01,Regular Petrol,1,final,True,174.0652,173.4862,174.0652,172.7892,173.9157,0.579,-0.697,0.4295
2015-12-25,2016-01-08,Regular Petrol,2,final,True,174.0652,172.7143,174.0652,172.3674,174.2933,1.3509,-0.3469,1.579
2015-12-25,2016-01-15,Regular Petrol,3,final,True,174.0652,171.2857,174.0652,172.3747,175.013,2.7795,1.089,3.7272
2016-01-01,2016-01-08,Regular Petrol,1,final,True,173.4862,172.7143,173.4862,173.1225,173.7721,0.772,0.4082,1.0578
2016-01-01,2016-01-15,Regular Petrol,2,final,True,173.4862,171.2857,173.4862,173.1587,174.3787,2.2005,1.873,3.093
2016-01-01,2016-01-22,Regular Petrol,3,final,True,173.4862,168.5714,173.4862,173.0582,174.8412,4.9148,4.4868,6.2698
2016-01-08,2016-01-15,Regular Petrol,1,final,True,172.7143,171.2857,172.7143,172.9361,173.5887,1.4286,1.6504,2.303
2016-01-08,2016-01-22,Regular Petrol,2,final,True,172.7143,168.5714,172.7143,172.9155,174.2504,4.1429,4.344,5.6789
2016-01-08,2016-01-29,Regular Petrol,3,final,True,172.7143,169.0,172.7143,173.0984,175.0738,3.7143,4.0984,6.0738
2016-01-15,2016-01-22,Regular Petrol,1,final,True,171.2857,168.5714,171.2857,170.1245,171.4451,2.7143,1.5531,2.8737
2016-01-15,2016-01-29,Regular Petrol,2,final,True,171.2857,169.0,171.2857,169.7985,172.1579,2.2857,0.7985,3.1579
2016-01-15,2016-02-05,Regular Petrol,3,final,True,171.2857,170.7143,171.2857,169.6204,172.9535,0.5714,-1.0938,2.2392
2016-01-22,2016-01-29,Regular Petrol,1,final,True,168.5714,169.0,168.5714,167.3229,168.3589,-0.4286,-1.6771,-0.6411
2016-01-22,2016-02-05,Regular Petrol,2,final,True,168.5714,170.7143,168.5714,166.7336,168.5572,-2.1429,-3.9807,-2.1571
2016-01-22,2016-02-12,Regular Petrol,3,final,True,168.5714,165.1429,168.5714,166.4963,168.962,3.4286,1.3535,3.8191
2016-01-29,2016-02-05,Regular Petrol,1,final,True,169.0,170.7143,169.0,168.8369,169.578,-1.7143,-1.8774,-1.1363
2016-01-29,2016-02-12,Regular Petrol,2,final,True,169.0,165.1429,169.0,168.7859,170.2074,3.8571,3.643,5.0645
2016-01-29,2016-02-19,Regular Petrol,3,final,True,169.0,161.7143,169.0,168.9465,171.0221,7.2857,7.2322,9.3078
2016-02-05,2016-02-12,Regular Petrol,1,final,True,170.7143,165.1429,170.7143,168.9512,170.4047,5.5714,3.8083,5.2619
2016-02-05,2016-02-19,Regular Petrol,2,final,True,170.7143,161.7143,170.7143,168.377,170.899,9.0,6.6628,9.1847
2016-02-05,2016-02-26,Regular Petrol,3,final,True,170.7143,161.7143,170.7143,168.2658,171.736,9.0,6.5515,10.0217
2016-02-12,2016-02-19,Regular Petrol,1,final,True,165.1429,161.7143,165.1429,161.7473,162.5728,3.4286,0.033,0.8585
2016-02-12,2016-02-26,Regular Petrol,2,final,True,165.1429,161.7143,165.1429,160.4427,161.3946,3.4286,-1.2716,-0.3197
2016-02-12,2016-03-04,Regular Petrol,3,final,True,165.1429,164.7143,165.1429,159.7856,160.5618,0.4286,-4.9287,-4.1525
2016-02-19,2016-02-26,Regular Petrol,1,final,True,161.7143,161.7143,161.7143,162.1537,161.4601,0.0,0.4394,-0.2542
2016-02-19,2016-03-04,Regular Petrol,2,final,True,161.7143,164.7143,161.7143,162.2339,160.8965,-3.0,-2.4803,-3.8178
2016-02-19,2016-03-11,Regular Petrol,3,final,True,161.7143,168.1429,161.7143,162.4369,160.4268,-6.4286,-5.7059,-7.7161
2016-02-26,2016-03-04,Regular Petrol,1,final,True,161.7143,164.7143,161.7143,161.9275,162.7865,-3.0,-2.7868,-1.9278
2016-02-26,2016-03-11,Regular Petrol,2,final,True,161.7143,168.1429,161.7143,162.1878,163.9012,-6.4286,-5.955,-4.2417
2016-02-26,2016-03-18,Regular Petrol,3,final,True,161.7143,174.7143,161.7143,162.6662,165.2858,-13.0,-12.048,-9.4285
2016-03-04,2016-03-11,Regular Petrol,1,final,True,164.7143,168.1429,164.7143,166.3952,166.8585,-3.4286,-1.7477,-1.2843
2016-03-04,2016-03-18,Regular Petrol,2,final,True,164.7143,174.7143,164.7143,167.4945,168.754,-10.0,-7.2198,-5.9603
2016-03-04,2016-03-25,Regular Petrol,3,final,True,164.7143,174.7143,164.7143,167.4623,169.7153,-10.0,-7.252,-4.999
2016-03-11,2016-03-18,Regular Petrol,1,final,True,168.1429,174.7143,168.1429,171.5064,171.6451,-6.5714,-3.2079,-3.0692
2016-03-11,2016-03-25,Regular Petrol,2,final,True,168.1429,174.7143,168.1429,172.4675,173.3848,-6.5714,-2.2468,-1.3295
2016-03-11,2016-04-01,Regular Petrol,3,final,True,168.1429,174.0036,168.1429,173.0256,174.8586,-5.8608,-0.978,0.855
2016-03-18,2016-03-25,Regular Petrol,1,final,True,174.7143,174.7143,174.7143,175.75,176.9363,0.0,1.0357,2.222
2016-03-18,2016-04-01,Regular Petrol,2,final,True,174.7143,174.0036,174.7143,176.358,178.8848,0.7107,2.3543,4.8812
2016-03-18,2016-04-08,Regular Petrol,3,final,True,174.7143,171.3418,174.7143,176.5324,180.5441,3.3725,5.1907,9.2024
2016-03-25,2016-04-01,Regular Petrol,1,final,True,174.7143,174.0036,174.7143,175.8082,175.6836,0.7107,1.8046,1.6799
2016-03-25,2016-04-08,Regular Petrol,2,final,True,174.7143,171.3418,174.7143,176.1725,176.1664,3.3725,4.8307,4.8246
2016-03-25,2016-04-15,Regular Petrol,3,final,True,174.7143,174.9132,174.7143,176.0403,176.2174,-0.1989,1.1271,1.3042
2016-04-01,2016-04-08,Regular Petrol,1,final,True,174.0036,171.3418,174.0036,173.672,174.3107,2.6619,2.3303,2.969
2016-04-01,2016-04-15,Regular Petrol,2,final,True,174.0036,174.9132,174.0036,173.2305,174.4316,-0.9096,-1.6827,-0.4816
2016-04-01,2016-04-22,Regular Petrol,3,final,True,174.0036,174.6275,174.0036,173.3395,175.0188,-0.6239,-1.288,0.3913
2016-04-08,2016-04-15,Regular Petrol,1,final,True,171.3418,174.9132,171.3418,169.8593,170.581,-3.5714,-5.0538,-4.3322
2016-04-08,2016-04-22,Regular Petrol,2,final,True,171.3418,174.6275,171.3418,169.5154,170.6712,-3.2857,-5.1121,-3.9563
2016-04-08,2016-04-29,Regular Petrol,3,final,True,171.3418,175.4846,171.3418,169.2906,170.8377,-4.1429,-6.194,-4.6469
2016-04-15,2016-04-22,Regular Petrol,1,final,True,174.9132,174.6275,174.9132,175.9647,175.9929,0.2857,1.3373,1.3654
2016-04-15,2016-04-29,Regular Petrol,2,final,True,174.9132,175.4846,174.9132,176.3488,176.6466,-0.5714,0.8642,1.162
2016-04-15,2016-05-06,Regular Petrol,3,final,True,174.9132,176.056,174.9132,176.5693,177.2032,-1.1429,0.5133,1.1472
2016-04-22,2016-04-29,Regular Petrol,1,final,True,174.6275,175.4846,174.6275,174.0947,174.6391,-0.8571,-1.3899,-0.8455
2016-04-22,2016-05-06,Regular Petrol,2,final,True,174.6275,176.056,174.6275,173.9125,174.8754,-1.4286,-2.1435,-1.1806
2016-04-22,2016-05-13,Regular Petrol,3,final,True,174.6275,177.7703,174.6275,174.0886,175.4318,-3.1429,-3.6817,-2.3385
2016-04-29,2016-05-06,Regular Petrol,1,final,True,175.4846,176.056,175.4846,177.1719,176.6056,-0.5714,1.1159,0.5496
2016-04-29,2016-05-13,Regular Petrol,2,final,True,175.4846,177.7703,175.4846,178.1563,177.3714,-2.2857,0.386,-0.3989
2016-04-29,2016-05-20,Regular Petrol,3,final,True,175.4846,180.3418,175.4846,178.1382,177.3269,-4.8571,-2.2036,-3.0149
2016-05-06,2016-05-13,Regular Petrol,1,final,True,176.056,177.7703,176.056,176.3684,177.1587,-1.7143,-1.4019,-0.6117
2016-05-06,2016-05-20,Regular Petrol,2,final,True,176.056,180.3418,176.056,176.0395,177.6608,-4.2857,-4.3022,-2.6809
2016-05-06,2016-05-27,Regular Petrol,3,final,True,176.056,183.3418,176.056,176.3842,178.7411,-7.2857,-6.9576,-4.6007
2016-05-13,2016-05-20,Regular Petrol,1,final,True,177.7703,180.3418,177.7703,178.226,178.3716,-2.5714,-2.1158,-1.9702
2016-05-13,2016-05-27,Regular Petrol,2,final,True,177.7703,183.3418,177.7703,178.9384,179.2859,-5.5714,-4.4034,-4.0558
2016-05-13,2016-06-03,Regular Petrol,3,final,True,177.7703,185.056,177.7703,178.7395,179.4613,-7.2857,-6.3166,-5.5948
2016-05-20,2016-05-27,Regular Petrol,1,final,True,180.3418,183.3418,180.3418,182.7233,182.4026,-3.0,-0.6184,-0.9391
2016-05-20,2016-06-03,Regular Petrol,2,final,True,180.3418,185.056,180.3418,183.2854,183.1604,-4.7143,-1.7706,-1.8957
2016-05-20,2016-06-10,Regular Petrol,3,final,True,180.3418,182.9132,180.3418,183.803,183.9547,-2.5714,0.8898,1.0415
2016-05-27,2016-06-03,Regular Petrol,1,final,True,183.3418,185.056,183.3418,184.3427,184.7084,-1.7143,-0.7133,-0.3477
2016-05-27,2016-06-10,Regular Petrol,2,final,True,183.3418,182.9132,183.3418,185.0591,185.9638,0.4286,2.1459,3.0507
2016-05-27,2016-06-17,Regular Petrol,3,final,True,183.3418,180.7703,183.3418,185.2394,186.8609,2.5714,4.4691,6.0906
2016-06-03,2016-06-10,Regular Petrol,1,final,True,185.056,182.9132,185.056,185.3716,185.6546,2.1429,2.4584,2.7414
2016-06-03,2016-06-17,Regular Petrol,2,final,True,185.056,180.7703,185.056,185.3822,186.0438,4.2857,4.6119,5.2734
2016-06-03,2016-06-24,Regular Petrol,3,final,True,185.056,177.3418,185.056,185.2778,186.2963,7.7143,7.9361,8.9546
2016-06-10,2016-06-17,Regular Petrol,1,final,True,182.9132,180.7703,182.9132,181.7364,181.9842,2.1429,0.9661,1.2139
2016-06-10,2016-06-24,Regular Petrol,2,final,True,182.9132,177.3418,182.9132,181.1025,181.3284,5.5714,3.7607,3.9867
2016-06-10,2016-07-01,Regular Petrol,3,final,True,182.9132,178.8982,182.9132,180.9699,181.0354,4.015,2.0717,2.1372
2016-06-17,2016-06-24,Regular Petrol,1,final,True,180.7703,177.3418,180.7703,178.894,179.1681,3.4286,1.5522,1.8263
2016-06-17,2016-07-01,Regular Petrol,2,final,True,180.7703,178.8982,180.7703,178.2074,178.3586,1.8722,-0.6907,-0.5396
2016-06-17,2016-07-08,Regular Petrol,3,final,True,180.7703,179.6401,180.7703,178.0328,177.9314,1.1303,-1.6073,-1.7087
2016-06-24,2016-07-01,Regular Petrol,1,final,True,177.3418,178.8982,177.3418,176.9656,176.5624,-1.5564,-1.9326,-2.3358
2016-06-24,2016-07-08,Regular Petrol,2,final,True,177.3418,179.6401,177.3418,176.9327,176.0658,-2.2983,-2.7074,-3.5743
2016-06-24,2016-07-15,Regular Petrol,3,final,True,177.3418,173.3543,177.3418,177.0094,175.6674,3.9874,3.6551,2.313
2016-07-01,2016-07-08,Regular Petrol,1,final,True,178.8982,179.6401,178.8982,178.1832,178.9382,-0.7419,-1.4569,-0.7019
2016-07-01,2016-07-15,Regular Petrol,2,final,True,178.8982,173.3543,178.8982,177.9579,179.3112,5.5438,4.6035,5.9569
2016-07-01,2016-07-22,Regular Petrol,3,final,True,178.8982,173.3543,178.8982,178.0636,179.9531,5.5438,4.7093,6.5987
2016-07-08,2016-07-15,Regular Petrol,1,final,True,179.6401,173.3543,179.6401,177.8503,178.3662,6.2857,4.4959,5.0119
2016-07-08,2016-07-22,Regular Petrol,2,final,True,179.6401,173.3543,179.6401,177.2674,177.8995,6.2857,3.9131,4.5452
2016-07-08,2016-07-29,Regular Petrol,3,final,True,179.6401,169.0686,179.6401,176.991,177.5851,10.5714,7.9224,8.5165
2016-07-15,2016-07-22,Regular Petrol,1,final,True,173.3543,173.3543,173.3543,171.4148,171.0723,0.0,-1.9395,-2.282
2016-07-15,2016-07-29,Regular Petrol,2,final,True,173.3543,169.0686,173.3543,170.5376,169.4035,4.2857,1.469,0.3349
2016-07-15,2016-08-05,Regular Petrol,3,final,True,173.3543,167.3543,173.3543,170.3618,168.2025,6.0,3.0074,0.8481
2016-07-22,2016-07-29,Regular Petrol,1,final,True,173.3543,169.0686,173.3543,173.2761,172.8894,4.2857,4.2074,3.8208
2016-07-22,2016-08-05,Regular Petrol,2,final,True,173.3543,167.3543,173.3543,173.4539,172.62,6.0,6.0996,5.2657
2016-07-22,2016-08-12,Regular Petrol,3,final,True,173.3543,168.7829,173.3543,173.5908,172.3413,4.5714,4.8079,3.5584
2016-07-29,2016-08-05,Regular Petrol,1,final,True,169.0686,167.3543,169.0686,168.1235,168.5102,1.7143,0.7692,1.1559
2016-07-29,2016-08-12,Regular Petrol,2,final,True,169.0686,168.7829,169.0686,167.7447,168.3038,0.2857,-1.0382,-0.4791
2016-07-29,2016-08-19,Regular Petrol,3,final,True,169.0686,174.4972,169.0686,167.8421,168.4767,-5.4286,-6.6551,-6.0205
2016-08-05,2016-08-12,Regular Petrol,1,final,True,167.3543,168.7829,167.3543,166.2141,167.0069,-1.4286,-2.5689,-1.776
2016-08-05,2016-08-19,Regular Petrol,2,final,True,167.3543,174.4972,167.3543,165.9625,167.2873,-7.1429,-8.5347,-7.2099
2016-08-05,2016-08-26,Regular Petrol,3,final,True,167.3543,177.9258,167.3543,165.6292,167.4002,-10.5714,-12.2966,-10.5256
2016-08-12,2016-08-19,Regular Petrol,1,final,True,168.7829,174.4972,168.7829,169.4581,169.6299,-5.7143,-5.0391,-4.8673
2016-08-12,2016-08-26,Regular Petrol,2,final,True,168.7829,177.9258,168.7829,169.5479,170.0052,-9.1429,-8.3779,-7.9206
2016-08-12,2016-09-02,Regular Petrol,3,final,True,168.7829,179.7829,168.7829,169.7996,170.5204,-11.0,-9.9833,-9.2625
2016-08-19,2016-08-26,Regular Petrol,1,final,True,174.4972,177.9258,174.4972,176.5916,176.322,-3.4286,-1.3342,-1.6038
2016-08-19,2016-09-02,Regular Petrol,2,final,True,174.4972,179.7829,174.4972,177.7368,177.6156,-5.2857,-2.0461,-2.1673
2016-08-19,2016-09-09,Regular Petrol,3,final,True,174.4972,178.3543,174.4972,178.1899,178.481,-3.8571,-0.1645,0.1267
2016-08-26,2016-09-02,Regular Petrol,1,final,True,177.9258,179.7829,177.9258,179.5172,179.3103,-1.8571,-0.2657,-0.4727
2016-08-26,2016-09-09,Regular Petrol,2,final,True,177.9258,178.3543,177.9258,180.1695,180.1126,-0.4286,1.8151,1.7583
2016-08-26,2016-09-16,Regular Petrol,3,final,True,177.9258,178.3543,177.9258,180.3756,180.5897,-0.4286,2.0213,2.2354
2016-09-02,2016-09-09,Regular Petrol,1,final,True,179.7829,178.3543,179.7829,180.5743,180.1779,1.4286,2.22,1.8235
2016-09-02,2016-09-16,Regular Petrol,2,final,True,179.7829,178.3543,179.7829,180.8421,180.1925,1.4286,2.4877,1.8382
2016-09-02,2016-09-23,Regular Petrol,3,final,True,179.7829,178.3543,179.7829,180.7452,179.8734,1.4286,2.3909,1.5191
2016-09-09,2016-09-16,Regular Petrol,1,final,True,178.3543,178.3543,178.3543,178.444,177.9291,0.0,0.0896,-0.4253
2016-09-09,2016-09-23,Regular Petrol,2,final,True,178.3543,178.3543,178.3543,178.275,177.2351,0.0,-0.0793,-1.1192
2016-09-09,2016-09-30,Regular Petrol,3,final,True,178.3543,177.1593,178.3543,178.3578,176.7506,1.195,1.1985,-0.4087
2016-09-16,2016-09-23,Regular Petrol,1,final,True,178.3543,178.3543,178.3543,178.3117,177.9844,0.0,-0.0426,-0.3699
2016-09-16,2016-09-30,Regular Petrol,2,final,True,178.3543,177.1593,178.3543,178.4517,177.7813,1.195,1.2924,0.622
2016-09-16,2016-10-07,Regular Petrol,3,final,True,178.3543,177.0289,178.3543,178.503,177.5447,1.3255,1.4741,0.5159
2016-09-23,2016-09-30,Regular Petrol,1,final,True,178.3543,177.1593,178.3543,178.4342,178.1958,1.195,1.2749,1.0364
2016-09-23,2016-10-07,Regular Petrol,2,final,True,178.3543,177.0289,178.3543,178.4586,178.0229,1.3255,1.4298,0.9941
2016-09-23,2016-10-14,Regular Petrol,3,final,True,178.3543,180.886,178.3543,178.5518,177.9193,-2.5317,-2.3342,-2.9667
2016-09-30,2016-10-07,Regular Petrol,1,final,True,177.1593,177.0289,177.1593,177.6606,177.2682,0.1304,0.6317,0.2393
2016-09-30,2016-10-14,Regular Petrol,2,final,True,177.1593,180.886,177.1593,177.9643,177.2867,-3.7267,-2.9217,-3.5993
2016-09-30,2016-10-21,Regular Petrol,3,final,True,177.1593,184.886,177.1593,178.0363,177.133,-7.7267,-6.8498,-7.753
2016-10-07,2016-10-14,Regular Petrol,1,final,True,177.0289,180.886,177.0289,178.5339,178.3442,-3.8571,-2.3521,-2.5418
2016-10-07,2016-10-21,Regular Petrol,2,final,True,177.0289,184.886,177.0289,179.1415,179.0871,-7.8571,-5.7445,-5.7989
2016-10-07,2016-10-28,Regular Petrol,3,final,True,177.0289,185.1717,177.0289,179.3777,179.5792,-8.1429,-5.7941,-5.5925
2016-10-14,2016-10-21,Regular Petrol,1,final,True,180.886,184.886,180.886,182.5842,182.9948,-4.0,-2.3019,-1.8912
2016-10-14,2016-10-28,Regular Petrol,2,final,True,180.886,185.1717,180.886,183.3113,184.4948,-4.2857,-1.8604,-0.6769
2016-10-14,2016-11-04,Regular Petrol,3,final,True,180.886,184.0289,180.886,183.5485,185.6618,-3.1429,-0.4804,1.6329
2016-10-21,2016-10-28,Regular Petrol,1,final,True,184.886,185.1717,184.886,185.9719,186.333,-0.2857,0.8002,1.1613
2016-10-21,2016-11-04,Regular Petrol,2,final,True,184.886,184.0289,184.886,186.3729,187.3296,0.8571,2.344,3.3007
2016-10-21,2016-11-11,Regular Petrol,3,final,True,184.886,178.0289,184.886,186.4535,188.0823,6.8571,8.4246,10.0534
2016-10-28,2016-11-04,Regular Petrol,1,final,True,185.1717,184.0289,185.1717,185.8646,185.6423,1.1429,1.8357,1.6135
2016-10-28,2016-11-11,Regular Petrol,2,final,True,185.1717,178.0289,185.1717,186.0748,185.7728,7.1429,8.0459,7.7439
2016-10-28,2016-11-18,Regular Petrol,3,final,True,185.1717,175.1717,185.1717,186.0979,185.756,10.0,10.9262,10.5842
2016-11-04,2016-11-11,Regular Petrol,1,final,True,184.0289,178.0289,184.0289,182.3312,183.0581,6.0,4.3023,5.0292
2016-11-04,2016-11-18,Regular Petrol,2,final,True,184.0289,175.1717,184.0289,181.4972,182.5655,8.8571,6.3254,7.3937
2016-11-04,2016-11-25,Regular Petrol,3,final,True,184.0289,177.7432,184.0289,181.3899,182.6207,6.2857,3.6467,4.8776
2016-11-11,2016-11-18,Regular Petrol,1,final,True,178.0289,175.1717,178.0289,175.6832,175.8131,2.8571,0.5114,0.6414
2016-11-11,2016-11-25,Regular Petrol,2,final,True,178.0289,177.7432,178.0289,174.9012,174.6518,0.2857,-2.842,-3.0914
2016-11-11,2016-12-02,Regular Petrol,3,final,True,178.0289,180.6003,178.0289,174.5585,173.7621,-2.5714,-6.0418,-6.8383
2016-11-18,2016-11-25,Regular Petrol,1,final,True,175.1717,177.7432,175.1717,174.7899,174.8107,-2.5714,-2.9533,-2.9325
2016-11-18,2016-12-02,Regular Petrol,2,final,True,175.1717,180.6003,175.1717,174.625,174.5934,-5.4286,-5.9753,-6.0069
2016-11-18,2016-12-09,Regular Petrol,3,final,True,175.1717,184.3146,175.1717,174.8065,174.6741,-9.1429,-9.5081,-9.6404
2016-11-25,2016-12-02,Regular Petrol,1,final,True,177.7432,180.6003,177.7432,179.3688,179.5187,-2.8571,-1.2315,-1.0816
2016-11-25,2016-12-09,Regular Petrol,2,final,True,177.7432,184.3146,177.7432,180.3316,180.9793,-6.5714,-3.983,-3.3353
2016-11-25,2016-12-16,Regular Petrol,3,final,True,177.7432,187.3146,177.7432,180.7275,182.0905,-9.5714,-6.5871,-5.2241
2016-12-02,2016-12-09,Regular Petrol,1,final,True,180.6003,184.3146,180.6003,181.2887,182.2511,-3.7143,-3.0259,-2.0635
2016-12-02,2016-12-16,Regular Petrol,2,final,True,180.6003,187.3146,180.6003,181.5542,183.6407,-6.7143,-5.7604,-3.6739
2016-12-02,2016-12-23,Regular Petrol,3,final,True,180.6003,189.3146,180.6003,181.6715,184.8976,-8.7143,-7.6431,-4.417
2016-12-09,2016-12-16,Regular Petrol,1,final,True,184.3146,187.3146,184.3146,186.3405,186.0323,-3.0,-0.9741,-1.2823
2016-12-09,2016-12-23,Regular Petrol,2,final,True,184.3146,189.3146,184.3146,187.2291,187.0208,-5.0,-2.0855,-2.2938
2016-12-09,2016-12-30,Regular Petrol,3,final,True,184.3146,189.7282,184.3146,187.1786,187.219,-5.4136,-2.5496,-2.5092
2016-12-16,2016-12-23,Regular Petrol,1,final,True,187.3146,189.3146,187.3146,189.0468,188.9268,-2.0,-0.2678,-0.3878
2016-12-16,2016-12-30,Regular Petrol,2,final,True,187.3146,189.7282,187.3146,189.3706,189.4665,-2.4136,-0.3575,-0.2617
2016-12-16,2017-01-06,Regular Petrol,3,final,True,187.3146,188.4952,187.3146,189.7805,190.1529,-1.1806,1.2852,1.6577
2016-12-23,2016-12-30,Regular Petrol,1,final,True,189.3146,189.7282,189.3146,191.2803,190.6652,-0.4136,1.5522,0.937
2016-12-23,2017-01-06,Regular Petrol,2,final,True,189.3146,188.4952,189.3146,192.4062,191.6053,0.8194,3.911,3.1101
2016-12-23,2017-01-13,Regular Petrol,3,final,True,189.3146,189.0667,189.3146,192.4406,191.7439,0.2479,3.3739,2.6773
2016-12-30,2017-01-06,Regular Petrol,1,final,True,189.7282,188.4952,189.7282,191.8103,191.6921,1.2329,3.3151,3.1969
2016-12-30,2017-01-13,Regular Petrol,2,final,True,189.7282,189.0667,189.7282,192.2284,192.5045,0.6615,3.1617,3.4378
2016-12-30,2017-01-20,Regular Petrol,3,final,True,189.7282,191.6381,189.7282,192.4654,193.2085,-1.9099,0.8273,1.5704
2017-01-06,2017-01-13,Regular Petrol,1,final,True,188.4952,189.0667,188.4952,188.6825,189.5507,-0.5714,-0.3841,0.484
2017-01-06,2017-01-20,Regular Petrol,2,final,True,188.4952,191.6381,188.4952,188.7759,190.5305,-3.1429,-2.8622,-1.1076
2017-01-06,2017-01-27,Regular Petrol,3,final,True,188.4952,192.0667,188.4952,188.6726,191.3808,-3.5714,-3.3941,-0.6859
2017-01-13,2017-01-20,Regular Petrol,1,final,True,189.0667,191.6381,189.0667,188.2954,189.6379,-2.5714,-3.3427,-2.0002
2017-01-13,2017-01-27,Regular Petrol,2,final,True,189.0667,192.0667,189.0667,187.8208,190.3774,-3.0,-4.2459,-1.6892
2017-01-13,2017-02-03,Regular Petrol,3,final,True,189.0667,192.0667,189.0667,187.67,191.3409,-3.0,-4.3967,-0.7258
2017-01-20,2017-01-27,Regular Petrol,1,final,True,191.6381,192.0667,191.6381,190.9357,191.6686,-0.4286,-1.1309,-0.398
2017-01-20,2017-02-03,Regular Petrol,2,final,True,191.6381,192.0667,191.6381,190.6965,192.0013,-0.4286,-1.3702,-0.0654
2017-01-20,2017-02-10,Regular Petrol,3,final,True,191.6381,190.9238,191.6381,190.6955,192.5425,0.7143,-0.2283,1.6187
2017-01-27,2017-02-03,Regular Petrol,1,final,True,192.0667,192.0667,192.0667,191.337,191.3783,0.0,-0.7297,-0.6883
2017-01-27,2017-02-10,Regular Petrol,2,final,True,192.0667,190.9238,192.0667,191.1215,191.0592,1.1429,0.1977,0.1354
2017-01-27,2017-02-17,Regular Petrol,3,final,True,192.0667,190.0667,192.0667,191.2096,191.0093,2.0,1.1429,0.9426
2017-02-03,2017-02-10,Regular Petrol,1,final,True,192.0667,190.9238,192.0667,192.092,191.551,1.1429,1.1682,0.6272
2017-02-03,2017-02-17,Regular Petrol,2,final,True,192.0667,190.0667,192.0667,192.2847,191.2226,2.0,2.218,1.156
2017-02-03,2017-02-24,Regular Petrol,3,final,True,192.0667,190.0667,192.0667,192.3099,190.7584,2.0,2.2432,0.6917
2017-02-10,2017-02-17,Regular Petrol,1,final,True,190.9238,190.0667,190.9238,191.2326,190.9748,0.8571,1.1659,0.9081
2017-02-10,2017-02-24,Regular Petrol,2,final,True,190.9238,190.0667,190.9238,191.3074,190.8508,0.8571,1.2407,0.7842
2017-02-10,2017-03-03,Regular Petrol,3,final,True,190.9238,190.0667,190.9238,191.4521,190.78,0.8571,1.3855,0.7133
2017-02-17,2017-02-24,Regular Petrol,1,final,True,190.0667,190.0667,190.0667,190.41,190.4593,0.0,0.3433,0.3926
2017-02-17,2017-03-03,Regular Petrol,2,final,True,190.0667,190.0667,190.0667,190.6682,190.8126,0.0,0.6015,0.7459
2017-02-17,2017-03-10,Regular Petrol,3,final,True,190.0667,190.0667,190.0667,190.7041,190.9906,0.0,0.6374,0.9239
2017-02-24,2017-03-03,Regular Petrol,1,final,True,190.0667,190.0667,190.0667,189.4124,190.2094,0.0,-0.6543,0.1427
2017-02-24,2017-03-10,Regular Petrol,2,final,True,190.0667,190.0667,190.0667,189.0531,190.4826,0.0,-1.0136,0.416
2017-02-24,2017-03-17,Regular Petrol,3,final,True,190.0667,188.3524,190.0667,189.0371,190.991,1.7143,0.6847,2.6386
2017-03-03,2017-03-10,Regular Petrol,1,final,True,190.0667,190.0667,190.0667,189.1003,189.4695,0.0,-0.9663,-0.5972
2017-03-03,2017-03-17,Regular Petrol,2,final,True,190.0667,188.3524,190.0667,188.822,189.3104,1.7143,0.4696,0.9581
2017-03-03,2017-03-24,Regular Petrol,3,final,True,190.0667,187.0667,190.0667,188.6855,189.2211,3.0,1.6188,2.1544
2017-03-10,2017-03-17,Regular Petrol,1,final,True,190.0667,188.3524,190.0667,190.1836,189.8335,1.7143,1.8312,1.4811
2017-03-10,2017-03-24,Regular Petrol,2,final,True,190.0667,187.0667,190.0667,190.2202,189.539,3.0,3.1535,2.4724
2017-03-10,2017-03-31,Regular Petrol,3,final,True,190.0667,187.6665,190.0667,190.3715,189.3536,2.4002,2.7051,1.6872
2017-03-17,2017-03-24,Regular Petrol,1,final,True,188.3524,187.0667,188.3524,187.1842,187.5482,1.2857,0.1175,0.4815
2017-03-17,2017-03-31,Regular Petrol,2,final,True,188.3524,187.6665,188.3524,186.8078,187.2513,0.6859,-0.8586,-0.4152
2017-03-17,2017-04-07,Regular Petrol,3,final,True,188.3524,189.1659,188.3524,186.8369,187.2767,-0.8136,-2.329,-1.8893
2017-03-24,2017-03-31,Regular Petrol,1,final,True,187.0667,187.6665,187.0667,186.4698,186.3693,-0.5998,-1.1967,-1.2972
2017-03-24,2017-04-07,Regular Petrol,2,final,True,187.0667,189.1659,187.0667,186.4026,186.067,-2.0993,-2.7634,-3.0989
2017-03-24,2017-04-14,Regular Petrol,3,final,True,187.0667,191.1659,187.0667,186.2324,185.6118,-4.0993,-4.9336,-5.5541
2017-03-31,2017-04-07,Regular Petrol,1,final,True,187.6665,189.1659,187.6665,188.3037,187.9915,-1.4995,-0.8622,-1.1744
2017-03-31,2017-04-14,Regular Petrol,2,final,True,187.6665,191.1659,187.6665,188.4421,187.9305,-3.4995,-2.7239,-3.2355
2017-03-31,2017-04-21,Regular Petrol,3,final,True,187.6665,191.1659,187.6665,188.7098,187.996,-3.4995,-2.4561,-3.1699
2017-04-07,2017-04-14,Regular Petrol,1,final,True,189.1659,191.1659,189.1659,190.7483,190.2659,-2.0,-0.4177,-0.9
2017-04-07,2017-04-21,Regular Petrol,2,final,True,189.1659,191.1659,189.1659,191.6458,191.0126,-2.0,0.4799,-0.1533
2017-04-07,2017-04-28,Regular Petrol,3,final,True,189.1659,191.1659,189.1659,191.9013,191.3358,-2.0,0.7353,0.1698
2017-04-14,2017-04-21,Regular Petrol,1,final,True,191.1659,191.1659,191.1659,192.8175,192.845,0.0,1.6516,1.679
2017-04-14,2017-04-28,Regular Petrol,2,final,True,191.1659,191.1659,191.1659,193.4015,193.8497,0.0,2.2356,2.6837
2017-04-14,2017-05-05,Regular Petrol,3,final,True,191.1659,191.1659,191.1659,193.5785,194.5437,0.0,2.4126,3.3778
2017-04-21,2017-04-28,Regular Petrol,1,final,True,191.1659,191.1659,191.1659,190.9792,191.6619,0.0,-0.1867,0.4959
2017-04-21,2017-05-05,Regular Petrol,2,final,True,191.1659,191.1659,191.1659,190.8217,192.1057,0.0,-0.3442,0.9398
2017-04-21,2017-05-12,Regular Petrol,3,final,True,191.1659,187.1659,191.1659,190.7105,192.5401,4.0,3.5446,5.3741
2017-04-28,2017-05-05,Regular Petrol,1,final,True,191.1659,191.1659,191.1659,190.0674,190.6062,0.0,-1.0985,-0.5597
2017-04-28,2017-05-12,Regular Petrol,2,final,True,191.1659,187.1659,191.1659,189.5428,190.3465,4.0,2.3769,3.1805
2017-04-28,2017-05-19,Regular Petrol,3,final,True,191.1659,187.1659,191.1659,189.3616,190.3038,4.0,2.1956,3.1378
2017-05-05,2017-05-12,Regular Petrol,1,final,True,191.1659,187.1659,191.1659,189.437,189.6482,4.0,2.2711,2.4822
2017-05-05,2017-05-19,Regular Petrol,2,final,True,191.1659,187.1659,191.1659,188.7263,188.739,4.0,1.5603,1.573
2017-05-05,2017-05-26,Regular Petrol,3,final,True,191.1659,187.1659,191.1659,188.6701,188.3379,4.0,1.5042,1.172
2017-05-12,2017-05-19,Regular Petrol,1,final,True,187.1659,187.1659,187.1659,186.9297,185.8574,0.0,-0.2362,-1.3086
2017-05-12,2017-05-26,Regular Petrol,2,final,True,187.1659,187.1659,187.1659,187.0808,184.9014,0.0,-0.0851,-2.2645
2017-05-12,2017-06-02,Regular Petrol,3,final,True,187.1659,187.1659,187.1659,187.1558,183.9169,0.0,-0.0102,-3.249
2017-05-19,2017-05-26,Regular Petrol,1,final,True,187.1659,187.1659,187.1659,188.1144,187.9392,0.0,0.9485,0.7732
2017-05-19,2017-06-02,Regular Petrol,2,final,True,187.1659,187.1659,187.1659,188.5357,188.4219,0.0,1.3698,1.256
2017-05-19,2017-06-09,Regular Petrol,3,final,True,187.1659,187.1659,187.1659,188.8629,188.8821,0.0,1.697,1.7162
2017-05-26,2017-06-02,Regular Petrol,1,final,True,187.1659,187.1659,187.1659,187.5285,188.0792,0.0,0.3626,0.9133
2017-05-26,2017-06-09,Regular Petrol,2,final,True,187.1659,187.1659,187.1659,187.8309,188.9912,0.0,0.665,1.8252
2017-05-26,2017-06-16,Regular Petrol,3,final,True,187.1659,180.4516,187.1659,187.8648,189.6797,6.7143,7.4131,9.2281
2017-06-02,2017-06-09,Regular Petrol,1,final,True,187.1659,187.1659,187.1659,186.405,187.4052,0.0,-0.761,0.2392
2017-06-02,2017-06-16,Regular Petrol,2,final,True,187.1659,180.4516,187.1659,185.977,187.7742,6.7143,5.5254,7.3226
2017-06-02,2017-06-23,Regular Petrol,3,final,True,187.1659,172.8802,187.1659,185.8058,188.2477,14.2857,12.9256,15.3675
2017-06-09,2017-06-16,Regular Petrol,1,final,True,187.1659,180.4516,187.1659,185.2205,186.026,6.7143,4.7689,5.5743
2017-06-09,2017-06-23,Regular Petrol,2,final,True,187.1659,172.8802,187.1659,184.383,185.4809,14.2857,11.5028,12.6007
2017-06-09,2017-06-30,Regular Petrol,3,final,True,187.1659,171.8341,187.1659,184.1687,185.3538,15.3319,12.3347,13.5198
2017-06-16,2017-06-23,Regular Petrol,1,final,True,180.4516,172.8802,180.4516,178.4378,178.3369,7.5714,5.5576,5.4567
2017-06-16,2017-06-30,Regular Petrol,2,final,True,180.4516,171.8341,180.4516,177.7201,177.0406,8.6176,5.8861,5.2066
2017-06-16,2017-07-07,Regular Petrol,3,final,True,180.4516,173.5043,180.4516,177.6207,176.1999,6.9473,4.1163,2.6956
2017-06-23,2017-06-30,Regular Petrol,1,final,True,172.8802,171.8341,172.8802,171.3218,171.9624,1.0462,-0.5122,0.1283
2017-06-23,2017-07-07,Regular Petrol,2,final,True,172.8802,173.5043,172.8802,170.852,171.8087,-0.6241,-2.6524,-1.6957
2017-06-23,2017-07-14,Regular Petrol,3,final,True,172.8802,173.5043,172.8802,170.8646,172.0317,-0.6241,-2.6397,-1.4727
2017-06-30,2017-07-07,Regular Petrol,1,final,True,171.8341,173.5043,171.8341,171.7504,173.1239,-1.6703,-1.754,-0.3805
2017-06-30,2017-07-14,Regular Petrol,2,final,True,171.8341,173.5043,171.8341,171.9349,174.6674,-1.6703,-1.5695,1.163
2017-06-30,2017-07-21,Regular Petrol,3,final,True,171.8341,173.5043,171.8341,172.0575,176.1637,-1.6703,-1.4469,2.6594
2017-07-07,2017-07-14,Regular Petrol,1,final,True,173.5043,173.5043,173.5043,174.4405,175.8884,0.0,0.9361,2.384
2017-07-07,2017-07-21,Regular Petrol,2,final,True,173.5043,173.5043,173.5043,174.8977,177.9705,0.0,1.3934,4.4661
2017-07-07,2017-07-28,Regular Petrol,3,final,True,173.5043,175.5043,173.5043,175.1469,179.9008,-2.0,-0.3574,4.3964
2017-07-14,2017-07-21,Regular Petrol,1,final,True,173.5043,173.5043,173.5043,173.7612,175.2506,0.0,0.2568,1.7462
2017-07-14,2017-07-28,Regular Petrol,2,final,True,173.5043,175.5043,173.5043,173.9214,176.9187,-2.0,-1.583,1.4143
2017-07-14,2017-08-04,Regular Petrol,3,final,True,173.5043,178.9329,173.5043,173.928,178.4383,-5.4286,-5.0049,-0.4946
2017-07-21,2017-07-28,Regular Petrol,1,final,True,173.5043,175.5043,173.5043,174.3845,175.4901,-2.0,-1.1198,-0.0143
2017-07-21,2017-08-04,Regular Petrol,2,final,True,173.5043,178.9329,173.5043,174.7068,177.0675,-5.4286,-4.2261,-1.8654
2017-07-21,2017-08-11,Regular Petrol,3,final,True,173.5043,182.7901,173.5043,174.7048,178.3579,-9.2857,-8.0853,-4.4322
2017-07-28,2017-08-04,Regular Petrol,1,final,True,175.5043,178.9329,175.5043,175.6086,177.2554,-3.4286,-3.3243,-1.6775
2017-07-28,2017-08-11,Regular Petrol,2,final,True,175.5043,182.7901,175.5043,175.5124,178.8007,-7.2857,-7.2777,-3.9894
2017-07-28,2017-08-18,Regular Petrol,3,final,True,175.5043,184.5043,175.5043,175.6489,180.557,-9.0,-8.8555,-3.9474
2017-08-04,2017-08-11,Regular Petrol,1,final,True,178.9329,182.7901,178.9329,180.1759,180.8981,-3.8571,-2.6141,-1.892
2017-08-04,2017-08-18,Regular Petrol,2,final,True,178.9329,184.5043,178.9329,180.9099,182.5948,-5.5714,-3.5944,-1.9095
2017-08-04,2017-08-25,Regular Petrol,3,final,True,178.9329,185.6472,178.9329,180.968,183.7709,-6.7143,-4.6792,-1.8763
2017-08-11,2017-08-18,Regular Petrol,1,final,True,182.7901,184.5043,182.7901,184.5069,185.1044,-1.7143,0.0026,0.6
2017-08-11,2017-08-25,Regular Petrol,2,final,True,182.7901,185.6472,182.7901,185.0088,186.5537,-2.8571,-0.6384,0.9065
2017-08-11,2017-09-01,Regular Petrol,3,final,True,182.7901,188.6472,182.7901,185.3642,187.9439,-5.8571,-3.283,-0.7033
2017-08-18,2017-08-25,Regular Petrol,1,final,True,184.5043,185.6472,184.5043,185.11,185.7105,-1.1429,-0.5372,0.0633
2017-08-18,2017-09-01,Regular Petrol,2,final,True,184.5043,188.6472,184.5043,185.5103,186.8182,-4.1429,-3.1369,-1.829
2017-08-18,2017-09-08,Regular Petrol,3,final,True,184.5043,191.6472,184.5043,185.4714,187.5771,-7.1429,-6.1758,-4.0702
2017-08-25,2017-09-01,Regular Petrol,1,final,True,185.6472,188.6472,185.6472,186.4832,186.7419,-3.0,-2.164,-1.9053
2017-08-25,2017-09-08,Regular Petrol,2,final,True,185.6472,191.6472,185.6472,186.6355,187.3299,-6.0,-5.0117,-4.3173
2017-08-25,2017-09-15,Regular Petrol,3,final,True,185.6472,192.5043,185.6472,186.6365,187.778,-6.8571,-5.8679,-4.7263
2017-09-01,2017-09-08,Regular Petrol,1,final,True,188.6472,191.6472,188.6472,189.5874,189.7352,-3.0,-2.0598,-1.912
2017-09-01,2017-09-15,Regular Petrol,2,final,True,188.6472,192.5043,188.6472,189.9374,190.4018,-3.8571,-2.567,-2.1025
2017-09-01,2017-09-22,Regular Petrol,3,final,True,188.6472,192.5043,188.6472,190.1425,191.0041,-3.8571,-2.3618,-1.5002
2017-09-08,2017-09-15,Regular Petrol,1,final,True,191.6472,192.5043,191.6472,192.6423,192.5224,-0.8571,0.1379,0.0181
2017-09-08,2017-09-22,Regular Petrol,2,final,True,191.6472,192.5043,191.6472,193.1296,193.0982,-0.8571,0.6253,0.5939
2017-09-08,2017-09-29,Regular Petrol,3,final,True,191.6472,192.1118,191.6472,193.2867,193.4505,-0.4646,1.1749,1.3387
2017-09-15,2017-09-22,Regular Petrol,1,final,True,192.5043,192.5043,192.5043,192.9982,192.8354,0.0,0.4939,0.331
2017-09-15,2017-09-29,Regular Petrol,2,final,True,192.5043,192.1118,192.5043,193.158,192.9397,0.3925,1.0462,0.8278
2017-09-15,2017-10-06,Regular Petrol,3,final,True,192.5043,189.7565,192.5043,193.1811,192.9303,2.7478,3.4246,3.1738
2017-09-22,2017-09-29,Regular Petrol,1,final,True,192.5043,192.1118,192.5043,192.3499,192.2349,0.3925,0.2381,0.1231
2017-09-22,2017-10-06,Regular Petrol,2,final,True,192.5043,189.7565,192.5043,192.2354,191.9656,2.7478,2.4789,2.2091
2017-09-22,2017-10-13,Regular Petrol,3,final,True,192.5043,188.328,192.5043,192.1796,191.7257,4.1764,3.8516,3.3977
2017-09-29,2017-10-06,Regular Petrol,1,final,True,192.1118,189.7565,192.1118,192.4328,191.9902,2.3553,2.6763,2.2337
2017-09-29,2017-10-13,Regular Petrol,2,final,True,192.1118,188.328,192.1118,192.5662,191.7394,3.7839,4.2383,3.4115
2017-09-29,2017-10-20,Regular Petrol,3,final,True,192.1118,187.7565,192.1118,192.6503,191.4653,4.3553,4.8938,3.7088
2017-10-06,2017-10-13,Regular Petrol,1,final,True,189.7565,188.328,189.7565,189.3344,189.4235,1.4286,1.0064,1.0956
2017-10-06,2017-10-20,Regular Petrol,2,final,True,189.7565,187.7565,189.7565,189.1715,189.2651,2.0,1.4149,1.5085
2017-10-06,2017-10-27,Regular Petrol,3,final,True,189.7565,187.7565,189.7565,189.2438,189.3117,2.0,1.4873,1.5552
2017-10-13,2017-10-20,Regular Petrol,1,final,True,188.328,187.7565,188.328,188.5282,188.6275,0.5714,0.7717,0.8709
2017-10-13,2017-10-27,Regular Petrol,2,final,True,188.328,187.7565,188.328,188.7566,188.9979,0.5714,1.0001,1.2414
2017-10-13,2017-11-03,Regular Petrol,3,final,True,188.328,192.6137,188.328,188.7112,189.1335,-4.2857,-3.9024,-3.4802
2017-10-20,2017-10-27,Regular Petrol,1,final,True,187.7565,187.7565,187.7565,188.4439,188.8877,0.0,0.6873,1.1312
2017-10-20,2017-11-03,Regular Petrol,2,final,True,187.7565,192.6137,187.7565,188.5965,189.6123,-4.8571,-4.0171,-3.0014
2017-10-20,2017-11-10,Regular Petrol,3,final,True,187.7565,196.8994,187.7565,188.8203,190.4225,-9.1429,-8.0791,-6.4768
2017-10-27,2017-11-03,Regular Petrol,1,final,True,187.7565,192.6137,187.7565,189.0401,189.5551,-4.8571,-3.5736,-3.0586
2017-10-27,2017-11-10,Regular Petrol,2,final,True,187.7565,196.8994,187.7565,189.7539,191.0148,-9.1429,-7.1454,-5.8845
2017-10-27,2017-11-17,Regular Petrol,3,final,True,187.7565,197.7565,187.7565,189.9098,192.0617,-10.0,-7.8467,-5.6948
2017-11-03,2017-11-10,Regular Petrol,1,final,True,192.6137,196.8994,192.6137,194.6726,195.5233,-4.2857,-2.2268,-1.3761
2017-11-03,2017-11-17,Regular Petrol,2,final,True,192.6137,197.7565,192.6137,195.4241,197.535,-5.1429,-2.3325,-0.2215
2017-11-03,2017-11-24,Regular Petrol,3,final,True,192.6137,197.7565,192.6137,195.6883,199.1907,-5.1429,-2.0683,1.4341
2017-11-10,2017-11-17,Regular Petrol,1,final,True,196.8994,197.7565,196.8994,198.8734,199.4018,-0.8571,1.1169,1.6452
2017-11-10,2017-11-24,Regular Petrol,2,final,True,196.8994,197.7565,196.8994,199.6748,201.1039,-0.8571,1.9183,3.3474
2017-11-10,2017-12-01,Regular Petrol,3,final,True,196.8994,199.7565,196.8994,199.854,202.3429,-2.8571,0.0975,2.5863
2017-11-17,2017-11-24,Regular Petrol,1,final,True,197.7565,197.7565,197.7565,198.1716,198.9028,0.0,0.4151,1.1463
2017-11-17,2017-12-01,Regular Petrol,2,final,True,197.7565,199.7565,197.7565,198.1801,199.7262,-2.0,-1.5764,-0.0303
2017-11-17,2017-12-08,Regular Petrol,3,final,True,197.7565,199.7565,197.7565,198.1304,200.4926,-2.0,-1.6261,0.7361
2017-11-24,2017-12-01,Regular Petrol,1,final,True,197.7565,199.7565,197.7565,198.1959,198.5151,-2.0,-1.5606,-1.2414
2017-11-24,2017-12-08,Regular Petrol,2,final,True,197.7565,199.7565,197.7565,198.3316,199.0564,-2.0,-1.4249,-0.7001
2017-11-24,2017-12-15,Regular Petrol,3,final,True,197.7565,196.8994,197.7565,198.2378,199.4027,0.8571,1.3384,2.5033
2017-12-01,2017-12-08,Regular Petrol,1,final,True,199.7565,199.7565,199.7565,199.8863,200.4987,0.0,0.1298,0.7422
2017-12-01,2017-12-15,Regular Petrol,2,final,True,199.7565,196.8994,199.7565,199.7952,201.0517,2.8571,2.8958,4.1523
2017-12-01,2017-12-22,Regular Petrol,3,final,True,199.7565,195.7565,199.7565,199.9626,201.8562,4.0,4.2061,6.0997
2017-12-08,2017-12-15,Regular Petrol,1,final,True,199.7565,196.8994,199.7565,199.1062,199.5233,2.8571,2.2068,2.6239
2017-12-08,2017-12-22,Regular Petrol,2,final,True,199.7565,195.7565,199.7565,199.0331,199.7499,4.0,3.2766,3.9934
2017-12-08,2017-12-29,Regular Petrol,3,final,True,199.7565,195.7565,199.7565,198.935,199.9545,4.0,3.1785,4.1979
2017-12-15,2017-12-22,Regular Petrol,1,final,True,196.8994,195.7565,196.8994,196.7316,196.8466,1.1429,0.9751,1.0901
2017-12-15,2017-12-29,Regular Petrol,2,final,True,196.8994,195.7565,196.8994,196.5916,196.8076,1.1429,0.8351,1.0511
2017-12-15,2018-01-05,Regular Petrol,3,final,True,196.8994,201.2444,196.8994,196.5688,196.8396,-4.3451,-4.6757,-4.4049
2017-12-22,2017-12-29,Regular Petrol,1,final,True,195.7565,195.7565,195.7565,195.0045,195.8261,0.0,-0.752,0.0695
2017-12-22,2018-01-05,Regular Petrol,2,final,True,195.7565,201.2444,195.7565,194.7171,196.1942,-5.4879,-6.5274,-5.0502
2017-12-22,2018-01-12,Regular Petrol,3,final,True,195.7565,202.1016,195.7565,194.7516,196.8304,-6.3451,-7.35,-5.2712
2017-12-29,2018-01-05,Regular Petrol,1,final,True,195.7565,201.2444,195.7565,195.3363,195.9798,-5.4879,-5.9082,-5.2646
2017-12-29,2018-01-12,Regular Petrol,2,final,True,195.7565,202.1016,195.7565,195.3151,196.5216,-6.3451,-6.7865,-5.58
2017-12-29,2018-01-19,Regular Petrol,3,final,True,195.7565,203.2444,195.7565,195.2767,197.0363,-7.4879,-7.9678,-6.2081
2018-01-05,2018-01-12,Regular Petrol,1,final,True,201.2444,202.1016,201.2444,201.6671,202.0475,-0.8571,-0.4345,-0.054
2018-01-05,2018-01-19,Regular Petrol,2,final,True,201.2444,203.2444,201.2444,201.8253,202.6625,-2.0,-1.4192,-0.582
2018-01-05,2018-01-26,Regular Petrol,3,final,True,201.2444,203.2444,201.2444,202.0015,203.3042,-2.0,-1.2429,0.0597
2018-01-12,2018-01-19,Regular Petrol,1,final,True,202.1016,203.2444,202.1016,202.4878,202.2081,-1.1429,-0.7567,-1.0364
2018-01-12,2018-01-26,Regular Petrol,2,final,True,202.1016,203.2444,202.1016,202.7617,202.2563,-1.1429,-0.4828,-0.9882
2018-01-12,2018-02-02,Regular Petrol,3,final,True,202.1016,203.2444,202.1016,202.8919,202.2082,-1.1429,-0.3526,-1.0362
2018-01-19,2018-01-26,Regular Petrol,1,final,True,203.2444,203.2444,203.2444,203.4376,203.188,0.0,0.1931,-0.0564
2018-01-19,2018-02-02,Regular Petrol,2,final,True,203.2444,203.2444,203.2444,203.5345,203.0662,0.0,0.2901,-0.1783
2018-01-19,2018-02-09,Regular Petrol,3,final,True,203.2444,202.3873,203.2444,203.5348,202.8455,0.8571,1.1475,0.4582
2018-01-26,2018-02-02,Regular Petrol,1,final,True,203.2444,203.2444,203.2444,203.5663,203.0244,0.0,0.3219,-0.2201
2018-01-26,2018-02-09,Regular Petrol,2,final,True,203.2444,202.3873,203.2444,203.6624,202.6206,0.8571,1.2751,0.2333
2018-01-26,2018-02-16,Regular Petrol,3,final,True,203.2444,198.9587,203.2444,203.7087,202.1705,4.2857,4.75,3.2117
2018-02-02,2018-02-09,Regular Petrol,1,final,True,203.2444,202.3873,203.2444,203.8583,203.3135,0.8571,1.471,0.9262
2018-02-02,2018-02-16,Regular Petrol,2,final,True,203.2444,198.9587,203.2444,204.1252,203.1417,4.2857,5.1665,4.1829
2018-02-02,2018-02-23,Regular Petrol,3,final,True,203.2444,197.2444,203.2444,204.2775,202.9069,6.0,7.033,5.6625
2018-02-09,2018-02-16,Regular Petrol,1,final,True,202.3873,198.9587,202.3873,201.7908,201.8772,3.4286,2.8321,2.9184
2018-02-09,2018-02-23,Regular Petrol,2,final,True,202.3873,197.2444,202.3873,201.5731,201.6265,5.1429,4.3287,4.382
2018-02-09,2018-03-02,Regular Petrol,3,final,True,202.3873,197.2444,202.3873,201.533,201.5078,5.1429,4.2885,4.2634
2018-02-16,2018-02-23,Regular Petrol,1,final,True,198.9587,197.2444,198.9587,196.8551,197.1964,1.7143,-0.3894,-0.0481
2018-02-16,2018-03-02,Regular Petrol,2,final,True,198.9587,197.2444,198.9587,196.0104,196.2734,1.7143,-1.2341,-0.9711
2018-02-16,2018-03-09,Regular Petrol,3,final,True,198.9587,197.2444,198.9587,195.6672,195.6697,1.7143,-1.5773,-1.5747
2018-02-23,2018-03-02,Regular Petrol,1,final,True,197.2444,197.2444,197.2444,196.7428,196.372,0.0,-0.5017,-0.8725
2018-02-23,2018-03-09,Regular Petrol,2,final,True,197.2444,197.2444,197.2444,196.5454,195.6902,0.0,-0.699,-1.5542
2018-02-23,2018-03-16,Regular Petrol,3,final,True,197.2444,197.2444,197.2444,196.5785,195.1858,0.0,-0.6659,-2.0587
2018-03-02,2018-03-09,Regular Petrol,1,final,True,197.2444,197.2444,197.2444,198.023,197.7448,0.0,0.7786,0.5003
2018-03-02,2018-03-16,Regular Petrol,2,final,True,197.2444,197.2444,197.2444,198.4735,198.0581,0.0,1.229,0.8137
2018-03-02,2018-03-23,Regular Petrol,3,final,True,197.2444,197.2444,197.2444,198.9284,198.4712,0.0,1.684,1.2268
2018-03-09,2018-03-16,Regular Petrol,1,final,True,197.2444,197.2444,197.2444,197.1638,197.6682,0.0,-0.0806,0.4237
2018-03-09,2018-03-23,Regular Petrol,2,final,True,197.2444,197.2444,197.2444,197.3935,198.3933,0.0,0.149,1.1489
2018-03-09,2018-03-30,Regular Petrol,3,final,True,197.2444,198.5441,197.2444,197.3838,198.9107,-1.2996,-1.1602,0.3667
2018-03-16,2018-03-23,Regular Petrol,1,final,True,197.2444,197.2444,197.2444,197.2261,197.5681,0.0,-0.0183,0.3236
2018-03-16,2018-03-30,Regular Petrol,2,final,True,197.2444,198.5441,197.2444,197.1088,197.7768,-1.2996,-1.4353,-0.7672
2018-03-16,2018-04-06,Regular Petrol,3,final,True,197.2444,194.3418,197.2444,196.9348,197.8504,2.9027,2.593,3.5086
2018-03-23,2018-03-30,Regular Petrol,1,final,True,197.2444,198.5441,197.2444,198.8913,198.5392,-1.2996,0.3473,-0.0049
2018-03-23,2018-04-06,Regular Petrol,2,final,True,197.2444,194.3418,197.2444,199.4798,199.046,2.9027,5.1381,4.7042
2018-03-23,2018-04-13,Regular Petrol,3,final,True,197.2444,196.056,197.2444,199.8049,199.3945,1.1884,3.7489,3.3384
2018-03-30,2018-04-06,Regular Petrol,1,final,True,198.5441,194.3418,198.5441,199.1363,199.8805,4.2023,4.7946,5.5387
2018-03-30,2018-04-13,Regular Petrol,2,final,True,198.5441,196.056,198.5441,199.4647,201.0602,2.488,3.4086,5.0042
2018-03-30,2018-04-20,Regular Petrol,3,final,True,198.5441,197.3418,198.5441,199.6995,202.2291,1.2023,2.3578,4.8874
2018-04-06,2018-04-13,Regular Petrol,1,final,True,194.3418,196.056,194.3418,194.7276,195.2863,-1.7143,-1.3285,-0.7697
2018-04-06,2018-04-20,Regular Petrol,2,final,True,194.3418,197.3418,194.3418,194.9867,196.194,-3.0,-2.355,-1.1478
2018-04-06,2018-04-27,Regular Petrol,3,final,True,194.3418,203.3418,194.3418,194.7503,196.6391,-9.0,-8.5914,-6.7026
2018-04-13,2018-04-20,Regular Petrol,1,final,True,196.056,197.3418,196.056,196.5556,197.9485,-1.2857,-0.7861,0.6067
2018-04-13,2018-04-27,Regular Petrol,2,final,True,196.056,203.3418,196.056,196.4171,199.2807,-7.2857,-6.9247,-4.0611
2018-04-13,2018-05-04,Regular Petrol,3,final,True,196.056,203.3418,196.056,196.528,200.8118,-7.2857,-6.8138,-2.53
2018-04-20,2018-04-27,Regular Petrol,1,final,True,197.3418,203.3418,197.3418,197.5945,198.708,-6.0,-5.7473,-4.6337
2018-04-20,2018-05-04,Regular Petrol,2,final,True,197.3418,203.3418,197.3418,197.8652,200.114,-6.0,-5.4766,-3.2277
2018-04-20,2018-05-11,Regular Petrol,3,final,True,197.3418,207.056,197.3418,197.9653,201.4323,-9.7143,-9.0907,-5.6237
2018-04-27,2018-05-04,Regular Petrol,1,final,True,203.3418,203.3418,203.3418,205.582,206.063,0.0,2.2402,2.7212
2018-04-27,2018-05-11,Regular Petrol,2,final,True,203.3418,207.056,203.3418,206.5004,207.9274,-3.7143,-0.5557,0.8714
2018-04-27,2018-05-18,Regular Petrol,3,final,True,203.3418,213.056,203.3418,206.8098,209.355,-9.7143,-6.2463,-3.7011
2018-05-04,2018-05-11,Regular Petrol,1,final,True,203.3418,207.056,203.3418,204.3369,204.9824,-3.7143,-2.7192,-2.0737
2018-05-04,2018-05-18,Regular Petrol,2,final,True,203.3418,213.056,203.3418,204.6711,206.1481,-9.7143,-8.385,-6.9079
2018-05-04,2018-05-25,Regular Petrol,3,final,True,203.3418,215.3418,203.3418,204.8592,207.231,-12.0,-10.4825,-8.1108
2018-05-11,2018-05-18,Regular Petrol,1,final,True,207.056,213.056,207.056,208.835,209.2469,-6.0,-4.2211,-3.8091
2018-05-11,2018-05-25,Regular Petrol,2,final,True,207.056,215.3418,207.056,209.6376,210.8025,-8.2857,-5.7041,-4.5392
2018-05-11,2018-06-01,Regular Petrol,3,final,True,207.056,215.3418,207.056,209.6157,211.6909,-8.2857,-5.7261,-3.6508
2018-05-18,2018-05-25,Regular Petrol,1,final,True,213.056,215.3418,213.056,215.9991,216.0137,-2.2857,0.6573,0.672
2018-05-18,2018-06-01,Regular Petrol,2,final,True,213.056,215.3418,213.056,216.8922,217.4933,-2.2857,1.5504,2.1515
2018-05-18,2018-06-08,Regular Petrol,3,final,True,213.056,211.056,213.056,217.3889,218.7409,2.0,6.3328,7.6849
2018-05-25,2018-06-01,Regular Petrol,1,final,True,215.3418,215.3418,215.3418,216.8134,217.0312,0.0,1.4716,1.6894
2018-05-25,2018-06-08,Regular Petrol,2,final,True,215.3418,211.056,215.3418,217.5457,218.2604,4.2857,6.4896,7.2044
2018-05-25,2018-06-15,Regular Petrol,3,final,True,215.3418,209.3418,215.3418,217.6767,219.0791,6.0,8.3349,9.7373
2018-06-01,2018-06-08,Regular Petrol,1,final,True,215.3418,211.056,215.3418,214.2883,215.1801,4.2857,3.2322,4.124
2018-06-01,2018-06-15,Regular Petrol,2,final,True,215.3418,209.3418,215.3418,213.6756,215.3015,6.0,4.3338,5.9598
2018-06-01,2018-06-22,Regular Petrol,3,final,True,215.3418,208.1989,215.3418,213.2453,215.4717,7.1429,5.0464,7.2728
2018-06-08,2018-06-15,Regular Petrol,1,final,True,211.056,209.3418,211.056,209.1362,209.4485,1.7143,-0.2055,0.1068
2018-06-08,2018-06-22,Regular Petrol,2,final,True,211.056,208.1989,211.056,208.1696,208.412,2.8571,-0.0293,0.2131
2018-06-08,2018-06-29,Regular Petrol,3,final,True,211.056,207.7285,211.056,207.8003,207.7897,3.3275,0.0717,0.0611
2018-06-15,2018-06-22,Regular Petrol,1,final,True,209.3418,208.1989,209.3418,208.1201,208.3713,1.1429,-0.0788,0.1724
2018-06-15,2018-06-29,Regular Petrol,2,final,True,209.3418,207.7285,209.3418,207.6423,207.9194,1.6132,-0.0863,0.1909
2018-06-15,2018-07-06,Regular Petrol,3,final,True,209.3418,210.0493,209.3418,207.7614,208.0066,-0.7075,-2.2879,-2.0427
2018-06-22,2018-06-29,Regular Petrol,1,final,True,208.1989,207.7285,208.1989,206.6112,207.204,0.4704,-1.1174,-0.5246
2018-06-22,2018-07-06,Regular Petrol,2,final,True,208.1989,210.0493,208.1989,206.2684,207.1838,-1.8504,-3.7809,-2.8655
2018-06-22,2018-07-13,Regular Petrol,3,final,True,208.1989,210.0493,208.1989,206.2926,207.4818,-1.8504,-3.7566,-2.5675
2018-06-29,2018-07-06,Regular Petrol,1,final,True,207.7285,210.0493,207.7285,208.5173,208.1932,-2.3207,-1.5319,-1.8561
2018-06-29,2018-07-13,Regular Petrol,2,final,True,207.7285,210.0493,207.7285,209.0062,208.5309,-2.3207,-1.0431,-1.5184
2018-06-29,2018-07-20,Regular Petrol,3,final,True,207.7285,210.0493,207.7285,209.1275,208.5474,-2.3207,-0.9218,-1.5019
2018-07-06,2018-07-13,Regular Petrol,1,final,True,210.0493,210.0493,210.0493,211.5817,211.8209,0.0,1.5325,1.7717
2018-07-06,2018-07-20,Regular Petrol,2,final,True,210.0493,210.0493,210.0493,212.1307,212.8553,0.0,2.0815,2.806
2018-07-06,2018-07-27,Regular Petrol,3,final,True,210.0493,211.7734,210.0493,212.542,213.8167,-1.7241,0.7686,2.0433
2018-07-13,2018-07-20,Regular Petrol,1,final,True,210.0493,210.0493,210.0493,210.2124,211.4403,0.0,0.1631,1.391
2018-07-13,2018-07-27,Regular Petrol,2,final,True,210.0493,211.7734,210.0493,210.4613,212.9098,-1.7241,-1.3121,1.1364
2018-07-13,2018-08-03,Regular Petrol,3,final,True,210.0493,213.0665,210.0493,210.4116,214.1276,-3.0172,-2.6548,1.0611
2018-07-20,2018-07-27,Regular Petrol,1,final,True,210.0493,211.7734,210.0493,209.4789,210.7599,-1.7241,-2.2945,-1.0135
2018-07-20,2018-08-03,Regular Petrol,2,final,True,210.0493,213.0665,210.0493,209.0877,211.542,-3.0172,-3.9787,-1.5244
2018-07-20,2018-08-10,Regular Petrol,3,final,True,210.0493,214.7906,210.0493,208.8506,212.3618,-4.7413,-5.94,-2.4288
2018-07-27,2018-08-03,Regular Petrol,1,final,True,211.7734,213.0665,211.7734,212.6211,213.0476,-1.2931,-0.4454,-0.0189
2018-07-27,2018-08-10,Regular Petrol,2,final,True,211.7734,214.7906,211.7734,212.8999,213.8677,-3.0172,-1.8906,-0.9229
2018-07-27,2018-08-17,Regular Petrol,3,final,True,211.7734,218.0952,211.7734,213.0722,214.6407,-6.3218,-5.0229,-3.4544
2018-08-03,2018-08-10,Regular Petrol,1,final,True,213.0665,214.7906,213.0665,213.2991,214.0811,-1.7241,-1.4915,-0.7095
2018-08-03,2018-08-17,Regular Petrol,2,final,True,213.0665,218.0952,213.0665,213.4507,215.0668,-5.0287,-4.6445,-3.0283
2018-08-03,2018-08-24,Regular Petrol,3,final,True,213.0665,218.0952,213.0665,213.6968,216.1944,-5.0287,-4.3983,-1.9008
2018-08-10,2018-08-17,Regular Petrol,1,final,True,214.7906,218.0952,214.7906,215.6667,216.0135,-3.3046,-2.4285,-2.0816
2018-08-10,2018-08-24,Regular Petrol,2,final,True,214.7906,218.0952,214.7906,216.2169,217.0932,-3.3046,-1.8782,-1.0019
2018-08-10,2018-08-31,Regular Petrol,3,final,True,214.7906,221.1124,214.7906,216.2103,217.7103,-6.3218,-4.902,-3.4021
2018-08-17,2018-08-24,Regular Petrol,1,final,True,218.0952,218.0952,218.0952,219.4305,219.7194,0.0,1.3353,1.6242
2018-08-17,2018-08-31,Regular Petrol,2,final,True,218.0952,221.1124,218.0952,219.7554,220.5738,-3.0172,-1.357,-0.5385
2018-08-17,2018-09-07,Regular Petrol,3,final,True,218.0952,222.8365,218.0952,219.9803,221.3572,-4.7413,-2.8562,-1.4793
2018-08-24,2018-08-31,Regular Petrol,1,final,True,218.0952,221.1124,218.0952,217.987,218.5028,-3.0172,-3.1254,-2.6096
2018-08-24,2018-09-07,Regular Petrol,2,final,True,218.0952,222.8365,218.0952,218.0272,219.0058,-4.7413,-4.8093,-3.8307
2018-08-24,2018-09-14,Regular Petrol,3,final,True,218.0952,226.2847,218.0952,217.9933,219.4655,-8.1896,-8.2915,-6.8192
2018-08-31,2018-09-07,Regular Petrol,1,final,True,221.1124,222.8365,221.1124,222.0845,222.0612,-1.7241,-0.752,-0.7753
2018-08-31,2018-09-14,Regular Petrol,2,final,True,221.1124,226.2847,221.1124,222.4539,222.6133,-5.1724,-3.8308,-3.6715
2018-08-31,2018-09-21,Regular Petrol,3,final,True,221.1124,227.1468,221.1124,222.5088,222.9069,-6.0344,-4.638,-4.2399
2018-09-07,2018-09-14,Regular Petrol,1,final,True,222.8365,226.2847,222.8365,224.3619,224.0322,-3.4482,-1.9229,-2.2526
2018-09-07,2018-09-21,Regular Petrol,2,final,True,222.8365,227.1468,222.8365,224.9059,224.5204,-4.3103,-2.2409,-2.6264
2018-09-07,2018-09-28,Regular Petrol,3,final,True,222.8365,229.1583,222.8365,225.2398,224.9069,-6.3218,-3.9185,-4.2514
2018-09-14,2018-09-21,Regular Petrol,1,final,True,226.2847,227.1468,226.2847,227.4258,227.3809,-0.8621,0.279,0.2341
2018-09-14,2018-09-28,Regular Petrol,2,final,True,226.2847,229.1583,226.2847,228.0141,228.1428,-2.8735,-1.1442,-1.0155
2018-09-14,2018-10-05,Regular Petrol,3,final,True,226.2847,240.4777,226.2847,228.1538,228.5829,-14.193,-12.3239,-11.8948
2018-09-21,2018-09-28,Regular Petrol,1,final,True,227.1468,229.1583,227.1468,227.6606,227.4726,-2.0115,-1.4977,-1.6857
2018-09-21,2018-10-05,Regular Petrol,2,final,True,227.1468,240.4777,227.1468,227.7684,227.5049,-13.3309,-12.7093,-12.9728
2018-09-21,2018-10-12,Regular Petrol,3,final,True,227.1468,242.7845,227.1468,227.7289,227.388,-15.6376,-15.0556,-15.3964
2018-09-28,2018-10-05,Regular Petrol,1,final,True,229.1583,240.4777,229.1583,229.8259,229.3861,-11.3194,-10.6518,-11.0916
2018-09-28,2018-10-12,Regular Petrol,2,final,True,229.1583,242.7845,229.1583,230.0257,229.2487,-13.6262,-12.7587,-13.5357
2018-09-28,2018-10-19,Regular Petrol,3,final,True,229.1583,238.8918,229.1583,230.0753,229.0039,-9.7335,-8.8165,-9.8879
2018-10-05,2018-10-12,Regular Petrol,1,final,True,240.4777,242.7845,240.4777,242.3204,241.512,-2.3068,-0.464,-1.2724
2018-10-05,2018-10-19,Regular Petrol,2,final,True,240.4777,238.8918,240.4777,243.0688,241.7806,1.5859,4.177,2.8888
2018-10-05,2018-10-26,Regular Petrol,3,final,True,240.4777,234.9992,240.4777,243.421,241.8001,5.4785,8.4219,6.801
2018-10-12,2018-10-19,Regular Petrol,1,final,True,242.7845,238.8918,242.7845,243.1969,242.1672,3.8926,4.305,3.2754
2018-10-12,2018-10-26,Regular Petrol,2,final,True,242.7845,234.9992,242.7845,243.4078,241.4301,7.7853,8.4086,6.4309
2018-10-12,2018-11-02,Regular Petrol,3,final,True,242.7845,228.7998,242.7845,243.5265,240.6424,13.9847,14.7267,11.8426
2018-10-19,2018-10-26,Regular Petrol,1,final,True,238.8918,234.9992,238.8918,236.1969,235.5297,3.8926,1.1977,0.5305
2018-10-19,2018-11-02,Regular Petrol,2,final,True,238.8918,228.7998,238.8918,235.0996,233.3164,10.092,6.2998,4.5166
2018-10-19,2018-11-09,Regular Petrol,3,final,True,238.8918,218.8519,238.8918,234.5335,231.4399,20.0399,15.6816,12.588
2018-10-26,2018-11-02,Regular Petrol,1,final,True,234.9992,228.7998,234.9992,231.9791,230.9348,6.1994,3.1793,2.135
2018-10-26,2018-11-09,Regular Petrol,2,final,True,234.9992,218.8519,234.9992,230.6027,227.9913,16.1473,11.7508,9.1394
2018-10-26,2018-11-16,Regular Petrol,3,final,True,234.9992,210.4899,234.9992,230.0963,225.6813,24.5092,19.6063,15.1914
2018-11-02,2018-11-09,Regular Petrol,1,final,True,228.7998,218.8519,228.7998,226.0446,224.7503,9.9479,7.1927,5.8984
2018-11-02,2018-11-16,Regular Petrol,2,final,True,228.7998,210.4899,228.7998,224.9693,221.8962,18.3098,14.4794,11.4063
2018-11-02,2018-11-23,Regular Petrol,3,final,True,228.7998,207.6065,228.7998,224.9237,219.9039,21.1933,17.3172,12.2974
2018-11-09,2018-11-16,Regular Petrol,1,final,True,218.8519,210.4899,218.8519,214.2052,213.9207,8.362,3.7153,3.4307
2018-11-09,2018-11-23,Regular Petrol,2,final,True,218.8519,207.6065,218.8519,212.6286,211.2794,11.2454,5.0221,3.6729
2018-11-09,2018-11-30,Regular Petrol,3,final,True,218.8519,202.993,218.8519,212.2068,209.5141,15.8589,9.2139,6.5211
2018-11-16,2018-11-23,Regular Petrol,1,final,True,210.4899,207.6065,210.4899,206.9091,206.6901,2.8834,-0.6974,-0.9164
2018-11-16,2018-11-30,Regular Petrol,2,final,True,210.4899,202.993,210.4899,205.6227,204.5755,7.4969,2.6297,1.5825
2018-11-16,2018-12-07,Regular Petrol,3,final,True,210.4899,200.3979,210.4899,205.1512,203.0017,10.092,4.7533,2.6038
2018-11-23,2018-11-30,Regular Petrol,1,final,True,207.6065,202.993,207.6065,205.0734,205.2561,4.6135,2.0804,2.2631
2018-11-23,2018-12-07,Regular Petrol,2,final,True,207.6065,200.3979,207.6065,204.087,203.9577,7.2086,3.6891,3.5598
2018-11-23,2018-12-14,Regular Petrol,3,final,True,207.6065,198.6678,207.6065,204.1523,203.5007,8.9387,5.4845,4.8328
2018-11-30,2018-12-07,Regular Petrol,1,final,True,202.993,200.3979,202.993,199.1424,199.6255,2.5951,-1.2555,-0.7724
2018-11-30,2018-12-14,Regular Petrol,2,final,True,202.993,198.6678,202.993,198.0161,198.2744,4.3252,-0.6517,-0.3935
2018-11-30,2018-12-21,Regular Petrol,3,final,True,202.993,197.3703,202.993,197.766,197.5821,5.6227,0.3957,0.2118
2018-12-07,2018-12-14,Regular Petrol,1,final,True,200.3979,198.6678,200.3979,199.4786,198.828,1.7301,0.8108,0.1602
2018-12-07,2018-12-21,Regular Petrol,2,final,True,200.3979,197.3703,200.3979,199.3341,197.8473,3.0276,1.9639,0.477
2018-12-07,2018-12-28,Regular Petrol,3,final,True,200.3979,196.5052,200.3979,199.3445,196.9317,3.8926,2.8393,0.4265
2018-12-14,2018-12-21,Regular Petrol,1,final,True,198.6678,197.3703,198.6678,198.6049,198.2901,1.2975,1.2346,0.9198
2018-12-14,2018-12-28,Regular Petrol,2,final,True,198.6678,196.5052,198.6678,198.643,197.94,2.1626,2.1377,1.4348
2018-12-14,2019-01-04,Regular Petrol,3,final,True,198.6678,193.1593,198.6678,199.0738,197.9541,5.5085,5.9145,4.7948
2018-12-21,2018-12-28,Regular Petrol,1,final,True,197.3703,196.5052,197.3703,196.7277,196.8814,0.865,0.2224,0.3762
2018-12-21,2019-01-04,Regular Petrol,2,final,True,197.3703,193.1593,197.3703,196.8648,197.0273,4.211,3.7055,3.868
2018-12-21,2019-01-11,Regular Petrol,3,final,True,197.3703,192.7939,197.3703,196.846,197.0263,4.5764,4.0521,4.2324
2018-12-28,2019-01-04,Regular Petrol,1,final,True,196.5052,193.1593,196.5052,196.6397,196.6046,3.3459,3.4804,3.4453
2018-12-28,2019-01-11,Regular Petrol,2,final,True,196.5052,192.7939,196.5052,196.618,196.5558,3.7114,3.8242,3.7619
2018-12-28,2019-01-18,Regular Petrol,3,final,True,196.5052,194.8113,196.5052,196.5857,196.4382,1.6939,1.7743,1.6269
2019-01-04,2019-01-11,Regular Petrol,1,final,True,193.1593,192.7939,193.1593,192.9318,193.1205,0.3654,0.1379,0.3266
2019-01-04,2019-01-18,Regular Petrol,2,final,True,193.1593,194.8113,193.1593,192.815,193.1019,-1.652,-1.9964,-1.7094
2019-01-04,2019-01-25,Regular Petrol,3,final,True,193.1593,196.8288,193.1593,192.8782,193.2367,-3.6695,-3.9506,-3.5921
2019-01-11,2019-01-18,Regular Petrol,1,final,True,192.7939,194.8113,192.7939,194.1323,194.5184,-2.0175,-0.6791,-0.2929
2019-01-11,2019-01-25,Regular Petrol,2,final,True,192.7939,196.8288,192.7939,194.8206,195.8078,-4.0349,-2.0083,-1.021
2019-01-11,2019-02-01,Regular Petrol,3,final,True,192.7939,196.8288,192.7939,195.0868,196.7932,-4.0349,-1.7421,-0.0356
2019-01-18,2019-01-25,Regular Petrol,1,final,True,194.8113,196.8288,194.8113,195.3401,196.6578,-2.0175,-1.4887,-0.171
2019-01-18,2019-02-01,Regular Petrol,2,final,True,194.8113,196.8288,194.8113,195.5412,198.2632,-2.0175,-1.2876,1.4344
2019-01-18,2019-02-08,Regular Petrol,3,final,True,194.8113,196.8288,194.8113,195.6929,199.8443,-2.0175,-1.1359,3.0155
2019-01-25,2019-02-01,Regular Petrol,1,final,True,196.8288,196.8288,196.8288,197.0788,198.0637,0.0,0.25,1.2349
2019-01-25,2019-02-08,Regular Petrol,2,final,True,196.8288,196.8288,196.8288,197.2579,199.2569,0.0,0.4291,2.4281
2019-01-25,2019-02-15,Regular Petrol,3,final,True,196.8288,198.9904,196.8288,197.1557,200.1946,-2.1616,-1.8347,1.2042
2019-02-01,2019-02-08,Regular Petrol,1,final,True,196.8288,196.8288,196.8288,195.8088,196.8262,0.0,-1.02,-0.0026
2019-02-01,2019-02-15,Regular Petrol,2,final,True,196.8288,198.9904,196.8288,195.1938,197.0493,-2.1616,-3.7966,-1.9411
2019-02-01,2019-02-22,Regular Petrol,3,final,True,196.8288,204.3223,196.8288,195.0395,197.6148,-7.4935,-9.2827,-6.7075
2019-02-08,2019-02-15,Regular Petrol,1,final,True,196.8288,198.9904,196.8288,197.7111,197.6521,-2.1616,-1.2793,-1.3383
2019-02-08,2019-02-22,Regular Petrol,2,final,True,196.8288,204.3223,196.8288,198.1975,198.206,-7.4935,-6.1247,-6.1163
2019-02-08,2019-03-01,Regular Petrol,3,final,True,196.8288,206.628,196.8288,198.3859,198.5533,-9.7991,-8.242,-8.0747
2019-02-15,2019-02-22,Regular Petrol,1,final,True,198.9904,204.3223,198.9904,200.0945,200.5934,-5.3319,-4.2278,-3.7289
2019-02-15,2019-03-01,Regular Petrol,2,final,True,198.9904,206.628,198.9904,200.5526,201.74,-7.6376,-6.0753,-4.888
2019-02-15,2019-03-08,Regular Petrol,3,final,True,198.9904,206.9162,198.9904,200.9312,202.8812,-7.9258,-5.985,-4.035
2019-02-22,2019-03-01,Regular Petrol,1,final,True,204.3223,206.628,204.3223,206.1837,206.3676,-2.3057,-0.4443,-0.2603
2019-02-22,2019-03-08,Regular Petrol,2,final,True,204.3223,206.9162,204.3223,207.1902,207.8697,-2.5939,0.274,0.9536
2019-02-22,2019-03-15,Regular Petrol,3,final,True,204.3223,209.0777,204.3223,207.3785,208.723,-4.7555,-1.6993,-0.3548
2019-03-01,2019-03-08,Regular Petrol,1,final,True,206.628,206.9162,206.628,207.7883,207.8966,-0.2882,0.8721,0.9805
2019-03-01,2019-03-15,Regular Petrol,2,final,True,206.628,209.0777,206.628,208.0462,208.4599,-2.4498,-1.0315,-0.6179
2019-03-01,2019-03-22,Regular Petrol,3,final,True,206.628,206.9162,206.628,208.1802,208.924,-0.2882,1.264,2.0078
2019-03-08,2019-03-15,Regular Petrol,1,final,True,206.9162,209.0777,206.9162,208.3815,208.0167,-2.1616,-0.6963,-1.061
2019-03-08,2019-03-22,Regular Petrol,2,final,True,206.9162,206.9162,206.9162,209.0199,208.5228,0.0,2.1037,1.6066
2019-03-08,2019-03-29,Regular Petrol,3,final,True,206.9162,210.6629,206.9162,209.1462,208.6311,-3.7467,-1.5167,-2.0318
2019-03-15,2019-03-22,Regular Petrol,1,final,True,209.0777,206.9162,209.0777,211.1233,211.0367,2.1616,4.2071,4.1205
2019-03-15,2019-03-29,Regular Petrol,2,final,True,209.0777,210.6629,209.0777,211.8503,212.0312,-1.5852,1.1874,1.3683
2019-03-15,2019-04-05,Regular Petrol,3,final,True,209.0777,209.4661,209.0777,212.1982,212.7715,-0.3884,2.732,3.3053
2019-03-22,2019-03-29,Regular Petrol,1,final,True,206.9162,210.6629,206.9162,208.1953,208.4937,-3.7467,-2.4676,-2.1692
2019-03-22,2019-04-05,Regular Petrol,2,final,True,206.9162,209.4661,206.9162,208.7533,209.5722,-2.55,-0.7128,0.1061
2019-03-22,2019-04-12,Regular Petrol,3,final,True,206.9162,215.4785,206.9162,208.8684,210.3177,-8.5624,-6.6101,-5.1609
2019-03-29,2019-04-05,Regular Petrol,1,final,True,210.6629,209.4661,210.6629,211.3618,212.4567,1.1968,1.8956,2.9905
2019-03-29,2019-04-12,Regular Petrol,2,final,True,210.6629,215.4785,210.6629,211.5434,213.8676,-4.8156,-3.9351,-1.6109
2019-03-29,2019-04-19,Regular Petrol,3,final,True,210.6629,217.0532,210.6629,211.5106,215.0896,-6.3903,-5.5426,-1.9636
2019-04-05,2019-04-12,Regular Petrol,1,final,True,209.4661,215.4785,209.4661,210.2954,210.7208,-6.0124,-5.1832,-4.7577
2019-04-05,2019-04-19,Regular Petrol,2,final,True,209.4661,217.0532,209.4661,210.5334,211.5208,-7.587,-6.5198,-5.5323
2019-04-05,2019-04-26,Regular Petrol,3,final,True,209.4661,220.4888,209.4661,210.6108,212.2072,-11.0227,-9.878,-8.2816
2019-04-12,2019-04-19,Regular Petrol,1,final,True,215.4785,217.0532,215.4785,217.2469,217.8715,-1.5747,0.1937,0.8184
2019-04-12,2019-04-26,Regular Petrol,2,final,True,215.4785,220.4888,215.4785,217.984,219.5473,-5.0103,-2.5048,-0.9416
2019-04-12,2019-05-03,Regular Petrol,3,final,True,215.4785,214.4765,215.4785,218.3004,220.9454,1.0021,3.8239,6.4689
2019-04-19,2019-04-26,Regular Petrol,1,final,True,217.0532,220.4888,217.0532,218.4764,218.7821,-3.4356,-2.0124,-1.7067
2019-04-19,2019-05-03,Regular Petrol,2,final,True,217.0532,214.4765,217.0532,219.0864,219.9619,2.5767,4.6099,5.4854
2019-04-19,2019-05-10,Regular Petrol,3,final,True,217.0532,211.6134,217.0532,219.2881,220.8468,5.4398,7.6747,9.2334
2019-04-26,2019-05-03,Regular Petrol,1,final,True,220.4888,214.4765,220.4888,222.2455,222.4921,6.0124,7.7691,8.0157
2019-04-26,2019-05-10,Regular Petrol,2,final,True,220.4888,211.6134,220.4888,222.9417,223.7486,8.8754,11.3283,12.1352
2019-04-26,2019-05-17,Regular Petrol,3,final,True,220.4888,214.4765,220.4888,223.0941,224.5806,6.0124,8.6177,10.1041
2019-05-03,2019-05-10,Regular Petrol,1,final,True,214.4765,211.6134,214.4765,213.7649,214.5845,2.863,2.1515,2.971
2019-05-03,2019-05-17,Regular Petrol,2,final,True,214.4765,214.4765,214.4765,213.274,214.7873,0.0,-1.2025,0.3109
2019-05-03,2019-05-24,Regular Petrol,3,final,True,214.4765,220.3457,214.4765,213.0669,215.193,-5.8692,-7.2788,-5.1527
2019-05-10,2019-05-17,Regular Petrol,1,final,True,211.6134,214.4765,211.6134,209.6938,211.1912,-2.863,-4.7827,-3.2853
2019-05-10,2019-05-24,Regular Petrol,2,final,True,211.6134,220.3457,211.6134,208.8561,211.5342,-8.7323,-11.4896,-8.8115
2019-05-10,2019-05-31,Regular Petrol,3,final,True,211.6134,217.1963,211.6134,208.4703,212.1968,-5.5829,-8.7261,-4.9996
2019-05-17,2019-05-24,Regular Petrol,1,final,True,214.4765,220.3457,214.4765,214.5894,215.4364,-5.8692,-5.7562,-4.9093
2019-05-17,2019-05-31,Regular Petrol,2,final,True,214.4765,217.1963,214.4765,214.6168,216.335,-2.7199,-2.5795,-0.8614
2019-05-17,2019-06-07,Regular Petrol,3,final,True,214.4765,208.6072,214.4765,214.7825,217.3715,5.8692,6.1753,8.7643
2019-05-24,2019-05-31,Regular Petrol,1,final,True,220.3457,217.1963,220.3457,220.1317,221.0082,3.1493,2.9354,3.8118
2019-05-24,2019-06-07,Regular Petrol,2,final,True,220.3457,208.6072,220.3457,220.1933,221.9028,11.7384,11.5861,13.2955
2019-05-24,2019-06-14,Regular Petrol,3,final,True,220.3457,207.0326,220.3457,220.3809,222.9525,13.3131,13.3484,15.92
2019-05-31,2019-06-07,Regular Petrol,1,final,True,217.1963,208.6072,217.1963,215.0565,215.367,8.5891,6.4493,6.7598
2019-05-31,2019-06-14,Regular Petrol,2,final,True,217.1963,207.0326,217.1963,214.3448,214.5971,10.1638,7.3122,7.5645
2019-05-31,2019-06-21,Regular Petrol,3,final,True,217.1963,207.0326,217.1963,213.9792,214.0158,10.1638,6.9467,6.9833
2019-06-07,2019-06-14,Regular Petrol,1,final,True,208.6072,207.0326,208.6072,204.2498,204.8856,1.5747,-2.7828,-2.147
2019-06-07,2019-06-21,Regular Petrol,2,final,True,208.6072,207.0326,208.6072,202.4182,202.8845,1.5747,-4.6144,-4.1481
2019-06-07,2019-06-28,Regular Petrol,3,final,True,208.6072,207.0326,208.6072,201.7409,201.6514,1.5747,-5.2916,-5.3811
2019-06-14,2019-06-21,Regular Petrol,1,final,True,207.0326,207.0326,207.0326,205.8037,205.4324,0.0,-1.2289,-1.6002
2019-06-14,2019-06-28,Regular Petrol,2,final,True,207.0326,207.0326,207.0326,205.3611,204.3399,0.0,-1.6715,-2.6926
2019-06-14,2019-07-05,Regular Petrol,3,final,True,207.0326,205.2074,207.0326,205.3178,203.5603,1.8252,0.1104,-1.6471
2019-06-21,2019-06-28,Regular Petrol,1,final,True,207.0326,207.0326,207.0326,206.96,206.7567,0.0,-0.0726,-0.2759
2019-06-21,2019-07-05,Regular Petrol,2,final,True,207.0326,205.2074,207.0326,207.0637,206.638,1.8252,1.8563,1.4307
2019-06-21,2019-07-12,Regular Petrol,3,final,True,207.0326,207.3554,207.0326,207.4948,206.8685,-0.3228,0.1394,-0.4869
2019-06-28,2019-07-05,Regular Petrol,1,final,True,207.0326,205.2074,207.0326,208.4906,208.038,1.8252,3.2832,2.8306
2019-06-28,2019-07-12,Regular Petrol,2,final,True,207.0326,207.3554,207.0326,209.4726,208.8353,-0.3228,2.1172,1.4799
2019-06-28,2019-07-19,Regular Petrol,3,final,True,207.0326,209.933,207.0326,209.8022,209.1408,-2.9004,-0.1308,-0.7922
2019-07-05,2019-07-12,Regular Petrol,1,final,True,205.2074,207.3554,205.2074,206.5366,206.8492,-2.148,-0.8188,-0.5062
2019-07-05,2019-07-19,Regular Petrol,2,final,True,205.2074,209.933,205.2074,207.013,207.8678,-4.7256,-2.92,-2.0652
2019-07-05,2019-07-26,Regular Petrol,3,final,True,205.2074,210.2194,205.2074,207.2459,208.6671,-5.012,-2.9735,-1.5523
2019-07-12,2019-07-19,Regular Petrol,1,final,True,207.3554,209.933,207.3554,209.6357,210.8785,-2.5776,-0.2972,0.9455
2019-07-12,2019-07-26,Regular Petrol,2,final,True,207.3554,210.2194,207.3554,210.6123,213.4356,-2.864,0.3929,3.2162
2019-07-12,2019-08-02,Regular Petrol,3,final,True,207.3554,210.2194,207.3554,210.8602,215.4487,-2.864,0.6408,5.2293
2019-07-19,2019-07-26,Regular Petrol,1,final,True,209.933,210.2194,209.933,209.9986,212.2267,-0.2864,-0.2208,2.0073
2019-07-19,2019-08-02,Regular Petrol,2,final,True,209.933,210.2194,209.933,209.8852,214.346,-0.2864,-0.3342,4.1266
2019-07-19,2019-08-09,Regular Petrol,3,final,True,209.933,210.2194,209.933,209.9801,216.6651,-0.2864,-0.2392,6.4457
2019-07-26,2019-08-02,Regular Petrol,1,final,True,210.2194,210.2194,210.2194,208.9605,210.6902,0.0,-1.2589,0.4708
2019-07-26,2019-08-09,Regular Petrol,2,final,True,210.2194,210.2194,210.2194,208.5934,211.8347,0.0,-1.626,1.6153
2019-07-26,2019-08-16,Regular Petrol,3,final,True,210.2194,210.2194,210.2194,208.256,212.94,0.0,-1.9633,2.7206
2019-08-02,2019-08-09,Regular Petrol,1,final,True,210.2194,210.2194,210.2194,210.4344,211.2393,0.0,0.215,1.0199
2019-08-02,2019-08-16,Regular Petrol,2,final,True,210.2194,210.2194,210.2194,210.341,211.9754,0.0,0.1216,1.756
2019-08-02,2019-08-23,Regular Petrol,3,final,True,210.2194,210.2194,210.2194,210.2655,212.705,0.0,0.0462,2.4856
2019-08-09,2019-08-16,Regular Petrol,1,final,True,210.2194,210.2194,210.2194,209.5395,210.7766,0.0,-0.6799,0.5572
2019-08-09,2019-08-23,Regular Petrol,2,final,True,210.2194,210.2194,210.2194,209.2224,211.5682,0.0,-0.997,1.3488
2019-08-09,2019-08-30,Regular Petrol,3,final,True,210.2194,211.5082,210.2194,209.3296,212.738,-1.2888,-2.1786,1.2298
2019-08-16,2019-08-23,Regular Petrol,1,final,True,210.2194,210.2194,210.2194,210.5396,211.2168,0.0,0.3203,0.9974
2019-08-16,2019-08-30,Regular Petrol,2,final,True,210.2194,211.5082,210.2194,210.9107,212.3242,-1.2888,-0.5975,0.816
2019-08-16,2019-09-06,Regular Petrol,3,final,True,210.2194,213.2266,210.2194,210.9557,213.1552,-3.0072,-2.2709,-0.0714
2019-08-23,2019-08-30,Regular Petrol,1,final,True,210.2194,211.5082,210.2194,210.7006,211.656,-1.2888,-0.8076,0.1478
2019-08-23,2019-09-06,Regular Petrol,2,final,True,210.2194,213.2266,210.2194,210.7912,212.7676,-3.0072,-2.4354,-0.459
2019-08-23,2019-09-13,Regular Petrol,3,final,True,210.2194,213.2266,210.2194,210.9304,213.9291,-3.0072,-2.2962,0.7025
2019-08-30,2019-09-06,Regular Petrol,1,final,True,211.5082,213.2266,211.5082,211.8488,212.8354,-1.7184,-1.3778,-0.3912
2019-08-30,2019-09-13,Regular Petrol,2,final,True,211.5082,213.2266,211.5082,212.0942,214.1054,-1.7184,-1.1324,0.8788
2019-08-30,2019-09-20,Regular Petrol,3,final,True,211.5082,217.093,211.5082,212.1681,215.2494,-5.5848,-4.9249,-1.8436
2019-09-06,2019-09-13,Regular Petrol,1,final,True,213.2266,213.2266,213.2266,212.692,213.8287,0.0,-0.5346,0.6021
2019-09-06,2019-09-20,Regular Petrol,2,final,True,213.2266,217.093,213.2266,212.4554,214.6393,-3.8664,-4.6376,-2.4537
2019-09-06,2019-09-27,Regular Petrol,3,final,True,213.2266,216.2338,213.2266,212.3916,215.5718,-3.0072,-3.8422,-0.662
2019-09-13,2019-09-20,Regular Petrol,1,final,True,213.2266,217.093,213.2266,214.7058,214.6623,-3.8664,-2.3872,-2.4307
2019-09-13,2019-09-27,Regular Petrol,2,final,True,213.2266,216.2338,213.2266,215.3438,215.4844,-3.0072,-0.8899,-0.7493
2019-09-13,2019-10-04,Regular Petrol,3,final,True,213.2266,211.8001,213.2266,215.4904,215.9213,1.4264,3.6903,4.1211
2019-09-20,2019-09-27,Regular Petrol,1,final,True,217.093,216.2338,217.093,221.8558,221.5955,0.8592,5.622,5.3617
2019-09-20,2019-10-04,Regular Petrol,2,final,True,217.093,211.8001,217.093,223.7101,223.9649,5.2928,11.91,12.1648
2019-09-20,2019-10-11,Regular Petrol,3,final,True,217.093,211.0612,217.093,224.5508,225.63,6.0318,13.4895,14.5688
2019-09-27,2019-10-04,Regular Petrol,1,final,True,216.2338,211.8001,216.2338,216.6158,218.4766,4.4336,4.8157,6.6765
2019-09-27,2019-10-11,Regular Petrol,2,final,True,216.2338,211.0612,216.2338,216.847,220.6245,5.1726,5.7858,9.5633
2019-09-27,2019-10-18,Regular Petrol,3,final,True,216.2338,211.0612,216.2338,217.1836,222.9147,5.1726,6.1224,11.8535
2019-10-04,2019-10-11,Regular Petrol,1,final,True,211.8001,211.0612,211.8001,210.6587,212.3421,0.7389,-0.4025,1.2809
2019-10-04,2019-10-18,Regular Petrol,2,final,True,211.8001,211.0612,211.8001,210.4608,213.669,0.7389,-0.6004,2.6078
2019-10-04,2019-10-25,Regular Petrol,3,final,True,211.8001,211.0612,211.8001,209.8441,214.494,0.7389,-1.2171,3.4328
2019-10-11,2019-10-18,Regular Petrol,1,final,True,211.0612,211.0612,211.0612,212.4134,213.6088,0.0,1.3522,2.5475
2019-10-11,2019-10-25,Regular Petrol,2,final,True,211.0612,211.0612,211.0612,212.4327,214.9639,0.0,1.3715,3.9027
2019-10-11,2019-11-01,Regular Petrol,3,final,True,211.0612,211.0612,211.0612,212.3265,216.154,0.0,1.2653,5.0928
2019-10-18,2019-10-25,Regular Petrol,1,final,True,211.0612,211.0612,211.0612,210.6679,212.5654,0.0,-0.3933,1.5042
2019-10-18,2019-11-01,Regular Petrol,2,final,True,211.0612,211.0612,211.0612,210.4141,214.1468,0.0,-0.6471,3.0856
2019-10-18,2019-11-08,Regular Petrol,3,final,True,211.0612,212.3583,211.0612,210.6873,216.2216,-1.2971,-1.671,3.8633
2019-10-25,2019-11-01,Regular Petrol,1,final,True,211.0612,211.0612,211.0612,208.8549,211.0107,0.0,-2.2063,-0.0505
2019-10-25,2019-11-08,Regular Petrol,2,final,True,211.0612,212.3583,211.0612,208.2978,212.3513,-1.2971,-4.0605,-0.007
2019-10-25,2019-11-15,Regular Petrol,3,final,True,211.0612,215.2407,211.0612,208.0368,213.8678,-4.1795,-7.2039,-1.3729
2019-11-01,2019-11-08,Regular Petrol,1,final,True,211.0612,212.3583,211.0612,209.748,211.2425,-1.2971,-2.6103,-1.1158
2019-11-01,2019-11-15,Regular Petrol,2,final,True,211.0612,215.2407,211.0612,209.1238,211.9184,-4.1795,-6.1169,-3.3223
2019-11-01,2019-11-22,Regular Petrol,3,final,True,211.0612,216.1054,211.0612,208.7911,212.7571,-5.0442,-7.3143,-3.3483
2019-11-08,2019-11-15,Regular Petrol,1,final,True,212.3583,215.2407,212.3583,213.8793,214.4529,-2.8824,-1.3614,-0.7878
2019-11-08,2019-11-22,Regular Petrol,2,final,True,212.3583,216.1054,212.3583,214.4239,215.7202,-3.7471,-1.6815,-0.3853
2019-11-08,2019-11-29,Regular Petrol,3,final,True,212.3583,216.1054,212.3583,214.7235,216.8263,-3.7471,-1.3819,0.7209
2019-11-15,2019-11-22,Regular Petrol,1,final,True,215.2407,216.1054,215.2407,216.8097,217.8248,-0.8647,0.7043,1.7194
2019-11-15,2019-11-29,Regular Petrol,2,final,True,215.2407,216.1054,215.2407,217.5267,219.7759,-0.8647,1.4213,3.6705
2019-11-15,2019-12-06,Regular Petrol,3,final,True,215.2407,216.1054,215.2407,218.0128,221.585,-0.8647,1.9074,5.4796
2019-11-22,2019-11-29,Regular Petrol,1,final,True,216.1054,216.1054,216.1054,215.9287,217.2893,0.0,-0.1767,1.1839
2019-11-22,2019-12-06,Regular Petrol,2,final,True,216.1054,216.1054,216.1054,216.0458,218.7567,0.0,-0.0596,2.6513
2019-11-22,2019-12-13,Regular Petrol,3,final,True,216.1054,216.1054,216.1054,216.0184,220.0599,0.0,-0.087,3.9545
2019-11-29,2019-12-06,Regular Petrol,1,final,True,216.1054,216.1054,216.1054,215.9672,216.9607,0.0,-0.1382,0.8553
2019-11-29,2019-12-13,Regular Petrol,2,final,True,216.1054,216.1054,216.1054,215.8306,217.7781,0.0,-0.2748,1.6726
2019-11-29,2019-12-20,Regular Petrol,3,final,True,216.1054,216.1054,216.1054,215.6387,218.4882,0.0,-0.4667,2.3828
2019-12-06,2019-12-13,Regular Petrol,1,final,True,216.1054,216.1054,216.1054,215.0013,216.0742,0.0,-1.1041,-0.0312
2019-12-06,2019-12-20,Regular Petrol,2,final,True,216.1054,216.1054,216.1054,214.4024,216.3875,0.0,-1.7031,0.2821
2019-12-06,2019-12-27,Regular Petrol,3,final,True,216.1054,216.9701,216.1054,214.2619,217.0955,-0.8647,-2.7082,0.1253
2019-12-13,2019-12-20,Regular Petrol,1,final,True,216.1054,216.1054,216.1054,215.0508,215.7522,0.0,-1.0546,-0.3532
2019-12-13,2019-12-27,Regular Petrol,2,final,True,216.1054,216.9701,216.1054,214.7198,216.0036,-0.8647,-2.2503,-0.9666
2019-12-13,2020-01-03,Regular Petrol,3,final,True,216.1054,223.0538,216.1054,214.5901,216.4193,-6.9484,-8.4637,-6.6344
2019-12-20,2019-12-27,Regular Petrol,1,final,True,216.1054,216.9701,216.1054,215.5401,216.0275,-0.8647,-1.43,-0.9426
2019-12-20,2020-01-03,Regular Petrol,2,final,True,216.1054,223.0538,216.1054,215.3128,216.2229,-6.9484,-7.7409,-6.8309
2019-12-20,2020-01-10,Regular Petrol,3,final,True,216.1054,224.3896,216.1054,215.2815,216.572,-8.2842,-9.108,-7.8175
2019-12-27,2020-01-03,Regular Petrol,1,final,True,216.9701,223.0538,216.9701,216.6464,217.0145,-6.0837,-6.4073,-6.0392
2019-12-27,2020-01-10,Regular Petrol,2,final,True,216.9701,224.3896,216.9701,216.581,217.2612,-7.4194,-7.8085,-7.1283
2019-12-27,2020-01-17,Regular Petrol,3,final,True,216.9701,222.943,216.9701,216.6008,217.5809,-5.9729,-6.3422,-5.3621
2020-01-03,2020-01-10,Regular Petrol,1,final,True,223.0538,224.3896,223.0538,222.7566,222.9847,-1.3358,-1.633,-1.4048
2020-01-03,2020-01-17,Regular Petrol,2,final,True,223.0538,222.943,223.0538,222.6994,223.1108,0.1108,-0.2436,0.1678
2020-01-03,2020-01-24,Regular Petrol,3,final,True,223.0538,221.3517,223.0538,222.7191,223.2887,1.702,1.3674,1.937
2020-01-10,2020-01-17,Regular Petrol,1,final,True,224.3896,222.943,224.3896,224.4285,223.7248,1.4466,1.4855,0.7818
2020-01-10,2020-01-24,Regular Petrol,2,final,True,224.3896,221.3517,224.3896,224.4893,223.0688,3.0378,3.1375,1.7171
2020-01-10,2020-01-31,Regular Petrol,3,final,True,224.3896,216.4334,224.3896,224.5325,222.3912,7.9562,8.0992,5.9578
2020-01-17,2020-01-24,Regular Petrol,1,final,True,222.943,221.3517,222.943,221.8283,221.2363,1.5912,0.4765,-0.1155
2020-01-17,2020-01-31,Regular Petrol,2,final,True,222.943,216.4334,222.943,221.3932,220.0583,6.5096,4.9598,3.625
2020-01-17,2020-02-07,Regular Petrol,3,final,True,222.943,214.6975,222.943,221.3002,219.1554,8.2455,6.6027,4.4579
2020-01-24,2020-01-31,Regular Petrol,1,final,True,221.3517,216.4334,221.3517,220.4332,219.6138,4.9184,3.9999,3.1804
2020-01-24,2020-02-07,Regular Petrol,2,final,True,221.3517,214.6975,221.3517,220.1437,218.3789,6.6543,5.4463,3.6814
2020-01-24,2020-02-14,Regular Petrol,3,final,True,221.3517,214.6975,221.3517,219.9965,217.2388,6.6543,5.299,2.5413
2020-01-31,2020-02-07,Regular Petrol,1,final,True,216.4334,214.6975,216.4334,214.3041,213.8042,1.7359,-0.3933,-0.8932
2020-01-31,2020-02-14,Regular Petrol,2,final,True,216.4334,214.6975,216.4334,213.3954,212.1172,1.7359,-1.302,-2.5803
2020-01-31,2020-02-21,Regular Petrol,3,final,True,216.4334,214.1188,216.4334,213.1638,210.9749,2.3145,-0.955,-3.144
2020-02-07,2020-02-14,Regular Petrol,1,final,True,214.6975,214.6975,214.6975,213.5516,212.8732,0.0,-1.1459,-1.8242
2020-02-07,2020-02-21,Regular Petrol,2,final,True,214.6975,214.1188,214.6975,213.226,211.7104,0.5786,-0.8928,-2.4084
2020-02-07,2020-02-28,Regular Petrol,3,final,True,214.6975,213.2509,214.6975,213.0718,210.6707,1.4466,-0.1791,-2.5802
2020-02-14,2020-02-21,Regular Petrol,1,final,True,214.6975,214.1188,214.6975,215.0609,214.2304,0.5786,0.9421,0.1116
2020-02-14,2020-02-28,Regular Petrol,2,final,True,214.6975,213.2509,214.6975,215.1933,213.5728,1.4466,1.9424,0.3219
2020-02-14,2020-03-06,Regular Petrol,3,final,True,214.6975,211.3703,214.6975,215.3681,212.9533,3.3271,3.9977,1.5829
2020-02-21,2020-02-28,Regular Petrol,1,final,True,214.1188,213.2509,214.1188,214.8096,214.1179,0.8679,1.5587,0.867
2020-02-21,2020-03-06,Regular Petrol,2,final,True,214.1188,211.3703,214.1188,215.2104,213.8939,2.7485,3.84,2.5236
2020-02-21,2020-03-13,Regular Petrol,3,final,True,214.1188,191.9861,214.1188,215.471,213.5787,22.1327,23.4849,21.5926
2020-02-28,2020-03-06,Regular Petrol,1,final,True,213.2509,211.3703,213.2509,211.7837,211.8277,1.8806,0.4134,0.4574
2020-02-28,2020-03-13,Regular Petrol,2,final,True,213.2509,191.9861,213.2509,211.2748,211.1802,21.2648,19.2886,19.1941
2020-02-28,2020-03-20,Regular Petrol,3,final,True,213.2509,179.2562,213.2509,211.113,210.7824,33.9947,31.8568,31.5262
2020-03-06,2020-03-13,Regular Petrol,1,final,True,211.3703,191.9861,211.3703,209.6476,209.2905,19.3842,17.6615,17.3044
2020-03-06,2020-03-20,Regular Petrol,2,final,True,211.3703,179.2562,211.3703,208.981,208.0178,32.1141,29.7248,28.7616
2020-03-06,2020-03-27,Regular Petrol,3,final,True,211.3703,179.2562,211.3703,208.6097,206.9382,32.1141,29.3535,27.682
2020-03-13,2020-03-20,Regular Petrol,1,final,True,191.9861,179.2562,191.9861,184.4519,185.2377,12.7299,5.1957,5.9815
2020-03-13,2020-03-27,Regular Petrol,2,final,True,191.9861,179.2562,191.9861,180.9448,181.5253,12.7299,1.6886,2.2692
2020-03-13,2020-04-03,Regular Petrol,3,final,True,191.9861,180.0201,191.9861,180.035,179.979,11.966,0.0149,-0.0411
2020-03-20,2020-03-27,Regular Petrol,1,final,True,179.2562,179.2562,179.2562,170.7926,171.8788,0.0,-8.4636,-7.3773
2020-03-20,2020-04-03,Regular Petrol,2,final,True,179.2562,180.0201,179.2562,167.5689,168.6979,-0.7639,-12.4512,-11.3222
2020-03-20,2020-04-10,Regular Petrol,3,final,True,179.2562,180.3257,179.2562,166.2911,167.0466,-1.0695,-14.0346,-13.279
2020-03-27,2020-04-03,Regular Petrol,1,final,True,179.2562,180.0201,179.2562,173.8874,174.5113,-0.7639,-6.1327,-5.5088
2020-03-27,2020-04-10,Regular Petrol,2,final,True,179.2562,180.3257,179.2562,171.8071,172.2302,-1.0695,-8.5185,-8.0955
2020-03-27,2020-04-17,Regular Petrol,3,final,True,179.2562,180.3257,179.2562,171.1439,171.0053,-1.0695,-9.1818,-9.3204
2020-04-03,2020-04-10,Regular Petrol,1,final,True,180.0201,180.3257,180.0201,177.3547,176.4001,-0.3056,-2.971,-3.9256
2020-04-03,2020-04-17,Regular Petrol,2,final,True,180.0201,180.3257,180.0201,176.6792,174.2828,-0.3056,-3.6465,-6.0429
2020-04-03,2020-04-24,Regular Petrol,3,final,True,180.0201,180.3257,180.0201,176.4366,172.43,-0.3056,-3.889,-7.8956
2020-04-10,2020-04-17,Regular Petrol,1,final,True,180.3257,180.3257,180.3257,179.6748,177.996,0.0,-0.6509,-2.3296
2020-04-10,2020-04-24,Regular Petrol,2,final,True,180.3257,180.3257,180.3257,179.5245,175.9789,0.0,-0.8012,-4.3468
2020-04-10,2020-05-01,Regular Petrol,3,final,True,180.3257,181.4845,180.3257,179.5285,173.9592,-1.1589,-1.9561,-7.5253
2020-04-17,2020-04-24,Regular Petrol,1,final,True,180.3257,180.3257,180.3257,179.8897,178.2206,0.0,-0.4359,-2.1051
2020-04-17,2020-05-01,Regular Petrol,2,final,True,180.3257,181.4845,180.3257,179.8054,176.2282,-1.1589,-1.6791,-5.2563
2020-04-17,2020-05-08,Regular Petrol,3,final,True,180.3257,182.3537,180.3257,179.834,174.2234,-2.028,-2.5197,-8.1303
2020-04-24,2020-05-01,Regular Petrol,1,final,True,180.3257,181.4845,180.3257,181.3361,179.212,-1.1589,-0.1484,-2.2725
2020-04-24,2020-05-08,Regular Petrol,2,final,True,180.3257,182.3537,180.3257,181.7232,177.4479,-2.028,-0.6305,-4.9058
2020-04-24,2020-05-15,Regular Petrol,3,final,True,180.3257,184.092,180.3257,181.8286,175.3628,-3.7663,-2.2635,-8.7292
2020-05-01,2020-05-08,Regular Petrol,1,final,True,181.4845,182.3537,181.4845,183.5322,181.465,-0.8692,1.1785,-0.8887
2020-05-01,2020-05-15,Regular Petrol,2,final,True,181.4845,184.092,181.4845,184.198,180.2171,-2.6075,0.1059,-3.8749
2020-05-01,2020-05-22,Regular Petrol,3,final,True,181.4845,183.5126,181.4845,184.434,178.584,-2.028,0.9214,-4.9286
2020-05-08,2020-05-15,Regular Petrol,1,final,True,182.3537,184.092,182.3537,185.7869,183.6285,-1.7383,1.6949,-0.4635
2020-05-08,2020-05-22,Regular Petrol,2,final,True,182.3537,183.5126,182.3537,186.95,183.046,-1.1589,3.4375,-0.4666
2020-05-08,2020-05-29,Regular Petrol,3,final,True,182.3537,183.2229,182.3537,187.2351,181.7321,-0.8692,4.0122,-1.4907
2020-05-15,2020-05-22,Regular Petrol,1,final,True,184.092,183.5126,184.092,185.293,184.5004,0.5794,1.7804,0.9879
2020-05-15,2020-05-29,Regular Petrol,2,final,True,184.092,183.2229,184.092,185.5829,184.1523,0.8692,2.3601,0.9295
2020-05-15,2020-06-05,Regular Petrol,3,final,True,184.092,185.3958,184.092,185.8013,183.7325,-1.3037,0.4055,-1.6633
2020-05-22,2020-05-29,Regular Petrol,1,final,True,183.5126,183.2229,183.5126,185.1025,183.9292,0.2897,1.8796,0.7064
2020-05-22,2020-06-05,Regular Petrol,2,final,True,183.5126,185.3958,183.5126,185.7146,183.5552,-1.8832,0.3188,-1.8406
2020-05-22,2020-06-12,Regular Petrol,3,final,True,183.5126,185.3958,183.5126,185.8817,182.8431,-1.8832,0.4859,-2.5526
2020-05-29,2020-06-05,Regular Petrol,1,final,True,183.2229,185.3958,183.2229,183.1984,182.9687,-2.1729,-2.1973,-2.427
2020-05-29,2020-06-12,Regular Petrol,2,final,True,183.2229,185.3958,183.2229,183.1523,182.7167,-2.1729,-2.2435,-2.679
2020-05-29,2020-06-19,Regular Petrol,3,final,True,183.2229,185.3958,183.2229,183.3937,182.7748,-2.1729,-2.0021,-2.6209
2020-06-05,2020-06-12,Regular Petrol,1,final,True,185.3958,185.3958,185.3958,186.843,186.0735,0.0,1.4472,0.6777
2020-06-05,2020-06-19,Regular Petrol,2,final,True,185.3958,185.3958,185.3958,187.5631,186.2666,0.0,2.1674,0.8708
2020-06-05,2020-06-26,Regular Petrol,3,final,True,185.3958,185.3958,185.3958,187.6304,186.0354,0.0,2.2346,0.6397
2020-06-12,2020-06-19,Regular Petrol,1,final,True,185.3958,185.3958,185.3958,186.8305,186.4151,0.0,1.4348,1.0193
2020-06-12,2020-06-26,Regular Petrol,2,final,True,185.3958,185.3958,185.3958,187.0907,186.6009,0.0,1.6949,1.2051
2020-06-12,2020-07-03,Regular Petrol,3,final,True,185.3958,185.9554,185.3958,187.349,186.7938,-0.5597,1.3936,0.8384
2020-06-19,2020-06-26,Regular Petrol,1,final,True,185.3958,185.3958,185.3958,186.5561,186.5484,0.0,1.1604,1.1526
2020-06-19,2020-07-03,Regular Petrol,2,final,True,185.3958,185.9554,185.3958,187.0603,187.1836,-0.5597,1.1049,1.2282
2020-06-19,2020-07-10,Regular Petrol,3,final,True,185.3958,184.4386,185.3958,187.0946,187.5011,0.9571,2.656,3.0624
2020-06-26,2020-07-03,Regular Petrol,1,final,True,185.3958,185.9554,185.3958,186.1146,186.5428,-0.5597,0.1592,0.5874
2020-06-26,2020-07-10,Regular Petrol,2,final,True,185.3958,184.4386,185.3958,186.204,187.2376,0.9571,1.7654,2.799
2020-06-26,2020-07-17,Regular Petrol,3,final,True,185.3958,185.0189,185.3958,186.3331,187.927,0.3769,1.3142,2.9082
2020-07-03,2020-07-10,Regular Petrol,1,final,True,185.9554,184.4386,185.9554,184.9117,185.8666,1.5168,0.473,1.428
2020-07-03,2020-07-17,Regular Petrol,2,final,True,185.9554,185.0189,185.9554,184.6658,186.3649,0.9366,-0.353,1.346
2020-07-03,2020-07-24,Regular Petrol,3,final,True,185.9554,186.4694,185.9554,184.637,187.1137,-0.514,-1.8324,0.6444
2020-07-10,2020-07-17,Regular Petrol,1,final,True,184.4386,185.0189,184.4386,184.6188,185.126,-0.5802,-0.4001,0.1072
2020-07-10,2020-07-24,Regular Petrol,2,final,True,184.4386,186.4694,184.4386,184.7204,185.8236,-2.0307,-1.749,-0.6458
2020-07-10,2020-07-31,Regular Petrol,3,final,True,184.4386,188.21,184.4386,184.7495,186.478,-3.7714,-3.4605,-1.732
2020-07-17,2020-07-24,Regular Petrol,1,final,True,185.0189,186.4694,185.0189,184.5972,185.8385,-1.4505,-1.8722,-0.6308
2020-07-17,2020-07-31,Regular Petrol,2,final,True,185.0189,188.21,185.0189,184.4658,186.9032,-3.1911,-3.7442,-1.3068
2020-07-17,2020-08-07,Regular Petrol,3,final,True,185.0189,185.8892,185.0189,184.5344,188.1903,-0.8703,-1.3548,2.3011
2020-07-24,2020-07-31,Regular Petrol,1,final,True,186.4694,188.21,186.4694,186.2372,187.1674,-1.7406,-1.9728,-1.0426
2020-07-24,2020-08-07,Regular Petrol,2,final,True,186.4694,185.8892,186.4694,186.2747,188.1409,0.5802,0.3855,2.2518
2020-07-24,2020-08-14,Regular Petrol,3,final,True,186.4694,185.0189,186.4694,186.1895,189.0257,1.4505,1.1706,4.0069
2020-07-31,2020-08-07,Regular Petrol,1,final,True,188.21,185.8892,188.21,187.6677,188.7632,2.3208,1.7786,2.874
2020-07-31,2020-08-14,Regular Petrol,2,final,True,188.21,185.0189,188.21,187.408,189.5507,3.1911,2.3892,4.5319
2020-07-31,2020-08-21,Regular Petrol,3,final,True,188.21,186.1793,188.21,187.4399,190.5226,2.0307,1.2606,4.3433
2020-08-07,2020-08-14,Regular Petrol,1,final,True,185.8892,185.0189,185.8892,186.0968,186.6475,0.8703,1.0779,1.6287
2020-08-07,2020-08-21,Regular Petrol,2,final,True,185.8892,186.1793,185.8892,186.2602,187.3139,-0.2901,0.0809,1.1347
2020-08-07,2020-08-28,Regular Petrol,3,final,True,185.8892,189.0803,185.8892,186.2656,187.8744,-3.1911,-2.8147,-1.2059
2020-08-14,2020-08-21,Regular Petrol,1,final,True,185.0189,186.1793,185.0189,186.1111,186.8414,-1.1604,-0.0682,0.6621
2020-08-14,2020-08-28,Regular Petrol,2,final,True,185.0189,189.0803,185.0189,186.3933,188.0216,-4.0615,-2.6871,-1.0587
2020-08-14,2020-09-04,Regular Petrol,3,final,True,185.0189,189.0803,185.0189,186.4986,189.0331,-4.0615,-2.5817,-0.0473
2020-08-21,2020-08-28,Regular Petrol,1,final,True,186.1793,189.0803,186.1793,186.7143,187.9922,-2.901,-2.366,-1.0881
2020-08-21,2020-09-04,Regular Petrol,2,final,True,186.1793,189.0803,186.1793,186.8976,189.4936,-2.901,-2.1827,0.4133
2020-08-21,2020-09-11,Regular Petrol,3,final,True,186.1793,187.3397,186.1793,186.9134,190.8558,-1.1604,-0.4263,3.5161
2020-08-28,2020-09-04,Regular Petrol,1,final,True,189.0803,189.0803,189.0803,189.3319,190.5797,0.0,0.2516,1.4994
2020-08-28,2020-09-11,Regular Petrol,2,final,True,189.0803,187.3397,189.0803,189.3712,191.9042,1.7406,2.0315,4.5645
2020-08-28,2020-09-18,Regular Petrol,3,final,True,189.0803,184.4386,189.0803,189.3982,193.1829,4.6417,4.9596,8.7442
2020-09-04,2020-09-11,Regular Petrol,1,final,True,189.0803,187.3397,189.0803,188.2376,189.3671,1.7406,0.898,2.0274
2020-09-04,2020-09-18,Regular Petrol,2,final,True,189.0803,184.4386,189.0803,187.9894,190.1,4.6417,3.5508,5.6613
2020-09-04,2020-09-25,Regular Petrol,3,final,True,189.0803,185.8892,189.0803,188.0012,191.0668,3.1911,2.1121,5.1776
2020-09-11,2020-09-18,Regular Petrol,1,final,True,187.3397,184.4386,187.3397,186.252,187.0841,2.901,1.8134,2.6454
2020-09-11,2020-09-25,Regular Petrol,2,final,True,187.3397,185.8892,187.3397,186.0016,187.5322,1.4505,0.1125,1.6431
2020-09-11,2020-10-02,Regular Petrol,3,final,True,187.3397,188.3545,187.3397,185.9518,188.1865,-1.0149,-2.4027,-0.168
2020-09-18,2020-09-25,Regular Petrol,1,final,True,184.4386,185.8892,184.4386,184.8306,185.2981,-1.4505,-1.0586,-0.591
2020-09-18,2020-10-02,Regular Petrol,2,final,True,184.4386,188.3545,184.4386,184.9806,186.0031,-3.9159,-3.374,-2.3514
2020-09-18,2020-10-09,Regular Petrol,3,final,True,184.4386,185.3495,184.4386,185.0475,186.6473,-0.9109,-0.302,1.2978
2020-09-25,2020-10-02,Regular Petrol,1,final,True,185.8892,188.3545,185.8892,186.4597,187.5219,-2.4654,-1.8948,-0.8326
2020-09-25,2020-10-09,Regular Petrol,2,final,True,185.8892,185.3495,185.8892,186.6586,188.8595,0.5396,1.3091,3.5099
2020-09-25,2020-10-16,Regular Petrol,3,final,True,185.8892,186.6535,185.8892,186.7105,190.0875,-0.7644,0.0569,3.434
2020-10-02,2020-10-09,Regular Petrol,1,final,True,188.3545,185.3495,188.3545,188.7837,189.8345,3.005,3.4342,4.4849
2020-10-02,2020-10-16,Regular Petrol,2,final,True,188.3545,186.6535,188.3545,188.9065,191.0771,1.701,2.253,4.4236
2020-10-02,2020-10-23,Regular Petrol,3,final,True,188.3545,186.9433,188.3545,188.8811,192.1549,1.4112,1.9378,5.2116
2020-10-09,2020-10-16,Regular Petrol,1,final,True,185.3495,186.6535,185.3495,185.3136,186.1853,-1.304,-1.3399,-0.4682
2020-10-09,2020-10-23,Regular Petrol,2,final,True,185.3495,186.9433,185.3495,185.2397,186.9496,-1.5938,-1.7036,0.0063
2020-10-09,2020-10-30,Regular Petrol,3,final,True,185.3495,186.3638,185.3495,185.2766,187.7621,-1.0142,-1.0872,1.3983
2020-10-16,2020-10-23,Regular Petrol,1,final,True,186.6535,186.9433,186.6535,186.1178,187.3523,-0.2898,-0.8255,0.409
2020-10-16,2020-10-30,Regular Petrol,2,final,True,186.6535,186.3638,186.6535,186.0085,188.3587,0.2898,-0.3553,1.9949
2020-10-16,2020-11-06,Regular Petrol,3,final,True,186.6535,185.9291,186.6535,186.0094,189.4843,0.7244,0.0803,3.5552
2020-10-23,2020-10-30,Regular Petrol,1,final,True,186.9433,186.3638,186.9433,186.664,187.4786,0.5796,0.3002,1.1149
2020-10-23,2020-11-06,Regular Petrol,2,final,True,186.9433,185.9291,186.9433,186.6118,188.2291,1.0142,0.6827,2.3
2020-10-23,2020-11-13,Regular Petrol,3,final,True,186.9433,187.2331,186.9433,186.6207,189.0469,-0.2898,-0.6124,1.8138
2020-10-30,2020-11-06,Regular Petrol,1,final,True,186.3638,185.9291,186.3638,185.1625,186.096,0.4347,-0.7666,0.1669
2020-10-30,2020-11-13,Regular Petrol,2,final,True,186.3638,187.2331,186.3638,184.8099,186.5402,-0.8693,-2.4232,-0.6929
2020-10-30,2020-11-20,Regular Petrol,3,final,True,186.3638,185.9291,186.3638,184.7728,187.2686,0.4347,-1.1563,1.3395
2020-11-06,2020-11-13,Regular Petrol,1,final,True,185.9291,187.2331,185.9291,185.2663,185.7904,-1.304,-1.9668,-1.4427
2020-11-06,2020-11-20,Regular Petrol,2,final,True,185.9291,185.9291,185.9291,185.1333,186.1109,0.0,-0.7958,0.1818
2020-11-06,2020-11-27,Regular Petrol,3,final,True,185.9291,185.6393,185.9291,185.074,186.4844,0.2898,-0.5653,0.8451
2020-11-13,2020-11-20,Regular Petrol,1,final,True,187.2331,185.9291,187.2331,188.0976,188.2764,1.304,2.1685,2.3473
2020-11-13,2020-11-27,Regular Petrol,2,final,True,187.2331,185.6393,187.2331,188.3547,188.8152,1.5938,2.7154,3.1759
2020-11-13,2020-12-04,Regular Petrol,3,final,True,187.2331,187.9575,187.2331,188.4535,189.1997,-0.7244,0.496,1.2422
2020-11-20,2020-11-27,Regular Petrol,1,final,True,185.9291,185.6393,185.9291,185.9061,186.4239,0.2898,0.2668,0.7846
2020-11-20,2020-12-04,Regular Petrol,2,final,True,185.9291,187.9575,185.9291,185.915,186.9201,-2.0284,-2.0425,-1.0374
2020-11-20,2020-12-11,Regular Petrol,3,final,True,185.9291,189.6962,185.9291,185.912,187.4148,-3.7671,-3.7842,-2.2815
2020-11-27,2020-12-04,Regular Petrol,1,final,True,185.6393,187.9575,185.6393,186.9349,187.2184,-2.3182,-1.0226,-0.7391
2020-11-27,2020-12-11,Regular Petrol,2,final,True,185.6393,189.6962,185.6393,187.3329,188.0646,-4.0569,-2.3633,-1.6316
2020-11-27,2020-12-18,Regular Petrol,3,final,True,185.6393,188.2473,185.6393,187.3612,188.538,-2.608,-0.8861,0.2907
2020-12-04,2020-12-11,Regular Petrol,1,final,True,187.9575,189.6962,187.9575,188.4431,189.3312,-1.7387,-1.2531,-0.365
2020-12-04,2020-12-18,Regular Petrol,2,final,True,187.9575,188.2473,187.9575,188.5012,190.2814,-0.2898,0.2539,2.0341
2020-12-04,2020-12-25,Regular Petrol,3,final,True,187.9575,184.9149,187.9575,188.6493,191.2981,3.0427,3.7344,6.3832
2020-12-11,2020-12-18,Regular Petrol,1,final,True,189.6962,188.2473,189.6962,190.2961,190.8417,1.4489,2.0488,2.5944
2020-12-11,2020-12-25,Regular Petrol,2,final,True,189.6962,184.9149,189.6962,190.6135,191.7439,4.7813,5.6986,6.829
2020-12-11,2021-01-01,Regular Petrol,3,final,True,189.6962,186.3872,189.6962,190.6062,192.4112,3.309,4.219,6.024
2020-12-18,2020-12-25,Regular Petrol,1,final,True,188.2473,184.9149,188.2473,189.2771,189.7179,3.3324,4.3622,4.8031
2020-12-18,2021-01-01,Regular Petrol,2,final,True,188.2473,186.3872,188.2473,189.4708,190.5193,1.8601,3.0836,4.1321
2020-12-18,2021-01-08,Regular Petrol,3,final,True,188.2473,192.3972,188.2473,189.6205,191.2691,-4.1499,-2.7767,-1.1282
2020-12-25,2021-01-01,Regular Petrol,1,final,True,184.9149,186.3872,184.9149,185.6965,186.5254,-1.4723,-0.6907,0.1382
2020-12-25,2021-01-08,Regular Petrol,2,final,True,184.9149,192.3972,184.9149,186.0,187.7118,-7.4824,-6.3972,-4.6855
2020-12-25,2021-01-15,Regular Petrol,3,final,True,184.9149,197.1668,184.9149,186.0496,188.7363,-12.252,-11.1172,-8.4306
2021-01-01,2021-01-08,Regular Petrol,1,final,True,186.3872,192.3972,186.3872,186.9369,188.2898,-6.01,-5.4603,-4.1074
2021-01-01,2021-01-15,Regular Petrol,2,final,True,186.3872,197.1668,186.3872,187.0645,189.8856,-10.7796,-10.1023,-7.2813
2021-01-01,2021-01-22,Regular Petrol,3,final,True,186.3872,199.4794,186.3872,187.1074,191.4091,-13.0922,-12.3719,-8.0703
2021-01-08,2021-01-15,Regular Petrol,1,final,True,192.3972,197.1668,192.3972,192.4575,193.9287,-4.7696,-4.7093,-3.2382
2021-01-08,2021-01-22,Regular Petrol,2,final,True,192.3972,199.4794,192.3972,192.4919,195.4371,-7.0821,-6.9875,-4.0422
2021-01-08,2021-01-29,Regular Petrol,3,final,True,192.3972,195.577,192.3972,192.5329,196.9699,-3.1797,-3.0441,1.393
2021-01-15,2021-01-22,Regular Petrol,1,final,True,197.1668,199.4794,197.1668,198.3685,198.8824,-2.3125,-1.1108,-0.5969
2021-01-15,2021-01-29,Regular Petrol,2,final,True,197.1668,195.577,197.1668,198.7838,199.9691,1.5899,3.2069,4.3921
2021-01-15,2021-02-05,Regular Petrol,3,final,True,197.1668,195.2879,197.1668,198.9014,200.8272,1.8789,3.6135,5.5393
2021-01-22,2021-01-29,Regular Petrol,1,final,True,199.4794,195.577,199.4794,199.792,200.329,3.9024,4.215,4.752
2021-01-22,2021-02-05,Regular Petrol,2,final,True,199.4794,195.2879,199.4794,199.8801,201.0103,4.1915,4.5921,5.7223
2021-01-22,2021-02-12,Regular Petrol,3,final,True,199.4794,200.0575,199.4794,199.9661,201.7234,-0.5781,-0.0914,1.6659
2021-01-29,2021-02-05,Regular Petrol,1,final,True,195.577,195.2879,195.577,195.708,195.978,0.2891,0.4201,0.69
2021-01-29,2021-02-12,Regular Petrol,2,final,True,195.577,200.0575,195.577,195.7974,196.3761,-4.4805,-4.2601,-3.6814
2021-01-29,2021-02-19,Regular Petrol,3,final,True,195.577,201.5028,195.577,195.7637,196.6746,-5.9259,-5.7391,-4.8282
2021-02-05,2021-02-12,Regular Petrol,1,final,True,195.2879,200.0575,195.2879,196.225,196.824,-4.7696,-3.8325,-3.2335
2021-02-05,2021-02-19,Regular Petrol,2,final,True,195.2879,201.5028,195.2879,196.4449,197.7638,-6.2149,-5.0579,-3.739
2021-02-05,2021-02-26,Regular Petrol,3,final,True,195.2879,202.9482,195.2879,196.5825,198.6211,-7.6603,-6.3657,-4.327
2021-02-12,2021-02-19,Regular Petrol,1,final,True,200.0575,201.5028,200.0575,201.0259,201.9391,-1.4453,-0.477,0.4363
2021-02-12,2021-02-26,Regular Petrol,2,final,True,200.0575,202.9482,200.0575,201.3956,203.31,-2.8907,-1.5525,0.3618
2021-02-12,2021-03-05,Regular Petrol,3,final,True,200.0575,205.6943,200.0575,201.4953,204.5115,-5.6368,-4.199,-1.1828
2021-02-19,2021-02-26,Regular Petrol,1,final,True,201.5028,202.9482,201.5028,203.1527,203.5533,-1.4453,0.2045,0.6051
2021-02-19,2021-03-05,Regular Petrol,2,final,True,201.5028,205.6943,201.5028,203.636,204.6892,-4.1915,-2.0583,-1.0051
2021-02-19,2021-03-12,Regular Petrol,3,final,True,201.5028,207.1396,201.5028,203.7336,205.4897,-5.6368,-3.4061,-1.6499
2021-02-26,2021-03-05,Regular Petrol,1,final,True,202.9482,205.6943,202.9482,203.9777,204.7574,-2.7461,-1.7166,-0.9369
2021-02-26,2021-03-12,Regular Petrol,2,final,True,202.9482,207.1396,202.9482,204.238,205.9122,-4.1915,-2.9017,-1.2275
2021-02-26,2021-03-19,Regular Petrol,3,final,True,202.9482,206.5615,202.9482,204.3671,206.9561,-3.6133,-2.1944,0.3946
2021-03-05,2021-03-12,Regular Petrol,1,final,True,205.6943,207.1396,205.6943,206.2283,207.0624,-1.4453,-0.9113,-0.0772
2021-03-05,2021-03-19,Regular Petrol,2,final,True,205.6943,206.5615,205.6943,206.4433,208.1641,-0.8672,-0.1182,1.6026
2021-03-05,2021-03-26,Regular Petrol,3,final,True,205.6943,203.5263,205.6943,206.491,209.1545,2.168,2.9647,5.6282
2021-03-12,2021-03-19,Regular Petrol,1,final,True,207.1396,206.5615,207.1396,209.0479,209.3402,0.5781,2.4864,2.7787
2021-03-12,2021-03-26,Regular Petrol,2,final,True,207.1396,203.5263,207.1396,209.6048,210.4424,3.6133,6.0785,6.9161
2021-03-12,2021-04-02,Regular Petrol,3,final,True,207.1396,204.5897,207.1396,209.779,211.2402,2.5499,5.1893,6.6505
2021-03-19,2021-03-26,Regular Petrol,1,final,True,206.5615,203.5263,206.5615,206.9869,207.9104,3.0352,3.4606,4.3841
2021-03-19,2021-04-02,Regular Petrol,2,final,True,206.5615,204.5897,206.5615,207.1135,209.0211,1.9718,2.5238,4.4314
2021-03-19,2021-04-09,Regular Petrol,3,final,True,206.5615,205.3872,206.5615,207.2213,210.1844,1.1743,1.8341,4.7971
2021-03-26,2021-04-02,Regular Petrol,1,final,True,203.5263,204.5897,203.5263,202.8394,203.9209,-1.0634,-1.7503,-0.6688
2021-03-26,2021-04-09,Regular Petrol,2,final,True,203.5263,205.3872,203.5263,202.6984,204.8399,-1.8609,-2.6888,-0.5474
2021-03-26,2021-04-16,Regular Petrol,3,final,True,203.5263,205.9651,203.5263,202.5803,205.7886,-2.4388,-3.3848,-0.1766
2021-04-02,2021-04-09,Regular Petrol,1,final,True,204.5897,205.3872,204.5897,204.7996,205.8619,-0.7975,-0.5876,0.4747
2021-04-02,2021-04-16,Regular Petrol,2,final,True,204.5897,205.9651,204.5897,204.7856,206.9569,-1.3754,-1.1796,0.9918
2021-04-02,2021-04-23,Regular Petrol,3,final,True,204.5897,208.9991,204.5897,204.8794,208.1381,-4.4094,-4.1197,-0.861
2021-04-09,2021-04-16,Regular Petrol,1,final,True,205.3872,205.9651,205.3872,205.1875,206.3115,-0.5779,-0.7777,0.3464
2021-04-09,2021-04-23,Regular Petrol,2,final,True,205.3872,208.9991,205.3872,205.227,207.4318,-3.6119,-3.7721,-1.5673
2021-04-09,2021-04-30,Regular Petrol,3,final,True,205.3872,209.4326,205.3872,205.2804,208.6541,-4.0453,-4.1521,-0.7784
2021-04-16,2021-04-23,Regular Petrol,1,final,True,205.9651,208.9991,205.9651,206.4491,207.2836,-3.034,-2.5501,-1.7155
2021-04-16,2021-04-30,Regular Petrol,2,final,True,205.9651,209.4326,205.9651,206.6336,208.4397,-3.4674,-2.7989,-0.9928
2021-04-16,2021-05-07,Regular Petrol,3,final,True,205.9651,210.5884,205.9651,206.6017,209.4036,-4.6232,-3.9867,-1.1848
2021-04-23,2021-04-30,Regular Petrol,1,final,True,208.9991,209.4326,208.9991,209.2856,210.3265,-0.4334,-0.147,0.8939
2021-04-23,2021-05-07,Regular Petrol,2,final,True,208.9991,210.5884,208.9991,209.2825,211.4009,-1.5892,-1.3059,0.8125
2021-04-23,2021-05-14,Regular Petrol,3,final,True,208.9991,211.4552,208.9991,209.3589,212.5046,-2.4561,-2.0964,1.0493
2021-04-30,2021-05-07,Regular Petrol,1,final,True,209.4326,210.5884,209.4326,209.1467,209.9724,-1.1558,-1.4417,-0.616
2021-04-30,2021-05-14,Regular Petrol,2,final,True,209.4326,211.4552,209.4326,209.1417,210.7095,-2.0227,-2.3135,-0.7457
2021-04-30,2021-05-21,Regular Petrol,3,final,True,209.4326,211.4552,209.4326,209.1099,211.4409,-2.0227,-2.3453,-0.0144
2021-05-07,2021-05-14,Regular Petrol,1,final,True,210.5884,211.4552,210.5884,211.4999,211.9241,-0.8669,0.0446,0.4688
2021-05-07,2021-05-21,Regular Petrol,2,final,True,210.5884,211.4552,210.5884,211.7371,212.7067,-0.8669,0.2819,1.2515
2021-05-07,2021-05-28,Regular Petrol,3,final,True,210.5884,213.189,210.5884,211.8249,213.3452,-2.6006,-1.3641,0.1563
2021-05-14,2021-05-21,Regular Petrol,1,final,True,211.4552,211.4552,211.4552,211.0435,211.8653,0.0,-0.4118,0.41
2021-05-14,2021-05-28,Regular Petrol,2,final,True,211.4552,213.189,211.4552,210.944,212.5186,-1.7337,-2.2449,-0.6703
2021-05-14,2021-06-04,Regular Petrol,3,final,True,211.4552,215.5006,211.4552,210.9871,213.3247,-4.0453,-4.5135,-2.1759
2021-05-21,2021-05-28,Regular Petrol,1,final,True,211.4552,213.189,211.4552,211.2461,211.7076,-1.7337,-1.9428,-1.4813
2021-05-21,2021-06-04,Regular Petrol,2,final,True,211.4552,215.5006,211.4552,211.2588,212.178,-4.0453,-4.2418,-3.3225
2021-05-21,2021-06-11,Regular Petrol,3,final,True,211.4552,217.6677,211.4552,211.1742,212.5616,-6.2125,-6.4935,-5.1061
2021-05-28,2021-06-04,Regular Petrol,1,final,True,213.189,215.5006,213.189,213.594,213.9274,-2.3116,-1.9066,-1.5731
2021-05-28,2021-06-11,Regular Petrol,2,final,True,213.189,217.6677,213.189,213.6268,214.3469,-4.4788,-4.0409,-3.3208
2021-05-28,2021-06-18,Regular Petrol,3,final,True,213.189,220.7017,213.189,213.7653,214.8402,-7.5128,-6.9364,-5.8615
2021-06-04,2021-06-11,Regular Petrol,1,final,True,215.5006,217.6677,215.5006,215.8028,216.0665,-2.1671,-1.8649,-1.6013
2021-06-04,2021-06-18,Regular Petrol,2,final,True,215.5006,220.7017,215.5006,216.0224,216.5474,-5.2011,-4.6793,-4.1544
2021-06-04,2021-06-25,Regular Petrol,3,final,True,215.5006,223.7357,215.5006,216.0491,216.9167,-8.2351,-7.6867,-6.819
2021-06-11,2021-06-18,Regular Petrol,1,final,True,217.6677,220.7017,217.6677,218.4755,218.474,-3.034,-2.2262,-2.2277
2021-06-11,2021-06-25,Regular Petrol,2,final,True,217.6677,223.7357,217.6677,218.674,218.8183,-6.068,-5.0617,-4.9174
2021-06-11,2021-07-02,Regular Petrol,3,final,True,217.6677,223.5138,217.6677,218.7243,219.0021,-5.846,-4.7894,-4.5117
2021-06-18,2021-06-25,Regular Petrol,1,final,True,220.7017,223.7357,220.7017,221.7993,221.7669,-3.034,-1.9365,-1.9688
2021-06-18,2021-07-02,Regular Petrol,2,final,True,220.7017,223.5138,220.7017,222.1114,222.1353,-2.812,-1.4024,-1.3785
2021-06-18,2021-07-09,Regular Petrol,3,final,True,220.7017,224.5701,220.7017,222.2387,222.3382,-3.8684,-2.3315,-2.2319
2021-06-25,2021-07-02,Regular Petrol,1,final,True,223.7357,223.5138,223.7357,225.2842,225.0632,0.222,1.7705,1.5495
2021-06-25,2021-07-09,Regular Petrol,2,final,True,223.7357,224.5701,223.7357,225.7702,225.4863,-0.8344,1.2001,0.9162
2021-06-25,2021-07-16,Regular Petrol,3,final,True,223.7357,224.8583,223.7357,225.9092,225.63,-1.1226,1.0509,0.7717
2021-07-02,2021-07-09,Regular Petrol,1,final,True,223.5138,224.5701,223.5138,224.4167,224.3781,-1.0564,-0.1535,-0.192
2021-07-02,2021-07-16,Regular Petrol,2,final,True,223.5138,224.8583,223.5138,224.6718,224.7105,-1.3445,-0.1865,-0.1478
2021-07-02,2021-07-23,Regular Petrol,3,final,True,223.5138,223.1294,223.5138,224.7714,224.92,0.3844,1.642,1.7906
2021-07-09,2021-07-16,Regular Petrol,1,final,True,224.5701,224.8583,224.5701,225.6203,225.737,-0.2882,0.762,0.8787
2021-07-09,2021-07-23,Regular Petrol,2,final,True,224.5701,223.1294,224.5701,225.9444,226.3005,1.4408,2.815,3.1711
2021-07-09,2021-07-30,Regular Petrol,3,final,True,224.5701,224.7142,224.5701,226.0258,226.6726,-0.1441,1.3116,1.9584
2021-07-16,2021-07-23,Regular Petrol,1,final,True,224.8583,223.1294,224.8583,224.8436,225.3852,1.7289,1.7142,2.2559
2021-07-16,2021-07-30,Regular Petrol,2,final,True,224.8583,224.7142,224.8583,224.8267,225.9229,0.1441,0.1125,1.2087
2021-07-16,2021-08-06,Regular Petrol,3,final,True,224.8583,228.3161,224.8583,224.9205,226.5953,-3.4578,-3.3956,-1.7208
2021-07-23,2021-07-30,Regular Petrol,1,final,True,223.1294,224.7142,223.1294,222.2873,222.8615,-1.5848,-2.427,-1.8527
2021-07-23,2021-08-06,Regular Petrol,2,final,True,223.1294,228.3161,223.1294,222.143,223.2233,-5.1868,-6.1731,-5.0928
2021-07-23,2021-08-13,Regular Petrol,3,final,True,223.1294,227.3076,223.1294,222.0752,223.7026,-4.1782,-5.2324,-3.605
2021-07-30,2021-08-06,Regular Petrol,1,final,True,224.7142,228.3161,224.7142,225.6436,225.881,-3.6019,-2.6725,-2.4351
2021-07-30,2021-08-13,Regular Petrol,2,final,True,224.7142,227.3076,224.7142,225.8837,226.5188,-2.5934,-1.4239,-0.7888
2021-07-30,2021-08-20,Regular Petrol,3,final,True,224.7142,226.7313,224.7142,226.0087,227.0711,-2.0171,-0.7226,0.3398
2021-08-06,2021-08-13,Regular Petrol,1,final,True,228.3161,227.3076,228.3161,227.761,228.4943,1.0085,0.4534,1.1867
2021-08-06,2021-08-20,Regular Petrol,2,final,True,228.3161,226.7313,228.3161,227.6741,229.0794,1.5848,0.9428,2.3481
2021-08-06,2021-08-27,Regular Petrol,3,final,True,228.3161,228.028,228.3161,227.7276,229.8421,0.2882,-0.3004,1.8141
2021-08-13,2021-08-20,Regular Petrol,1,final,True,227.3076,226.7313,227.3076,227.1521,227.2003,0.5763,0.4208,0.469
2021-08-13,2021-08-27,Regular Petrol,2,final,True,227.3076,228.028,227.3076,227.1858,227.3108,-0.7204,-0.8422,-0.7172
2021-08-13,2021-09-03,Regular Petrol,3,final,True,227.3076,229.7569,227.3076,227.0416,227.2425,-2.4493,-2.7154,-2.5144
2021-08-20,2021-08-27,Regular Petrol,1,final,True,226.7313,228.028,226.7313,225.9477,226.2946,-1.2967,-2.0802,-1.7334
2021-08-20,2021-09-03,Regular Petrol,2,final,True,226.7313,229.7569,226.7313,225.5832,226.1826,-3.0256,-4.1737,-3.5743
2021-08-20,2021-09-10,Regular Petrol,3,final,True,226.7313,229.1806,226.7313,225.6791,226.4227,-2.4493,-3.5015,-2.7579
2021-08-27,2021-09-03,Regular Petrol,1,final,True,228.028,229.7569,228.028,227.8462,227.8773,-1.7289,-1.9107,-1.8796
2021-08-27,2021-09-10,Regular Petrol,2,final,True,228.028,229.1806,228.028,228.0012,227.9749,-1.1526,-1.1794,-1.2057
2021-08-27,2021-09-17,Regular Petrol,3,final,True,228.028,230.0451,228.028,227.9419,227.9436,-2.0171,-2.1031,-2.1015
2021-09-03,2021-09-10,Regular Petrol,1,final,True,229.7569,229.1806,229.7569,229.8747,229.7825,0.5763,0.6941,0.6019
2021-09-03,2021-09-17,Regular Petrol,2,final,True,229.7569,230.0451,229.7569,229.8026,229.6991,-0.2882,-0.2425,-0.3459
2021-09-03,2021-09-24,Regular Petrol,3,final,True,229.7569,231.6299,229.7569,229.8843,229.7162,-1.873,-1.7456,-1.9137
2021-09-10,2021-09-17,Regular Petrol,1,final,True,229.1806,230.0451,229.1806,228.8971,228.9895,-0.8645,-1.1479,-1.0555
2021-09-10,2021-09-24,Regular Petrol,2,final,True,229.1806,231.6299,229.1806,228.9145,229.0216,-2.4493,-2.7154,-2.6083
2021-09-10,2021-10-01,Regular Petrol,3,final,True,229.1806,231.4855,229.1806,228.8541,228.9871,-2.3049,-2.6314,-2.4984
2021-09-17,2021-09-24,Regular Petrol,1,final,True,230.0451,231.6299,230.0451,230.9989,230.9767,-1.5848,-0.631,-0.6532
2021-09-17,2021-10-01,Regular Petrol,2,final,True,230.0451,231.4855,230.0451,231.1946,231.2672,-1.4404,-0.2909,-0.2183
2021-09-17,2021-10-08,Regular Petrol,3,final,True,230.0451,234.7352,230.0451,231.2851,231.4233,-4.6901,-3.4501,-3.3118
2021-09-24,2021-10-01,Regular Petrol,1,final,True,231.6299,231.4855,231.6299,232.5179,232.652,0.1444,1.0324,1.1665
2021-09-24,2021-10-08,Regular Petrol,2,final,True,231.6299,234.7352,231.6299,232.797,233.1147,-3.1053,-1.9382,-1.6205
2021-09-24,2021-10-15,Regular Petrol,3,final,True,231.6299,239.4758,231.6299,232.9264,233.4671,-7.8459,-6.5494,-6.0087
2021-10-01,2021-10-08,Regular Petrol,1,final,True,231.4855,234.7352,231.4855,233.1881,233.1502,-3.2497,-1.5471,-1.585
2021-10-01,2021-10-15,Regular Petrol,2,final,True,231.4855,239.4758,231.4855,233.7018,233.8271,-7.9903,-5.774,-5.6487
2021-10-01,2021-10-22,Regular Petrol,3,final,True,231.4855,244.3601,231.4855,233.7844,234.1314,-12.8746,-10.5757,-10.2286
2021-10-08,2021-10-15,Regular Petrol,1,final,True,234.7352,239.4758,234.7352,237.0006,237.1558,-4.7406,-2.4752,-2.32
2021-10-08,2021-10-22,Regular Petrol,2,final,True,234.7352,244.3601,234.7352,237.5533,238.1204,-9.6249,-6.8067,-6.2396
2021-10-08,2021-10-29,Regular Petrol,3,final,True,234.7352,249.388,234.7352,237.7903,238.8029,-14.6528,-11.5977,-10.5851
2021-10-15,2021-10-22,Regular Petrol,1,final,True,239.4758,244.3601,239.4758,241.9384,242.2941,-4.8843,-2.4217,-2.066
2021-10-15,2021-10-29,Regular Petrol,2,final,True,239.4758,249.388,239.4758,242.6933,243.6547,-9.9122,-6.6947,-5.7333
2021-10-15,2021-11-05,Regular Petrol,3,final,True,239.4758,251.5428,239.4758,242.8974,244.5883,-12.067,-8.6454,-6.9545
2021-10-22,2021-10-29,Regular Petrol,1,final,True,244.3601,249.388,244.3601,245.7204,246.2856,-5.0279,-3.6676,-3.1024
2021-10-22,2021-11-05,Regular Petrol,2,final,True,244.3601,251.5428,244.3601,246.0957,247.4187,-7.1827,-5.4471,-4.1242
2021-10-22,2021-11-12,Regular Petrol,3,final,True,244.3601,251.5428,244.3601,246.2634,248.4006,-7.1827,-5.2794,-3.1422
2021-10-29,2021-11-05,Regular Petrol,1,final,True,249.388,251.5428,249.388,250.5774,250.8286,-2.1548,-0.9655,-0.7143
2021-10-29,2021-11-12,Regular Petrol,2,final,True,249.388,251.5428,249.388,250.9843,251.6339,-2.1548,-0.5585,0.0911
2021-10-29,2021-11-19,Regular Petrol,3,final,True,249.388,251.5428,249.388,251.1222,252.2594,-2.1548,-0.4206,0.7166
2021-11-05,2021-11-12,Regular Petrol,1,final,True,251.5428,251.5428,251.5428,251.1305,251.3785,0.0,-0.4123,-0.1643
2021-11-05,2021-11-19,Regular Petrol,2,final,True,251.5428,251.5428,251.5428,251.0518,251.5423,0.0,-0.491,-0.0005
2021-11-05,2021-11-26,Regular Petrol,3,final,True,251.5428,248.5261,251.5428,251.1794,251.9602,3.0168,2.6533,3.4341
2021-11-12,2021-11-19,Regular Petrol,1,final,True,251.5428,251.5428,251.5428,250.738,250.6348,0.0,-0.8048,-0.908
2021-11-12,2021-11-26,Regular Petrol,2,final,True,251.5428,248.5261,251.5428,250.6704,250.4278,3.0168,2.1443,1.9018
2021-11-12,2021-12-03,Regular Petrol,3,final,True,251.5428,248.5261,251.5428,250.597,250.2933,3.0168,2.0709,1.7672
2021-11-19,2021-11-26,Regular Petrol,1,final,True,251.5428,248.5261,251.5428,250.2771,250.1469,3.0168,1.7511,1.6209
2021-11-19,2021-12-03,Regular Petrol,2,final,True,251.5428,248.5261,251.5428,249.8772,249.557,3.0168,1.3511,1.0309
2021-11-19,2021-12-10,Regular Petrol,3,final,True,251.5428,246.3712,251.5428,249.8737,249.3289,5.1716,3.5025,2.9577
2021-11-26,2021-12-03,Regular Petrol,1,final,True,248.5261,248.5261,248.5261,247.0055,246.6751,0.0,-1.5205,-1.851
2021-11-26,2021-12-10,Regular Petrol,2,final,True,248.5261,246.3712,248.5261,246.6908,245.8697,2.1548,0.3196,-0.5016
2021-11-26,2021-12-17,Regular Petrol,3,final,True,248.5261,243.4981,248.5261,246.5272,245.2285,5.0279,3.029,1.7304
2021-12-03,2021-12-10,Regular Petrol,1,final,True,248.5261,246.3712,248.5261,245.8577,245.8333,2.1548,-0.5135,-0.5379
2021-12-03,2021-12-17,Regular Petrol,2,final,True,248.5261,243.4981,248.5261,245.0598,244.7596,5.0279,1.5617,1.2615
2021-12-03,2021-12-24,Regular Petrol,3,final,True,248.5261,243.4981,248.5261,244.8391,244.1394,5.0279,1.3409,0.6413
2021-12-10,2021-12-17,Regular Petrol,1,final,True,246.3712,243.4981,246.3712,247.4056,246.1468,2.8731,3.9074,2.6486
2021-12-10,2021-12-24,Regular Petrol,2,final,True,246.3712,243.4981,246.3712,247.6695,245.2408,2.8731,4.1714,1.7427
2021-12-10,2021-12-31,Regular Petrol,3,final,True,246.3712,244.7631,246.3712,247.6629,244.0657,1.6081,2.8998,-0.6975
2021-12-17,2021-12-24,Regular Petrol,1,final,True,243.4981,243.4981,243.4981,244.5616,244.0295,0.0,1.0634,0.5314
2021-12-17,2021-12-31,Regular Petrol,2,final,True,243.4981,244.7631,243.4981,244.7541,243.7866,-1.265,-0.009,-0.9765
2021-12-17,2022-01-07,Regular Petrol,3,final,True,243.4981,248.1949,243.4981,244.9641,243.5395,-4.6968,-3.2308,-4.6554
2021-12-24,2021-12-31,Regular Petrol,1,final,True,243.4981,244.7631,243.4981,243.0624,243.3331,-1.265,-1.7008,-1.43
2021-12-24,2022-01-07,Regular Petrol,2,final,True,243.4981,248.1949,243.4981,243.0842,243.5314,-4.6968,-5.1107,-4.6636
2021-12-24,2022-01-14,Regular Petrol,3,final,True,243.4981,250.111,243.4981,242.8509,243.4621,-6.6129,-7.2601,-6.6489
2021-12-31,2022-01-07,Regular Petrol,1,final,True,244.7631,248.1949,244.7631,246.5022,246.133,-3.4318,-1.6928,-2.0619
2021-12-31,2022-01-14,Regular Petrol,2,final,True,244.7631,250.111,244.7631,246.7791,246.2255,-5.3479,-3.3319,-3.8855
2021-12-31,2022-01-21,Regular Petrol,3,final,True,244.7631,253.6843,244.7631,247.0262,246.1678,-8.9211,-6.658,-7.5165
2022-01-07,2022-01-14,Regular Petrol,1,final,True,248.1949,250.111,248.1949,249.2165,249.276,-1.9161,-0.8945,-0.835
2022-01-07,2022-01-21,Regular Petrol,2,final,True,248.1949,253.6843,248.1949,249.6815,249.7663,-5.4894,-4.0028,-3.9179
2022-01-07,2022-01-28,Regular Petrol,3,final,True,248.1949,257.0946,248.1949,249.9883,250.2257,-8.8997,-7.1063,-6.869
2022-01-14,2022-01-21,Regular Petrol,1,final,True,250.111,253.6843,250.111,251.2895,251.0107,-3.5733,-2.3948,-2.6736
2022-01-14,2022-01-28,Regular Petrol,2,final,True,250.111,257.0946,250.111,251.8076,251.4589,-6.9836,-5.287,-5.6357
2022-01-14,2022-02-04,Regular Petrol,3,final,True,250.111,261.0993,250.111,251.8155,251.5037,-10.9882,-9.2838,-9.5956
2022-01-21,2022-01-28,Regular Petrol,1,final,True,253.6843,257.0946,253.6843,255.7102,255.439,-3.4103,-1.3844,-1.6556
2022-01-21,2022-02-04,Regular Petrol,2,final,True,253.6843,261.0993,253.6843,256.1568,255.8949,-7.415,-4.9425,-5.2044
2022-01-21,2022-02-11,Regular Petrol,3,final,True,253.6843,265.0442,253.6843,256.4787,256.2142,-11.3599,-8.5655,-8.8301
2022-01-28,2022-02-04,Regular Petrol,1,final,True,257.0946,261.0993,257.0946,259.1917,259.017,-4.0047,-1.9076,-2.0823
2022-01-28,2022-02-11,Regular Petrol,2,final,True,257.0946,265.0442,257.0946,259.9909,259.8204,-7.9496,-5.0534,-5.2238
2022-01-28,2022-02-18,Regular Petrol,3,final,True,257.0946,269.2885,257.0946,260.2953,260.2898,-12.1939,-8.9931,-8.9986
2022-02-04,2022-02-11,Regular Petrol,1,final,True,261.0993,265.0442,261.0993,263.5863,263.3819,-3.9449,-1.4579,-1.6623
2022-02-04,2022-02-18,Regular Petrol,2,final,True,261.0993,269.2885,261.0993,264.3802,264.3269,-8.1892,-4.9083,-4.9615
2022-02-04,2022-02-25,Regular Petrol,3,final,True,261.0993,272.7915,261.0993,264.656,264.8684,-11.6922,-8.1354,-7.923
2022-02-11,2022-02-18,Regular Petrol,1,final,True,265.0442,269.2885,265.0442,266.4755,266.6287,-4.2442,-2.813,-2.6597
2022-02-11,2022-02-25,Regular Petrol,2,final,True,265.0442,272.7915,265.0442,266.9324,267.4279,-7.7472,-5.859,-5.3636
2022-02-11,2022-03-04,Regular Petrol,3,final,True,265.0442,279.9175,265.0442,267.1815,268.0806,-14.8733,-12.736,-11.8369
2022-02-18,2022-02-25,Regular Petrol,1,final,True,269.2885,272.7915,269.2885,271.0283,271.0448,-3.503,-1.7631,-1.7466
2022-02-18,2022-03-04,Regular Petrol,2,final,True,269.2885,279.9175,269.2885,271.6572,271.8988,-10.629,-8.2603,-8.0187
2022-02-18,2022-03-11,Regular Petrol,3,final,True,269.2885,298.7812,269.2885,271.9017,272.4847,-29.4928,-26.8795,-26.2965
2022-02-25,2022-03-04,Regular Petrol,1,final,True,272.7915,279.9175,272.7915,274.092,274.1162,-7.126,-5.8255,-5.8013
2022-02-25,2022-03-11,Regular Petrol,2,final,True,272.7915,298.7812,272.7915,274.5428,274.7829,-25.9898,-24.2385,-23.9984
2022-02-25,2022-03-18,Regular Petrol,3,final,True,272.7915,279.831,272.7915,274.8435,275.3996,-7.0395,-4.9875,-4.4314
2022-03-04,2022-03-11,Regular Petrol,1,final,True,279.9175,298.7812,279.9175,284.1736,283.3263,-18.8637,-14.6076,-15.4549
2022-03-04,2022-03-18,Regular Petrol,2,final,True,279.9175,279.831,279.9175,285.6055,284.448,0.0865,5.7745,4.6171
2022-03-04,2022-03-25,Regular Petrol,3,final,True,279.9175,269.5907,279.9175,286.0211,284.7766,10.3268,16.4304,15.1859
2022-03-11,2022-03-18,Regular Petrol,1,final,True,298.7812,279.831,298.7812,307.2861,305.9836,18.9503,27.4552,26.1527
2022-03-11,2022-03-25,Regular Petrol,2,final,True,298.7812,269.5907,298.7812,309.7413,308.0893,29.1905,40.1506,38.4986
2022-03-11,2022-04-01,Regular Petrol,3,final,True,298.7812,268.1825,298.7812,310.8466,309.117,30.5987,42.6641,40.9345
2022-03-18,2022-03-25,Regular Petrol,1,final,True,279.831,269.5907,279.831,275.6592,276.2619,10.2403,6.0685,6.6712
2022-03-18,2022-04-01,Regular Petrol,2,final,True,279.831,268.1825,279.831,274.9788,275.8919,11.6485,6.7963,7.7094
2022-03-18,2022-04-08,Regular Petrol,3,final,True,279.831,263.0087,279.831,274.9519,276.158,16.8222,11.9432,13.1493
2022-03-25,2022-04-01,Regular Petrol,1,final,True,269.5907,268.1825,269.5907,271.281,268.7615,1.4082,3.0985,0.579
2022-03-25,2022-04-08,Regular Petrol,2,final,True,269.5907,263.0087,269.5907,271.7185,267.0135,6.582,8.7097,4.0047
2022-03-25,2022-04-15,Regular Petrol,3,final,True,269.5907,260.7267,269.5907,271.5794,264.6974,8.864,10.8527,3.9707
2022-04-01,2022-04-08,Regular Petrol,1,final,True,268.1825,263.0087,268.1825,265.7028,265.1025,5.1737,2.6941,2.0937
2022-04-01,2022-04-15,Regular Petrol,2,final,True,268.1825,260.7267,268.1825,264.9501,263.5928,7.4558,4.2234,2.8661
2022-04-01,2022-04-22,Regular Petrol,3,final,True,268.1825,262.0051,268.1825,265.992,263.7813,6.1774,3.9869,1.7762
2022-04-08,2022-04-15,Regular Petrol,1,final,True,263.0087,260.7267,263.0087,261.5578,260.2256,2.2821,0.8311,-0.5011
2022-04-08,2022-04-22,Regular Petrol,2,final,True,263.0087,262.0051,263.0087,262.3543,259.6716,1.0036,0.3492,-2.3335
2022-04-08,2022-04-29,Regular Petrol,3,final,True,263.0087,265.541,263.0087,261.3388,257.669,-2.5322,-4.2021,-7.872
2022-04-15,2022-04-22,Regular Petrol,1,final,True,260.7267,262.0051,260.7267,264.4283,262.7935,-1.2784,2.4232,0.7884
2022-04-15,2022-04-29,Regular Petrol,2,final,True,260.7267,265.541,260.7267,263.7878,261.3251,-4.8143,-1.7531,-4.2158
2022-04-15,2022-05-06,Regular Petrol,3,final,True,260.7267,273.5595,260.7267,264.357,260.7201,-12.8328,-9.2025,-12.8395
2022-04-22,2022-04-29,Regular Petrol,1,final,True,262.0051,265.541,262.0051,264.5695,264.1102,-3.5359,-0.9715,-1.4307
2022-04-22,2022-05-06,Regular Petrol,2,final,True,262.0051,273.5595,262.0051,265.4904,264.6338,-11.5544,-8.0691,-8.9257
2022-04-22,2022-05-13,Regular Petrol,3,final,True,262.0051,284.2083,262.0051,265.8383,264.7644,-22.2032,-18.37,-19.4439
2022-04-29,2022-05-06,Regular Petrol,1,final,True,265.541,273.5595,265.541,267.5898,267.526,-8.0186,-5.9697,-6.0335
2022-04-29,2022-05-13,Regular Petrol,2,final,True,265.541,284.2083,265.541,268.1824,268.357,-18.6673,-16.0259,-15.8513
2022-04-29,2022-05-20,Regular Petrol,3,final,True,265.541,291.4605,265.541,268.4106,268.81,-25.9196,-23.05,-22.6505
2022-05-06,2022-05-13,Regular Petrol,1,final,True,273.5595,284.2083,273.5595,281.6225,280.4339,-10.6488,-2.5858,-3.7744
2022-05-06,2022-05-20,Regular Petrol,2,final,True,273.5595,291.4605,273.5595,283.4724,281.9082,-17.901,-7.9882,-9.5524
2022-05-06,2022-05-27,Regular Petrol,3,final,True,273.5595,294.8444,273.5595,284.288,282.5181,-21.2849,-10.5565,-12.3263
2022-05-13,2022-05-20,Regular Petrol,1,final,True,284.2083,291.4605,284.2083,286.5005,287.1957,-7.2523,-4.96,-4.2648
2022-05-13,2022-05-27,Regular Petrol,2,final,True,284.2083,294.8444,284.2083,287.426,289.0349,-10.6362,-7.4184,-5.8095
2022-05-13,2022-06-03,Regular Petrol,3,final,True,284.2083,294.1815,284.2083,288.1473,290.8158,-9.9732,-6.0342,-3.3656
2022-05-20,2022-05-27,Regular Petrol,1,final,True,291.4605,294.8444,291.4605,297.7806,296.6957,-3.3839,2.9361,1.8513
2022-05-20,2022-06-03,Regular Petrol,2,final,True,291.4605,294.1815,291.4605,299.598,298.1938,-2.7209,5.4166,4.0124
2022-05-20,2022-06-10,Regular Petrol,3,final,True,291.4605,295.7349,291.4605,300.0434,298.5646,-4.2743,4.3085,2.8297
2022-05-27,2022-06-03,Regular Petrol,1,final,True,294.8444,294.1815,294.8444,292.8442,293.813,0.663,-1.3373,-0.3684
2022-05-27,2022-06-10,Regular Petrol,2,final,True,294.8444,295.7349,294.8444,292.5611,294.3475,-0.8904,-3.1738,-1.3874
2022-05-27,2022-06-17,Regular Petrol,3,final,True,294.8444,303.6552,294.8444,292.8725,295.3972,-8.8108,-10.7827,-8.2581
2022-06-03,2022-06-10,Regular Petrol,1,final,True,294.1815,295.7349,294.1815,296.7889,295.7238,-1.5534,1.0541,-0.0111
2022-06-03,2022-06-17,Regular Petrol,2,final,True,294.1815,303.6552,294.1815,297.5612,295.7213,-9.4738,-6.094,-7.9339
2022-06-03,2022-06-24,Regular Petrol,3,final,True,294.1815,308.5024,294.1815,297.5463,295.1976,-14.321,-10.9562,-13.3049
2022-06-10,2022-06-17,Regular Petrol,1,final,True,295.7349,303.6552,295.7349,299.337,298.8907,-7.9204,-4.3182,-4.7646
2022-06-10,2022-06-24,Regular Petrol,2,final,True,295.7349,308.5024,295.7349,299.6735,299.386,-12.7676,-8.829,-9.1164
2022-06-10,2022-07-01,Regular Petrol,3,final,True,295.7349,308.9297,295.7349,300.4461,300.3408,-13.1949,-8.4836,-8.589
2022-06-17,2022-06-24,Regular Petrol,1,final,True,303.6552,308.5024,303.6552,306.3437,306.5977,-4.8472,-2.1587,-1.9048
2022-06-17,2022-07-01,Regular Petrol,2,final,True,303.6552,308.9297,303.6552,307.7314,308.5355,-5.2745,-1.1984,-0.3942
2022-06-17,2022-07-08,Regular Petrol,3,final,True,303.6552,307.9829,303.6552,307.8478,309.5116,-4.3277,-0.135,1.5287
2022-06-24,2022-07-01,Regular Petrol,1,final,True,308.5024,308.9297,308.5024,308.3939,308.955,-0.4273,-0.5359,0.0252
2022-06-24,2022-07-08,Regular Petrol,2,final,True,308.5024,307.9829,308.5024,308.2347,309.5073,0.5196,0.2519,1.5245
2022-06-24,2022-07-15,Regular Petrol,3,final,True,308.5024,303.4942,308.5024,308.3692,310.2148,5.0083,4.875,6.7206
2022-07-01,2022-07-08,Regular Petrol,1,final,True,308.9297,307.9829,308.9297,308.4607,308.2868,0.9468,0.4778,0.3039
2022-07-01,2022-07-15,Regular Petrol,2,final,True,308.9297,303.4942,308.9297,308.5351,308.0278,5.4356,5.0409,4.5337
2022-07-01,2022-07-22,Regular Petrol,3,final,True,308.9297,285.7636,308.9297,308.5134,307.7291,23.1661,22.7498,21.9655
2022-07-08,2022-07-15,Regular Petrol,1,final,True,307.9829,303.4942,307.9829,299.2418,300.2879,4.4887,-4.2523,-3.2063
2022-07-08,2022-07-22,Regular Petrol,2,final,True,307.9829,285.7636,307.9829,297.2764,298.4409,22.2193,11.5128,12.6773
2022-07-08,2022-07-29,Regular Petrol,3,final,True,307.9829,269.5444,307.9829,296.5339,297.6608,38.4385,26.9895,28.1164
2022-07-15,2022-07-22,Regular Petrol,1,final,True,303.4942,285.7636,303.4942,293.14,292.6534,17.7306,7.3764,6.8898
2022-07-15,2022-07-29,Regular Petrol,2,final,True,303.4942,269.5444,303.4942,290.4733,288.4369,33.9498,20.9289,18.8924
2022-07-15,2022-08-05,Regular Petrol,3,final,True,303.4942,264.5109,303.4942,288.8968,285.1155,38.9833,24.3859,20.6046
2022-07-22,2022-07-29,Regular Petrol,1,final,True,285.7636,269.5444,285.7636,280.957,278.0176,16.2192,11.4126,8.4732
2022-07-22,2022-08-05,Regular Petrol,2,final,True,285.7636,264.5109,285.7636,278.8825,272.4684,21.2527,14.3716,7.9575
2022-07-22,2022-08-12,Regular Petrol,3,final,True,285.7636,261.2514,285.7636,277.8284,267.7019,24.5122,16.577,6.4506
2022-07-29,2022-08-05,Regular Petrol,1,final,True,269.5444,264.5109,269.5444,267.7913,265.2039,5.0335,3.2804,0.693
2022-07-29,2022-08-12,Regular Petrol,2,final,True,269.5444,261.2514,269.5444,267.0116,261.6071,8.293,5.7602,0.3557
2022-07-29,2022-08-19,Regular Petrol,3,final,True,269.5444,258.5246,269.5444,266.9351,258.6583,11.0199,8.4105,0.1338
2022-08-05,2022-08-12,Regular Petrol,1,final,True,264.5109,261.2514,264.5109,260.6795,261.062,3.2595,-0.5719,-0.1894
2022-08-05,2022-08-19,Regular Petrol,2,final,True,264.5109,258.5246,264.5109,259.5029,259.8305,5.9863,0.9783,1.3059
2022-08-05,2022-08-26,Regular Petrol,3,final,True,264.5109,258.6883,264.5109,259.143,259.1041,5.8225,0.4546,0.4157
2022-08-12,2022-08-19,Regular Petrol,1,final,True,261.2514,258.5246,261.2514,259.0498,258.9153,2.7268,0.5252,0.3908
2022-08-12,2022-08-26,Regular Petrol,2,final,True,261.2514,258.6883,261.2514,258.2763,257.5628,2.563,-0.412,-1.1256
2022-08-12,2022-09-02,Regular Petrol,3,final,True,261.2514,261.3067,261.2514,257.8881,256.2966,-0.0553,-3.4186,-5.0101
2022-08-19,2022-08-26,Regular Petrol,1,final,True,258.5246,258.6883,258.5246,257.9021,257.36,-0.1638,-0.7862,-1.3284
2022-08-19,2022-09-02,Regular Petrol,2,final,True,258.5246,261.3067,258.5246,257.6107,256.2597,-2.7821,-3.696,-5.047
2022-08-19,2022-09-09,Regular Petrol,3,final,True,258.5246,261.8322,258.5246,257.5514,255.3141,-3.3076,-4.2808,-6.5181
2022-08-26,2022-09-02,Regular Petrol,1,final,True,258.6883,261.3067,258.6883,260.7912,260.0477,-2.6184,-0.5155,-1.2591
2022-08-26,2022-09-09,Regular Petrol,2,final,True,258.6883,261.8322,258.6883,261.6497,260.3904,-3.1439,-0.1825,-1.4418
2022-08-26,2022-09-16,Regular Petrol,3,final,True,258.6883,261.3004,258.6883,261.9964,260.3576,-2.6121,0.696,-0.9428
2022-09-02,2022-09-09,Regular Petrol,1,final,True,261.3067,261.8322,261.3067,258.6839,259.6915,-0.5255,-3.1483,-2.1407
2022-09-02,2022-09-16,Regular Petrol,2,final,True,261.3067,261.3004,261.3067,257.7398,259.4529,0.0063,-3.5606,-1.8475
2022-09-02,2022-09-23,Regular Petrol,3,final,True,261.3067,261.0209,261.3067,257.3853,259.6318,0.2858,-3.6356,-1.389
2022-09-09,2022-09-16,Regular Petrol,1,final,True,261.8322,261.3004,261.8322,261.1143,260.4093,0.5318,-0.1862,-0.8911
2022-09-09,2022-09-23,Regular Petrol,2,final,True,261.8322,261.0209,261.8322,260.845,259.2988,0.8113,-0.1759,-1.7221
2022-09-09,2022-09-30,Regular Petrol,3,final,True,261.8322,259.5881,261.8322,260.7264,258.2674,2.2441,1.1383,-1.3207
2022-09-16,2022-09-23,Regular Petrol,1,final,True,261.3004,261.0209,261.3004,261.094,260.214,0.2795,0.0731,-0.8069
2022-09-16,2022-09-30,Regular Petrol,2,final,True,261.3004,259.5881,261.3004,261.0002,259.1808,1.7123,1.4121,-0.4073
2022-09-16,2022-10-07,Regular Petrol,3,final,True,261.3004,257.1766,261.3004,261.0676,258.3029,4.1238,3.891,1.1263
2022-09-23,2022-09-30,Regular Petrol,1,final,True,261.0209,259.5881,261.0209,258.8509,258.3894,1.4328,-0.7372,-1.1987
2022-09-23,2022-10-07,Regular Petrol,2,final,True,261.0209,257.1766,261.0209,258.1241,256.9493,3.8443,0.9475,-0.2273
2022-09-23,2022-10-14,Regular Petrol,3,final,True,261.0209,257.3943,261.0209,257.7947,255.885,3.6266,0.4004,-1.5093
2022-09-30,2022-10-07,Regular Petrol,1,final,True,259.5881,257.1766,259.5881,258.5248,257.2978,2.4115,1.3483,0.1212
2022-09-30,2022-10-14,Regular Petrol,2,final,True,259.5881,257.3943,259.5881,258.0754,255.5738,2.1938,0.6812,-1.8204
2022-09-30,2022-10-21,Regular Petrol,3,final,True,259.5881,257.5648,259.5881,257.9376,254.0244,2.0233,0.3728,-3.5404
2022-10-07,2022-10-14,Regular Petrol,1,final,True,257.1766,257.3943,257.1766,257.3646,255.9022,-0.2177,-0.0296,-1.4921
2022-10-07,2022-10-21,Regular Petrol,2,final,True,257.1766,257.5648,257.1766,257.4659,254.4886,-0.3882,-0.0989,-3.0761
2022-10-07,2022-10-28,Regular Petrol,3,final,True,257.1766,258.0426,257.1766,257.5156,253.0442,-0.866,-0.527,-4.9985
2022-10-14,2022-10-21,Regular Petrol,1,final,True,257.3943,257.5648,257.3943,259.4847,258.1634,-0.1705,1.9199,0.5987
2022-10-14,2022-10-28,Regular Petrol,2,final,True,257.3943,258.0426,257.3943,260.3213,257.9409,-0.6484,2.2786,-0.1017
2022-10-14,2022-11-04,Regular Petrol,3,final,True,257.3943,257.1721,257.3943,260.6734,257.3415,0.2221,3.5013,0.1694
2022-10-21,2022-10-28,Regular Petrol,1,final,True,257.5648,258.0426,257.5648,257.4852,257.1437,-0.4779,-0.5575,-0.899
2022-10-21,2022-11-04,Regular Petrol,2,final,True,257.5648,257.1721,257.5648,257.4779,256.7889,0.3926,0.3058,-0.3833
2022-10-21,2022-11-11,Regular Petrol,3,final,True,257.5648,257.6794,257.5648,257.5153,256.4325,-0.1147,-0.1642,-1.2469
2022-10-28,2022-11-04,Regular Petrol,1,final,True,258.0426,257.1721,258.0426,257.043,256.6354,0.8705,-0.1292,-0.5367
2022-10-28,2022-11-11,Regular Petrol,2,final,True,258.0426,257.6794,258.0426,256.6875,255.7038,0.3632,-0.9919,-1.9756
2022-10-28,2022-11-18,Regular Petrol,3,final,True,258.0426,257.6113,258.0426,256.57,254.95,0.4314,-1.0413,-2.6613
2022-11-04,2022-11-11,Regular Petrol,1,final,True,257.1721,257.6794,257.1721,257.7779,256.7596,-0.5073,0.0985,-0.9199
2022-11-04,2022-11-18,Regular Petrol,2,final,True,257.1721,257.6113,257.1721,258.0431,256.0621,-0.4391,0.4318,-1.5491
2022-11-04,2022-11-25,Regular Petrol,3,final,True,257.1721,256.1532,257.1721,258.1624,255.2545,1.0189,2.0092,-0.8987
2022-11-11,2022-11-18,Regular Petrol,1,final,True,257.6794,257.6113,257.6794,259.0831,258.2733,0.0682,1.4719,0.6621
2022-11-11,2022-11-25,Regular Petrol,2,final,True,257.6794,256.1532,257.6794,259.6613,258.2155,1.5262,3.508,2.0623
2022-11-11,2022-12-02,Regular Petrol,3,final,True,257.6794,252.7027,257.6794,259.8925,257.932,4.9767,7.1898,5.2293
2022-11-18,2022-11-25,Regular Petrol,1,final,True,257.6113,256.1532,257.6113,255.9758,256.2011,1.458,-0.1774,0.0478
2022-11-18,2022-12-02,Regular Petrol,2,final,True,257.6113,252.7027,257.6113,255.3231,255.6221,4.9085,2.6204,2.9194
2022-11-18,2022-12-09,Regular Petrol,3,final,True,257.6113,246.9487,257.6113,255.091,255.3684,10.6626,8.1423,8.4197
2022-11-25,2022-12-02,Regular Petrol,1,final,True,256.1532,252.7027,256.1532,253.3563,253.2595,3.4505,0.6536,0.5567
2022-11-25,2022-12-09,Regular Petrol,2,final,True,256.1532,246.9487,256.1532,252.2483,251.6955,9.2045,5.2996,4.7468
2022-11-25,2022-12-16,Regular Petrol,3,final,True,256.1532,240.2033,256.1532,251.8556,250.6843,15.9499,11.6522,10.481
2022-12-02,2022-12-09,Regular Petrol,1,final,True,252.7027,246.9487,252.7027,248.6094,248.3036,5.754,1.6607,1.3549
2022-12-02,2022-12-16,Regular Petrol,2,final,True,252.7027,240.2033,252.7027,247.0015,245.8617,12.4994,6.7982,5.6584
2022-12-02,2022-12-23,Regular Petrol,3,final,True,252.7027,236.8459,252.7027,246.3805,244.2378,15.8568,9.5346,7.3919
2022-12-09,2022-12-16,Regular Petrol,1,final,True,246.9487,240.2033,246.9487,243.1653,242.1854,6.7454,2.962,1.9821
2022-12-09,2022-12-23,Regular Petrol,2,final,True,246.9487,236.8459,246.9487,241.6755,239.2788,10.1028,4.8297,2.4329
2022-12-09,2022-12-30,Regular Petrol,3,final,True,246.9487,238.8154,246.9487,241.0808,237.1259,8.1333,2.2654,-1.6894
2022-12-16,2022-12-23,Regular Petrol,1,final,True,240.2033,236.8459,240.2033,238.534,237.2736,3.3574,1.6881,0.4277
2022-12-16,2022-12-30,Regular Petrol,2,final,True,240.2033,238.8154,240.2033,237.8668,235.1794,1.3879,-0.9486,-3.636
2022-12-16,2023-01-06,Regular Petrol,3,final,True,240.2033,243.2338,240.2033,237.6401,233.405,-3.0305,-5.5937,-9.8288
2022-12-23,2022-12-30,Regular Petrol,1,final,True,236.8459,238.8154,236.8459,236.7749,235.7916,-1.9695,-2.0405,-3.0238
2022-12-23,2023-01-06,Regular Petrol,2,final,True,236.8459,243.2338,236.8459,236.7854,234.7692,-6.3879,-6.4484,-8.4645
2022-12-23,2023-01-13,Regular Petrol,3,final,True,236.8459,242.8848,236.8459,236.8234,233.7395,-6.0389,-6.0614,-9.1453
2022-12-30,2023-01-06,Regular Petrol,1,final,True,238.8154,243.2338,238.8154,241.1761,240.2021,-4.4184,-2.0576,-3.0317
2022-12-30,2023-01-13,Regular Petrol,2,final,True,238.8154,242.8848,238.8154,242.1651,240.4635,-4.0694,-0.7197,-2.4212
2022-12-30,2023-01-20,Regular Petrol,3,final,True,238.8154,242.9841,238.8154,242.6091,240.2309,-4.1687,-0.375,-2.7532
2023-01-06,2023-01-13,Regular Petrol,1,final,True,243.2338,242.8848,243.2338,244.3199,244.0453,0.349,1.4352,1.1605
2023-01-06,2023-01-20,Regular Petrol,2,final,True,243.2338,242.9841,243.2338,244.8026,244.3096,0.2497,1.8185,1.3255
2023-01-06,2023-01-27,Regular Petrol,3,final,True,243.2338,247.9509,243.2338,245.0141,244.3062,-4.7172,-2.9368,-3.6447
2023-01-13,2023-01-20,Regular Petrol,1,final,True,242.8848,242.9841,242.8848,243.2437,242.5577,-0.0993,0.2596,-0.4263
2023-01-13,2023-01-27,Regular Petrol,2,final,True,242.8848,247.9509,242.8848,243.4069,242.0199,-5.0662,-4.5441,-5.931
2023-01-13,2023-02-03,Regular Petrol,3,final,True,242.8848,247.9721,242.8848,243.4843,241.3977,-5.0874,-4.4878,-6.5744
2023-01-20,2023-01-27,Regular Petrol,1,final,True,242.9841,247.9509,242.9841,246.3651,244.9258,-4.9669,-1.5858,-3.0252
2023-01-20,2023-02-03,Regular Petrol,2,final,True,242.9841,247.9721,242.9841,247.7355,245.2489,-4.9881,-0.2367,-2.7233
2023-01-20,2023-02-10,Regular Petrol,3,final,True,242.9841,246.88,242.9841,248.3334,244.9585,-3.8959,1.4535,-1.9215
2023-01-27,2023-02-03,Regular Petrol,1,final,True,247.9509,247.9721,247.9509,250.4677,250.11,-0.0212,2.4956,2.1379
2023-01-27,2023-02-10,Regular Petrol,2,final,True,247.9509,246.88,247.9509,251.5236,251.1028,1.071,4.6436,4.2228
2023-01-27,2023-02-17,Regular Petrol,3,final,True,247.9509,247.1916,247.9509,251.9519,251.6548,0.7594,4.7603,4.4632
2023-02-03,2023-02-10,Regular Petrol,1,final,True,247.9721,246.88,247.9721,246.8511,247.0043,1.0922,-0.0289,0.1244
2023-02-03,2023-02-17,Regular Petrol,2,final,True,247.9721,247.1916,247.9721,246.4148,246.645,0.7806,-0.7768,-0.5465
2023-02-03,2023-02-24,Regular Petrol,3,final,True,247.9721,245.264,247.9721,246.2218,246.474,2.7082,0.9578,1.21
2023-02-10,2023-02-17,Regular Petrol,1,final,True,246.88,247.1916,246.88,247.6024,246.8149,-0.3116,0.4108,-0.3766
2023-02-10,2023-02-24,Regular Petrol,2,final,True,246.88,245.264,246.88,247.8749,246.3823,1.616,2.6109,1.1183
2023-02-10,2023-03-03,Regular Petrol,3,final,True,246.88,245.9825,246.88,248.0252,245.8305,0.8974,2.0426,-0.1521
2023-02-17,2023-02-24,Regular Petrol,1,final,True,247.1916,245.264,247.1916,247.5432,247.2879,1.9276,2.2792,2.0239
2023-02-17,2023-03-03,Regular Petrol,2,final,True,247.1916,245.9825,247.1916,247.7244,247.2259,1.209,1.7419,1.2434
2023-02-17,2023-03-10,Regular Petrol,3,final,True,247.1916,245.6845,247.1916,247.826,247.1872,1.5071,2.1415,1.5027
2023-02-24,2023-03-03,Regular Petrol,1,final,True,245.264,245.9825,245.264,245.1393,244.8919,-0.7186,-0.8432,-1.0907
2023-02-24,2023-03-10,Regular Petrol,2,final,True,245.264,245.6845,245.264,245.1259,244.6961,-0.4205,-0.5585,-0.9883
2023-02-24,2023-03-17,Regular Petrol,3,final,True,245.264,244.8136,245.264,245.0884,244.5083,0.4504,0.2747,-0.3053
2023-03-03,2023-03-10,Regular Petrol,1,final,True,245.9825,245.6845,245.9825,246.0809,245.958,0.2981,0.3964,0.2736
2023-03-03,2023-03-17,Regular Petrol,2,final,True,245.9825,244.8136,245.9825,246.0834,245.8827,1.1689,1.2698,1.0691
2023-03-03,2023-03-24,Regular Petrol,3,final,True,245.9825,243.0693,245.9825,246.1395,245.7977,2.9133,3.0702,2.7284
2023-03-10,2023-03-17,Regular Petrol,1,final,True,245.6845,244.8136,245.6845,246.656,246.2962,0.8708,1.8424,1.4826
2023-03-10,2023-03-24,Regular Petrol,2,final,True,245.6845,243.0693,245.6845,247.0907,246.4259,2.6152,4.0214,3.3567
2023-03-10,2023-03-31,Regular Petrol,3,final,True,245.6845,241.8291,245.6845,247.2849,246.3909,3.8553,5.4558,4.5618
2023-03-17,2023-03-24,Regular Petrol,1,final,True,244.8136,243.0693,244.8136,243.1163,243.5742,1.7443,0.047,0.5049
2023-03-17,2023-03-31,Regular Petrol,2,final,True,244.8136,241.8291,244.8136,242.469,243.2028,2.9845,0.6399,1.3737
2023-03-17,2023-04-07,Regular Petrol,3,final,True,244.8136,246.1901,244.8136,242.1999,243.1356,-1.3765,-3.9902,-3.0545
2023-03-24,2023-03-31,Regular Petrol,1,final,True,243.0693,241.8291,243.0693,241.6554,241.5884,1.2402,-0.1737,-0.2407
2023-03-24,2023-04-07,Regular Petrol,2,final,True,243.0693,246.1901,243.0693,241.0833,240.7826,-3.1208,-5.1068,-5.4075
2023-03-24,2023-04-14,Regular Petrol,3,final,True,243.0693,248.7639,243.0693,240.8782,240.2596,-5.6947,-7.8858,-8.5043
2023-03-31,2023-04-07,Regular Petrol,1,final,True,241.8291,246.1901,241.8291,243.3678,242.5862,-4.361,-2.8223,-3.6039
2023-03-31,2023-04-14,Regular Petrol,2,final,True,241.8291,248.7639,241.8291,243.9987,242.6067,-6.9348,-4.7652,-6.1572
2023-03-31,2023-04-21,Regular Petrol,3,final,True,241.8291,249.3106,241.8291,244.3247,242.3962,-7.4815,-4.986,-6.9144
2023-04-07,2023-04-14,Regular Petrol,1,final,True,246.1901,248.7639,246.1901,248.3167,247.8996,-2.5738,-0.4472,-0.8643
2023-04-07,2023-04-21,Regular Petrol,2,final,True,246.1901,249.3106,246.1901,249.2339,248.6521,-3.1205,-0.0768,-0.6585
2023-04-07,2023-04-28,Regular Petrol,3,final,True,246.1901,248.9007,246.1901,249.5901,248.9866,-2.7106,0.6894,0.0859
2023-04-14,2023-04-21,Regular Petrol,1,final,True,248.7639,249.3106,248.7639,250.1203,249.9696,-0.5467,0.8096,0.659
2023-04-14,2023-04-28,Regular Petrol,2,final,True,248.7639,248.9007,248.7639,250.6535,250.5462,-0.1368,1.7528,1.6455
2023-04-14,2023-05-05,Regular Petrol,3,final,True,248.7639,245.3775,248.7639,250.8705,250.8141,3.3864,5.4929,5.4365
2023-04-21,2023-04-28,Regular Petrol,1,final,True,249.3106,248.9007,249.3106,248.0771,248.432,0.4099,-0.8236,-0.4687
2023-04-21,2023-05-05,Regular Petrol,2,final,True,249.3106,245.3775,249.3106,247.5903,248.0939,3.9331,2.2128,2.7164
2023-04-21,2023-05-12,Regular Petrol,3,final,True,249.3106,239.6388,249.3106,247.4176,247.9801,9.6718,7.7788,8.3413
2023-04-28,2023-05-05,Regular Petrol,1,final,True,248.9007,245.3775,248.9007,246.2524,246.2608,3.5232,0.8749,0.8833
2023-04-28,2023-05-12,Regular Petrol,2,final,True,248.9007,239.6388,248.9007,245.194,244.8579,9.2619,5.5553,5.2191
2023-04-28,2023-05-19,Regular Petrol,3,final,True,248.9007,235.7566,248.9007,244.7613,243.9987,13.1441,9.0046,8.242
2023-05-05,2023-05-12,Regular Petrol,1,final,True,245.3775,239.6388,245.3775,240.7637,240.4676,5.7388,1.1249,0.8288
2023-05-05,2023-05-19,Regular Petrol,2,final,True,245.3775,235.7566,245.3775,238.9077,237.8069,9.6209,3.1511,2.0502
2023-05-05,2023-05-26,Regular Petrol,3,final,True,245.3775,236.3271,245.3775,238.1516,236.0679,9.0504,1.8245,-0.2592
2023-05-12,2023-05-19,Regular Petrol,1,final,True,239.6388,235.7566,239.6388,237.6096,236.2051,3.8821,1.853,0.4484
2023-05-12,2023-05-26,Regular Petrol,2,final,True,239.6388,236.3271,239.6388,236.7846,233.7726,3.3117,0.4575,-2.5545
2023-05-12,2023-06-02,Regular Petrol,3,final,True,239.6388,239.297,239.6388,236.4946,231.7957,0.3418,-2.8024,-7.5012
2023-05-19,2023-05-26,Regular Petrol,1,final,True,235.7566,236.3271,235.7566,235.9912,234.7041,-0.5705,-0.3359,-1.623
2023-05-19,2023-06-02,Regular Petrol,2,final,True,235.7566,239.297,235.7566,236.1339,233.6039,-3.5403,-3.1631,-5.6931
2023-05-19,2023-06-09,Regular Petrol,3,final,True,235.7566,238.7824,235.7566,236.2938,232.5096,-3.0258,-2.4886,-6.2728
2023-05-26,2023-06-02,Regular Petrol,1,final,True,236.3271,239.297,236.3271,238.395,237.5566,-2.9699,-0.9019,-1.7403
2023-05-26,2023-06-09,Regular Petrol,2,final,True,236.3271,238.7824,236.3271,239.3408,237.881,-2.4553,0.5584,-0.9014
2023-05-26,2023-06-16,Regular Petrol,3,final,True,236.3271,238.5626,236.3271,239.7891,237.7776,-2.2355,1.2264,-0.785
2023-06-02,2023-06-09,Regular Petrol,1,final,True,239.297,238.7824,239.297,240.0816,240.0433,0.5146,1.2992,1.2609
2023-06-02,2023-06-16,Regular Petrol,2,final,True,239.297,238.5626,239.297,240.4632,240.4342,0.7344,1.9006,1.8716
2023-06-02,2023-06-23,Regular Petrol,3,final,True,239.297,238.6223,239.297,240.6265,240.5617,0.6747,2.0042,1.9394
2023-06-09,2023-06-16,Regular Petrol,1,final,True,238.7824,238.5626,238.7824,239.6915,239.2265,0.2198,1.1289,0.6639
2023-06-09,2023-06-23,Regular Petrol,2,final,True,238.7824,238.6223,238.7824,240.0743,239.1606,0.1601,1.452,0.5383
2023-06-09,2023-06-30,Regular Petrol,3,final,True,238.7824,243.4908,238.7824,240.2374,238.9006,-4.7084,-3.2534,-4.5901
2023-06-16,2023-06-23,Regular Petrol,1,final,True,238.5626,238.6223,238.5626,237.5591,237.6465,-0.0597,-1.0632,-0.9758
2023-06-16,2023-06-30,Regular Petrol,2,final,True,238.5626,243.4908,238.5626,237.1635,237.1971,-4.9282,-6.3273,-6.2937
2023-06-16,2023-07-07,Regular Petrol,3,final,True,238.5626,264.6443,238.5626,237.0051,236.955,-26.0817,-27.6392,-27.6893
2023-06-23,2023-06-30,Regular Petrol,1,final,True,238.6223,243.4908,238.6223,238.2092,237.9131,-4.8685,-5.2816,-5.5777
2023-06-23,2023-07-07,Regular Petrol,2,final,True,238.6223,264.6443,238.6223,238.0524,237.4281,-26.022,-26.5919,-27.2162
2023-06-23,2023-07-14,Regular Petrol,3,final,True,238.6223,264.2879,238.6223,237.989,237.0582,-25.6655,-26.2989,-27.2297
2023-06-30,2023-07-07,Regular Petrol,1,final,True,243.4908,264.6443,243.4908,242.6469,241.9638,-21.1535,-21.9974,-22.6805
2023-06-30,2023-07-14,Regular Petrol,2,final,True,243.4908,264.2879,243.4908,242.2945,240.869,-20.7971,-21.9934,-23.4188
2023-06-30,2023-07-21,Regular Petrol,3,final,True,243.4908,266.7819,243.4908,242.1885,239.9716,-23.2911,-24.5933,-26.8102
2023-07-07,2023-07-14,Regular Petrol,1,final,True,264.6443,264.2879,264.6443,265.1548,264.3784,0.3565,0.8669,0.0905
2023-07-07,2023-07-21,Regular Petrol,2,final,True,264.6443,266.7819,264.6443,265.4114,263.9153,-2.1375,-1.3704,-2.8666
2023-07-07,2023-07-28,Regular Petrol,3,final,True,264.6443,272.3748,264.6443,265.5342,263.3597,-7.7305,-6.8406,-9.0151
2023-07-14,2023-07-21,Regular Petrol,1,final,True,264.2879,266.7819,264.2879,265.2768,264.5302,-2.494,-1.5051,-2.2517
2023-07-14,2023-07-28,Regular Petrol,2,final,True,264.2879,272.3748,264.2879,265.6963,264.3351,-8.0869,-6.6785,-8.0397
2023-07-14,2023-08-04,Regular Petrol,3,final,True,264.2879,277.7644,264.2879,265.9241,263.9627,-13.4766,-11.8403,-13.8017
2023-07-21,2023-07-28,Regular Petrol,1,final,True,266.7819,272.3748,266.7819,268.0047,267.6714,-5.5929,-4.3701,-4.7034
2023-07-21,2023-08-04,Regular Petrol,2,final,True,266.7819,277.7644,266.7819,268.5689,268.0138,-10.9826,-9.1956,-9.7506
2023-07-21,2023-08-11,Regular Petrol,3,final,True,266.7819,281.2757,266.7819,268.8159,268.101,-14.4938,-12.4598,-13.1746
2023-07-28,2023-08-04,Regular Petrol,1,final,True,272.3748,277.7644,272.3748,274.9336,274.2897,-5.3896,-2.8308,-3.4748
2023-07-28,2023-08-11,Regular Petrol,2,final,True,272.3748,281.2757,272.3748,276.012,275.0271,-8.9009,-5.2636,-6.2485
2023-07-28,2023-08-18,Regular Petrol,3,final,True,272.3748,286.4029,272.3748,276.4846,275.2576,-14.0281,-9.9183,-11.1453
2023-08-04,2023-08-11,Regular Petrol,1,final,True,277.7644,281.2757,277.7644,280.6102,280.236,-3.5112,-0.6655,-1.0397
2023-08-04,2023-08-18,Regular Petrol,2,final,True,277.7644,286.4029,277.7644,281.8217,281.3823,-8.6385,-4.5812,-5.0206
2023-08-04,2023-08-25,Regular Petrol,3,final,True,277.7644,288.6462,277.7644,282.3629,282.0113,-10.8817,-6.2833,-6.6348
2023-08-11,2023-08-18,Regular Petrol,1,final,True,281.2757,286.4029,281.2757,284.1174,283.5417,-5.1272,-2.2855,-2.8612
2023-08-11,2023-08-25,Regular Petrol,2,final,True,281.2757,288.6462,281.2757,285.3352,284.5326,-7.3705,-3.3109,-4.1135
2023-08-11,2023-09-01,Regular Petrol,3,final,True,281.2757,290.9383,281.2757,285.8462,284.9635,-9.6626,-5.092,-5.9748
2023-08-18,2023-08-25,Regular Petrol,1,final,True,286.4029,288.6462,286.4029,289.052,288.6686,-2.2433,0.4058,0.0224
2023-08-18,2023-09-01,Regular Petrol,2,final,True,286.4029,290.9383,286.4029,290.1573,289.7083,-4.5354,-0.781,-1.23
2023-08-18,2023-09-08,Regular Petrol,3,final,True,286.4029,293.4347,286.4029,290.6314,290.2468,-7.0318,-2.8033,-3.1878
2023-08-25,2023-09-01,Regular Petrol,1,final,True,288.6462,290.9383,288.6462,290.5751,290.3137,-2.2921,-0.3631,-0.6245
2023-08-25,2023-09-08,Regular Petrol,2,final,True,288.6462,293.4347,288.6462,291.3867,291.0943,-4.7885,-2.048,-2.3404
2023-08-25,2023-09-15,Regular Petrol,3,final,True,288.6462,296.5359,288.6462,291.7276,291.5317,-7.8898,-4.8083,-5.0042
2023-09-01,2023-09-08,Regular Petrol,1,final,True,290.9383,293.4347,290.9383,292.2068,292.1289,-2.4964,-1.2278,-1.3058
2023-09-01,2023-09-15,Regular Petrol,2,final,True,290.9383,296.5359,290.9383,292.7345,292.762,-5.5977,-3.8015,-3.7739
2023-09-01,2023-09-22,Regular Petrol,3,final,True,290.9383,301.001,290.9383,292.9514,293.1742,-10.0627,-8.0496,-7.8268
2023-09-08,2023-09-15,Regular Petrol,1,final,True,293.4347,296.5359,293.4347,294.0936,294.1711,-3.1013,-2.4423,-2.3648
2023-09-08,2023-09-22,Regular Petrol,2,final,True,293.4347,301.001,293.4347,294.3665,294.6266,-7.5663,-6.6345,-6.3743
2023-09-08,2023-09-29,Regular Petrol,3,final,True,293.4347,301.9351,293.4347,294.4875,294.989,-8.5004,-7.4475,-6.9461
2023-09-15,2023-09-22,Regular Petrol,1,final,True,296.5359,301.001,296.5359,299.5327,298.9369,-4.465,-1.4683,-2.0641
2023-09-15,2023-09-29,Regular Petrol,2,final,True,296.5359,301.9351,296.5359,300.7848,299.9796,-5.3991,-1.1502,-1.9555
2023-09-15,2023-10-06,Regular Petrol,3,final,True,296.5359,296.7216,296.5359,301.3173,300.4716,-0.1857,4.5957,3.75
2023-09-22,2023-09-29,Regular Petrol,1,final,True,301.001,301.9351,301.001,301.6032,301.8936,-0.9341,-0.3319,-0.0415
2023-09-22,2023-10-06,Regular Petrol,2,final,True,301.001,296.7216,301.001,301.875,302.5465,4.2794,5.1534,5.8249
2023-09-22,2023-10-13,Regular Petrol,3,final,True,301.001,292.4364,301.001,302.0503,303.1507,8.5646,9.6139,10.7143
2023-09-29,2023-10-06,Regular Petrol,1,final,True,301.9351,296.7216,301.9351,298.786,299.0681,5.2134,2.0643,2.3465
2023-09-29,2023-10-13,Regular Petrol,2,final,True,301.9351,292.4364,301.9351,297.542,297.7502,9.4986,5.1056,5.3137
2023-09-29,2023-10-20,Regular Petrol,3,final,True,301.9351,289.3649,301.9351,296.987,296.9824,12.5702,7.6221,7.6176
2023-10-06,2023-10-13,Regular Petrol,1,final,True,296.7216,292.4364,296.7216,291.0545,290.8804,4.2852,-1.382,-1.5561
2023-10-06,2023-10-20,Regular Petrol,2,final,True,296.7216,289.3649,296.7216,288.642,287.6264,7.3568,-0.7228,-1.7385
2023-10-06,2023-10-27,Regular Petrol,3,final,True,296.7216,287.6279,296.7216,287.6614,285.5219,9.0937,0.0334,-2.106
2023-10-13,2023-10-20,Regular Petrol,1,final,True,292.4364,289.3649,292.4364,290.1436,288.664,3.0716,0.7788,-0.7009
2023-10-13,2023-10-27,Regular Petrol,2,final,True,292.4364,287.6279,292.4364,289.2032,285.966,4.8085,1.5753,-1.6619
2023-10-13,2023-11-03,Regular Petrol,3,final,True,292.4364,286.792,292.4364,288.8103,283.7732,5.6444,2.0183,-3.0188
2023-10-20,2023-10-27,Regular Petrol,1,final,True,289.3649,287.6279,289.3649,290.1189,288.5595,1.7369,2.4909,0.9316
2023-10-20,2023-11-03,Regular Petrol,2,final,True,289.3649,286.792,289.3649,290.4664,287.4907,2.5729,3.6744,0.6988
2023-10-20,2023-11-10,Regular Petrol,3,final,True,289.3649,285.5772,289.3649,290.7221,286.3837,3.7877,5.145,0.8065
2023-10-27,2023-11-03,Regular Petrol,1,final,True,287.6279,286.792,287.6279,288.9745,288.2049,0.836,2.1825,1.4129
2023-10-27,2023-11-10,Regular Petrol,2,final,True,287.6279,285.5772,287.6279,289.7144,288.3369,2.0508,4.1372,2.7597
2023-10-27,2023-11-17,Regular Petrol,3,final,True,287.6279,282.636,287.6279,290.0767,288.1212,4.9919,7.4407,5.4852
2023-11-03,2023-11-10,Regular Petrol,1,final,True,286.792,285.5772,286.792,286.4186,286.6357,1.2148,0.8415,1.0586
2023-11-03,2023-11-17,Regular Petrol,2,final,True,286.792,282.636,286.792,286.3224,286.6537,4.156,3.6864,4.0177
2023-11-03,2023-11-24,Regular Petrol,3,final,True,286.792,279.7308,286.792,286.278,286.6134,7.0612,6.5472,6.8826
2023-11-10,2023-11-17,Regular Petrol,1,final,True,285.5772,282.636,285.5772,283.8602,284.1105,2.9412,1.2242,1.4745
2023-11-10,2023-11-24,Regular Petrol,2,final,True,285.5772,279.7308,285.5772,283.1277,283.3262,5.8464,3.3969,3.5954
2023-11-10,2023-12-01,Regular Petrol,3,final,True,285.5772,276.7158,285.5772,282.7676,282.8182,8.8614,6.0518,6.1023
2023-11-17,2023-11-24,Regular Petrol,1,final,True,282.636,279.7308,282.636,281.0978,280.919,2.9052,1.367,1.1882
2023-11-17,2023-12-01,Regular Petrol,2,final,True,282.636,276.7158,282.636,280.3993,279.8497,5.9202,3.6834,3.1339
2023-11-17,2023-12-08,Regular Petrol,3,final,True,282.636,272.9781,282.636,280.1124,279.1393,9.6579,7.1343,6.1612
2023-11-24,2023-12-01,Regular Petrol,1,final,True,279.7308,276.7158,279.7308,278.0877,277.9989,3.015,1.3719,1.2831
2023-11-24,2023-12-08,Regular Petrol,2,final,True,279.7308,272.9781,279.7308,277.4023,277.06,6.7527,4.4243,4.082
2023-11-24,2023-12-15,Regular Petrol,3,final,True,279.7308,268.071,279.7308,277.1449,276.4955,11.6598,9.0739,8.4246
2023-12-01,2023-12-08,Regular Petrol,1,final,True,276.7158,272.9781,276.7158,275.2865,275.2984,3.7377,2.3085,2.3203
2023-12-01,2023-12-15,Regular Petrol,2,final,True,276.7158,268.071,276.7158,274.7157,274.5987,8.6448,6.6447,6.5278
2023-12-01,2023-12-22,Regular Petrol,3,final,True,276.7158,266.0502,276.7158,274.4853,274.1537,10.6656,8.4351,8.1035
2023-12-08,2023-12-15,Regular Petrol,1,final,True,272.9781,268.071,272.9781,269.4773,270.2383,4.9071,1.4063,2.1673
2023-12-08,2023-12-22,Regular Petrol,2,final,True,272.9781,266.0502,272.9781,268.0065,269.0939,6.9279,1.9563,3.0438
2023-12-08,2023-12-29,Regular Petrol,3,final,True,272.9781,265.762,272.9781,267.3821,268.5936,7.2161,1.6201,2.8316
2023-12-15,2023-12-22,Regular Petrol,1,final,True,268.071,266.0502,268.071,266.5034,266.2225,2.0208,0.4532,0.1723
2023-12-15,2023-12-29,Regular Petrol,2,final,True,268.071,265.762,268.071,265.8331,265.0584,2.309,0.0711,-0.7036
2023-12-15,2024-01-05,Regular Petrol,3,final,True,268.071,265.7175,268.071,265.5275,264.1609,2.3535,-0.19,-1.5565
2023-12-22,2023-12-29,Regular Petrol,1,final,True,266.0502,265.762,266.0502,265.4409,265.5563,0.2882,-0.3211,-0.2057
2023-12-22,2024-01-05,Regular Petrol,2,final,True,266.0502,265.7175,266.0502,265.1603,265.3,0.3327,-0.5572,-0.4175
2023-12-22,2024-01-12,Regular Petrol,3,final,True,266.0502,265.3049,266.0502,265.1589,265.2765,0.7453,-0.146,-0.0284
2023-12-29,2024-01-05,Regular Petrol,1,final,True,265.762,265.7175,265.762,265.5691,265.8111,0.0445,-0.1483,0.0936
2023-12-29,2024-01-12,Regular Petrol,2,final,True,265.762,265.3049,265.762,265.6058,266.0531,0.4571,0.3009,0.7482
2023-12-29,2024-01-19,Regular Petrol,3,final,True,265.762,265.0501,265.762,265.6232,266.2741,0.7119,0.5731,1.2241
2024-01-05,2024-01-12,Regular Petrol,1,final,True,265.7175,265.3049,265.7175,265.4192,265.7396,0.4126,0.1143,0.4347
2024-01-05,2024-01-19,Regular Petrol,2,final,True,265.7175,265.0501,265.7175,265.2964,265.8952,0.6674,0.2464,0.8451
2024-01-05,2024-01-26,Regular Petrol,3,final,True,265.7175,266.5453,265.7175,265.2727,266.0716,-0.8279,-1.2726,-0.4738
2024-01-12,2024-01-19,Regular Petrol,1,final,True,265.3049,265.0501,265.3049,265.4367,265.5532,0.2548,0.3867,0.5031
2024-01-12,2024-01-26,Regular Petrol,2,final,True,265.3049,266.5453,265.3049,265.5207,265.7054,-1.2404,-1.0246,-0.8399
2024-01-12,2024-02-02,Regular Petrol,3,final,True,265.3049,272.1267,265.3049,265.5702,265.8257,-6.8218,-6.5565,-6.301
2024-01-19,2024-01-26,Regular Petrol,1,final,True,265.0501,266.5453,265.0501,267.393,267.0288,-1.4953,0.8477,0.4835
2024-01-19,2024-02-02,Regular Petrol,2,final,True,265.0501,272.1267,265.0501,268.3959,267.9373,-7.0766,-3.7308,-4.1894
2024-01-19,2024-02-09,Regular Petrol,3,final,True,265.0501,275.5841,265.0501,268.8856,268.444,-10.534,-6.6985,-7.1401
2024-01-26,2024-02-02,Regular Petrol,1,final,True,266.5453,272.1267,266.5453,271.0807,270.9373,-5.5813,-1.046,-1.1894
2024-01-26,2024-02-09,Regular Petrol,2,final,True,266.5453,275.5841,266.5453,273.0743,273.3151,-9.0388,-2.5098,-2.269
2024-01-26,2024-02-16,Regular Petrol,3,final,True,266.5453,277.8211,266.5453,274.0103,274.8622,-11.2758,-3.8109,-2.959
2024-02-02,2024-02-09,Regular Petrol,1,final,True,272.1267,275.5841,272.1267,274.5507,275.7806,-3.4574,-1.0334,0.1965
2024-02-02,2024-02-16,Regular Petrol,2,final,True,272.1267,277.8211,272.1267,275.6699,278.4107,-5.6945,-2.1513,0.5896
2024-02-02,2024-02-23,Regular Petrol,3,final,True,272.1267,279.2433,272.1267,276.1537,280.5237,-7.1166,-3.0896,1.2805
2024-02-09,2024-02-16,Regular Petrol,1,final,True,275.5841,277.8211,275.5841,275.9338,277.191,-2.237,-1.8874,-0.6301
2024-02-09,2024-02-23,Regular Petrol,2,final,True,275.5841,279.2433,275.5841,276.0817,278.6284,-3.6592,-3.1616,-0.6148
2024-02-09,2024-03-01,Regular Petrol,3,final,True,275.5841,279.3244,275.5841,276.0574,279.8963,-3.7403,-3.267,0.5719
2024-02-16,2024-02-23,Regular Petrol,1,final,True,277.8211,279.2433,277.8211,278.9546,279.3873,-1.4221,-0.2886,0.144
2024-02-16,2024-03-01,Regular Petrol,2,final,True,277.8211,279.3244,277.8211,279.347,280.3339,-1.5033,0.0226,1.0095
2024-02-16,2024-03-08,Regular Petrol,3,final,True,277.8211,280.1642,277.8211,279.5564,281.165,-2.3431,-0.6078,1.0008
2024-02-23,2024-03-01,Regular Petrol,1,final,True,279.2433,279.3244,279.2433,278.3068,279.1028,-0.0811,-1.0176,-0.2216
2024-02-23,2024-03-08,Regular Petrol,2,final,True,279.2433,280.1642,279.2433,277.9408,279.4446,-0.9209,-2.2234,-0.7197
2024-02-23,2024-03-15,Regular Petrol,3,final,True,279.2433,279.502,279.2433,277.8108,280.0492,-0.2588,-1.6913,0.5472
2024-03-01,2024-03-08,Regular Petrol,1,final,True,279.3244,280.1642,279.3244,279.5926,279.5558,-0.8398,-0.5716,-0.6085
2024-03-01,2024-03-15,Regular Petrol,2,final,True,279.3244,279.502,279.3244,279.7346,279.7631,-0.1776,0.2325,0.261
2024-03-01,2024-03-22,Regular Petrol,3,final,True,279.3244,279.8437,279.3244,279.7452,279.8582,-0.5193,-0.0985,0.0145
2024-03-08,2024-03-15,Regular Petrol,1,final,True,280.1642,279.502,280.1642,279.481,279.8833,0.6622,-0.0211,0.3813
2024-03-08,2024-03-22,Regular Petrol,2,final,True,280.1642,279.8437,280.1642,279.1379,279.8635,0.3205,-0.7058,0.0198
2024-03-08,2024-03-29,Regular Petrol,3,final,True,280.1642,282.2726,280.1642,279.0797,280.0705,-2.1084,-3.1929,-2.2021
2024-03-15,2024-03-22,Regular Petrol,1,final,True,279.502,279.8437,279.502,278.9357,279.0793,-0.3417,-0.9081,-0.7644
2024-03-15,2024-03-29,Regular Petrol,2,final,True,279.502,282.2726,279.502,278.7904,278.9921,-2.7706,-3.4822,-3.2806
2024-03-15,2024-04-05,Regular Petrol,3,final,True,279.502,283.563,279.502,278.6713,278.9329,-4.061,-4.8918,-4.6301
2024-03-22,2024-03-29,Regular Petrol,1,final,True,279.8437,282.2726,279.8437,282.4971,281.7802,-2.4289,0.2245,-0.4924
2024-03-22,2024-04-05,Regular Petrol,2,final,True,279.8437,283.563,279.8437,283.5896,282.4908,-3.7193,0.0266,-1.0722
2024-03-22,2024-04-12,Regular Petrol,3,final,True,279.8437,284.863,279.8437,284.1685,282.7785,-5.0193,-0.6945,-2.0846
2024-03-29,2024-04-05,Regular Petrol,1,final,True,282.2726,283.563,282.2726,284.3756,284.2715,-1.2904,0.8125,0.7084
2024-03-29,2024-04-12,Regular Petrol,2,final,True,282.2726,284.863,282.2726,285.388,285.391,-2.5904,0.5249,0.528
2024-03-29,2024-04-19,Regular Petrol,3,final,True,282.2726,285.1945,282.2726,285.9044,286.1493,-2.9219,0.7099,0.9548
2024-04-05,2024-04-12,Regular Petrol,1,final,True,283.563,284.863,283.563,285.8295,285.7753,-1.3,0.9664,0.9122
2024-04-05,2024-04-19,Regular Petrol,2,final,True,283.563,285.1945,283.563,286.8867,287.0622,-1.6315,1.6922,1.8677
2024-04-05,2024-04-26,Regular Petrol,3,final,True,283.563,284.593,283.563,287.3061,287.81,-1.0299,2.7131,3.217
2024-04-12,2024-04-19,Regular Petrol,1,final,True,284.863,285.1945,284.863,285.6675,286.1665,-0.3315,0.473,0.972
2024-04-12,2024-04-26,Regular Petrol,2,final,True,284.863,284.593,284.863,285.9783,287.0451,0.27,1.3853,2.4521
2024-04-12,2024-05-03,Regular Petrol,3,final,True,284.863,283.6188,284.863,286.1546,287.8055,1.2442,2.5358,4.1867
2024-04-19,2024-04-26,Regular Petrol,1,final,True,285.1945,284.593,285.1945,286.3395,286.4061,0.6015,1.7465,1.8131
2024-04-19,2024-05-03,Regular Petrol,2,final,True,285.1945,283.6188,285.1945,286.8725,287.1214,1.5757,3.2537,3.5026
2024-04-19,2024-05-10,Regular Petrol,3,final,True,285.1945,281.861,285.1945,287.0799,287.6184,3.3335,5.2188,5.7574
2024-04-26,2024-05-03,Regular Petrol,1,final,True,284.593,283.6188,284.593,283.9215,284.6151,0.9742,0.3027,0.9963
2024-04-26,2024-05-10,Regular Petrol,2,final,True,284.593,281.861,284.593,283.6093,284.9598,2.732,1.7483,3.0987
2024-04-26,2024-05-17,Regular Petrol,3,final,True,284.593,278.7098,284.593,283.5038,285.4908,5.8832,4.794,6.781
2024-05-03,2024-05-10,Regular Petrol,1,final,True,283.6188,281.861,283.6188,282.819,283.3019,1.7578,0.958,1.4408
2024-05-03,2024-05-17,Regular Petrol,2,final,True,283.6188,278.7098,283.6188,282.5055,283.392,4.909,3.7957,4.6822
2024-05-03,2024-05-24,Regular Petrol,3,final,True,283.6188,275.9484,283.6188,282.313,283.5872,7.6704,6.3646,7.6387
2024-05-10,2024-05-17,Regular Petrol,1,final,True,281.861,278.7098,281.861,279.2096,280.0915,3.1512,0.4998,1.3817
2024-05-10,2024-05-24,Regular Petrol,2,final,True,281.861,275.9484,281.861,278.0163,279.4861,5.9126,2.0679,3.5377
2024-05-10,2024-05-31,Regular Petrol,3,final,True,281.861,273.2388,281.861,277.5257,279.438,8.6222,4.2869,6.1991
2024-05-17,2024-05-24,Regular Petrol,1,final,True,278.7098,275.9484,278.7098,275.322,275.927,2.7614,-0.6265,-0.0214
2024-05-17,2024-05-31,Regular Petrol,2,final,True,278.7098,273.2388,278.7098,273.899,274.699,5.4709,0.6602,1.4602
2024-05-17,2024-06-07,Regular Petrol,3,final,True,278.7098,268.6754,278.7098,273.2099,274.0574,10.0344,4.5345,5.3821
2024-05-24,2024-05-31,Regular Petrol,1,final,True,275.9484,273.2388,275.9484,273.7914,273.7263,2.7096,0.5526,0.4875
2024-05-24,2024-06-07,Regular Petrol,2,final,True,275.9484,268.6754,275.9484,272.7923,272.4255,7.2731,4.117,3.7501
2024-05-24,2024-06-14,Regular Petrol,3,final,True,275.9484,264.3079,275.9484,272.4153,271.6034,11.6405,8.1074,7.2955
2024-05-31,2024-06-07,Regular Petrol,1,final,True,273.2388,268.6754,273.2388,270.8435,270.819,4.5635,2.1681,2.1436
2024-05-31,2024-06-14,Regular Petrol,2,final,True,273.2388,264.3079,273.2388,269.8649,269.5056,8.9309,5.557,5.1976
2024-05-31,2024-06-21,Regular Petrol,3,final,True,273.2388,263.1343,273.2388,269.4637,268.6558,10.1045,6.3294,5.5215
2024-06-07,2024-06-14,Regular Petrol,1,final,True,268.6754,264.3079,268.6754,266.3973,266.4114,4.3674,2.0894,2.1035
2024-06-07,2024-06-21,Regular Petrol,2,final,True,268.6754,263.1343,268.6754,265.4327,265.1931,5.541,2.2984,2.0587
2024-06-07,2024-06-28,Regular Petrol,3,final,True,268.6754,265.4918,268.6754,264.9923,264.3441,3.1836,-0.4995,-1.1477
2024-06-14,2024-06-21,Regular Petrol,1,final,True,264.3079,263.1343,264.3079,264.5261,264.2514,1.1736,1.3918,1.1171
2024-06-14,2024-06-28,Regular Petrol,2,final,True,264.3079,265.4918,264.3079,264.5911,264.0299,-1.1839,-0.9007,-1.4619
2024-06-14,2024-07-05,Regular Petrol,3,final,True,264.3079,262.1369,264.3079,264.6895,263.8033,2.171,2.5527,1.6664
2024-06-21,2024-06-28,Regular Petrol,1,final,True,263.1343,265.4918,263.1343,264.4446,264.6698,-2.3575,-1.0473,-0.822
2024-06-21,2024-07-05,Regular Petrol,2,final,True,263.1343,262.1369,263.1343,265.0805,265.643,0.9975,2.9436,3.5061
2024-06-21,2024-07-12,Regular Petrol,3,final,True,263.1343,264.272,263.1343,265.4397,266.4042,-1.1377,1.1676,2.1322
2024-06-28,2024-07-05,Regular Petrol,1,final,True,265.4918,262.1369,265.4918,266.8841,267.6018,3.3549,4.7473,5.4649
2024-06-28,2024-07-12,Regular Petrol,2,final,True,265.4918,264.272,265.4918,267.5714,269.1623,1.2198,3.2994,4.8903
2024-06-28,2024-07-19,Regular Petrol,3,final,True,265.4918,264.6376,265.4918,267.8794,270.3971,0.8542,3.2419,5.7596
2024-07-05,2024-07-12,Regular Petrol,1,final,True,262.1369,264.272,262.1369,263.9801,264.5282,-2.1351,-0.2919,0.2562
2024-07-05,2024-07-19,Regular Petrol,2,final,True,262.1369,264.6376,262.1369,264.7908,266.0772,-2.5007,0.1532,1.4396
2024-07-05,2024-07-26,Regular Petrol,3,final,True,262.1369,264.2809,262.1369,265.1931,267.2761,-2.144,0.9123,2.9953
2024-07-12,2024-07-19,Regular Petrol,1,final,True,264.272,264.6376,264.272,264.0632,265.3008,-0.3656,-0.5743,0.6632
2024-07-12,2024-07-26,Regular Petrol,2,final,True,264.272,264.2809,264.272,264.024,266.4398,-0.0088,-0.2569,2.1589
2024-07-12,2024-08-02,Regular Petrol,3,final,True,264.272,263.4985,264.272,264.016,267.6199,0.7736,0.5176,4.1215
2024-07-19,2024-07-26,Regular Petrol,1,final,True,264.6376,264.2809,264.6376,264.6601,265.2864,0.3567,0.3792,1.0056
2024-07-19,2024-08-02,Regular Petrol,2,final,True,264.6376,263.4985,264.6376,264.6793,265.9486,1.1391,1.1808,2.4501
2024-07-19,2024-08-09,Regular Petrol,3,final,True,264.6376,262.5147,264.6376,264.6453,266.5717,2.1229,2.1307,4.057
2024-07-26,2024-08-02,Regular Petrol,1,final,True,264.2809,263.4985,264.2809,263.6985,264.4262,0.7824,0.2001,0.9278
2024-07-26,2024-08-09,Regular Petrol,2,final,True,264.2809,262.5147,264.2809,263.4058,264.8048,1.7662,0.8911,2.2901
2024-07-26,2024-08-16,Regular Petrol,3,final,True,264.2809,260.5607,264.2809,263.3271,265.3724,3.7201,2.7664,4.8117
2024-08-02,2024-08-09,Regular Petrol,1,final,True,263.4985,262.5147,263.4985,262.4566,263.0688,0.9838,-0.0581,0.5542
2024-08-02,2024-08-16,Regular Petrol,2,final,True,263.4985,260.5607,263.4985,262.0535,263.1654,2.9377,1.4928,2.6047
2024-08-02,2024-08-23,Regular Petrol,3,final,True,263.4985,258.8257,263.4985,261.8346,263.4207,4.6727,3.0089,4.595
2024-08-09,2024-08-16,Regular Petrol,1,final,True,262.5147,260.5607,262.5147,259.1761,260.2559,1.9539,-1.3846,-0.3049
2024-08-09,2024-08-23,Regular Petrol,2,final,True,262.5147,258.8257,262.5147,257.6919,259.4827,3.6889,-1.1338,0.657
2024-08-09,2024-08-30,Regular Petrol,3,final,True,262.5147,256.4347,262.5147,257.0213,259.3344,6.0799,0.5865,2.8996
2024-08-16,2024-08-23,Regular Petrol,1,final,True,260.5607,258.8257,260.5607,259.9027,259.7082,1.735,1.077,0.8825
2024-08-16,2024-08-30,Regular Petrol,2,final,True,260.5607,256.4347,260.5607,259.5907,259.1081,4.126,3.1559,2.6733
2024-08-16,2024-09-06,Regular Petrol,3,final,True,260.5607,254.4329,260.5607,259.4403,258.6297,6.1279,5.0075,4.1968
2024-08-23,2024-08-30,Regular Petrol,1,final,True,258.8257,256.4347,258.8257,256.3224,257.0032,2.391,-0.1124,0.5685
2024-08-23,2024-09-06,Regular Petrol,2,final,True,258.8257,254.4329,258.8257,255.2171,256.281,4.3929,0.7842,1.8481
2024-08-23,2024-09-13,Regular Petrol,3,final,True,258.8257,251.6926,258.8257,254.8041,256.1246,7.1332,3.1115,4.432
2024-08-30,2024-09-06,Regular Petrol,1,final,True,256.4347,254.4329,256.4347,254.7302,254.9746,2.0019,0.2974,0.5417
2024-08-30,2024-09-13,Regular Petrol,2,final,True,256.4347,251.6926,256.4347,254.0574,254.3457,4.7422,2.3648,2.6531
2024-08-30,2024-09-20,Regular Petrol,3,final,True,256.4347,249.0181,256.4347,253.6583,253.9057,7.4167,4.6402,4.8876
2024-09-06,2024-09-13,Regular Petrol,1,final,True,254.4329,251.6926,254.4329,251.8917,252.4969,2.7403,0.1991,0.8043
2024-09-06,2024-09-20,Regular Petrol,2,final,True,254.4329,249.0181,254.4329,250.6904,251.5943,5.4148,1.6723,2.5762
2024-09-06,2024-09-27,Regular Petrol,3,final,True,254.4329,247.2621,254.4329,250.2468,251.2606,7.1708,2.9848,3.9985
2024-09-13,2024-09-20,Regular Petrol,1,final,True,251.6926,249.0181,251.6926,249.7087,249.8695,2.6745,0.6906,0.8514
2024-09-13,2024-09-27,Regular Petrol,2,final,True,251.6926,247.2621,251.6926,248.899,248.9381,4.4305,1.637,1.6761
2024-09-13,2024-10-04,Regular Petrol,3,final,True,251.6926,246.7949,251.6926,248.4898,248.3378,4.8977,1.695,1.543
2024-09-20,2024-09-27,Regular Petrol,1,final,True,249.0181,247.2621,249.0181,249.3797,249.4508,1.756,2.1176,2.1887
2024-09-20,2024-10-04,Regular Petrol,2,final,True,249.0181,246.7949,249.0181,249.4922,249.6947,2.2232,2.6973,2.8999
2024-09-20,2024-10-11,Regular Petrol,3,final,True,249.0181,249.4366,249.0181,249.6267,249.9372,-0.4185,0.1901,0.5006
2024-09-27,2024-10-04,Regular Petrol,1,final,True,247.2621,246.7949,247.2621,246.8146,247.3199,0.4672,0.0197,0.525
2024-09-27,2024-10-11,Regular Petrol,2,final,True,247.2621,249.4366,247.2621,246.7021,247.6231,-2.1745,-2.7345,-1.8135
2024-09-27,2024-10-18,Regular Petrol,3,final,True,247.2621,252.2611,247.2621,246.659,247.9811,-4.9991,-5.6021,-4.28
2024-10-04,2024-10-11,Regular Petrol,1,final,True,246.7949,249.4366,246.7949,246.6593,247.1224,-2.6417,-2.7773,-2.3141
2024-10-04,2024-10-18,Regular Petrol,2,final,True,246.7949,252.2611,246.7949,246.606,247.5143,-5.4663,-5.6551,-4.7469
2024-10-04,2024-10-25,Regular Petrol,3,final,True,246.7949,253.1853,246.7949,246.5958,247.9089,-6.3905,-6.5896,-5.2765
2024-10-11,2024-10-18,Regular Petrol,1,final,True,249.4366,252.2611,249.4366,253.0339,252.7391,-2.8246,0.7727,0.478
2024-10-11,2024-10-25,Regular Petrol,2,final,True,249.4366,253.1853,249.4366,254.6017,254.392,-3.7488,1.4164,1.2066
2024-10-11,2024-11-01,Regular Petrol,3,final,True,249.4366,252.3393,249.4366,255.4235,255.4523,-2.9027,3.0842,3.113
2024-10-18,2024-10-25,Regular Petrol,1,final,True,252.2611,253.1853,252.2611,252.6757,253.8155,-0.9242,-0.5097,0.6301
2024-10-18,2024-11-01,Regular Petrol,2,final,True,252.2611,252.3393,252.2611,252.999,255.2981,-0.0782,0.6597,2.9587
2024-10-18,2024-11-08,Regular Petrol,3,final,True,252.2611,253.7676,252.2611,253.1298,256.647,-1.5065,-0.6378,2.8794
2024-10-25,2024-11-01,Regular Petrol,1,final,True,253.1853,252.3393,253.1853,253.3843,253.8958,0.846,1.045,1.5565
2024-10-25,2024-11-08,Regular Petrol,2,final,True,253.1853,253.7676,253.1853,253.4623,254.5276,-0.5823,-0.3053,0.7599
2024-10-25,2024-11-15,Regular Petrol,3,final,True,253.1853,255.8129,253.1853,253.4747,255.0815,-2.6275,-2.3381,-0.7314
2024-11-01,2024-11-08,Regular Petrol,1,final,True,252.3393,253.7676,252.3393,251.716,252.2935,-1.4283,-2.0517,-1.4742
2024-11-01,2024-11-15,Regular Petrol,2,final,True,252.3393,255.8129,252.3393,251.4234,252.4841,-3.4735,-4.3895,-3.3288
2024-11-01,2024-11-22,Regular Petrol,3,final,True,252.3393,255.973,252.3393,251.3214,252.8184,-3.6337,-4.6516,-3.1546
2024-11-08,2024-11-15,Regular Petrol,1,final,True,253.7676,255.8129,253.7676,254.4965,254.6543,-2.0452,-1.3164,-1.1585
2024-11-08,2024-11-22,Regular Petrol,2,final,True,253.7676,255.973,253.7676,254.8408,255.2256,-2.2054,-1.1322,-0.7474
2024-11-08,2024-11-29,Regular Petrol,3,final,True,253.7676,255.8713,253.7676,254.9893,255.6958,-2.1037,-0.882,-0.1755
2024-11-15,2024-11-22,Regular Petrol,1,final,True,255.8129,255.973,255.8129,255.3803,255.9399,-0.1601,-0.5927,-0.0331
2024-11-15,2024-11-29,Regular Petrol,2,final,True,255.8129,255.8713,255.8129,255.2017,256.3245,-0.0584,-0.6696,0.4531
2024-11-15,2024-12-06,Regular Petrol,3,final,True,255.8129,255.4648,255.8129,255.1431,256.7914,0.348,-0.3217,1.3266
2024-11-22,2024-11-29,Regular Petrol,1,final,True,255.973,255.8713,255.973,256.9527,256.8121,0.1017,1.0814,0.9408
2024-11-22,2024-12-06,Regular Petrol,2,final,True,255.973,255.4648,255.973,257.3939,257.208,0.5082,1.9291,1.7432
2024-11-22,2024-12-13,Regular Petrol,3,final,True,255.973,255.6467,255.973,257.6239,257.436,0.3263,1.9772,1.7893
2024-11-29,2024-12-06,Regular Petrol,1,final,True,255.8713,255.4648,255.8713,256.1682,256.4751,0.4065,0.7034,1.0103
2024-11-29,2024-12-13,Regular Petrol,2,final,True,255.8713,255.6467,255.8713,256.3315,256.9707,0.2246,0.6848,1.324
2024-11-29,2024-12-20,Regular Petrol,3,final,True,255.8713,258.5068,255.8713,256.4346,257.4107,-2.6355,-2.0722,-1.0961
2024-12-06,2024-12-13,Regular Petrol,1,final,True,255.4648,255.6467,255.4648,255.4235,255.76,-0.1819,-0.2231,0.1134
2024-12-06,2024-12-20,Regular Petrol,2,final,True,255.4648,258.5068,255.4648,255.4368,256.0896,-3.0419,-3.07,-2.4172
2024-12-06,2024-12-27,Regular Petrol,3,final,True,255.4648,262.3405,255.4648,255.4418,256.4256,-6.8757,-6.8988,-5.9149
2024-12-13,2024-12-20,Regular Petrol,1,final,True,255.6467,258.5068,255.6467,256.8445,256.8519,-2.8601,-1.6622,-1.6548
2024-12-13,2024-12-27,Regular Petrol,2,final,True,255.6467,262.3405,255.6467,257.361,257.5254,-6.6939,-4.9796,-4.8151
2024-12-13,2025-01-03,Regular Petrol,3,final,True,255.6467,264.7392,255.6467,257.6344,257.9948,-9.0925,-7.1048,-6.7444
2024-12-20,2024-12-27,Regular Petrol,1,final,True,258.5068,262.3405,258.5068,259.8126,260.1046,-3.8338,-2.5279,-2.2359
2024-12-20,2025-01-03,Regular Petrol,2,final,True,258.5068,264.7392,258.5068,260.4308,261.1443,-6.2324,-4.3084,-3.5949
2024-12-20,2025-01-10,Regular Petrol,3,final,True,258.5068,265.7012,258.5068,260.7388,261.96,-7.1944,-4.9624,-3.7412
2024-12-27,2025-01-03,Regular Petrol,1,final,True,262.3405,264.7392,262.3405,262.78,263.1122,-2.3987,-1.9592,-1.627
2024-12-27,2025-01-10,Regular Petrol,2,final,True,262.3405,265.7012,262.3405,263.011,263.7411,-3.3607,-2.6902,-1.9601
2024-12-27,2025-01-17,Regular Petrol,3,final,True,262.3405,268.1869,262.3405,263.1334,264.2813,-5.8464,-5.0535,-3.9057
2025-01-03,2025-01-10,Regular Petrol,1,final,True,264.7392,265.7012,264.7392,265.3363,265.1777,-0.962,-0.3649,-0.5235
2025-01-03,2025-01-17,Regular Petrol,2,final,True,264.7392,268.1869,264.7392,265.6175,265.3621,-3.4477,-2.5695,-2.8249
2025-01-03,2025-01-24,Regular Petrol,3,final,True,264.7392,270.6479,264.7392,265.7668,265.4337,-5.9087,-4.8811,-5.2142
2025-01-10,2025-01-17,Regular Petrol,1,final,True,265.7012,268.1869,265.7012,266.191,265.8907,-2.4858,-1.9959,-2.2962
2025-01-10,2025-01-24,Regular Petrol,2,final,True,265.7012,270.6479,265.7012,266.4312,265.8736,-4.9467,-4.2167,-4.7743
2025-01-10,2025-01-31,Regular Petrol,3,final,True,265.7012,270.3938,265.7012,266.556,265.7804,-4.6926,-3.8378,-4.6133
2025-01-17,2025-01-24,Regular Petrol,1,final,True,268.1869,270.6479,268.1869,270.2068,269.5214,-2.461,-0.4411,-1.1265
2025-01-17,2025-01-31,Regular Petrol,2,final,True,268.1869,270.3938,268.1869,271.1065,269.9798,-2.2068,0.7127,-0.414
2025-01-17,2025-02-07,Regular Petrol,3,final,True,268.1869,269.3989,268.1869,271.5511,270.0914,-1.212,2.1522,0.6924
2025-01-24,2025-01-31,Regular Petrol,1,final,True,270.6479,270.3938,270.6479,269.8287,270.0121,0.2541,-0.5651,-0.3817
2025-01-24,2025-02-07,Regular Petrol,2,final,True,270.6479,269.3989,270.6479,269.527,269.8057,1.249,0.1281,0.4068
2025-01-24,2025-02-14,Regular Petrol,3,final,True,270.6479,268.8166,270.6479,269.3988,269.7341,1.8313,0.5822,0.9175
2025-01-31,2025-02-07,Regular Petrol,1,final,True,270.3938,269.3989,270.3938,270.5757,269.9044,0.9949,1.1768,0.5055
2025-01-31,2025-02-14,Regular Petrol,2,final,True,270.3938,268.8166,270.3938,270.6593,269.3357,1.5772,1.8427,0.5191
2025-01-31,2025-02-21,Regular Petrol,3,final,True,270.3938,268.3746,270.3938,270.7045,268.7314,2.0191,2.3299,0.3568
2025-02-07,2025-02-14,Regular Petrol,1,final,True,269.3989,268.8166,269.3989,269.0719,268.6511,0.5823,0.2553,-0.1655
2025-02-07,2025-02-21,Regular Petrol,2,final,True,269.3989,268.3746,269.3989,268.9346,268.0513,1.0243,0.56,-0.3233
2025-02-07,2025-02-28,Regular Petrol,3,final,True,269.3989,267.702,269.3989,268.8989,267.5346,1.6969,1.1969,-0.1673
2025-02-14,2025-02-21,Regular Petrol,1,final,True,268.8166,268.3746,268.8166,269.1797,268.6037,0.442,0.8051,0.2291
2025-02-14,2025-02-28,Regular Petrol,2,final,True,268.8166,267.702,268.8166,269.3603,268.2495,1.1146,1.6583,0.5476
2025-02-14,2025-03-07,Regular Petrol,3,final,True,268.8166,266.342,268.8166,269.4475,267.8466,2.4746,3.1055,1.5046
2025-02-21,2025-02-28,Regular Petrol,1,final,True,268.3746,267.702,268.3746,268.7804,268.4023,0.6727,1.0784,0.7003
2025-02-21,2025-03-07,Regular Petrol,2,final,True,268.3746,266.342,268.3746,268.9621,268.2784,2.0326,2.6202,1.9364
2025-02-21,2025-03-14,Regular Petrol,3,final,True,268.3746,263.8612,268.3746,269.0887,268.0899,4.5134,5.2275,4.2286
2025-02-28,2025-03-07,Regular Petrol,1,final,True,267.702,266.342,267.702,266.4195,266.5377,1.36,0.0775,0.1958
2025-02-28,2025-03-14,Regular Petrol,2,final,True,267.702,263.8612,267.702,265.9055,265.9665,3.8407,2.0443,2.1053
2025-02-28,2025-03-21,Regular Petrol,3,final,True,267.702,261.6678,267.702,265.6691,265.6196,6.0341,4.0012,3.9518
2025-03-07,2025-03-14,Regular Petrol,1,final,True,266.342,263.8612,266.342,264.0781,264.0689,2.4807,0.2169,0.2077
2025-03-07,2025-03-21,Regular Petrol,2,final,True,266.342,261.6678,266.342,263.0766,262.805,4.6742,1.4088,1.1372
2025-03-07,2025-03-28,Regular Petrol,3,final,True,266.342,261.2133,266.342,262.616,261.9572,5.1287,1.4027,0.7439
2025-03-14,2025-03-21,Regular Petrol,1,final,True,263.8612,261.6678,263.8612,261.896,261.4618,2.1934,0.2282,-0.206
2025-03-14,2025-03-28,Regular Petrol,2,final,True,263.8612,261.2133,263.8612,261.012,259.9079,2.6479,-0.2013,-1.3054
2025-03-14,2025-04-04,Regular Petrol,3,final,True,263.8612,261.2137,263.8612,260.6138,258.7445,2.6476,-0.5998,-2.4691
2025-03-21,2025-03-28,Regular Petrol,1,final,True,261.6678,261.2133,261.6678,261.288,260.4649,0.4545,0.0747,-0.7484
2025-03-21,2025-04-04,Regular Petrol,2,final,True,261.6678,261.2137,261.6678,261.1114,259.4262,0.4541,-0.1023,-1.7875
2025-03-21,2025-04-11,Regular Petrol,3,final,True,261.6678,260.0092,261.6678,261.0623,258.5004,1.6586,1.0531,-1.5088
2025-03-28,2025-04-04,Regular Petrol,1,final,True,261.2133,261.2137,261.2133,262.4555,261.6619,-0.0004,1.2418,0.4482
2025-03-28,2025-04-11,Regular Petrol,2,final,True,261.2133,260.0092,261.2133,263.0311,261.5901,1.2041,3.0219,1.5809
2025-03-28,2025-04-18,Regular Petrol,3,final,True,261.2133,257.3381,261.2133,263.3542,261.3116,3.8752,6.0162,3.9735
2025-04-04,2025-04-11,Regular Petrol,1,final,True,261.2137,260.0092,261.2137,261.7031,261.541,1.2045,1.6939,1.5318
2025-04-04,2025-04-18,Regular Petrol,2,final,True,261.2137,257.3381,261.2137,261.9885,261.6993,3.8756,4.6504,4.3612
2025-04-04,2025-04-25,Regular Petrol,3,final,True,261.2137,255.4895,261.2137,262.1574,261.7478,5.7242,6.6679,6.2583
2025-04-11,2025-04-18,Regular Petrol,1,final,True,260.0092,257.3381,260.0092,255.6665,256.4029,2.6712,-1.6715,-0.9351
2025-04-11,2025-04-25,Regular Petrol,2,final,True,260.0092,255.4895,260.0092,253.7894,254.7429,4.5197,-1.7001,-0.7466
2025-04-11,2025-05-02,Regular Petrol,3,final,True,260.0092,254.2361,260.0092,252.8933,253.8391,5.7731,-1.3427,-0.397
2025-04-18,2025-04-25,Regular Petrol,1,final,True,257.3381,255.4895,257.3381,254.9801,254.106,1.8486,-0.5094,-1.3835
2025-04-18,2025-05-02,Regular Petrol,2,final,True,257.3381,254.2361,257.3381,253.8493,251.8205,3.102,-0.3867,-2.4156
2025-04-18,2025-05-09,Regular Petrol,3,final,True,257.3381,252.9784,257.3381,253.3246,250.014,4.3597,0.3462,-2.9643
2025-04-25,2025-05-02,Regular Petrol,1,final,True,255.4895,254.2361,255.4895,255.0453,253.7862,1.2534,0.8092,-0.4499
2025-04-25,2025-05-09,Regular Petrol,2,final,True,255.4895,252.9784,255.4895,254.8296,252.2561,2.5111,1.8512,-0.7223
2025-04-25,2025-05-16,Regular Petrol,3,final,True,255.4895,251.6838,255.4895,254.8047,250.9253,3.8057,3.1209,-0.7585
2025-05-02,2025-05-09,Regular Petrol,1,final,True,254.2361,252.9784,254.2361,253.5869,252.7819,1.2577,0.6086,-0.1964
2025-05-02,2025-05-16,Regular Petrol,2,final,True,254.2361,251.6838,254.2361,253.3705,251.7145,2.5522,1.6866,0.0307
2025-05-02,2025-05-23,Regular Petrol,3,final,True,254.2361,251.1513,254.2361,253.318,250.8057,3.0847,2.1666,-0.3457
2025-05-09,2025-05-16,Regular Petrol,1,final,True,252.9784,251.6838,252.9784,252.1387,251.4272,1.2945,0.4549,-0.2566
2025-05-09,2025-05-23,Regular Petrol,2,final,True,252.9784,251.1513,252.9784,251.8089,250.305,1.827,0.6576,-0.8463
2025-05-09,2025-05-30,Regular Petrol,3,final,True,252.9784,250.3628,252.9784,251.6881,249.2836,2.6155,1.3253,-1.0792
2025-05-16,2025-05-23,Regular Petrol,1,final,True,251.6838,251.1513,251.6838,252.9275,251.7679,0.5325,1.7761,0.6165
2025-05-16,2025-05-30,Regular Petrol,2,final,True,251.6838,250.3628,251.6838,253.5193,251.2664,1.321,3.1565,0.9036
2025-05-16,2025-06-06,Regular Petrol,3,final,True,251.6838,248.862,251.6838,253.8239,250.5294,2.8219,4.962,1.6674
2025-05-23,2025-05-30,Regular Petrol,1,final,True,251.1513,250.3628,251.1513,251.4715,251.1535,0.7885,1.1087,0.7906
2025-05-23,2025-06-06,Regular Petrol,2,final,True,251.1513,248.862,251.1513,251.6596,251.0433,2.2894,2.7976,2.1813
2025-05-23,2025-06-13,Regular Petrol,3,final,True,251.1513,248.309,251.1513,251.7637,250.8822,2.8424,3.4547,2.5733
2025-05-30,2025-06-06,Regular Petrol,1,final,True,250.3628,248.862,250.3628,250.3042,250.0769,1.5009,1.4423,1.215
2025-05-30,2025-06-13,Regular Petrol,2,final,True,250.3628,248.309,250.3628,250.2966,249.8476,2.0539,1.9877,1.5386
2025-05-30,2025-06-20,Regular Petrol,3,final,True,250.3628,250.7198,250.3628,250.312,249.6286,-0.357,-0.4079,-1.0912
2025-06-06,2025-06-13,Regular Petrol,1,final,True,248.862,248.309,248.862,248.6927,248.496,0.553,0.3837,0.1871
2025-06-06,2025-06-20,Regular Petrol,2,final,True,248.862,250.7198,248.862,248.635,248.2109,-1.8579,-2.0848,-2.5089
2025-06-06,2025-06-27,Regular Petrol,3,final,True,248.862,255.1781,248.862,248.6198,247.9431,-6.3161,-6.5583,-7.235
2025-06-13,2025-06-20,Regular Petrol,1,final,True,248.309,250.7198,248.309,249.7657,249.3323,-2.4108,-0.9541,-1.3875
2025-06-13,2025-06-27,Regular Petrol,2,final,True,248.309,255.1781,248.309,250.4325,249.7122,-6.8691,-4.7455,-5.4659
2025-06-13,2025-07-04,Regular Petrol,3,final,True,248.309,256.0905,248.309,250.7646,249.8527,-7.7815,-5.3258,-6.2378
2025-06-20,2025-06-27,Regular Petrol,1,final,True,250.7198,255.1781,250.7198,254.4396,254.05,-4.4583,-0.7385,-1.1281
2025-06-20,2025-07-04,Regular Petrol,2,final,True,250.7198,256.0905,250.7198,256.1503,255.8122,-5.3707,0.0598,-0.2783
2025-06-20,2025-07-11,Regular Petrol,3,final,True,250.7198,254.8787,250.7198,256.9928,256.8889,-4.1589,2.1141,2.0102
2025-06-27,2025-07-04,Regular Petrol,1,final,True,255.1781,256.0905,255.1781,254.6634,255.8436,-0.9124,-1.427,-0.2469
2025-06-27,2025-07-11,Regular Petrol,2,final,True,255.1781,254.8787,255.1781,254.4984,256.7894,0.2994,-0.3802,1.9107
2025-06-27,2025-07-18,Regular Petrol,3,final,True,255.1781,253.8943,255.1781,254.4173,257.7977,1.2838,0.523,3.9033
2025-07-04,2025-07-11,Regular Petrol,1,final,True,256.0905,254.8787,256.0905,254.5584,254.8565,1.2118,-0.3203,-0.0221
2025-07-04,2025-07-18,Regular Petrol,2,final,True,256.0905,253.8943,256.0905,253.8443,254.264,2.1961,-0.0501,0.3697
2025-07-04,2025-07-25,Regular Petrol,3,final,True,256.0905,254.1246,256.0905,253.517,253.9612,1.9659,-0.6076,-0.1633
2025-07-11,2025-07-18,Regular Petrol,1,final,True,254.8787,253.8943,254.8787,254.7467,254.1857,0.9844,0.8524,0.2914
2025-07-11,2025-07-25,Regular Petrol,2,final,True,254.8787,254.1246,254.8787,254.6899,253.5357,0.7541,0.5654,-0.5889
2025-07-11,2025-08-01,Regular Petrol,3,final,True,254.8787,253.9132,254.8787,254.6804,252.9395,0.9655,0.7672,-0.9737
2025-07-18,2025-07-25,Regular Petrol,1,final,True,253.8943,254.1246,253.8943,253.8535,253.5836,-0.2302,-0.271,-0.5409
2025-07-18,2025-08-01,Regular Petrol,2,final,True,253.8943,253.9132,253.8943,253.8575,253.3247,-0.0189,-0.0556,-0.5884
2025-07-18,2025-08-08,Regular Petrol,3,final,True,253.8943,254.1424,253.8943,253.8535,253.1151,-0.248,-0.2889,-1.0272
2025-07-25,2025-08-01,Regular Petrol,1,final,True,254.1246,253.9132,254.1246,253.2824,253.3393,0.2114,-0.6307,-0.5739
2025-07-25,2025-08-08,Regular Petrol,2,final,True,254.1246,254.1424,254.1246,252.8795,252.9538,-0.0178,-1.2628,-1.1885
2025-07-25,2025-08-15,Regular Petrol,3,final,True,254.1246,252.742,254.1246,252.7299,252.7428,1.3825,-0.0121,0.0007
2025-08-01,2025-08-08,Regular Petrol,1,final,True,253.9132,254.1424,253.9132,254.9308,254.3337,-0.2292,0.7884,0.1914
2025-08-01,2025-08-15,Regular Petrol,2,final,True,253.9132,252.742,253.9132,255.4425,254.3304,1.1711,2.7004,1.5884
2025-08-01,2025-08-22,Regular Petrol,3,final,True,253.9132,251.6432,253.9132,255.7226,254.1236,2.27,4.0794,2.4804
2025-08-08,2025-08-15,Regular Petrol,1,final,True,254.1424,252.742,254.1424,253.8556,253.9731,1.4003,1.1136,1.231
2025-08-08,2025-08-22,Regular Petrol,2,final,True,254.1424,251.6432,254.1424,253.7649,253.9371,2.4992,2.1217,2.2939
2025-08-08,2025-08-29,Regular Petrol,3,final,True,254.1424,252.5846,254.1424,253.72,253.9459,1.5577,1.1354,1.3613
2025-08-15,2025-08-22,Regular Petrol,1,final,True,252.742,251.6432,252.742,253.0274,252.7482,1.0988,1.3842,1.105
2025-08-15,2025-08-29,Regular Petrol,2,final,True,252.742,252.5846,252.742,253.1533,252.6369,0.1574,0.5687,0.0523
2025-08-15,2025-09-05,Regular Petrol,3,final,True,252.742,253.4531,252.742,253.2419,252.4978,-0.711,-0.2112,-0.9553
2025-08-22,2025-08-29,Regular Petrol,1,final,True,251.6432,252.5846,251.6432,252.7596,252.5693,-0.9414,0.175,-0.0154
2025-08-22,2025-09-05,Regular Petrol,2,final,True,251.6432,253.4531,251.6432,253.3022,253.0436,-1.8099,-0.1509,-0.4095
2025-08-22,2025-09-12,Regular Petrol,3,final,True,251.6432,254.7163,251.6432,253.577,253.2906,-3.0731,-1.1393,-1.4256
2025-08-29,2025-09-05,Regular Petrol,1,final,True,252.5846,253.4531,252.5846,253.6057,253.8346,-0.8684,0.1526,0.3815
2025-08-29,2025-09-12,Regular Petrol,2,final,True,252.5846,254.7163,252.5846,254.1007,254.6526,-2.1317,-0.6156,-0.0636
2025-08-29,2025-09-19,Regular Petrol,3,final,True,252.5846,254.9485,252.5846,254.3327,255.2852,-2.3639,-0.6158,0.3367
2025-09-05,2025-09-12,Regular Petrol,1,final,True,253.4531,254.7163,253.4531,254.2713,254.5923,-1.2632,-0.445,-0.1239
2025-09-05,2025-09-19,Regular Petrol,2,final,True,253.4531,254.9485,253.4531,254.6525,255.4078,-1.4954,-0.296,0.4593
2025-09-05,2025-09-26,Regular Petrol,3,final,True,253.4531,254.8856,253.4531,254.8515,256.0658,-1.4326,-0.0341,1.1801
2025-09-12,2025-09-19,Regular Petrol,1,final,True,254.7163,254.9485,254.7163,254.3743,254.9685,-0.2322,-0.5742,0.02
2025-09-12,2025-09-26,Regular Petrol,2,final,True,254.7163,254.8856,254.7163,254.2384,255.3689,-0.1694,-0.6472,0.4832
2025-09-12,2025-10-03,Regular Petrol,3,final,True,254.7163,256.7928,254.7163,254.1824,255.8335,-2.0766,-2.6104,-0.9593
2025-09-19,2025-09-26,Regular Petrol,1,final,True,254.9485,254.8856,254.9485,255.1257,255.277,0.0629,0.2401,0.3914
2025-09-19,2025-10-03,Regular Petrol,2,final,True,254.9485,256.7928,254.9485,255.2151,255.5377,-1.8443,-1.5777,-1.2551
2025-09-19,2025-10-10,Regular Petrol,3,final,True,254.9485,257.7744,254.9485,255.2698,255.7823,-2.8259,-2.5046,-1.9921
2025-09-26,2025-10-03,Regular Petrol,1,final,True,254.8856,256.7928,254.8856,254.6372,254.9267,-1.9072,-2.1557,-1.8662
2025-09-26,2025-10-10,Regular Petrol,2,final,True,254.8856,257.7744,254.8856,254.5351,255.0943,-2.8887,-3.2393,-2.6801
2025-09-26,2025-10-17,Regular Petrol,3,final,True,254.8856,257.9283,254.8856,254.4963,255.3186,-3.0427,-3.432,-2.6097
2025-10-03,2025-10-10,Regular Petrol,1,final,True,256.7928,257.7744,256.7928,256.5386,256.7325,-0.9815,-1.2357,-1.0419
2025-10-03,2025-10-17,Regular Petrol,2,final,True,256.7928,257.9283,256.7928,256.4318,256.7951,-1.1355,-1.4965,-1.1333
2025-10-03,2025-10-24,Regular Petrol,3,final,True,256.7928,258.0282,256.7928,256.3987,256.922,-1.2354,-1.6296,-1.1062
2025-10-10,2025-10-17,Regular Petrol,1,final,True,257.7744,257.9283,257.7744,257.6102,257.507,-0.154,-0.3181,-0.4213
2025-10-10,2025-10-24,Regular Petrol,2,final,True,257.7744,258.0282,257.7744,257.5518,257.3293,-0.2538,-0.4764,-0.6989
2025-10-10,2025-10-31,Regular Petrol,3,final,True,257.7744,258.194,257.7744,257.5519,257.1877,-0.4197,-0.6421,-1.0063
2025-10-17,2025-10-24,Regular Petrol,1,final,True,257.9283,258.0282,257.9283,258.0156,257.7021,-0.0999,-0.0126,-0.3261
2025-10-17,2025-10-31,Regular Petrol,2,final,True,257.9283,258.194,257.9283,258.0837,257.4508,-0.2657,-0.1103,-0.7432
2025-10-17,2025-11-07,Regular Petrol,3,final,True,257.9283,259.9795,257.9283,258.1324,257.1895,-2.0512,-1.8472,-2.79
2025-10-24,2025-10-31,Regular Petrol,1,final,True,258.0282,258.194,258.0282,258.6429,258.2422,-0.1658,0.4489,0.0481
2025-10-24,2025-11-07,Regular Petrol,2,final,True,258.0282,259.9795,258.0282,258.9456,258.2158,-1.9513,-1.0339,-1.7638
2025-10-24,2025-11-14,Regular Petrol,3,final,True,258.0282,261.0977,258.0282,259.1102,258.0761,-3.0695,-1.9875,-3.0216
2025-10-31,2025-11-07,Regular Petrol,1,final,True,258.194,259.9795,258.194,259.339,258.9533,-1.7855,-0.6405,-1.0262
2025-10-31,2025-11-14,Regular Petrol,2,final,True,258.194,261.0977,258.194,259.8949,259.2444,-2.9036,-1.2027,-1.8533
2025-10-31,2025-11-21,Regular Petrol,3,final,True,258.194,262.7139,258.194,260.174,259.3145,-4.5198,-2.5399,-3.3994
2025-11-07,2025-11-14,Regular Petrol,1,final,True,259.9795,261.0977,259.9795,261.0981,260.883,-1.1182,0.0004,-0.2146
2025-11-07,2025-11-21,Regular Petrol,2,final,True,259.9795,262.7139,259.9795,261.6402,261.329,-2.7344,-1.0737,-1.3849
2025-11-07,2025-11-28,Regular Petrol,3,final,True,259.9795,263.6668,259.9795,261.911,261.5582,-3.6872,-1.7557,-2.1085
2025-11-14,2025-11-21,Regular Petrol,1,final,True,261.0977,262.7139,261.0977,262.6041,261.9947,-1.6162,-0.1098,-0.7192
2025-11-14,2025-11-28,Regular Petrol,2,final,True,261.0977,263.6668,261.0977,263.323,262.268,-2.5691,-0.3438,-1.3987
2025-11-14,2025-12-05,Regular Petrol,3,final,True,261.0977,263.2986,261.0977,263.6769,262.2514,-2.2009,0.3783,-1.0472
2025-11-21,2025-11-28,Regular Petrol,1,final,True,262.7139,263.6668,262.7139,262.5018,262.4001,-0.9529,-1.1649,-1.2667
2025-11-21,2025-12-05,Regular Petrol,2,final,True,262.7139,263.2986,262.7139,262.4235,262.1897,-0.5847,-0.8751,-1.1089
2025-11-21,2025-12-12,Regular Petrol,3,final,True,262.7139,263.5581,262.7139,262.3943,262.0225,-0.8442,-1.1637,-1.5355
2025-11-28,2025-12-05,Regular Petrol,1,final,True,263.6668,263.2986,263.6668,263.3931,262.8937,0.3682,0.0945,-0.4049
2025-11-28,2025-12-12,Regular Petrol,2,final,True,263.6668,263.5581,263.6668,263.2752,262.2485,0.1087,-0.2829,-1.3095
2025-11-28,2025-12-19,Regular Petrol,3,final,True,263.6668,262.6809,263.6668,263.2395,261.6765,0.9859,0.5586,-1.0044
2025-12-05,2025-12-12,Regular Petrol,1,final,True,263.2986,263.5581,263.2986,263.2929,262.475,-0.2595,-0.2652,-1.0831
2025-12-05,2025-12-19,Regular Petrol,2,final,True,263.2986,262.6809,263.2986,263.309,261.6771,0.6177,0.6282,-1.0038
2025-12-05,2025-12-26,Regular Petrol,3,final,True,263.2986,260.8759,263.2986,263.3329,260.8907,2.4227,2.457,0.0148
2025-12-12,2025-12-19,Regular Petrol,1,final,True,263.5581,262.6809,263.5581,262.4338,262.0066,0.8772,-0.2471,-0.6743
2025-12-12,2025-12-26,Regular Petrol,2,final,True,263.5581,260.8759,263.5581,261.9256,260.9493,2.6821,1.0496,0.0734
2025-12-12,2026-01-02,Regular Petrol,3,final,True,263.5581,259.3479,263.5581,261.7018,260.135,4.2101,2.3538,0.7871
2025-12-19,2025-12-26,Regular Petrol,1,final,True,262.6809,260.8759,262.6809,260.4905,259.8968,1.8049,-0.3854,-0.9791
2025-12-19,2026-01-02,Regular Petrol,2,final,True,262.6809,259.3479,262.6809,259.4787,258.0659,3.3329,0.1308,-1.2821
2025-12-19,2026-01-09,Regular Petrol,3,final,True,262.6809,257.8942,262.6809,259.0463,256.6884,4.7867,1.1522,-1.2058
2025-12-26,2026-01-02,Regular Petrol,1,final,True,260.8759,259.3479,260.8759,258.8856,257.9358,1.528,-0.4623,-1.4122
2025-12-26,2026-01-09,Regular Petrol,2,final,True,260.8759,257.8942,260.8759,257.9943,255.863,2.9818,0.1001,-2.0312
2025-12-26,2026-01-16,Regular Petrol,3,final,True,260.8759,255.8569,260.8759,257.6118,254.1969,5.019,1.7549,-1.66
2026-01-02,2026-01-09,Regular Petrol,1,final,True,259.3479,257.8942,259.3479,257.9742,256.849,1.4538,0.08,-1.0452
2026-01-02,2026-01-16,Regular Petrol,2,final,True,259.3479,255.8569,259.3479,257.3657,254.9613,3.491,1.5088,-0.8956
2026-01-02,2026-01-23,Regular Petrol,3,final,True,259.3479,254.8288,259.3479,257.1078,253.3612,4.5191,2.279,-1.4677
2026-01-09,2026-01-16,Regular Petrol,1,final,True,257.8942,255.8569,257.8942,256.7449,255.6139,2.0373,0.888,-0.243
2026-01-09,2026-01-23,Regular Petrol,2,final,True,257.8942,254.8288,257.8942,256.2345,253.8527,3.0653,1.4057,-0.9762
2026-01-09,2026-01-30,Regular Petrol,3,final,True,257.8942,254.2878,257.8942,256.0347,252.3337,3.6063,1.7469,-1.9541
2026-01-16,2026-01-23,Regular Petrol,1,final,True,255.8569,254.8288,255.8569,256.0065,254.5935,1.0281,1.1777,-0.2353
2026-01-16,2026-01-30,Regular Petrol,2,final,True,255.8569,254.2878,255.8569,256.1149,253.2888,1.5691,1.827,-0.999
2026-01-16,2026-02-06,Regular Petrol,3,final,True,255.8569,253.691,255.8569,256.2089,251.9545,2.1659,2.5179,-1.7365
2026-01-23,2026-01-30,Regular Petrol,1,final,True,254.8288,254.2878,254.8288,254.5105,253.5283,0.541,0.2227,-0.7596
2026-01-23,2026-02-06,Regular Petrol,2,final,True,254.8288,253.691,254.8288,254.4039,252.3796,1.1378,0.7129,-1.3114
2026-01-23,2026-02-13,Regular Petrol,3,final,True,254.8288,252.8267,254.8288,254.3866,251.2934,2.0022,1.5599,-1.5333
2026-01-30,2026-02-06,Regular Petrol,1,final,True,254.2878,253.691,254.2878,253.6762,252.7749,0.5968,-0.0148,-0.9161
2026-01-30,2026-02-13,Regular Petrol,2,final,True,254.2878,252.8267,254.2878,253.4225,251.541,1.4612,0.5958,-1.2857
2026-01-30,2026-02-20,Regular Petrol,3,final,True,254.2878,252.3097,254.2878,253.3371,250.438,1.9781,1.0274,-1.8717
2026-02-06,2026-02-13,Regular Petrol,1,final,True,253.691,252.8267,253.691,253.1052,252.1531,0.8643,0.2786,-0.6735
2026-02-06,2026-02-20,Regular Petrol,2,final,True,253.691,252.3097,253.691,252.8636,250.8878,1.3813,0.5539,-1.4219
2026-02-06,2026-02-27,Regular Petrol,3,final,True,253.691,252.9455,253.691,252.782,249.7435,0.7455,-0.1634,-3.202
2026-02-13,2026-02-20,Regular Petrol,1,final,True,252.8267,252.3097,252.8267,253.5113,252.4065,0.5169,1.2016,0.0968
2026-02-13,2026-02-27,Regular Petrol,2,final,True,252.8267,252.9455,252.8267,253.863,251.711,-0.1188,0.9175,-1.2345
2026-02-13,2026-03-06,Regular Petrol,3,final,True,252.8267,258.0164,252.8267,254.0407,250.8847,-5.1897,-3.9757,-7.1317
2026-02-20,2026-02-27,Regular Petrol,1,final,True,252.3097,252.9455,252.3097,253.2653,252.5842,-0.6358,0.3198,-0.3613
2026-02-20,2026-03-06,Regular Petrol,2,final,True,252.3097,258.0164,252.3097,253.7258,252.4703,-5.7067,-4.2906,-5.5461
2026-02-20,2026-03-13,Regular Petrol,3,final,True,252.3097,282.0613,252.3097,253.9616,252.1712,-29.7515,-28.0997,-29.89
2026-02-27,2026-03-06,Regular Petrol,1,final,True,252.9455,258.0164,252.9455,255.3271,254.5495,-5.0709,-2.6892,-3.4669
2026-02-27,2026-03-13,Regular Petrol,2,final,True,252.9455,282.0613,252.9455,256.4621,255.1501,-29.1158,-25.5992,-26.9112
2026-02-27,2026-03-20,Regular Petrol,3,final,True,252.9455,313.9199,252.9455,257.0194,255.2778,-60.9744,-56.9004,-58.6421
2026-03-06,2026-03-13,Regular Petrol,1,final,True,258.0164,282.0613,258.0164,271.0128,268.597,-24.0449,-11.0485,-13.4642
2026-03-06,2026-03-20,Regular Petrol,2,final,True,258.0164,313.9199,258.0164,277.1064,273.6491,-55.9035,-36.8135,-40.2708
2026-03-06,2026-03-27,Regular Petrol,3,final,True,258.0164,335.2479,258.0164,279.9311,276.0543,-77.2315,-55.3167,-59.1936
2026-03-13,2026-03-20,Regular Petrol,1,final,True,282.0613,313.9199,282.0613,304.0118,302.3026,-31.8586,-9.9081,-11.6173
2026-03-13,2026-03-27,Regular Petrol,2,final,True,282.0613,335.2479,282.0613,314.2616,313.162,-53.1866,-20.9862,-22.0859
2026-03-13,2026-04-03,Regular Petrol,3,final,True,282.0613,340.2439,282.0613,319.0154,319.6135,-58.1827,-21.2286,-20.6304
2026-03-20,2026-03-27,Regular Petrol,1,final,True,313.9199,335.2479,313.9199,333.6091,334.1946,-21.328,-1.6387,-1.0533
2026-03-20,2026-04-03,Regular Petrol,2,final,True,313.9199,340.2439,313.9199,342.6454,345.8545,-26.3241,2.4015,5.6105
2026-03-20,2026-04-10,Regular Petrol,3,final,True,313.9199,346.8315,313.9199,346.7857,353.5524,-32.9116,-0.0458,6.7209
2026-03-27,2026-04-03,Regular Petrol,1,final,True,335.2479,340.2439,335.2479,339.2864,342.0616,-4.9961,-0.9575,1.8177
2026-03-27,2026-04-10,Regular Petrol,2,final,True,335.2479,346.8315,335.2479,340.7372,346.6039,-11.5836,-6.0943,-0.2276
2026-03-27,2026-04-17,Regular Petrol,3,final,True,335.2479,342.1281,335.2479,341.4234,350.5266,-6.8802,-0.7047,8.3985
2026-04-03,2026-04-10,Regular Petrol,1,final,True,340.2439,346.8315,340.2439,343.3943,342.6009,-6.5876,-3.4372,-4.2306
2026-04-03,2026-04-17,Regular Petrol,2,final,True,340.2439,342.1281,340.2439,344.9502,343.5961,-1.8841,2.8221,1.468
2026-04-03,2026-04-24,Regular Petrol,3,final,True,340.2439,330.3403,340.2439,345.689,344.0446,9.9037,15.3488,13.7043
2026-04-10,2026-04-17,Regular Petrol,1,final,True,346.8315,342.1281,346.8315,347.8586,347.5161,4.7035,5.7305,5.3881
2026-04-10,2026-04-24,Regular Petrol,2,final,True,346.8315,330.3403,346.8315,348.1953,347.6128,16.4913,17.8551,17.2725
2026-04-10,2026-05-01,Regular Petrol,3,final,True,346.8315,322.4775,346.8315,348.1264,347.5597,24.354,25.6488,25.0822
2026-04-17,2026-04-24,Regular Petrol,1,final,True,342.1281,330.3403,342.1281,341.4939,340.6211,11.7878,11.1537,10.2809
2026-04-17,2026-05-01,Regular Petrol,2,final,True,342.1281,322.4775,342.1281,341.179,339.5576,19.6505,18.7015,17.0801
2026-04-17,2026-05-08,Regular Petrol,3,final,True,342.1281,323.0401,342.1281,341.089,338.8406,19.088,18.0489,15.8005
2026-04-24,2026-05-01,Regular Petrol,1,final,True,330.3403,322.4775,330.3403,321.135,322.6184,7.8627,-1.3425,0.1408
2026-04-24,2026-05-08,Regular Petrol,2,final,True,330.3403,323.0401,330.3403,317.1524,319.2904,7.3002,-5.8877,-3.7497
2026-04-24,2026-05-15,Regular Petrol,3,final,True,330.3403,322.1774,330.3403,314.9242,317.2114,8.1629,-7.2532,-4.966
2026-05-01,2026-05-08,Regular Petrol,1,final,True,322.4775,323.0401,322.4775,322.0419,321.0746,-0.5626,-0.9982,-1.9655
2026-05-01,2026-05-15,Regular Petrol,2,final,True,322.4775,322.1774,322.4775,321.42,319.3143,0.3002,-0.7573,-2.8631
2026-05-01,2026-05-22,Regular Petrol,3,final,True,322.4775,324.4025,322.4775,321.2995,318.0039,-1.925,-3.103,-6.3986
2026-05-08,2026-05-15,Regular Petrol,1,final,True,323.0401,322.1774,323.0401,320.6489,321.6883,0.8627,-1.5284,-0.4891
2026-05-08,2026-05-22,Regular Petrol,2,final,True,323.0401,324.4025,323.0401,319.7732,321.5764,-1.3624,-4.6293,-2.8262
2026-05-08,2026-05-29,Regular Petrol,3,final,True,323.0401,324.8431,323.0401,319.7047,322.2022,-1.803,-5.1384,-2.6409
2026-05-15,2026-05-22,Regular Petrol,1,final,True,322.1774,324.4025,322.1774,322.6818,322.6634,-2.2252,-1.7207,-1.7392
2026-05-15,2026-05-29,Regular Petrol,2,final,True,322.1774,324.8431,322.1774,323.2749,323.2973,-2.6657,-1.5682,-1.5458
2026-05-15,2026-06-05,Regular Petrol,3,final,True,322.1774,322.2465,322.1774,324.0271,324.1889,-0.0691,1.7807,1.9424
2026-05-22,2026-05-29,Regular Petrol,1,final,True,324.4025,324.8431,324.4025,325.5987,325.9531,-0.4406,0.7556,1.11
2026-05-22,2026-06-05,Regular Petrol,2,final,True,324.4025,322.2465,324.4025,326.6641,327.5196,2.1561,4.4176,5.2731
2026-05-22,2026-06-12,Regular Petrol,3,final,True,324.4025,317.1315,324.4025,326.7785,328.0706,7.271,9.647,10.9391
2026-05-29,2026-06-05,Regular Petrol,1,final,True,324.8431,322.2465,324.8431,318.0698,320.1039,2.5966,-4.1766,-2.1426
2026-05-29,2026-06-12,Regular Petrol,2,final,True,324.8431,317.1315,324.8431,314.7562,317.8874,7.7116,-2.3754,0.7559
2026-05-29,2026-06-19,Regular Petrol,3,final,True,324.8431,309.7664,324.8431,313.141,317.1054,15.0767,3.3746,7.339
2026-06-05,2026-06-12,Regular Petrol,1,final,True,322.2465,317.1315,322.2465,316.5036,315.9942,5.115,-0.6279,-1.1373
2026-06-05,2026-06-19,Regular Petrol,2,final,True,322.2465,309.7664,322.2465,313.8965,312.3654,12.4801,4.1302,2.599
2026-06-05,2026-06-26,Regular Petrol,3,final,True,322.2465,301.0267,322.2465,312.3711,309.4769,21.2198,11.3444,8.4502
2026-06-12,2026-06-19,Regular Petrol,1,final,True,317.1315,309.7664,317.1315,315.7543,314.1108,7.3651,5.9879,4.3444
2026-06-12,2026-06-26,Regular Petrol,2,final,True,317.1315,301.0267,317.1315,314.8283,311.3341,16.1048,13.8016,10.3074
2026-06-12,2026-07-03,Regular Petrol,3,final,True,317.1315,296.1017,317.1315,314.7315,309.3236,21.0299,18.6298,13.222
2026-06-19,2026-06-26,Regular Petrol,1,final,True,309.7664,301.0267,309.7664,303.3908,303.6545,8.7397,2.3641,2.6277
2026-06-19,2026-07-03,Regular Petrol,2,final,True,309.7664,296.1017,309.7664,300.6686,300.5258,13.6647,4.5669,4.4242
2026-06-19,2026-07-10,Regular Petrol,3,final,True,309.7664,292.6667,309.7664,300.0863,299.3205,17.0997,7.4196,6.6538
2026-06-26,2026-07-03,Regular Petrol,1,final,True,301.0267,296.1017,301.0267,297.0534,296.252,4.9251,0.9518,0.1503
2026-06-26,2026-07-10,Regular Petrol,2,final,True,301.0267,292.6667,301.0267,295.8718,293.9114,8.36,3.2051,1.2447
2026-06-26,2026-07-17,Regular Petrol,3,final,True,301.0267,290.5013,301.0267,295.1207,291.7114,10.5254,4.6194,1.21
2026-07-03,2026-07-10,Regular Petrol,1,provisional,True,296.1017,292.6667,296.1017,293.9007,293.5706,3.435,1.234,0.9039
2026-07-03,2026-07-17,Regular Petrol,2,provisional,True,296.1017,290.5013,296.1017,292.6582,291.5941,5.6003,2.1568,1.0928
2026-07-03,2026-07-24,Regular Petrol,3,provisional,True,296.1017,291.9868,296.1017,292.106,290.12,4.1149,0.1192,-1.8668
2026-07-10,2026-07-17,Regular Petrol,1,provisional,True,292.6667,290.5013,292.6667,290.6126,290.3115,2.1654,0.1113,-0.1898
2026-07-10,2026-07-24,Regular Petrol,2,provisional,True,292.6667,291.9868,292.6667,289.6692,288.7883,0.6799,-2.3176,-3.1985
2026-07-10,2026-07-31,Regular Petrol,3,provisional,True,292.6667,298.5492,292.6667,289.8514,288.3479,-5.8825,-8.6978,-10.2012
2026-07-17,2026-07-24,Regular Petrol,1,provisional,True,290.5013,291.9868,290.5013,293.4713,292.2296,-1.4855,1.4845,0.2429
2026-07-17,2026-07-31,Regular Petrol,2,provisional,True,290.5013,298.5492,290.5013,295.5405,293.4515,-8.0479,-3.0087,-5.0977
2026-07-17,2026-08-07,Regular Petrol,3,provisional,True,290.5013,300.8352,290.5013,296.5861,293.7509,-10.3339,-4.2491,-7.0843
2026-07-24,2026-07-31,Regular Petrol,1,provisional,True,291.9868,298.5492,291.9868,300.6493,299.7356,-6.5624,2.1001,1.1864
2026-07-24,2026-08-07,Regular Petrol,2,provisional,True,291.9868,300.8352,291.9868,304.8741,303.8843,-8.8485,4.0389,3.0491
2026-07-24,2026-08-14,Regular Petrol,3,provisional,True,291.9868,298.8132,291.9868,307.1714,306.5338,-6.8264,8.3582,7.7207
2026-07-31,2026-08-07,Regular Petrol,1,provisional,True,298.5492,300.8352,298.5492,301.6469,303.4998,-2.2861,0.8117,2.6646
2026-07-31,2026-08-14,Regular Petrol,2,provisional,True,298.5492,298.8132,298.5492,303.4008,307.4091,-0.264,4.5876,8.5959
2026-07-31,2026-08-21,Regular Petrol,3,provisional,True,298.5492,298.0332,298.5492,304.0891,310.4354,0.516,6.0559,12.4021
2026-08-07,2026-08-14,Regular Petrol,1,provisional,True,300.8352,298.8132,300.8352,296.7867,299.1347,2.0221,-2.0265,0.3215
2026-08-07,2026-08-21,Regular Petrol,2,provisional,True,300.8352,298.0332,300.8352,294.6772,298.9076,2.802,-3.356,0.8744
2026-08-07,2026-08-28,Regular Petrol,3,provisional,True,300.8352,297.8817,300.8352,292.8222,298.6604,2.9535,-5.0595,0.7787
2026-08-14,2026-08-21,Regular Petrol,1,provisional,True,298.8132,298.0332,298.8132,299.8645,299.2198,0.78,1.8312,1.1866
2026-08-14,2026-08-28,Regular Petrol,2,provisional,True,298.8132,297.8817,298.8132,299.5336,298.3226,0.9315,1.6519,0.4408
2026-08-14,2026-09-04,Regular Petrol,3,provisional,False,298.8132,,298.8132,299.0649,297.2671,,,
2026-08-21,2026-08-28,Regular Petrol,1,provisional,True,298.0332,297.8817,298.0332,298.409,298.7517,0.1515,0.5273,0.87
2026-08-21,2026-09-04,Regular Petrol,2,provisional,False,298.0332,,298.0332,298.2811,299.025,,,
2026-08-21,2026-09-11,Regular Petrol,3,provisional,False,298.0332,,298.0332,298.9256,300.2145,,,
2026-08-28,2026-09-04,Regular Petrol,1,provisional,False,297.8817,,297.8817,296.8775,297.7246,,,
2026-08-28,2026-09-11,Regular Petrol,2,provisional,False,297.8817,,297.8817,297.0993,298.8395,,,
2026-08-28,2026-09-18,Regular Petrol,3,provisional,False,297.8817,,297.8817,297.5607,300.2279,,,
2013-02-01,2013-02-08,Diesel,1,final,True,145.0556,145.9127,145.0556,145.9798,146.4712,-0.8571,0.0671,0.5585
2013-02-01,2013-02-15,Diesel,2,final,True,145.0556,148.7698,145.0556,146.3418,147.5124,-3.7143,-2.428,-1.2574
2013-02-01,2013-02-22,Diesel,3,final,True,145.0556,150.0556,145.0556,146.4989,148.4333,-5.0,-3.5566,-1.6223
2013-02-08,2013-02-15,Diesel,1,final,True,145.9127,148.7698,145.9127,147.6386,148.1458,-2.8571,-1.1312,-0.6241
2013-02-08,2013-02-22,Diesel,2,final,True,145.9127,150.0556,145.9127,148.3036,149.7361,-4.1429,-1.752,-0.3194
2013-02-08,2013-03-01,Diesel,3,final,True,145.9127,150.0556,145.9127,148.6933,151.2131,-4.1429,-1.3622,1.1576
2013-02-15,2013-02-22,Diesel,1,final,True,148.7698,150.0556,148.7698,150.1367,151.2781,-1.2857,0.0811,1.2225
2013-02-15,2013-03-01,Diesel,2,final,True,148.7698,150.0556,148.7698,150.7897,153.4049,-1.2857,0.7342,3.3494
2013-02-15,2013-03-08,Diesel,3,final,True,148.7698,148.7698,148.7698,151.0919,155.3427,0.0,2.3221,6.5729
2013-02-22,2013-03-01,Diesel,1,final,True,150.0556,150.0556,150.0556,150.1204,151.49,0.0,0.0648,1.4345
2013-02-22,2013-03-08,Diesel,2,final,True,150.0556,148.7698,150.0556,150.2046,152.9656,1.2857,1.4348,4.1958
2013-02-22,2013-03-15,Diesel,3,final,True,150.0556,147.0556,150.0556,150.3027,154.4685,3.0,3.2472,7.413
2013-03-01,2013-03-08,Diesel,1,final,True,150.0556,148.7698,150.0556,149.2302,150.3938,1.2857,0.4604,1.6239
2013-03-01,2013-03-15,Diesel,2,final,True,150.0556,147.0556,150.0556,148.989,151.1229,3.0,1.9335,4.0674
2013-03-01,2013-03-22,Diesel,3,final,True,150.0556,147.0556,150.0556,148.8919,151.9403,3.0,1.8363,4.8847
2013-03-08,2013-03-15,Diesel,1,final,True,148.7698,147.0556,148.7698,147.2696,148.2874,1.7143,0.214,1.2318
2013-03-08,2013-03-22,Diesel,2,final,True,148.7698,147.0556,148.7698,146.7028,148.4029,1.7143,-0.3528,1.3474
2013-03-08,2013-03-29,Diesel,3,final,True,148.7698,147.0556,148.7698,146.336,148.5701,1.7143,-0.7196,1.5146
2013-03-15,2013-03-22,Diesel,1,final,True,147.0556,147.0556,147.0556,146.3421,146.7543,0.0,-0.7135,-0.3013
2013-03-15,2013-03-29,Diesel,2,final,True,147.0556,147.0556,147.0556,145.9205,146.5748,0.0,-1.1351,-0.4807
2013-03-15,2013-04-05,Diesel,3,final,True,147.0556,146.2549,147.0556,145.7416,146.5225,0.8006,-0.5134,0.2676
2013-03-22,2013-03-29,Diesel,1,final,True,147.0556,147.0556,147.0556,146.071,146.8675,0.0,-0.9845,-0.1881
2013-03-22,2013-04-05,Diesel,2,final,True,147.0556,146.2549,147.0556,145.687,147.0385,0.8006,-0.568,0.7836
2013-03-22,2013-04-12,Diesel,3,final,True,147.0556,142.5407,147.0556,145.3878,147.2071,4.5149,2.8471,4.6664
2013-03-29,2013-04-05,Diesel,1,final,True,147.0556,146.2549,147.0556,145.354,146.164,0.8006,-0.901,-0.091
2013-03-29,2013-04-12,Diesel,2,final,True,147.0556,142.5407,147.0556,144.5793,145.7988,4.5149,2.0386,3.2582
2013-03-29,2013-04-19,Diesel,3,final,True,147.0556,137.9692,147.0556,144.2905,145.7382,9.0863,6.3212,7.769
2013-04-05,2013-04-12,Diesel,1,final,True,146.2549,142.5407,146.2549,145.8104,145.4349,3.7143,3.2697,2.8942
2013-04-05,2013-04-19,Diesel,2,final,True,146.2549,137.9692,146.2549,145.6486,144.791,8.2857,7.6794,6.8217
2013-04-05,2013-04-26,Diesel,3,final,True,146.2549,137.1121,146.2549,145.6563,144.2967,9.1429,8.5443,7.1846
2013-04-12,2013-04-19,Diesel,1,final,True,142.5407,137.9692,142.5407,140.3061,141.0153,4.5714,2.3369,3.0461
2013-04-12,2013-04-26,Diesel,2,final,True,142.5407,137.1121,142.5407,139.4699,140.3788,5.4286,2.3578,3.2667
2013-04-12,2013-05-03,Diesel,3,final,True,142.5407,137.1121,142.5407,138.8492,139.7681,5.4286,1.7371,2.656
2013-04-19,2013-04-26,Diesel,1,final,True,137.9692,137.1121,137.9692,134.8596,135.7498,0.8571,-2.2525,-1.3623
2013-04-19,2013-05-03,Diesel,2,final,True,137.9692,137.1121,137.9692,133.3252,134.4036,0.8571,-3.7869,-2.7085
2013-04-19,2013-05-10,Diesel,3,final,True,137.9692,137.1121,137.9692,132.8329,133.7564,0.8571,-4.2792,-3.3557
2013-04-26,2013-05-03,Diesel,1,final,True,137.1121,137.1121,137.1121,136.1581,136.0372,0.0,-0.954,-1.0749
2013-04-26,2013-05-10,Diesel,2,final,True,137.1121,137.1121,137.1121,135.8851,135.422,0.0,-1.227,-1.6901
2013-04-26,2013-05-17,Diesel,3,final,True,137.1121,138.8264,137.1121,135.7636,134.9346,-1.7143,-3.0627,-3.8918
2013-05-03,2013-05-10,Diesel,1,final,True,137.1121,137.1121,137.1121,136.4927,136.7864,0.0,-0.6194,-0.3257
2013-05-03,2013-05-17,Diesel,2,final,True,137.1121,138.8264,137.1121,136.242,136.7254,-1.7143,-2.5844,-2.1009
2013-05-03,2013-05-24,Diesel,3,final,True,137.1121,141.1121,137.1121,135.8333,136.3966,-4.0,-5.2788,-4.7155
2013-05-10,2013-05-17,Diesel,1,final,True,137.1121,138.8264,137.1121,138.0109,137.5698,-1.7143,-0.8155,-1.2565
2013-05-10,2013-05-24,Diesel,2,final,True,137.1121,141.1121,137.1121,138.0151,137.2914,-4.0,-3.097,-3.8206
2013-05-10,2013-05-31,Diesel,3,final,True,137.1121,141.1121,137.1121,138.3332,137.3377,-4.0,-2.7788,-3.7744
2013-05-17,2013-05-24,Diesel,1,final,True,138.8264,141.1121,138.8264,140.0556,139.8845,-2.2857,-1.0565,-1.2276
2013-05-17,2013-05-31,Diesel,2,final,True,138.8264,141.1121,138.8264,140.8139,140.7696,-2.2857,-0.2982,-0.3425
2013-05-17,2013-06-07,Diesel,3,final,True,138.8264,141.1121,138.8264,141.0997,141.4105,-2.2857,-0.0124,0.2984
2013-05-24,2013-05-31,Diesel,1,final,True,141.1121,141.1121,141.1121,142.5863,142.6672,0.0,1.4742,1.5551
2013-05-24,2013-06-07,Diesel,2,final,True,141.1121,141.1121,141.1121,143.1354,143.6923,0.0,2.0234,2.5802
2013-05-24,2013-06-14,Diesel,3,final,True,141.1121,145.1121,141.1121,143.4892,144.6115,-4.0,-1.6229,-0.5006
2013-05-31,2013-06-07,Diesel,1,final,True,141.1121,141.1121,141.1121,141.4519,141.8573,0.0,0.3398,0.7452
2013-05-31,2013-06-14,Diesel,2,final,True,141.1121,145.1121,141.1121,141.701,142.5519,-4.0,-3.4111,-2.5602
2013-05-31,2013-06-21,Diesel,3,final,True,141.1121,145.1121,141.1121,141.8905,143.2645,-4.0,-3.2216,-1.8476
2013-06-07,2013-06-14,Diesel,1,final,True,141.1121,145.1121,141.1121,141.5664,141.8266,-4.0,-3.5457,-3.2855
2013-06-07,2013-06-21,Diesel,2,final,True,141.1121,145.1121,141.1121,141.8278,142.4732,-4.0,-3.2843,-2.6389
2013-06-07,2013-06-28,Diesel,3,final,True,141.1121,145.1121,141.1121,142.0303,143.103,-4.0,-3.0818,-2.009
2013-06-14,2013-06-21,Diesel,1,final,True,145.1121,145.1121,145.1121,147.0049,146.8766,0.0,1.8928,1.7645
2013-06-14,2013-06-28,Diesel,2,final,True,145.1121,145.1121,145.1121,147.7803,147.9541,0.0,2.6682,2.842
2013-06-14,2013-07-05,Diesel,3,final,True,145.1121,148.614,145.1121,148.1726,148.798,-3.5019,-0.4413,0.184
2013-06-21,2013-06-28,Diesel,1,final,True,145.1121,145.1121,145.1121,146.7611,146.6155,0.0,1.649,1.5035
2013-06-21,2013-07-05,Diesel,2,final,True,145.1121,148.614,145.1121,147.4747,147.554,-3.5019,-1.1393,-1.06
2013-06-21,2013-07-12,Diesel,3,final,True,145.1121,151.614,145.1121,147.7726,148.2077,-6.5019,-3.8413,-3.4063
2013-06-28,2013-07-05,Diesel,1,final,True,145.1121,148.614,145.1121,145.8976,146.5531,-3.5019,-2.7164,-2.0609
2013-06-28,2013-07-12,Diesel,2,final,True,145.1121,151.614,145.1121,146.2329,147.6993,-6.5019,-5.3811,-3.9146
2013-06-28,2013-07-19,Diesel,3,final,True,145.1121,153.3283,145.1121,146.4975,148.8481,-8.2162,-6.8307,-4.4801
2013-07-05,2013-07-12,Diesel,1,final,True,148.614,151.614,148.614,149.6006,150.2212,-3.0,-2.0134,-1.3928
2013-07-05,2013-07-19,Diesel,2,final,True,148.614,153.3283,148.614,150.0911,151.5693,-4.7143,-3.2372,-1.759
2013-07-05,2013-07-26,Diesel,3,final,True,148.614,152.1854,148.614,150.4182,152.8834,-3.5714,-1.7673,0.698
2013-07-12,2013-07-19,Diesel,1,final,True,151.614,153.3283,151.614,152.7918,152.874,-1.7143,-0.5365,-0.4543
2013-07-12,2013-07-26,Diesel,2,final,True,151.614,152.1854,151.614,153.36,153.8203,-0.5714,1.1746,1.6349
2013-07-12,2013-08-02,Diesel,3,final,True,151.614,149.614,151.614,153.6277,154.572,2.0,4.0138,4.9581
2013-07-19,2013-07-26,Diesel,1,final,True,153.3283,152.1854,153.3283,154.2841,154.0443,1.1429,2.0987,1.8589
2013-07-19,2013-08-02,Diesel,2,final,True,153.3283,149.614,153.3283,154.6885,154.4057,3.7143,5.0746,4.7917
2013-07-19,2013-08-09,Diesel,3,final,True,153.3283,149.3283,153.3283,154.9356,154.6771,4.0,5.6073,5.3489
2013-07-26,2013-08-02,Diesel,1,final,True,152.1854,149.614,152.1854,151.4335,151.6848,2.5714,1.8195,2.0708
2013-07-26,2013-08-09,Diesel,2,final,True,152.1854,149.3283,152.1854,151.271,151.5581,2.8571,1.9427,2.2299
2013-07-26,2013-08-16,Diesel,3,final,True,152.1854,149.3283,152.1854,151.1114,151.3899,2.8571,1.7831,2.0617
2013-08-02,2013-08-09,Diesel,1,final,True,149.614,149.3283,149.614,149.2916,149.0413,0.2857,-0.0367,-0.287
2013-08-02,2013-08-16,Diesel,2,final,True,149.614,149.3283,149.614,149.0669,148.4832,0.2857,-0.2614,-0.845
2013-08-02,2013-08-23,Diesel,3,final,True,149.614,149.3283,149.614,149.047,148.0709,0.2857,-0.2813,-1.2574
2013-08-09,2013-08-16,Diesel,1,final,True,149.3283,149.3283,149.3283,150.0187,149.8629,0.0,0.6904,0.5347
2013-08-09,2013-08-23,Diesel,2,final,True,149.3283,149.3283,149.3283,150.3121,150.1678,0.0,0.9839,0.8395
2013-08-09,2013-08-30,Diesel,3,final,True,149.3283,151.4711,149.3283,150.4249,150.3466,-2.1429,-1.0462,-1.1246
2013-08-16,2013-08-23,Diesel,1,final,True,149.3283,149.3283,149.3283,148.8837,149.7894,0.0,-0.4446,0.4612
2013-08-16,2013-08-30,Diesel,2,final,True,149.3283,151.4711,149.3283,148.7439,150.4312,-2.1429,-2.7272,-1.0399
2013-08-16,2013-09-06,Diesel,3,final,True,149.3283,152.3283,149.3283,148.6109,151.0074,-3.0,-3.7174,-1.3209
2013-08-23,2013-08-30,Diesel,1,final,True,149.3283,151.4711,149.3283,149.6559,149.8492,-2.1429,-1.8152,-1.6219
2013-08-23,2013-09-06,Diesel,2,final,True,149.3283,152.3283,149.3283,149.6837,150.1112,-3.0,-2.6445,-2.217
2013-08-23,2013-09-13,Diesel,3,final,True,149.3283,153.0425,149.3283,149.9018,150.5852,-3.7143,-3.1408,-2.4574
2013-08-30,2013-09-06,Diesel,1,final,True,151.4711,152.3283,151.4711,153.4602,153.1582,-0.8571,1.1319,0.8299
2013-08-30,2013-09-13,Diesel,2,final,True,151.4711,153.0425,151.4711,154.3496,154.2401,-1.5714,1.3071,1.1976
2013-08-30,2013-09-20,Diesel,3,final,True,151.4711,149.614,151.4711,154.8092,155.1109,1.8571,5.1952,5.4969
2013-09-06,2013-09-13,Diesel,1,final,True,152.3283,153.0425,152.3283,153.1861,153.9578,-0.7143,0.1435,0.9153
2013-09-06,2013-09-20,Diesel,2,final,True,152.3283,149.614,152.3283,153.6461,155.4,2.7143,4.0322,5.786
2013-09-06,2013-09-27,Diesel,3,final,True,152.3283,148.3283,152.3283,153.7723,156.5686,4.0,5.444,8.2404
2013-09-13,2013-09-20,Diesel,1,final,True,153.0425,149.614,153.0425,151.4285,153.0767,3.4286,1.8145,3.4627
2013-09-13,2013-09-27,Diesel,2,final,True,153.0425,148.3283,153.0425,150.8061,153.6646,4.7143,2.4778,5.3363
2013-09-13,2013-10-04,Diesel,3,final,True,153.0425,147.1289,153.0425,150.5177,154.4328,5.9137,3.3888,7.3039
2013-09-20,2013-09-27,Diesel,1,final,True,149.614,148.3283,149.614,147.0985,147.7707,1.2857,-1.2297,-0.5575
2013-09-20,2013-10-04,Diesel,2,final,True,149.614,147.1289,149.614,146.1523,146.9115,2.4851,-0.9765,-0.2174
2013-09-20,2013-10-11,Diesel,3,final,True,149.614,146.5957,149.614,145.6312,146.252,3.0183,-0.9644,-0.3437
2013-09-27,2013-10-04,Diesel,1,final,True,148.3283,147.1289,148.3283,148.1539,147.724,1.1994,1.025,0.5951
2013-09-27,2013-10-11,Diesel,2,final,True,148.3283,146.5957,148.3283,147.8803,146.994,1.7326,1.2847,0.3984
2013-09-27,2013-10-18,Diesel,3,final,True,148.3283,146.5957,148.3283,147.792,146.3451,1.7326,1.1964,-0.2505
2013-10-04,2013-10-11,Diesel,1,final,True,147.1289,146.5957,147.1289,145.7439,146.4899,0.5332,-0.8517,-0.1057
2013-10-04,2013-10-18,Diesel,2,final,True,147.1289,146.5957,147.1289,145.266,146.3955,0.5332,-1.3297,-0.2002
2013-10-04,2013-10-25,Diesel,3,final,True,147.1289,146.5957,147.1289,144.8109,146.1724,0.5332,-1.7847,-0.4233
2013-10-11,2013-10-18,Diesel,1,final,True,146.5957,146.5957,146.5957,146.6112,146.4827,0.0,0.0155,-0.113
2013-10-11,2013-10-25,Diesel,2,final,True,146.5957,146.5957,146.5957,146.3332,146.043,0.0,-0.2624,-0.5526
2013-10-11,2013-11-01,Diesel,3,final,True,146.5957,146.5957,146.5957,146.5554,146.0443,0.0,-0.0402,-0.5514
2013-10-18,2013-10-25,Diesel,1,final,True,146.5957,146.5957,146.5957,145.705,146.2147,0.0,-0.8906,-0.381
2013-10-18,2013-11-01,Diesel,2,final,True,146.5957,146.5957,146.5957,145.7147,146.52,0.0,-0.8809,-0.0756
2013-10-18,2013-11-08,Diesel,3,final,True,146.5957,146.5957,146.5957,145.4683,146.6021,0.0,-1.1274,0.0064
2013-10-25,2013-11-01,Diesel,1,final,True,146.5957,146.5957,146.5957,145.707,146.0522,0.0,-0.8886,-0.5434
2013-10-25,2013-11-08,Diesel,2,final,True,146.5957,146.5957,146.5957,145.172,145.6741,0.0,-1.4237,-0.9216
2013-10-25,2013-11-15,Diesel,3,final,True,146.5957,146.5957,146.5957,145.0335,145.529,0.0,-1.5622,-1.0667
2013-11-01,2013-11-08,Diesel,1,final,True,146.5957,146.5957,146.5957,147.31,146.4694,0.0,0.7144,-0.1263
2013-11-01,2013-11-15,Diesel,2,final,True,146.5957,146.5957,146.5957,147.6387,146.105,0.0,1.0431,-0.4906
2013-11-01,2013-11-22,Diesel,3,final,True,146.5957,146.5957,146.5957,147.8887,145.7541,0.0,1.293,-0.8415
2013-11-08,2013-11-15,Diesel,1,final,True,146.5957,146.5957,146.5957,145.8777,146.35,0.0,-0.718,-0.2457
2013-11-08,2013-11-22,Diesel,2,final,True,146.5957,146.5957,146.5957,145.7372,146.5237,0.0,-0.8585,-0.072
2013-11-08,2013-11-29,Diesel,3,final,True,146.5957,148.3099,146.5957,145.4859,146.522,-1.7143,-2.8241,-1.7879
2013-11-15,2013-11-22,Diesel,1,final,True,146.5957,146.5957,146.5957,146.691,146.3442,0.0,0.0954,-0.2515
2013-11-15,2013-11-29,Diesel,2,final,True,146.5957,148.3099,146.5957,146.5394,145.844,-1.7143,-1.7705,-2.4659
2013-11-15,2013-12-06,Diesel,3,final,True,146.5957,151.8814,146.5957,146.7479,145.6609,-5.2857,-5.1334,-6.2205
2013-11-22,2013-11-29,Diesel,1,final,True,146.5957,148.3099,146.5957,146.7784,146.4568,-1.7143,-1.5315,-1.8531
2013-11-22,2013-12-06,Diesel,2,final,True,146.5957,151.8814,146.5957,147.109,146.508,-5.2857,-4.7724,-5.3734
2013-11-22,2013-12-13,Diesel,3,final,True,146.5957,153.5957,146.5957,147.1137,146.319,-7.0,-6.4819,-7.2766
2013-11-29,2013-12-06,Diesel,1,final,True,148.3099,151.8814,148.3099,151.0421,149.9497,-3.5714,-0.8392,-1.9317
2013-11-29,2013-12-13,Diesel,2,final,True,148.3099,153.5957,148.3099,151.9658,150.4569,-5.2857,-1.6298,-3.1388
2013-11-29,2013-12-20,Diesel,3,final,True,148.3099,153.5957,148.3099,152.6463,150.9071,-5.2857,-0.9494,-2.6886
2013-12-06,2013-12-13,Diesel,1,final,True,151.8814,153.5957,151.8814,152.6485,153.221,-1.7143,-0.9472,-0.3746
2013-12-06,2013-12-20,Diesel,2,final,True,151.8814,153.5957,151.8814,153.3074,154.6176,-1.7143,-0.2882,1.022
2013-12-06,2013-12-27,Diesel,3,final,True,151.8814,153.5957,151.8814,153.429,155.6196,-1.7143,-0.1666,2.0239
2013-12-13,2013-12-20,Diesel,1,final,True,153.5957,153.5957,153.5957,152.7425,153.1552,0.0,-0.8531,-0.4404
2013-12-13,2013-12-27,Diesel,2,final,True,153.5957,153.5957,153.5957,152.2951,152.9187,0.0,-1.3005,-0.6769
2013-12-13,2014-01-03,Diesel,3,final,True,153.5957,152.7813,153.5957,152.2339,152.9592,0.8144,-0.5474,0.1779
2013-12-20,2013-12-27,Diesel,1,final,True,153.5957,153.5957,153.5957,153.2812,152.27,0.0,-0.3144,-1.3256
2013-12-20,2014-01-03,Diesel,2,final,True,153.5957,152.7813,153.5957,153.267,151.1639,0.8144,0.4857,-1.6174
2013-12-20,2014-01-10,Diesel,3,final,True,153.5957,149.027,153.5957,153.2769,150.0999,4.5687,4.2499,1.0729
2013-12-27,2014-01-03,Diesel,1,final,True,153.5957,152.7813,153.5957,154.2557,153.0051,0.8144,1.4744,0.2238
2013-12-27,2014-01-10,Diesel,2,final,True,153.5957,149.027,153.5957,154.541,152.1944,4.5687,5.514,3.1674
2013-12-27,2014-01-17,Diesel,3,final,True,153.5957,146.3127,153.5957,154.6242,151.2347,7.283,8.3115,4.922
2014-01-03,2014-01-10,Diesel,1,final,True,152.7813,149.027,152.7813,153.3219,152.4694,3.7543,4.2949,3.4425
2014-01-03,2014-01-17,Diesel,2,final,True,152.7813,146.3127,152.7813,153.5426,151.9303,6.4686,7.2299,5.6176
2014-01-03,2014-01-24,Diesel,3,final,True,152.7813,145.4556,152.7813,153.7037,151.3729,7.3257,8.2482,5.9173
2014-01-10,2014-01-17,Diesel,1,final,True,149.027,146.3127,149.027,147.3192,147.6731,2.7143,1.0065,1.3604
2014-01-10,2014-01-24,Diesel,2,final,True,149.027,145.4556,149.027,146.766,147.0583,3.5714,1.3104,1.6028
2014-01-10,2014-01-31,Diesel,3,final,True,149.027,145.4556,149.027,146.3765,146.4703,3.5714,0.9209,1.0148
2014-01-17,2014-01-24,Diesel,1,final,True,146.3127,145.4556,146.3127,144.8751,145.0096,0.8571,-0.5804,-0.4459
2014-01-17,2014-01-31,Diesel,2,final,True,146.3127,145.4556,146.3127,144.1321,144.0612,0.8571,-1.3235,-1.3943
2014-01-17,2014-02-07,Diesel,3,final,True,146.3127,145.4556,146.3127,143.8158,143.3613,0.8571,-1.6397,-2.0942
2014-01-24,2014-01-31,Diesel,1,final,True,145.4556,145.4556,145.4556,145.1539,144.9222,0.0,-0.3016,-0.5334
2014-01-24,2014-02-07,Diesel,2,final,True,145.4556,145.4556,145.4556,145.0106,144.4743,0.0,-0.445,-0.9813
2014-01-24,2014-02-14,Diesel,3,final,True,145.4556,145.4556,145.4556,144.9206,144.0346,0.0,-0.5349,-1.421
2014-01-31,2014-02-07,Diesel,1,final,True,145.4556,145.4556,145.4556,145.7475,145.7146,0.0,0.2919,0.259
2014-01-31,2014-02-14,Diesel,2,final,True,145.4556,145.4556,145.4556,145.8307,145.8234,0.0,0.3751,0.3679
2014-01-31,2014-02-21,Diesel,3,final,True,145.4556,145.4556,145.4556,146.0108,146.0274,0.0,0.5553,0.5718
2014-02-07,2014-02-14,Diesel,1,final,True,145.4556,145.4556,145.4556,145.5951,145.8475,0.0,0.1395,0.3919
2014-02-07,2014-02-21,Diesel,2,final,True,145.4556,145.4556,145.4556,145.8012,146.3211,0.0,0.3457,0.8655
2014-02-07,2014-02-28,Diesel,3,final,True,145.4556,146.5984,145.4556,145.9597,146.7883,-1.1429,-0.6388,0.1899
2014-02-14,2014-02-21,Diesel,1,final,True,145.4556,145.4556,145.4556,145.6726,145.982,0.0,0.217,0.5265
2014-02-14,2014-02-28,Diesel,2,final,True,145.4556,146.5984,145.4556,145.8363,146.5021,-1.1429,-0.7622,-0.0964
2014-02-14,2014-03-07,Diesel,3,final,True,145.4556,147.4556,145.4556,145.8983,146.9528,-2.0,-1.5573,-0.5027
2014-02-21,2014-02-28,Diesel,1,final,True,145.4556,146.5984,145.4556,146.0043,146.2184,-1.1429,-0.5941,-0.3801
2014-02-21,2014-03-07,Diesel,2,final,True,145.4556,147.4556,145.4556,146.2214,146.7747,-2.0,-1.2341,-0.6809
2014-02-21,2014-03-14,Diesel,3,final,True,145.4556,145.4556,145.4556,146.344,147.2774,0.0,0.8884,1.8218
2014-02-28,2014-03-07,Diesel,1,final,True,146.5984,147.4556,146.5984,146.4342,147.1573,-0.8571,-1.0214,-0.2983
2014-02-28,2014-03-14,Diesel,2,final,True,146.5984,145.4556,146.5984,146.4075,147.8066,1.1429,0.9519,2.351
2014-02-28,2014-03-21,Diesel,3,final,True,146.5984,143.4556,146.5984,146.3685,148.4244,3.1429,2.9129,4.9689
2014-03-07,2014-03-14,Diesel,1,final,True,147.4556,145.4556,147.4556,146.7373,147.2372,2.0,1.2817,1.7817
2014-03-07,2014-03-21,Diesel,2,final,True,147.4556,143.4556,147.4556,146.4273,147.2455,4.0,2.9717,3.7899
2014-03-07,2014-03-28,Diesel,3,final,True,147.4556,143.4556,147.4556,146.3037,147.3576,4.0,2.8481,3.902
2014-03-14,2014-03-21,Diesel,1,final,True,145.4556,143.4556,145.4556,143.959,144.1978,2.0,0.5034,0.7422
2014-03-14,2014-03-28,Diesel,2,final,True,145.4556,143.4556,145.4556,143.3599,143.48,2.0,-0.0956,0.0245
2014-03-14,2014-04-04,Diesel,3,final,True,145.4556,141.1988,145.4556,142.9963,142.8504,4.2567,1.7974,1.6516
2014-03-21,2014-03-28,Diesel,1,final,True,143.4556,143.4556,143.4556,142.3374,142.2693,0.0,-1.1181,-1.1862
2014-03-21,2014-04-04,Diesel,2,final,True,143.4556,141.1988,143.4556,141.7655,141.3623,2.2567,0.5667,0.1635
2014-03-21,2014-04-11,Diesel,3,final,True,143.4556,140.156,143.4556,141.5442,140.6606,3.2995,1.3882,0.5045
2014-03-28,2014-04-04,Diesel,1,final,True,143.4556,141.1988,143.4556,143.1981,142.9424,2.2567,1.9993,1.7436
2014-03-28,2014-04-11,Diesel,2,final,True,143.4556,140.156,143.4556,143.1041,142.5185,3.2995,2.948,2.3625
2014-03-28,2014-04-18,Diesel,3,final,True,143.4556,141.8703,143.4556,143.107,142.1602,1.5852,1.2367,0.2899
2014-04-04,2014-04-11,Diesel,1,final,True,141.1988,140.156,141.1988,140.602,140.6674,1.0428,0.4459,0.5113
2014-04-04,2014-04-18,Diesel,2,final,True,141.1988,141.8703,141.1988,140.4011,140.386,-0.6715,-1.4692,-1.4844
2014-04-04,2014-04-25,Diesel,3,final,True,141.1988,143.2989,141.1988,140.3326,140.1798,-2.1001,-2.9663,-3.1191
2014-04-11,2014-04-18,Diesel,1,final,True,140.156,141.8703,140.156,140.0339,140.1934,-1.7143,-1.8364,-1.6769
2014-04-11,2014-04-25,Diesel,2,final,True,140.156,143.2989,140.156,139.995,140.2766,-3.1429,-3.3039,-3.0223
2014-04-11,2014-05-02,Diesel,3,final,True,140.156,144.156,140.156,140.076,140.4713,-4.0,-4.0801,-3.6848
2014-04-18,2014-04-25,Diesel,1,final,True,141.8703,143.2989,141.8703,142.6743,142.7554,-1.4286,-0.6246,-0.5435
2014-04-18,2014-05-02,Diesel,2,final,True,141.8703,144.156,141.8703,143.0911,143.4398,-2.2857,-1.0649,-0.7162
2014-04-18,2014-05-09,Diesel,3,final,True,141.8703,142.7275,141.8703,143.2979,144.0085,-0.8571,0.5704,1.281
2014-04-25,2014-05-02,Diesel,1,final,True,143.2989,144.156,143.2989,144.2043,144.3431,-0.8571,0.0482,0.1871
2014-04-25,2014-05-09,Diesel,2,final,True,143.2989,142.7275,143.2989,144.6034,145.0895,0.5714,1.8759,2.362
2014-04-25,2014-05-16,Diesel,3,final,True,143.2989,143.0132,143.2989,144.8653,145.7762,0.2857,1.8522,2.763
2014-05-02,2014-05-09,Diesel,1,final,True,144.156,142.7275,144.156,144.043,144.548,1.4286,1.3155,1.8205
2014-05-02,2014-05-16,Diesel,2,final,True,144.156,143.0132,144.156,144.1037,145.0714,1.1429,1.0905,2.0582
2014-05-02,2014-05-23,Diesel,3,final,True,144.156,144.156,144.156,144.1204,145.5574,0.0,-0.0356,1.4014
2014-05-09,2014-05-16,Diesel,1,final,True,142.7275,143.0132,142.7275,142.0198,142.3199,-0.2857,-0.9934,-0.6933
2014-05-09,2014-05-23,Diesel,2,final,True,142.7275,144.156,142.7275,141.736,142.1652,-1.4286,-2.42,-1.9909
2014-05-09,2014-05-30,Diesel,3,final,True,142.7275,145.8703,142.7275,141.5435,142.0279,-3.1429,-4.3269,-3.8424
2014-05-16,2014-05-23,Diesel,1,final,True,143.0132,144.156,143.0132,142.8962,142.8779,-1.1429,-1.2598,-1.2782
2014-05-16,2014-05-30,Diesel,2,final,True,143.0132,145.8703,143.0132,142.7661,142.6946,-2.8571,-3.1042,-3.1757
2014-05-16,2014-06-06,Diesel,3,final,True,143.0132,146.156,143.0132,142.7206,142.5525,-3.1429,-3.4355,-3.6035
2014-05-23,2014-05-30,Diesel,1,final,True,144.156,145.8703,144.156,144.2644,144.1501,-1.7143,-1.606,-1.7202
2014-05-23,2014-06-06,Diesel,2,final,True,144.156,146.156,144.156,144.3093,144.0916,-2.0,-1.8468,-2.0645
2014-05-23,2014-06-13,Diesel,3,final,True,144.156,146.156,144.156,144.3792,144.0519,-2.0,-1.7768,-2.1042
2014-05-30,2014-06-06,Diesel,1,final,True,145.8703,146.156,145.8703,146.0465,145.7767,-0.2857,-0.1095,-0.3794
2014-05-30,2014-06-13,Diesel,2,final,True,145.8703,146.156,145.8703,146.1639,145.6447,-0.2857,0.0079,-0.5113
2014-05-30,2014-06-20,Diesel,3,final,True,145.8703,147.0132,145.8703,146.3249,145.5734,-1.1429,-0.6883,-1.4398
2014-06-06,2014-06-13,Diesel,1,final,True,146.156,146.156,146.156,145.5026,145.255,0.0,-0.6534,-0.901
2014-06-06,2014-06-20,Diesel,2,final,True,146.156,147.0132,146.156,145.3636,144.7092,-0.8571,-1.6496,-2.304
2014-06-06,2014-06-27,Diesel,3,final,True,146.156,148.156,146.156,145.245,144.1473,-2.0,-2.911,-4.0088
2014-06-13,2014-06-20,Diesel,1,final,True,146.156,147.0132,146.156,145.9418,145.1193,-0.8571,-1.0714,-1.8939
2014-06-13,2014-06-27,Diesel,2,final,True,146.156,148.156,146.156,145.7954,144.0977,-2.0,-2.3607,-4.0584
2014-06-13,2014-07-04,Diesel,3,final,True,146.156,145.503,146.156,145.7868,143.1694,0.653,0.2837,-2.3337
2014-06-20,2014-06-27,Diesel,1,final,True,147.0132,148.156,147.0132,147.381,146.3305,-1.1429,-0.775,-1.8255
2014-06-20,2014-07-04,Diesel,2,final,True,147.0132,145.503,147.0132,147.5737,145.5387,1.5101,2.0707,0.0357
2014-06-20,2014-07-11,Diesel,3,final,True,147.0132,142.918,147.0132,147.6786,144.6885,4.0952,4.7606,1.7705
2014-06-27,2014-07-04,Diesel,1,final,True,148.156,145.503,148.156,148.3618,147.5126,2.653,2.8588,2.0095
2014-06-27,2014-07-11,Diesel,2,final,True,148.156,142.918,148.156,148.472,146.8018,5.238,5.554,3.8838
2014-06-27,2014-07-18,Diesel,3,final,True,148.156,142.0609,148.156,148.6113,146.1273,6.0952,6.5504,4.0665
2014-07-04,2014-07-11,Diesel,1,final,True,145.503,142.918,145.503,144.7708,144.0072,2.585,1.8528,1.0892
2014-07-04,2014-07-18,Diesel,2,final,True,145.503,142.0609,145.503,144.5863,142.8913,3.4422,2.5254,0.8304
2014-07-04,2014-07-25,Diesel,3,final,True,145.503,142.0609,145.503,144.4868,141.815,3.4422,2.426,-0.2459
2014-07-11,2014-07-18,Diesel,1,final,True,142.918,142.0609,142.918,141.7938,141.3684,0.8571,-0.2671,-0.6925
2014-07-11,2014-07-25,Diesel,2,final,True,142.918,142.0609,142.918,141.3369,140.2409,0.8571,-0.7239,-1.82
2014-07-11,2014-08-01,Diesel,3,final,True,142.918,142.0609,142.918,141.0589,139.1873,0.8571,-1.0019,-2.8736
2014-07-18,2014-07-25,Diesel,1,final,True,142.0609,142.0609,142.0609,141.585,141.0325,0.0,-0.4759,-1.0284
2014-07-18,2014-08-01,Diesel,2,final,True,142.0609,142.0609,142.0609,141.2991,140.083,0.0,-0.7618,-1.9779
2014-07-18,2014-08-08,Diesel,3,final,True,142.0609,143.7752,142.0609,141.1851,139.2331,-1.7143,-2.59,-4.5421
2014-07-25,2014-08-01,Diesel,1,final,True,142.0609,142.0609,142.0609,142.1691,141.5612,0.0,0.1083,-0.4996
2014-07-25,2014-08-08,Diesel,2,final,True,142.0609,143.7752,142.0609,142.2051,140.9971,-1.7143,-1.5701,-2.778
2014-07-25,2014-08-15,Diesel,3,final,True,142.0609,144.0609,142.0609,142.3068,140.494,-2.0,-1.7541,-3.5669
2014-08-01,2014-08-08,Diesel,1,final,True,142.0609,143.7752,142.0609,143.0796,142.3264,-1.7143,-0.6956,-1.4488
2014-08-01,2014-08-15,Diesel,2,final,True,142.0609,144.0609,142.0609,143.5561,142.2485,-2.0,-0.5048,-1.8124
2014-08-01,2014-08-22,Diesel,3,final,True,142.0609,142.3466,142.0609,143.9488,142.1797,-0.2857,1.6022,-0.1669
2014-08-08,2014-08-15,Diesel,1,final,True,143.7752,144.0609,143.7752,144.1289,144.1273,-0.2857,0.068,0.0665
2014-08-08,2014-08-22,Diesel,2,final,True,143.7752,142.3466,143.7752,144.4758,144.5378,1.4286,2.1292,2.1912
2014-08-08,2014-08-29,Diesel,3,final,True,143.7752,142.0609,143.7752,144.616,144.8058,1.7143,2.5551,2.7449
2014-08-15,2014-08-22,Diesel,1,final,True,144.0609,142.3466,144.0609,143.9568,143.7785,1.7143,1.6102,1.4319
2014-08-15,2014-08-29,Diesel,2,final,True,144.0609,142.0609,144.0609,143.9262,143.5391,2.0,1.8654,1.4782
2014-08-15,2014-09-05,Diesel,3,final,True,144.0609,143.7752,144.0609,143.9356,143.3245,0.2857,0.1604,-0.4507
2014-08-22,2014-08-29,Diesel,1,final,True,142.3466,142.0609,142.3466,141.9574,141.613,0.2857,-0.1035,-0.4479
2014-08-22,2014-09-05,Diesel,2,final,True,142.3466,143.7752,142.3466,141.8303,141.0515,-1.4286,-1.9448,-2.7236
2014-08-22,2014-09-12,Diesel,3,final,True,142.3466,144.0609,142.3466,141.6903,140.4411,-1.7143,-2.3706,-3.6197
2014-08-29,2014-09-05,Diesel,1,final,True,142.0609,143.7752,142.0609,142.6706,142.174,-1.7143,-1.1046,-1.6012
2014-08-29,2014-09-12,Diesel,2,final,True,142.0609,144.0609,142.0609,142.8115,141.9358,-2.0,-1.2494,-2.1251
2014-08-29,2014-09-19,Diesel,3,final,True,142.0609,144.0609,142.0609,142.9796,141.7423,-2.0,-1.0812,-2.3186
2014-09-05,2014-09-12,Diesel,1,final,True,143.7752,144.0609,143.7752,143.8429,143.9365,-0.2857,-0.2179,-0.1244
2014-09-05,2014-09-19,Diesel,2,final,True,143.7752,144.0609,143.7752,143.9851,144.174,-0.2857,-0.0757,0.1131
2014-09-05,2014-09-26,Diesel,3,final,True,143.7752,144.0609,143.7752,144.0589,144.3597,-0.2857,-0.002,0.2988
2014-09-12,2014-09-19,Diesel,1,final,True,144.0609,144.0609,144.0609,143.6258,143.5551,0.0,-0.4351,-0.5058
2014-09-12,2014-09-26,Diesel,2,final,True,144.0609,144.0609,144.0609,143.4816,143.2371,0.0,-0.5793,-0.8238
2014-09-12,2014-10-03,Diesel,3,final,True,144.0609,145.3,144.0609,143.4864,143.0289,-1.2391,-1.8136,-2.2711
2014-09-19,2014-09-26,Diesel,1,final,True,144.0609,144.0609,144.0609,143.7666,143.3291,0.0,-0.2943,-0.7318
2014-09-19,2014-10-03,Diesel,2,final,True,144.0609,145.3,144.0609,143.7144,142.7686,-1.2391,-1.5856,-2.5314
2014-09-19,2014-10-10,Diesel,3,final,True,144.0609,144.9957,144.0609,143.6482,142.1776,-0.9348,-1.3474,-2.818
2014-09-26,2014-10-03,Diesel,1,final,True,144.0609,145.3,144.0609,143.8462,143.3452,-1.2391,-1.4538,-1.9548
2014-09-26,2014-10-10,Diesel,2,final,True,144.0609,144.9957,144.0609,143.7185,142.666,-0.9348,-1.2771,-2.3297
2014-09-26,2014-10-17,Diesel,3,final,True,144.0609,140.1385,144.0609,143.6698,142.0243,3.9224,3.5312,1.8858
2014-10-03,2014-10-10,Diesel,1,final,True,145.3,144.9957,145.3,145.9498,145.0844,0.3043,0.9541,0.0888
2014-10-03,2014-10-17,Diesel,2,final,True,145.3,140.1385,145.3,146.1972,144.5796,5.1615,6.0587,4.4411
2014-10-03,2014-10-24,Diesel,3,final,True,145.3,137.8528,145.3,146.4561,144.1242,7.4472,8.6033,6.2714
2014-10-10,2014-10-17,Diesel,1,final,True,144.9957,140.1385,144.9957,143.3387,143.3676,4.8571,3.2002,3.2291
2014-10-10,2014-10-24,Diesel,2,final,True,144.9957,137.8528,144.9957,142.8821,142.6255,7.1429,5.0293,4.7727
2014-10-10,2014-10-31,Diesel,3,final,True,144.9957,136.9957,144.9957,142.5199,141.8667,8.0,5.5242,4.8711
2014-10-17,2014-10-24,Diesel,1,final,True,140.1385,137.8528,140.1385,137.5937,137.2122,2.2857,-0.2591,-0.6406
2014-10-17,2014-10-31,Diesel,2,final,True,140.1385,136.9957,140.1385,136.4541,135.1776,3.1429,-0.5416,-1.818
2014-10-17,2014-11-07,Diesel,3,final,True,140.1385,136.9957,140.1385,135.9571,133.5518,3.1429,-1.0386,-3.4438
2014-10-24,2014-10-31,Diesel,1,final,True,137.8528,136.9957,137.8528,136.3858,135.6393,0.8571,-0.6098,-1.3563
2014-10-24,2014-11-07,Diesel,2,final,True,137.8528,136.9957,137.8528,135.7697,133.9771,0.8571,-1.2259,-3.0186
2014-10-24,2014-11-14,Diesel,3,final,True,137.8528,135.8528,137.8528,135.3484,132.3797,2.0,-0.5044,-3.4731
2014-10-31,2014-11-07,Diesel,1,final,True,136.9957,136.9957,136.9957,136.9069,136.0143,0.0,-0.0888,-0.9813
2014-10-31,2014-11-14,Diesel,2,final,True,136.9957,135.8528,136.9957,136.6715,134.8537,1.1429,0.8187,-0.9991
2014-10-31,2014-11-21,Diesel,3,final,True,136.9957,132.9957,136.9957,136.7128,133.9099,4.0,3.7171,0.9143
2014-11-07,2014-11-14,Diesel,1,final,True,136.9957,135.8528,136.9957,136.826,136.3107,1.1429,0.9732,0.4579
2014-11-07,2014-11-21,Diesel,2,final,True,136.9957,132.9957,136.9957,136.8901,135.8065,4.0,3.8945,2.8109
2014-11-07,2014-11-28,Diesel,3,final,True,136.9957,132.1385,136.9957,137.0818,135.4378,4.8571,4.9432,3.2993
2014-11-14,2014-11-21,Diesel,1,final,True,135.8528,132.9957,135.8528,135.0163,134.7958,2.8571,2.0207,1.8002
2014-11-14,2014-11-28,Diesel,2,final,True,135.8528,132.1385,135.8528,134.8934,134.2824,3.7143,2.7548,2.1439
2014-11-14,2014-12-05,Diesel,3,final,True,135.8528,126.7099,135.8528,134.812,133.7834,9.1429,8.1021,7.0734
2014-11-21,2014-11-28,Diesel,1,final,True,132.9957,132.1385,132.9957,131.5947,131.4646,0.8571,-0.5438,-0.6739
2014-11-21,2014-12-05,Diesel,2,final,True,132.9957,126.7099,132.9957,131.0693,130.5362,6.2857,4.3594,3.8263
2014-11-21,2014-12-12,Diesel,3,final,True,132.9957,123.8528,132.9957,130.7334,129.6848,9.1429,6.8806,5.832
2014-11-28,2014-12-05,Diesel,1,final,True,132.1385,126.7099,132.1385,130.9066,130.7591,5.4286,4.1967,4.0491
2014-11-28,2014-12-12,Diesel,2,final,True,132.1385,123.8528,132.1385,130.3157,129.7705,8.2857,6.4629,5.9177
2014-11-28,2014-12-19,Diesel,3,final,True,132.1385,119.2814,132.1385,129.9937,128.9222,12.8571,10.7123,9.6408
2014-12-05,2014-12-12,Diesel,1,final,True,126.7099,123.8528,126.7099,123.52,123.8633,2.8571,-0.3327,0.0105
2014-12-05,2014-12-19,Diesel,2,final,True,126.7099,119.2814,126.7099,122.2527,122.3116,7.4286,2.9714,3.0302
2014-12-05,2014-12-26,Diesel,3,final,True,126.7099,117.2814,126.7099,121.498,121.0068,9.4286,4.2166,3.7254
2014-12-12,2014-12-19,Diesel,1,final,True,123.8528,119.2814,123.8528,120.9299,121.1229,4.5714,1.6485,1.8415
2014-12-12,2014-12-26,Diesel,2,final,True,123.8528,117.2814,123.8528,119.5764,119.3683,6.5714,2.295,2.087
2014-12-12,2015-01-02,Diesel,3,final,True,123.8528,115.8235,123.8528,119.0203,118.13,8.0293,3.1967,2.3064
2014-12-19,2014-12-26,Diesel,1,final,True,119.2814,117.2814,119.2814,115.9725,116.0727,2.0,-1.3089,-1.2087
2014-12-19,2015-01-02,Diesel,2,final,True,119.2814,115.8235,119.2814,114.6814,114.2223,3.4578,-1.1421,-1.6013
2014-12-19,2015-01-09,Diesel,3,final,True,119.2814,109.5159,119.2814,113.865,112.5744,9.7655,4.3491,3.0585
2014-12-26,2015-01-02,Diesel,1,final,True,117.2814,115.8235,117.2814,116.0194,115.4659,1.4578,0.1959,-0.3576
2014-12-26,2015-01-09,Diesel,2,final,True,117.2814,109.5159,117.2814,115.2498,113.8683,7.7655,5.7339,4.3525
2014-12-26,2015-01-16,Diesel,3,final,True,117.2814,101.373,117.2814,115.1182,112.7377,15.9084,13.7452,11.3647
2015-01-02,2015-01-09,Diesel,1,final,True,115.8235,109.5159,115.8235,113.5354,113.6631,6.3077,4.0196,4.1472
2015-01-02,2015-01-16,Diesel,2,final,True,115.8235,101.373,115.8235,112.8744,112.6617,14.4505,11.5014,11.2887
2015-01-02,2015-01-23,Diesel,3,final,True,115.8235,99.9444,115.8235,112.4456,111.7293,15.8791,12.5011,11.7848
2015-01-09,2015-01-16,Diesel,1,final,True,109.5159,101.373,109.5159,106.8682,106.7884,8.1429,5.4952,5.4153
2015-01-09,2015-01-23,Diesel,2,final,True,109.5159,99.9444,109.5159,105.6671,104.9623,9.5714,5.7227,5.0179
2015-01-09,2015-01-30,Diesel,3,final,True,109.5159,99.9444,109.5159,105.2427,103.6603,9.5714,5.2982,3.7158
2015-01-16,2015-01-23,Diesel,1,final,True,101.373,99.9444,101.373,98.1312,98.5136,1.4286,-1.8133,-1.4308
2015-01-16,2015-01-30,Diesel,2,final,True,101.373,99.9444,101.373,96.8906,97.05,1.4286,-3.0539,-2.8944
2015-01-16,2015-02-06,Diesel,3,final,True,101.373,106.0873,101.373,96.0784,95.7933,-4.7143,-10.0089,-10.294
2015-01-23,2015-01-30,Diesel,1,final,True,99.9444,99.9444,99.9444,99.1649,99.4915,0.0,-0.7796,-0.4529
2015-01-23,2015-02-06,Diesel,2,final,True,99.9444,106.0873,99.9444,98.5375,99.0485,-6.1429,-7.5498,-7.0388
2015-01-23,2015-02-13,Diesel,3,final,True,99.9444,109.5159,99.9444,98.2765,98.8395,-9.5714,-11.2393,-10.6764
2015-01-30,2015-02-06,Diesel,1,final,True,99.9444,106.0873,99.9444,100.0203,100.4512,-6.1429,-6.067,-5.6361
2015-01-30,2015-02-13,Diesel,2,final,True,99.9444,109.5159,99.9444,100.0199,100.8797,-9.5714,-9.496,-8.6362
2015-01-30,2015-02-20,Diesel,3,final,True,99.9444,114.373,99.9444,100.079,101.3738,-14.4286,-14.294,-12.9992
2015-02-06,2015-02-13,Diesel,1,final,True,106.0873,109.5159,106.0873,109.0441,108.8333,-3.4286,-0.4718,-0.6826
2015-02-06,2015-02-20,Diesel,2,final,True,106.0873,114.373,106.0873,110.2402,110.4111,-8.2857,-4.1328,-3.962
2015-02-06,2015-02-27,Diesel,3,final,True,106.0873,114.9444,106.0873,111.0159,111.8278,-8.8571,-3.9285,-3.1167
2015-02-13,2015-02-20,Diesel,1,final,True,109.5159,114.373,109.5159,112.2826,112.2744,-4.8571,-2.0904,-2.0986
2015-02-13,2015-02-27,Diesel,2,final,True,109.5159,114.9444,109.5159,113.6648,114.2268,-5.4286,-1.2796,-0.7177
2015-02-13,2015-03-06,Diesel,3,final,True,109.5159,114.9444,109.5159,114.3783,115.8289,-5.4286,-0.5661,0.8845
2015-02-20,2015-02-27,Diesel,1,final,True,114.373,114.9444,114.373,116.3003,116.7843,-0.5714,1.3558,1.8398
2015-02-20,2015-03-06,Diesel,2,final,True,114.373,114.9444,114.373,117.2309,118.619,-0.5714,2.2864,3.6746
2015-02-20,2015-03-13,Diesel,3,final,True,114.373,114.9444,114.373,117.8201,120.2882,-0.5714,2.8756,5.3437
2015-02-27,2015-03-06,Diesel,1,final,True,114.9444,114.9444,114.9444,115.3741,115.7227,0.0,0.4296,0.7782
2015-02-27,2015-03-13,Diesel,2,final,True,114.9444,114.9444,114.9444,115.7493,116.5253,0.0,0.8049,1.5808
2015-02-27,2015-03-20,Diesel,3,final,True,114.9444,114.9444,114.9444,115.8775,117.1557,0.0,0.9331,2.2113
2015-03-06,2015-03-13,Diesel,1,final,True,114.9444,114.9444,114.9444,115.9864,115.8367,0.0,1.0419,0.8923
2015-03-06,2015-03-20,Diesel,2,final,True,114.9444,114.9444,114.9444,116.3817,116.2941,0.0,1.4373,1.3496
2015-03-06,2015-03-27,Diesel,3,final,True,114.9444,113.2302,114.9444,116.5308,116.5342,1.7143,3.3006,3.3041
2015-03-13,2015-03-20,Diesel,1,final,True,114.9444,114.9444,114.9444,115.0964,115.5779,0.0,0.152,0.6335
2015-03-13,2015-03-27,Diesel,2,final,True,114.9444,113.2302,114.9444,115.1435,116.0901,1.7143,1.9133,2.8599
2015-03-13,2015-04-03,Diesel,3,final,True,114.9444,112.4001,114.9444,115.1711,116.5575,2.5443,2.7709,4.1574
2015-03-20,2015-03-27,Diesel,1,final,True,114.9444,113.2302,114.9444,113.8811,114.6363,1.7143,0.651,1.4061
2015-03-20,2015-04-03,Diesel,2,final,True,114.9444,112.4001,114.9444,113.4488,114.7116,2.5443,1.0487,2.3115
2015-03-20,2015-04-10,Diesel,3,final,True,114.9444,112.1824,114.9444,113.3529,115.0089,2.762,1.1705,2.8265
2015-03-27,2015-04-03,Diesel,1,final,True,113.2302,112.4001,113.2302,112.4257,112.529,0.83,0.0256,0.1289
2015-03-27,2015-04-10,Diesel,2,final,True,113.2302,112.1824,113.2302,112.1761,112.1968,1.0477,-0.0063,0.0143
2015-03-27,2015-04-17,Diesel,3,final,True,113.2302,113.4681,113.2302,112.0305,111.9156,-0.238,-1.4377,-1.5525
2015-04-03,2015-04-10,Diesel,1,final,True,112.4001,112.1824,112.4001,112.3054,112.3476,0.2177,0.123,0.1652
2015-04-03,2015-04-17,Diesel,2,final,True,112.4001,113.4681,112.4001,112.224,112.2859,-1.068,-1.2441,-1.1823
2015-04-03,2015-04-24,Diesel,3,final,True,112.4001,119.1824,112.4001,112.1736,112.2152,-6.7823,-7.0088,-6.9672
2015-04-10,2015-04-17,Diesel,1,final,True,112.1824,113.4681,112.1824,111.812,112.185,-1.2857,-1.6561,-1.2832
2015-04-10,2015-04-24,Diesel,2,final,True,112.1824,119.1824,112.1824,111.6409,112.2905,-7.0,-7.5415,-6.8919
2015-04-10,2015-05-01,Diesel,3,final,True,112.1824,120.8967,112.1824,111.6427,112.5182,-8.7143,-9.254,-8.3785
2015-04-17,2015-04-24,Diesel,1,final,True,113.4681,119.1824,113.4681,114.5357,114.2964,-5.7143,-4.6467,-4.886
2015-04-17,2015-05-01,Diesel,2,final,True,113.4681,120.8967,113.4681,115.0555,114.7722,-7.4286,-5.8412,-6.1245
2015-04-17,2015-05-08,Diesel,3,final,True,113.4681,126.1824,113.4681,115.3136,115.0956,-12.7143,-10.8688,-11.0868
2015-04-24,2015-05-01,Diesel,1,final,True,119.1824,120.8967,119.1824,119.8794,120.1221,-1.7143,-1.0173,-0.7746
2015-04-24,2015-05-08,Diesel,2,final,True,119.1824,126.1824,119.1824,120.2328,120.8638,-7.0,-5.9496,-5.3186
2015-04-24,2015-05-15,Diesel,3,final,True,119.1824,125.1824,119.1824,120.433,121.5153,-6.0,-4.7494,-3.6671
2015-05-01,2015-05-08,Diesel,1,final,True,120.8967,126.1824,120.8967,122.1616,121.1945,-5.2857,-4.0208,-4.9879
2015-05-01,2015-05-15,Diesel,2,final,True,120.8967,125.1824,120.8967,122.7202,121.0326,-4.2857,-2.4623,-4.1498
2015-05-01,2015-05-22,Diesel,3,final,True,120.8967,123.1824,120.8967,123.0559,120.7352,-2.2857,-0.1265,-2.4472
2015-05-08,2015-05-15,Diesel,1,final,True,126.1824,125.1824,126.1824,128.6568,127.5031,1.0,3.4744,2.3207
2015-05-08,2015-05-22,Diesel,2,final,True,126.1824,123.1824,126.1824,129.7622,127.8894,3.0,6.5797,4.707
2015-05-08,2015-05-29,Diesel,3,final,True,126.1824,123.1824,126.1824,130.2805,127.8802,3.0,7.0981,4.6977
2015-05-15,2015-05-22,Diesel,1,final,True,125.1824,123.1824,125.1824,126.7459,125.6599,2.0,3.5635,2.4775
2015-05-15,2015-05-29,Diesel,2,final,True,125.1824,123.1824,125.1824,127.4191,125.5545,2.0,4.2367,2.3721
2015-05-15,2015-06-05,Diesel,3,final,True,125.1824,124.3253,125.1824,127.7645,125.2324,0.8571,3.4392,0.9071
2015-05-22,2015-05-29,Diesel,1,final,True,123.1824,123.1824,123.1824,123.9096,123.5357,0.0,0.7272,0.3533
2015-05-22,2015-06-05,Diesel,2,final,True,123.1824,124.3253,123.1824,124.2618,123.6451,-1.1429,-0.0634,-0.6801
2015-05-22,2015-06-12,Diesel,3,final,True,123.1824,124.4681,123.1824,124.4773,123.6836,-1.2857,0.0091,-0.7845
2015-05-29,2015-06-05,Diesel,1,final,True,123.1824,124.3253,123.1824,123.1898,123.5369,-1.1429,-1.1355,-0.7884
2015-05-29,2015-06-12,Diesel,2,final,True,123.1824,124.4681,123.1824,123.2786,123.9686,-1.2857,-1.1895,-0.4996
2015-05-29,2015-06-19,Diesel,3,final,True,123.1824,126.1824,123.1824,123.2859,124.3253,-3.0,-2.8965,-1.8572
2015-06-05,2015-06-12,Diesel,1,final,True,124.3253,124.4681,124.3253,124.5857,124.7186,-0.1429,0.1175,0.2505
2015-06-05,2015-06-19,Diesel,2,final,True,124.3253,126.1824,124.3253,124.6577,124.9645,-1.8571,-1.5247,-1.2179
2015-06-05,2015-06-26,Diesel,3,final,True,124.3253,126.1824,124.3253,124.7237,125.1939,-1.8571,-1.4588,-0.9885
2015-06-12,2015-06-19,Diesel,1,final,True,124.4681,126.1824,124.4681,125.0277,124.8914,-1.7143,-1.1547,-1.291
2015-06-12,2015-06-26,Diesel,2,final,True,124.4681,126.1824,124.4681,125.2713,125.0897,-1.7143,-0.9111,-1.0927
2015-06-12,2015-07-03,Diesel,3,final,True,124.4681,125.5506,124.4681,125.4126,125.222,-1.0824,-0.1379,-0.3285
2015-06-19,2015-06-26,Diesel,1,final,True,126.1824,126.1824,126.1824,126.7403,126.8207,0.0,0.5579,0.6383
2015-06-19,2015-07-03,Diesel,2,final,True,126.1824,125.5506,126.1824,126.9981,127.2592,0.6319,1.4475,1.7086
2015-06-19,2015-07-10,Diesel,3,final,True,126.1824,123.1835,126.1824,127.1633,127.6457,2.9989,3.9798,4.4622
2015-06-26,2015-07-03,Diesel,1,final,True,126.1824,125.5506,126.1824,126.5586,126.5135,0.6319,1.008,0.9629
2015-06-26,2015-07-10,Diesel,2,final,True,126.1824,123.1835,126.1824,126.7665,126.742,2.9989,3.583,3.5584
2015-06-26,2015-07-17,Diesel,3,final,True,126.1824,121.8978,126.1824,126.8991,126.9312,4.2846,5.0013,5.0333
2015-07-03,2015-07-10,Diesel,1,final,True,125.5506,123.1835,125.5506,125.409,125.6347,2.367,2.2254,2.4512
2015-07-03,2015-07-17,Diesel,2,final,True,125.5506,121.8978,125.5506,125.4123,125.8281,3.6527,3.5145,3.9302
2015-07-03,2015-07-24,Diesel,3,final,True,125.5506,121.8978,125.5506,125.427,126.0221,3.6527,3.5292,4.1243
2015-07-10,2015-07-17,Diesel,1,final,True,123.1835,121.8978,123.1835,121.4345,122.2099,1.2857,-0.4634,0.3121
2015-07-10,2015-07-24,Diesel,2,final,True,123.1835,121.8978,123.1835,120.8064,121.9865,1.2857,-1.0914,0.0887
2015-07-10,2015-07-31,Diesel,3,final,True,123.1835,119.3264,123.1835,120.5073,121.9443,3.8571,1.1809,2.6179
2015-07-17,2015-07-24,Diesel,1,final,True,121.8978,121.8978,121.8978,121.1364,121.2305,0.0,-0.7614,-0.6673
2015-07-17,2015-07-31,Diesel,2,final,True,121.8978,119.3264,121.8978,120.7896,120.8019,2.5714,1.4632,1.4755
2015-07-17,2015-08-07,Diesel,3,final,True,121.8978,117.755,121.8978,120.667,120.5111,4.1429,2.912,2.7561
2015-07-24,2015-07-31,Diesel,1,final,True,121.8978,119.3264,121.8978,121.0283,121.3483,2.5714,1.7019,2.0219
2015-07-24,2015-08-07,Diesel,2,final,True,121.8978,117.755,121.8978,120.7212,121.1647,4.1429,2.9662,3.4098
2015-07-24,2015-08-14,Diesel,3,final,True,121.8978,116.8978,121.8978,120.5575,121.0431,5.0,3.6596,4.1452
2015-07-31,2015-08-07,Diesel,1,final,True,119.3264,117.755,119.3264,117.3335,117.795,1.5714,-0.4215,0.04
2015-07-31,2015-08-14,Diesel,2,final,True,119.3264,116.8978,119.3264,116.5666,117.0581,2.4286,-0.3312,0.1603
2015-07-31,2015-08-21,Diesel,3,final,True,119.3264,115.4693,119.3264,116.2517,116.5925,3.8571,0.7824,1.1233
2015-08-07,2015-08-14,Diesel,1,final,True,117.755,116.8978,117.755,116.6905,116.5431,0.8571,-0.2074,-0.3548
2015-08-07,2015-08-21,Diesel,2,final,True,117.755,115.4693,117.755,116.2695,115.7319,2.2857,0.8003,0.2626
2015-08-07,2015-08-28,Diesel,3,final,True,117.755,112.8978,117.755,116.1215,115.1074,4.8571,3.2237,2.2096
2015-08-14,2015-08-21,Diesel,1,final,True,116.8978,115.4693,116.8978,116.8055,116.508,1.4286,1.3363,1.0388
2015-08-14,2015-08-28,Diesel,2,final,True,116.8978,112.8978,116.8978,116.7754,116.1623,4.0,3.8775,3.2645
2015-08-14,2015-09-04,Diesel,3,final,True,116.8978,115.755,116.8978,116.7695,115.8204,1.1429,1.0145,0.0654
2015-08-21,2015-08-28,Diesel,1,final,True,115.4693,112.8978,115.4693,114.3752,114.797,2.5714,1.4774,1.8992
2015-08-21,2015-09-04,Diesel,2,final,True,115.4693,115.755,115.4693,113.9875,114.5904,-0.2857,-1.7675,-1.1646
2015-08-21,2015-09-11,Diesel,3,final,True,115.4693,118.0407,115.4693,113.8334,114.5172,-2.5714,-4.2073,-3.5235
2015-08-28,2015-09-04,Diesel,1,final,True,112.8978,115.755,112.8978,111.2265,111.6412,-2.8571,-4.5285,-4.1138
2015-08-28,2015-09-11,Diesel,2,final,True,112.8978,118.0407,112.8978,110.6128,111.0795,-5.1429,-7.4279,-6.9612
2015-08-28,2015-09-18,Diesel,3,final,True,112.8978,118.8978,112.8978,110.3602,110.7492,-6.0,-8.5376,-8.1486
2015-09-04,2015-09-11,Diesel,1,final,True,115.755,118.0407,115.755,118.2095,117.1056,-2.2857,0.1689,-0.9351
2015-09-04,2015-09-18,Diesel,2,final,True,115.755,118.8978,115.755,119.0548,117.355,-3.1429,0.157,-1.5428
2015-09-04,2015-09-25,Diesel,3,final,True,115.755,118.8978,115.755,119.5993,117.486,-3.1429,0.7014,-1.4118
2015-09-11,2015-09-18,Diesel,1,final,True,118.0407,118.8978,118.0407,118.8693,119.2629,-0.8571,-0.0286,0.3651
2015-09-11,2015-09-25,Diesel,2,final,True,118.0407,118.8978,118.0407,119.4075,120.375,-0.8571,0.5096,1.4771
2015-09-11,2015-10-02,Diesel,3,final,True,118.0407,117.4494,118.0407,119.6155,121.2488,0.5913,2.1661,3.7994
2015-09-18,2015-09-25,Diesel,1,final,True,118.8978,118.8978,118.8978,118.5992,118.9777,0.0,-0.2986,0.0799
2015-09-18,2015-10-02,Diesel,2,final,True,118.8978,117.4494,118.8978,118.4973,119.178,1.4484,1.0479,1.7287
2015-09-18,2015-10-09,Diesel,3,final,True,118.8978,116.363,118.8978,118.5618,119.5115,2.5348,2.1988,3.1485
2015-09-25,2015-10-02,Diesel,1,final,True,118.8978,117.4494,118.8978,118.8421,118.5351,1.4484,1.3928,1.0857
2015-09-25,2015-10-09,Diesel,2,final,True,118.8978,116.363,118.8978,118.9217,118.2861,2.5348,2.5587,1.9231
2015-09-25,2015-10-16,Diesel,3,final,True,118.8978,113.5059,118.8978,118.954,118.0281,5.3919,5.4481,4.5222
2015-10-02,2015-10-09,Diesel,1,final,True,117.4494,116.363,117.4494,116.8429,116.8054,1.0863,0.4799,0.4423
2015-10-02,2015-10-16,Diesel,2,final,True,117.4494,113.5059,117.4494,116.6199,116.4404,3.9435,3.114,2.9345
2015-10-02,2015-10-23,Diesel,3,final,True,117.4494,109.5059,117.4494,116.4908,116.0749,7.9435,6.9849,6.569
2015-10-09,2015-10-16,Diesel,1,final,True,116.363,113.5059,116.363,116.9293,116.478,2.8571,3.4234,2.9721
2015-10-09,2015-10-23,Diesel,2,final,True,116.363,109.5059,116.363,117.0925,116.2545,6.8571,7.5866,6.7486
2015-10-09,2015-10-30,Diesel,3,final,True,116.363,108.363,116.363,117.2553,116.0509,8.0,8.8922,7.6878
2015-10-16,2015-10-23,Diesel,1,final,True,113.5059,109.5059,113.5059,112.0757,112.8913,4.0,2.5698,3.3854
2015-10-16,2015-10-30,Diesel,2,final,True,113.5059,108.363,113.5059,111.6238,112.9411,5.1429,3.2608,4.5781
2015-10-16,2015-11-06,Diesel,3,final,True,113.5059,110.6488,113.5059,111.3661,113.0851,2.8571,0.7173,2.4363
2015-10-23,2015-10-30,Diesel,1,final,True,109.5059,108.363,109.5059,108.0328,108.6775,1.1429,-0.3302,0.3144
2015-10-23,2015-11-06,Diesel,2,final,True,109.5059,110.6488,109.5059,107.3571,108.3273,-1.1429,-3.2916,-2.3215
2015-10-23,2015-11-13,Diesel,3,final,True,109.5059,112.363,109.5059,107.13,108.2853,-2.8571,-5.233,-4.0777
2015-10-30,2015-11-06,Diesel,1,final,True,108.363,110.6488,108.363,107.6404,108.2814,-2.2857,-3.0083,-2.3673
2015-10-30,2015-11-13,Diesel,2,final,True,108.363,112.363,108.363,107.4005,108.5196,-4.0,-4.9625,-3.8434
2015-10-30,2015-11-20,Diesel,3,final,True,108.363,110.6488,108.363,107.2779,108.8232,-2.2857,-3.3708,-1.8255
2015-11-06,2015-11-13,Diesel,1,final,True,110.6488,112.363,110.6488,111.5658,111.8883,-1.7143,-0.7972,-0.4747
2015-11-06,2015-11-20,Diesel,2,final,True,110.6488,110.6488,110.6488,111.883,112.6961,0.0,1.2343,2.0474
2015-11-06,2015-11-27,Diesel,3,final,True,110.6488,110.363,110.6488,112.1304,113.4845,0.2857,1.7674,3.1214
2015-11-13,2015-11-20,Diesel,1,final,True,112.363,110.6488,112.363,112.5024,113.2386,1.7143,1.8536,2.5899
2015-11-13,2015-11-27,Diesel,2,final,True,112.363,110.363,112.363,112.6891,114.1735,2.0,2.326,3.8104
2015-11-13,2015-12-04,Diesel,3,final,True,112.363,110.363,112.363,112.7956,115.0585,2.0,2.4326,4.6955
2015-11-20,2015-11-27,Diesel,1,final,True,110.6488,110.363,110.6488,109.8843,110.5207,0.2857,-0.4787,0.1577
2015-11-20,2015-12-04,Diesel,2,final,True,110.6488,110.363,110.6488,109.6516,110.7688,0.2857,-0.7115,0.4058
2015-11-20,2015-12-11,Diesel,3,final,True,110.6488,103.5059,110.6488,109.575,111.1134,7.1429,6.0691,7.6075
2015-11-27,2015-12-04,Diesel,1,final,True,110.363,110.363,110.363,110.0705,110.4629,0.0,-0.2925,0.0998
2015-11-27,2015-12-11,Diesel,2,final,True,110.363,103.5059,110.363,109.9692,110.6876,6.8571,6.4633,7.1817
2015-11-27,2015-12-18,Diesel,3,final,True,110.363,98.5059,110.363,109.919,110.9298,11.8571,11.4131,12.4239
2015-12-04,2015-12-11,Diesel,1,final,True,110.363,103.5059,110.363,109.0141,109.8075,6.8571,5.5082,6.3016
2015-12-04,2015-12-18,Diesel,2,final,True,110.363,98.5059,110.363,108.5137,109.821,11.8571,10.0078,11.3151
2015-12-04,2015-12-25,Diesel,3,final,True,110.363,96.363,110.363,108.2613,109.9565,14.0,11.8982,13.5935
2015-12-11,2015-12-18,Diesel,1,final,True,103.5059,98.5059,103.5059,100.593,101.3279,5.0,2.0871,2.822
2015-12-11,2015-12-25,Diesel,2,final,True,103.5059,96.363,103.5059,99.4993,100.384,7.1429,3.1363,4.0209
2015-12-11,2016-01-01,Diesel,3,final,True,103.5059,95.1431,103.5059,98.9576,99.7533,8.3628,3.8145,4.6102
2015-12-18,2015-12-25,Diesel,1,final,True,98.5059,96.363,98.5059,94.7749,95.9551,2.1429,-1.5881,-0.4079
2015-12-18,2016-01-01,Diesel,2,final,True,98.5059,95.1431,98.5059,93.3223,94.9659,3.3628,-1.8208,-0.1772
2015-12-18,2016-01-08,Diesel,3,final,True,98.5059,90.9451,98.5059,92.5845,94.4029,7.5608,1.6394,3.4578
2015-12-25,2016-01-01,Diesel,1,final,True,96.363,95.1431,96.363,94.482,94.8266,1.22,-0.6611,-0.3165
2015-12-25,2016-01-08,Diesel,2,final,True,96.363,90.9451,96.363,93.6048,93.9183,5.418,2.6597,2.9732
2015-12-25,2016-01-15,Diesel,3,final,True,96.363,85.3736,96.363,93.2934,93.3932,10.9894,7.9198,8.0196
2016-01-01,2016-01-08,Diesel,1,final,True,95.1431,90.9451,95.1431,94.0427,94.2888,4.198,3.0976,3.3437
2016-01-01,2016-01-15,Diesel,2,final,True,95.1431,85.3736,95.1431,93.66,93.9274,9.7695,8.2864,8.5538
2016-01-01,2016-01-22,Diesel,3,final,True,95.1431,81.6593,95.1431,93.5749,93.7787,13.4837,11.9156,12.1193
2016-01-08,2016-01-15,Diesel,1,final,True,90.9451,85.3736,90.9451,89.4618,89.9365,5.5714,4.0882,4.5628
2016-01-08,2016-01-22,Diesel,2,final,True,90.9451,81.6593,90.9451,89.0061,89.6749,9.2857,7.3467,8.0156
2016-01-08,2016-01-29,Diesel,3,final,True,90.9451,81.8022,90.9451,88.8329,89.6039,9.1429,7.0307,7.8018
2016-01-15,2016-01-22,Diesel,1,final,True,85.3736,81.6593,85.3736,83.1693,84.1285,3.7143,1.51,2.4691
2016-01-15,2016-01-29,Diesel,2,final,True,85.3736,81.8022,85.3736,82.4122,83.9521,3.5714,0.6101,2.1499
2016-01-15,2016-02-05,Diesel,3,final,True,85.3736,83.5165,85.3736,81.9782,83.964,1.8571,-1.5382,0.4476
2016-01-22,2016-01-29,Diesel,1,final,True,81.6593,81.8022,81.6593,79.6766,80.7921,-0.1429,-2.1256,-1.0101
2016-01-22,2016-02-05,Diesel,2,final,True,81.6593,83.5165,81.6593,78.8395,80.7594,-1.8571,-4.6769,-2.757
2016-01-22,2016-02-12,Diesel,3,final,True,81.6593,83.5165,81.6593,78.3952,80.9698,-1.8571,-5.1212,-2.5467
2016-01-29,2016-02-05,Diesel,1,final,True,81.8022,83.5165,81.8022,82.3143,82.8754,-1.7143,-1.2022,-0.6411
2016-01-29,2016-02-12,Diesel,2,final,True,81.8022,83.5165,81.8022,82.3136,83.5169,-1.7143,-1.2029,0.0004
2016-01-29,2016-02-19,Diesel,3,final,True,81.8022,85.2308,81.8022,82.4498,84.2862,-3.4286,-2.7809,-0.9445
2016-02-05,2016-02-12,Diesel,1,final,True,83.5165,83.5165,83.5165,84.3546,85.2891,0.0,0.8381,1.7726
2016-02-05,2016-02-19,Diesel,2,final,True,83.5165,85.2308,83.5165,84.7643,86.7709,-1.7143,-0.4665,1.5401
2016-02-05,2016-02-26,Diesel,3,final,True,83.5165,86.5165,83.5165,85.0892,88.2377,-3.0,-1.4273,1.7212
2016-02-12,2016-02-19,Diesel,1,final,True,83.5165,85.2308,83.5165,82.7381,84.1511,-1.7143,-2.4927,-1.0797
2016-02-12,2016-02-26,Diesel,2,final,True,83.5165,86.5165,83.5165,82.6723,85.3812,-3.0,-3.8442,-1.1353
2016-02-12,2016-03-04,Diesel,3,final,True,83.5165,89.5165,83.5165,82.6518,86.6494,-6.0,-6.8647,-2.8671
2016-02-19,2016-02-26,Diesel,1,final,True,85.2308,86.5165,85.2308,86.919,87.2874,-1.2857,0.4025,0.7709
2016-02-19,2016-03-04,Diesel,2,final,True,85.2308,89.5165,85.2308,87.4731,88.4882,-4.2857,-2.0433,-1.0283
2016-02-19,2016-03-11,Diesel,3,final,True,85.2308,92.9451,85.2308,87.8126,89.592,-7.7143,-5.1325,-3.3531
2016-02-26,2016-03-04,Diesel,1,final,True,86.5165,89.5165,86.5165,86.7314,87.8866,-3.0,-2.7851,-1.6299
2016-02-26,2016-03-11,Diesel,2,final,True,86.5165,92.9451,86.5165,86.958,89.3212,-6.4286,-5.9871,-3.6239
2016-02-26,2016-03-18,Diesel,3,final,True,86.5165,99.5165,86.5165,87.0271,90.601,-13.0,-12.4894,-8.9155
2016-03-04,2016-03-11,Diesel,1,final,True,89.5165,92.9451,89.5165,90.7262,91.3616,-3.4286,-2.2189,-1.5835
2016-03-04,2016-03-18,Diesel,2,final,True,89.5165,99.5165,89.5165,91.1618,92.5794,-10.0,-8.3547,-6.9371
2016-03-04,2016-03-25,Diesel,3,final,True,89.5165,99.5165,89.5165,91.5387,93.7733,-10.0,-7.9778,-5.7432
2016-03-11,2016-03-18,Diesel,1,final,True,92.9451,99.5165,92.9451,94.9499,95.2492,-6.5714,-4.5666,-4.2672
2016-03-11,2016-03-25,Diesel,2,final,True,92.9451,99.5165,92.9451,95.8929,96.7657,-6.5714,-3.6236,-2.7508
2016-03-11,2016-04-01,Diesel,3,final,True,92.9451,97.8347,92.9451,96.3198,97.9743,-4.8896,-1.5149,0.1396
2016-03-18,2016-03-25,Diesel,1,final,True,99.5165,99.5165,99.5165,100.6255,101.2393,0.0,1.109,1.7228
2016-03-18,2016-04-01,Diesel,2,final,True,99.5165,97.8347,99.5165,101.2214,102.6935,1.6818,3.3867,4.8588
2016-03-18,2016-04-08,Diesel,3,final,True,99.5165,89.878,99.5165,101.5988,103.9604,9.6385,11.7207,14.0824
2016-03-25,2016-04-01,Diesel,1,final,True,99.5165,97.8347,99.5165,100.3478,100.1346,1.6818,2.5131,2.2999
2016-03-25,2016-04-08,Diesel,2,final,True,99.5165,89.878,99.5165,100.7885,100.4385,9.6385,10.9105,10.5605
2016-03-25,2016-04-15,Diesel,3,final,True,99.5165,93.4495,99.5165,100.963,100.5605,6.067,7.5136,7.1111
2016-04-01,2016-04-08,Diesel,1,final,True,97.8347,89.878,97.8347,97.0246,97.3914,7.9567,7.1466,7.5134
2016-04-01,2016-04-15,Diesel,2,final,True,97.8347,93.4495,97.8347,96.7494,97.3527,4.3852,3.2999,3.9032
2016-04-01,2016-04-22,Diesel,3,final,True,97.8347,93.1637,97.8347,96.6387,97.4002,4.671,3.475,4.2365
2016-04-08,2016-04-15,Diesel,1,final,True,89.878,93.4495,89.878,88.8226,89.0448,-3.5714,-4.6268,-4.4046
2016-04-08,2016-04-22,Diesel,2,final,True,89.878,93.1637,89.878,88.4395,88.6858,-3.2857,-4.7243,-4.478
2016-04-08,2016-04-29,Diesel,3,final,True,89.878,95.4495,89.878,88.2179,88.368,-5.5714,-7.2316,-7.0814
2016-04-15,2016-04-22,Diesel,1,final,True,93.4495,93.1637,93.4495,94.9591,95.5606,0.2857,1.7953,2.3969
2016-04-15,2016-04-29,Diesel,2,final,True,93.4495,95.4495,93.4495,95.3549,96.7548,-2.0,-0.0945,1.3054
2016-04-15,2016-05-06,Diesel,3,final,True,93.4495,97.4495,93.4495,95.6567,97.9099,-4.0,-1.7927,0.4604
2016-04-22,2016-04-29,Diesel,1,final,True,93.1637,95.4495,93.1637,93.7835,94.64,-2.2857,-1.666,-0.8094
2016-04-22,2016-05-06,Diesel,2,final,True,93.1637,97.4495,93.1637,94.1646,95.9682,-4.2857,-3.2848,-1.4812
2016-04-22,2016-05-13,Diesel,3,final,True,93.1637,100.3066,93.1637,94.4256,97.21,-7.1429,-5.881,-3.0966
2016-04-29,2016-05-06,Diesel,1,final,True,95.4495,97.4495,95.4495,97.4926,98.1825,-2.0,0.0431,0.733
2016-04-29,2016-05-13,Diesel,2,final,True,95.4495,100.3066,95.4495,98.3112,99.9897,-4.8571,-1.9953,-0.3169
2016-04-29,2016-05-20,Diesel,3,final,True,95.4495,103.7352,95.4495,98.7266,101.5556,-8.2857,-5.0085,-2.1796
2016-05-06,2016-05-13,Diesel,1,final,True,97.4495,100.3066,97.4495,97.5533,98.9989,-2.8571,-2.7533,-1.3077
2016-05-06,2016-05-20,Diesel,2,final,True,97.4495,103.7352,97.4495,97.7362,100.6514,-6.2857,-5.999,-3.0837
2016-05-06,2016-05-27,Diesel,3,final,True,97.4495,107.878,97.4495,97.8301,102.2694,-10.4286,-10.0479,-5.6086
2016-05-13,2016-05-20,Diesel,1,final,True,100.3066,103.7352,100.3066,101.6249,102.2643,-3.4286,-2.1102,-1.4709
2016-05-13,2016-05-27,Diesel,2,final,True,100.3066,107.878,100.3066,102.1443,103.6359,-7.5714,-5.7337,-4.2422
2016-05-13,2016-06-03,Diesel,3,final,True,100.3066,109.5923,100.3066,102.3519,104.754,-9.2857,-7.2404,-4.8383
2016-05-20,2016-05-27,Diesel,1,final,True,103.7352,107.878,103.7352,105.7792,106.2474,-4.1429,-2.0988,-1.6306
2016-05-20,2016-06-03,Diesel,2,final,True,103.7352,109.5923,103.7352,106.5301,107.7462,-5.8571,-3.0622,-1.8461
2016-05-20,2016-06-10,Diesel,3,final,True,103.7352,107.4495,103.7352,107.0075,109.0997,-3.7143,-0.442,1.6502
2016-05-27,2016-06-03,Diesel,1,final,True,107.878,109.5923,107.878,109.192,109.853,-1.7143,-0.4003,0.2607
2016-05-27,2016-06-10,Diesel,2,final,True,107.878,107.4495,107.878,109.8948,111.4285,0.4286,2.4454,3.979
2016-05-27,2016-06-17,Diesel,3,final,True,107.878,108.7352,107.878,110.2517,112.7291,-0.8571,1.5165,3.9939
2016-06-03,2016-06-10,Diesel,1,final,True,109.5923,107.4495,109.5923,110.4746,110.8506,2.1429,3.0252,3.4012
2016-06-03,2016-06-17,Diesel,2,final,True,109.5923,108.7352,109.5923,110.8958,111.7464,0.8571,2.1606,3.0112
2016-06-03,2016-06-24,Diesel,3,final,True,109.5923,104.4495,109.5923,111.0841,112.4954,5.1429,6.6346,8.046
2016-06-10,2016-06-17,Diesel,1,final,True,107.4495,108.7352,107.4495,107.4333,107.8101,-1.2857,-1.3018,-0.925
2016-06-10,2016-06-24,Diesel,2,final,True,107.4495,104.4495,107.4495,107.4566,108.2241,3.0,3.0072,3.7746
2016-06-10,2016-07-01,Diesel,3,final,True,107.4495,104.422,107.4495,107.4553,108.5913,3.0274,3.0333,4.1693
2016-06-17,2016-06-24,Diesel,1,final,True,108.7352,104.4495,108.7352,107.7205,108.5801,4.2857,3.2711,4.1307
2016-06-17,2016-07-01,Diesel,2,final,True,108.7352,104.422,108.7352,107.3504,108.8774,4.3132,2.9284,4.4554
2016-06-17,2016-07-08,Diesel,3,final,True,108.7352,105.5283,108.7352,107.1667,109.2588,3.2069,1.6384,3.7306
2016-06-24,2016-07-01,Diesel,1,final,True,104.4495,104.422,104.4495,104.0511,104.078,0.0274,-0.3709,-0.344
2016-06-24,2016-07-08,Diesel,2,final,True,104.4495,105.5283,104.4495,103.8531,103.809,-1.0788,-1.6751,-1.7192
2016-06-24,2016-07-15,Diesel,3,final,True,104.4495,100.5283,104.4495,103.7663,103.6005,3.9212,3.2381,3.0722
2016-07-01,2016-07-08,Diesel,1,final,True,104.422,105.5283,104.422,104.0777,104.8022,-1.1063,-1.4505,-0.7261
2016-07-01,2016-07-15,Diesel,2,final,True,104.422,100.5283,104.422,103.9406,105.3177,3.8937,3.4123,4.7894
2016-07-01,2016-07-22,Diesel,3,final,True,104.422,100.5283,104.422,103.9583,105.9501,3.8937,3.43,5.4218
2016-07-08,2016-07-15,Diesel,1,final,True,105.5283,100.5283,105.5283,105.0479,105.7676,5.0,4.5197,5.2393
2016-07-08,2016-07-22,Diesel,2,final,True,105.5283,100.5283,105.5283,104.9478,106.2926,5.0,4.4195,5.7644
2016-07-08,2016-07-29,Diesel,3,final,True,105.5283,98.2425,105.5283,104.9478,106.8942,7.2857,6.7053,8.6517
2016-07-15,2016-07-22,Diesel,1,final,True,100.5283,100.5283,100.5283,99.0165,99.68,0.0,-1.5117,-0.8483
2016-07-15,2016-07-29,Diesel,2,final,True,100.5283,98.2425,100.5283,98.5168,99.6007,2.2857,0.2743,1.3581
2016-07-15,2016-08-05,Diesel,3,final,True,100.5283,96.5283,100.5283,98.2856,99.7123,4.0,1.7574,3.1841
2016-07-22,2016-07-29,Diesel,1,final,True,100.5283,98.2425,100.5283,100.429,101.0107,2.2857,2.1865,2.7682
2016-07-22,2016-08-05,Diesel,2,final,True,100.5283,96.5283,100.5283,100.3438,101.4879,4.0,3.8156,4.9597
2016-07-22,2016-08-12,Diesel,3,final,True,100.5283,97.9568,100.5283,100.2757,101.9616,2.5714,2.3188,4.0048
2016-07-29,2016-08-05,Diesel,1,final,True,98.2425,96.5283,98.2425,96.8121,97.8427,1.7143,0.2839,1.3145
2016-07-29,2016-08-12,Diesel,2,final,True,98.2425,97.9568,98.2425,96.2556,98.0803,0.2857,-1.7013,0.1235
2016-07-29,2016-08-19,Diesel,3,final,True,98.2425,103.6711,98.2425,96.1245,98.6525,-5.4286,-7.5466,-5.0187
2016-08-05,2016-08-12,Diesel,1,final,True,96.5283,97.9568,96.5283,94.5441,95.5519,-1.4286,-3.4127,-2.4049
2016-08-05,2016-08-19,Diesel,2,final,True,96.5283,103.6711,96.5283,93.9042,95.5974,-7.1429,-9.7669,-8.0737
2016-08-05,2016-08-26,Diesel,3,final,True,96.5283,107.0997,96.5283,93.5815,95.8508,-10.5714,-13.5182,-11.2489
2016-08-12,2016-08-19,Diesel,1,final,True,97.9568,103.6711,97.9568,98.3275,98.5026,-5.7143,-5.3437,-5.1686
2016-08-12,2016-08-26,Diesel,2,final,True,97.9568,107.0997,97.9568,98.3807,98.7736,-9.1429,-8.719,-8.3261
2016-08-12,2016-09-02,Diesel,3,final,True,97.9568,107.5283,97.9568,98.413,99.0446,-9.5714,-9.1153,-8.4837
2016-08-19,2016-08-26,Diesel,1,final,True,103.6711,107.0997,103.6711,105.5458,105.4756,-3.4286,-1.5539,-1.6241
2016-08-19,2016-09-02,Diesel,2,final,True,103.6711,107.5283,103.6711,106.2153,106.3865,-3.8571,-1.313,-1.1418
2016-08-19,2016-09-09,Diesel,3,final,True,103.6711,104.5283,103.6711,106.7303,107.2357,-0.8571,2.202,2.7075
2016-08-26,2016-09-02,Diesel,1,final,True,107.0997,107.5283,107.0997,107.7698,107.8164,-0.4286,0.2415,0.2882
2016-08-26,2016-09-09,Diesel,2,final,True,107.0997,104.5283,107.0997,108.2729,108.4553,2.5714,3.7446,3.9271
2016-08-26,2016-09-16,Diesel,3,final,True,107.0997,104.5283,107.0997,108.6133,109.0237,2.5714,4.0851,4.4955
2016-09-02,2016-09-09,Diesel,1,final,True,107.5283,104.5283,107.5283,107.4385,107.1884,3.0,2.9102,2.6602
2016-09-02,2016-09-16,Diesel,2,final,True,107.5283,104.5283,107.5283,107.5664,107.0562,3.0,3.0381,2.528
2016-09-02,2016-09-23,Diesel,3,final,True,107.5283,104.5283,107.5283,107.5269,106.797,3.0,2.9987,2.2687
2016-09-09,2016-09-16,Diesel,1,final,True,104.5283,104.5283,104.5283,104.4185,103.9195,0.0,-0.1098,-0.6087
2016-09-09,2016-09-23,Diesel,2,final,True,104.5283,104.5283,104.5283,104.3336,103.3321,0.0,-0.1946,-1.1961
2016-09-09,2016-09-30,Diesel,3,final,True,104.5283,104.3525,104.5283,104.274,102.737,0.1758,-0.0785,-1.6155
2016-09-16,2016-09-23,Diesel,1,final,True,104.5283,104.5283,104.5283,104.2334,104.1973,0.0,-0.2949,-0.331
2016-09-16,2016-09-30,Diesel,2,final,True,104.5283,104.3525,104.5283,104.0965,103.9564,0.1758,-0.256,-0.3961
2016-09-16,2016-10-07,Diesel,3,final,True,104.5283,106.7702,104.5283,104.1017,103.7993,-2.2419,-2.6685,-2.9709
2016-09-23,2016-09-30,Diesel,1,final,True,104.5283,104.3525,104.5283,104.523,104.3114,0.1758,0.1705,-0.0411
2016-09-23,2016-10-07,Diesel,2,final,True,104.5283,106.7702,104.5283,104.5741,104.1124,-2.2419,-2.1961,-2.6577
2016-09-23,2016-10-14,Diesel,3,final,True,104.5283,110.6273,104.5283,104.6391,103.9239,-6.0991,-5.9882,-6.7035
2016-09-30,2016-10-07,Diesel,1,final,True,104.3525,106.7702,104.3525,105.0233,104.6738,-2.4177,-1.7469,-2.0964
2016-09-30,2016-10-14,Diesel,2,final,True,104.3525,110.6273,104.3525,105.3067,104.7031,-6.2748,-5.3206,-5.9242
2016-09-30,2016-10-21,Diesel,3,final,True,104.3525,114.6273,104.3525,105.4706,104.6576,-10.2748,-9.1567,-9.9698
2016-10-07,2016-10-14,Diesel,1,final,True,106.7702,110.6273,106.7702,109.1522,108.6462,-3.8571,-1.4752,-1.9812
2016-10-07,2016-10-21,Diesel,2,final,True,106.7702,114.6273,106.7702,110.0499,109.4196,-7.8571,-4.5774,-5.2078
2016-10-07,2016-10-28,Diesel,3,final,True,106.7702,114.913,106.7702,110.4739,109.8644,-8.1429,-4.4391,-5.0487
2016-10-14,2016-10-21,Diesel,1,final,True,110.6273,114.6273,110.6273,112.5707,112.6102,-4.0,-2.0566,-2.0171
2016-10-14,2016-10-28,Diesel,2,final,True,110.6273,114.913,110.6273,113.3609,113.7511,-4.2857,-1.5521,-1.162
2016-10-14,2016-11-04,Diesel,3,final,True,110.6273,113.1988,110.6273,113.8215,114.6885,-2.5714,0.6228,1.4897
2016-10-21,2016-10-28,Diesel,1,final,True,114.6273,114.913,114.6273,114.9827,115.2231,-0.2857,0.0696,0.3101
2016-10-21,2016-11-04,Diesel,2,final,True,114.6273,113.1988,114.6273,115.2864,115.8192,1.4286,2.0876,2.6204
2016-10-21,2016-11-11,Diesel,3,final,True,114.6273,106.7702,114.6273,115.4354,116.302,7.8571,8.6652,9.5318
2016-10-28,2016-11-04,Diesel,1,final,True,114.913,113.1988,114.913,115.3844,114.8224,1.7143,2.1857,1.6237
2016-10-28,2016-11-11,Diesel,2,final,True,114.913,106.7702,114.913,115.5944,114.5345,8.1429,8.8242,7.7644
2016-10-28,2016-11-18,Diesel,3,final,True,114.913,103.913,114.913,115.5965,114.0628,11.0,11.6835,10.1498
2016-11-04,2016-11-11,Diesel,1,final,True,113.1988,106.7702,113.1988,111.8006,111.731,6.4286,5.0304,4.9608
2016-11-04,2016-11-18,Diesel,2,final,True,113.1988,103.913,113.1988,111.2203,110.85,9.2857,7.3073,6.937
2016-11-04,2016-11-25,Diesel,3,final,True,113.1988,106.4845,113.1988,111.0694,110.2648,6.7143,4.5849,3.7803
2016-11-11,2016-11-18,Diesel,1,final,True,106.7702,103.913,106.7702,104.7954,104.4971,2.8571,0.8823,0.584
2016-11-11,2016-11-25,Diesel,2,final,True,106.7702,106.4845,106.7702,104.145,103.191,0.2857,-2.3395,-3.2935
2016-11-11,2016-12-02,Diesel,3,final,True,106.7702,109.3416,106.7702,103.8474,102.104,-2.5714,-5.4942,-7.2376
2016-11-18,2016-11-25,Diesel,1,final,True,103.913,106.4845,103.913,103.6532,103.4269,-2.5714,-2.8312,-3.0576
2016-11-18,2016-12-02,Diesel,2,final,True,103.913,109.3416,103.913,103.4954,102.9754,-5.4286,-5.8462,-6.3663
2016-11-18,2016-12-09,Diesel,3,final,True,103.913,113.0559,103.913,103.4612,102.6166,-9.1429,-9.5947,-10.4393
2016-11-25,2016-12-02,Diesel,1,final,True,106.4845,109.3416,106.4845,107.7874,107.7572,-2.8571,-1.5542,-1.5844
2016-11-25,2016-12-09,Diesel,2,final,True,106.4845,113.0559,106.4845,108.2654,108.4075,-6.5714,-4.7905,-4.6484
2016-11-25,2016-12-16,Diesel,3,final,True,106.4845,116.0559,106.4845,108.617,108.9963,-9.5714,-7.4389,-7.0596
2016-12-02,2016-12-09,Diesel,1,final,True,109.3416,113.0559,109.3416,109.5878,109.9578,-3.7143,-3.4681,-3.0981
2016-12-02,2016-12-16,Diesel,2,final,True,109.3416,116.0559,109.3416,109.8509,110.6187,-6.7143,-6.205,-5.4372
2016-12-02,2016-12-23,Diesel,3,final,True,109.3416,118.0559,109.3416,110.0759,111.2866,-8.7143,-7.98,-6.7693
2016-12-09,2016-12-16,Diesel,1,final,True,113.0559,116.0559,113.0559,115.1412,114.5297,-3.0,-0.9147,-1.5262
2016-12-09,2016-12-23,Diesel,2,final,True,113.0559,118.0559,113.0559,116.0045,115.1181,-5.0,-2.0514,-2.9378
2016-12-09,2016-12-30,Diesel,3,final,True,113.0559,118.5207,113.0559,116.239,115.2278,-5.4648,-2.2817,-3.2929
2016-12-16,2016-12-23,Diesel,1,final,True,116.0559,118.0559,116.0559,117.7797,117.3843,-2.0,-0.2762,-0.6716
2016-12-16,2016-12-30,Diesel,2,final,True,116.0559,118.5207,116.0559,118.321,117.8171,-2.4648,-0.1997,-0.7036
2016-12-16,2017-01-06,Diesel,3,final,True,116.0559,117.5952,116.0559,118.6475,118.1127,-1.5393,1.0523,0.5174
2016-12-23,2016-12-30,Diesel,1,final,True,118.0559,118.5207,118.0559,119.7654,119.2116,-0.4648,1.2447,0.6909
2016-12-23,2017-01-06,Diesel,2,final,True,118.0559,117.5952,118.0559,120.4991,119.6584,0.4607,2.9039,2.0632
2016-12-23,2017-01-13,Diesel,3,final,True,118.0559,118.1667,118.0559,120.7715,119.7434,-0.1108,2.6048,1.5767
2016-12-30,2017-01-06,Diesel,1,final,True,118.5207,117.5952,118.5207,120.3152,119.8849,0.9255,2.72,2.2896
2016-12-30,2017-01-13,Diesel,2,final,True,118.5207,118.1667,118.5207,120.9248,120.3456,0.354,2.7581,2.1789
2016-12-30,2017-01-20,Diesel,3,final,True,118.5207,120.7381,118.5207,121.1678,120.5369,-2.2174,0.4297,-0.2012
2017-01-06,2017-01-13,Diesel,1,final,True,117.5952,118.1667,117.5952,117.8194,118.0988,-0.5714,-0.3473,-0.0679
2017-01-06,2017-01-20,Diesel,2,final,True,117.5952,120.7381,117.5952,117.8953,118.49,-3.1429,-2.8428,-2.2481
2017-01-06,2017-01-27,Diesel,3,final,True,117.5952,121.1667,117.5952,117.9527,118.8599,-3.5714,-3.214,-2.3068
2017-01-13,2017-01-20,Diesel,1,final,True,118.1667,120.7381,118.1667,117.4085,117.9386,-2.5714,-3.3296,-2.7995
2017-01-13,2017-01-27,Diesel,2,final,True,118.1667,121.1667,118.1667,117.1762,118.0956,-3.0,-3.9904,-3.0711
2017-01-13,2017-02-03,Diesel,3,final,True,118.1667,121.1667,118.1667,117.0417,118.2991,-3.0,-4.125,-2.8676
2017-01-20,2017-01-27,Diesel,1,final,True,120.7381,121.1667,120.7381,119.7709,119.9369,-0.4286,-1.3958,-1.2298
2017-01-20,2017-02-03,Diesel,2,final,True,120.7381,121.1667,120.7381,119.3876,119.5393,-0.4286,-1.779,-1.6274
2017-01-20,2017-02-10,Diesel,3,final,True,120.7381,120.0238,120.7381,119.2545,119.3068,0.7143,-0.7693,-0.717
2017-01-27,2017-02-03,Diesel,1,final,True,121.1667,121.1667,121.1667,120.7069,120.0063,0.0,-0.4597,-1.1604
2017-01-27,2017-02-10,Diesel,2,final,True,121.1667,120.0238,121.1667,120.5471,119.0453,1.1429,0.5233,-0.9785
2017-01-27,2017-02-17,Diesel,3,final,True,121.1667,119.1667,121.1667,120.5349,118.1846,2.0,1.3682,-0.982
2017-02-03,2017-02-10,Diesel,1,final,True,121.1667,120.0238,121.1667,121.1305,120.2258,1.1429,1.1067,0.202
2017-02-03,2017-02-17,Diesel,2,final,True,121.1667,119.1667,121.1667,121.162,119.3216,2.0,1.9954,0.155
2017-02-03,2017-02-24,Diesel,3,final,True,121.1667,119.1667,121.1667,121.2578,118.478,2.0,2.0911,-0.6887
2017-02-10,2017-02-17,Diesel,1,final,True,120.0238,119.1667,120.0238,120.3329,119.5134,0.8571,1.1663,0.3468
2017-02-10,2017-02-24,Diesel,2,final,True,120.0238,119.1667,120.0238,120.5263,118.9276,0.8571,1.3596,-0.2391
2017-02-10,2017-03-03,Diesel,3,final,True,120.0238,119.1667,120.0238,120.6586,118.3101,0.8571,1.4919,-0.8566
2017-02-17,2017-02-24,Diesel,1,final,True,119.1667,119.1667,119.1667,119.5247,119.0252,0.0,0.358,-0.1415
2017-02-17,2017-03-03,Diesel,2,final,True,119.1667,119.1667,119.1667,119.7126,118.7705,0.0,0.5459,-0.3961
2017-02-17,2017-03-10,Diesel,3,final,True,119.1667,119.1667,119.1667,119.8303,118.4762,0.0,0.6636,-0.6905
2017-02-24,2017-03-03,Diesel,1,final,True,119.1667,119.1667,119.1667,119.579,119.3053,0.0,0.4123,0.1387
2017-02-24,2017-03-10,Diesel,2,final,True,119.1667,119.1667,119.1667,119.7742,119.2946,0.0,0.6076,0.128
2017-02-24,2017-03-17,Diesel,3,final,True,119.1667,117.4524,119.1667,119.8804,119.2196,1.7143,2.4281,1.7673
2017-03-03,2017-03-10,Diesel,1,final,True,119.1667,119.1667,119.1667,119.2828,119.1984,0.0,0.1161,0.0317
2017-03-03,2017-03-17,Diesel,2,final,True,119.1667,117.4524,119.1667,119.3608,119.2038,1.7143,1.9084,1.7514
2017-03-03,2017-03-24,Diesel,3,final,True,119.1667,116.1667,119.1667,119.4306,119.2033,3.0,3.2639,3.0366
2017-03-10,2017-03-17,Diesel,1,final,True,119.1667,117.4524,119.1667,119.2467,119.1551,1.7143,1.7943,1.7027
2017-03-10,2017-03-24,Diesel,2,final,True,119.1667,116.1667,119.1667,119.317,119.1364,3.0,3.1503,2.9697
2017-03-10,2017-03-31,Diesel,3,final,True,119.1667,116.8236,119.1667,119.3638,119.0936,2.3431,2.5402,2.27
2017-03-17,2017-03-24,Diesel,1,final,True,117.4524,116.1667,117.4524,116.0913,116.3806,1.2857,-0.0753,0.2139
2017-03-17,2017-03-31,Diesel,2,final,True,117.4524,116.8236,117.4524,115.6376,115.979,0.6288,-1.186,-0.8446
2017-03-17,2017-04-07,Diesel,3,final,True,117.4524,118.4659,117.4524,115.5066,115.809,-1.0136,-2.9593,-2.6569
2017-03-24,2017-03-31,Diesel,1,final,True,116.1667,116.8236,116.1667,115.0356,114.9837,-0.6569,-1.788,-1.8399
2017-03-24,2017-04-07,Diesel,2,final,True,116.1667,118.4659,116.1667,114.6694,114.362,-2.2993,-3.7965,-4.104
2017-03-24,2017-04-14,Diesel,3,final,True,116.1667,120.4659,116.1667,114.4794,113.8411,-4.2993,-5.9865,-6.6249
2017-03-31,2017-04-07,Diesel,1,final,True,116.8236,118.4659,116.8236,116.9013,116.4892,-1.6423,-1.5646,-1.9767
2017-03-31,2017-04-14,Diesel,2,final,True,116.8236,120.4659,116.8236,116.8674,116.0405,-3.6423,-3.5985,-4.4254
2017-03-31,2017-04-21,Diesel,3,final,True,116.8236,120.4659,116.8236,116.9191,115.6628,-3.6423,-3.5469,-4.8032
2017-04-07,2017-04-14,Diesel,1,final,True,118.4659,120.4659,118.4659,119.7192,119.0599,-2.0,-0.7468,-1.406
2017-04-07,2017-04-21,Diesel,2,final,True,118.4659,120.4659,118.4659,120.2174,119.0943,-2.0,-0.2486,-1.3716
2017-04-07,2017-04-28,Diesel,3,final,True,118.4659,120.4659,118.4659,120.5263,119.0104,-2.0,0.0604,-1.4556
2017-04-14,2017-04-21,Diesel,1,final,True,120.4659,120.4659,120.4659,122.0876,121.5932,0.0,1.6217,1.1272
2017-04-14,2017-04-28,Diesel,2,final,True,120.4659,120.4659,120.4659,122.7874,122.0507,0.0,2.3214,1.5848
2017-04-14,2017-05-05,Diesel,3,final,True,120.4659,120.4659,120.4659,123.157,122.3025,0.0,2.6911,1.8366
2017-04-21,2017-04-28,Diesel,1,final,True,120.4659,120.4659,120.4659,120.355,120.4497,0.0,-0.111,-0.0162
2017-04-21,2017-05-05,Diesel,2,final,True,120.4659,120.4659,120.4659,120.446,120.6261,0.0,-0.0199,0.1602
2017-04-21,2017-05-12,Diesel,3,final,True,120.4659,116.4659,120.4659,120.5234,120.8033,4.0,4.0574,4.3373
2017-04-28,2017-05-05,Diesel,1,final,True,120.4659,120.4659,120.4659,119.9342,119.8615,0.0,-0.5318,-0.6044
2017-04-28,2017-05-12,Diesel,2,final,True,120.4659,116.4659,120.4659,119.7914,119.5558,4.0,3.3254,3.0899
2017-04-28,2017-05-19,Diesel,3,final,True,120.4659,116.4659,120.4659,119.6486,119.2168,4.0,3.1826,2.7509
2017-05-05,2017-05-12,Diesel,1,final,True,120.4659,116.4659,120.4659,119.0432,118.9656,4.0,2.5773,2.4997
2017-05-05,2017-05-19,Diesel,2,final,True,120.4659,116.4659,120.4659,118.4528,118.0539,4.0,1.9869,1.588
2017-05-05,2017-05-26,Diesel,3,final,True,120.4659,116.4659,120.4659,118.2372,117.3949,4.0,1.7713,0.929
2017-05-12,2017-05-19,Diesel,1,final,True,116.4659,116.4659,116.4659,115.9211,115.0672,0.0,-0.5449,-1.3988
2017-05-12,2017-05-26,Diesel,2,final,True,116.4659,116.4659,116.4659,115.7155,113.892,0.0,-0.7504,-2.5739
2017-05-12,2017-06-02,Diesel,3,final,True,116.4659,116.4659,116.4659,115.6636,112.8123,0.0,-0.8023,-3.6537
2017-05-19,2017-05-26,Diesel,1,final,True,116.4659,116.4659,116.4659,117.0315,116.5741,0.0,0.5656,0.1082
2017-05-19,2017-06-02,Diesel,2,final,True,116.4659,116.4659,116.4659,117.2406,116.3953,0.0,0.7747,-0.0707
2017-05-19,2017-06-09,Diesel,3,final,True,116.4659,116.4659,116.4659,117.4481,116.2463,0.0,0.9821,-0.2197
2017-05-26,2017-06-02,Diesel,1,final,True,116.4659,116.4659,116.4659,117.0603,116.8958,0.0,0.5943,0.4299
2017-05-26,2017-06-09,Diesel,2,final,True,116.4659,116.4659,116.4659,117.397,117.1639,0.0,0.9311,0.698
2017-05-26,2017-06-16,Diesel,3,final,True,116.4659,109.7516,116.4659,117.6391,117.3872,6.7143,7.8875,7.6355
2017-06-02,2017-06-09,Diesel,1,final,True,116.4659,116.4659,116.4659,115.3773,115.8405,0.0,-1.0886,-0.6254
2017-06-02,2017-06-16,Diesel,2,final,True,116.4659,109.7516,116.4659,115.1373,115.8765,6.7143,5.3857,6.1249
2017-06-02,2017-06-23,Diesel,3,final,True,116.4659,102.1802,116.4659,115.0173,115.9935,14.2857,12.8371,13.8133
2017-06-09,2017-06-16,Diesel,1,final,True,116.4659,109.7516,116.4659,114.7351,114.8313,6.7143,4.9834,5.0797
2017-06-09,2017-06-23,Diesel,2,final,True,116.4659,102.1802,116.4659,114.0907,113.9939,14.2857,11.9104,11.8136
2017-06-09,2017-06-30,Diesel,3,final,True,116.4659,100.8123,116.4659,113.7314,113.3256,15.6536,12.9191,12.5133
2017-06-16,2017-06-23,Diesel,1,final,True,109.7516,102.1802,109.7516,108.7857,108.0551,7.5714,6.6055,5.8749
2017-06-16,2017-06-30,Diesel,2,final,True,109.7516,100.8123,109.7516,108.3441,106.7075,8.9393,7.5318,5.8951
2017-06-16,2017-07-07,Diesel,3,final,True,109.7516,101.6783,109.7516,108.217,105.5771,8.0734,6.5387,3.8988
2017-06-23,2017-06-30,Diesel,1,final,True,102.1802,100.8123,102.1802,101.0634,101.3767,1.3679,0.2511,0.5644
2017-06-23,2017-07-07,Diesel,2,final,True,102.1802,101.6783,102.1802,100.7065,101.1361,0.502,-0.9718,-0.5421
2017-06-23,2017-07-14,Diesel,3,final,True,102.1802,101.6783,102.1802,100.6757,101.1393,0.502,-1.0026,-0.539
2017-06-30,2017-07-07,Diesel,1,final,True,100.8123,101.6783,100.8123,100.9535,101.9066,-0.8659,-0.7247,0.2283
2017-06-30,2017-07-14,Diesel,2,final,True,100.8123,101.6783,100.8123,101.112,103.0239,-0.8659,-0.5662,1.3457
2017-06-30,2017-07-21,Diesel,3,final,True,100.8123,103.6783,100.8123,101.2058,104.1056,-2.8659,-2.4724,0.4273
2017-07-07,2017-07-14,Diesel,1,final,True,101.6783,101.6783,101.6783,103.1766,104.1672,0.0,1.4983,2.4889
2017-07-07,2017-07-21,Diesel,2,final,True,101.6783,103.6783,101.6783,103.7775,105.9898,-2.0,0.0992,2.3115
2017-07-07,2017-07-28,Diesel,3,final,True,101.6783,105.6783,101.6783,104.1141,107.6429,-4.0,-1.5642,1.9646
2017-07-14,2017-07-21,Diesel,1,final,True,101.6783,103.6783,101.6783,101.5636,103.2079,-2.0,-2.1147,-0.4703
2017-07-14,2017-07-28,Diesel,2,final,True,101.6783,105.6783,101.6783,101.6282,104.9068,-4.0,-4.05,-0.7715
2017-07-14,2017-08-04,Diesel,3,final,True,101.6783,109.1068,101.6783,101.6714,106.5865,-7.4286,-7.4354,-2.5204
2017-07-21,2017-07-28,Diesel,1,final,True,103.6783,105.6783,103.6783,104.1111,105.4232,-2.0,-1.5672,-0.2551
2017-07-21,2017-08-04,Diesel,2,final,True,103.6783,109.1068,103.6783,104.302,106.976,-5.4286,-4.8048,-2.1309
2017-07-21,2017-08-11,Diesel,3,final,True,103.6783,112.964,103.6783,104.2958,108.3658,-9.2857,-8.6682,-4.5981
2017-07-28,2017-08-04,Diesel,1,final,True,105.6783,109.1068,105.6783,106.0214,107.1883,-3.4286,-3.0855,-1.9186
2017-07-28,2017-08-11,Diesel,2,final,True,105.6783,112.964,105.6783,106.0767,108.4634,-7.2857,-6.8873,-4.5006
2017-07-28,2017-08-18,Diesel,3,final,True,105.6783,114.6783,105.6783,106.1716,109.7766,-9.0,-8.5066,-4.9017
2017-08-04,2017-08-11,Diesel,1,final,True,109.1068,112.964,109.1068,110.2031,110.9554,-3.8571,-2.7609,-2.0085
2017-08-04,2017-08-18,Diesel,2,final,True,109.1068,114.6783,109.1068,110.7069,112.3591,-5.5714,-3.9713,-2.3191
2017-08-04,2017-08-25,Diesel,3,final,True,109.1068,114.6783,109.1068,110.9605,113.5617,-5.5714,-3.7178,-1.1166
2017-08-11,2017-08-18,Diesel,1,final,True,112.964,114.6783,112.964,113.6961,114.418,-1.7143,-0.9822,-0.2603
2017-08-11,2017-08-25,Diesel,2,final,True,112.964,114.6783,112.964,114.0572,115.5805,-1.7143,-0.6211,0.9022
2017-08-11,2017-09-01,Diesel,3,final,True,112.964,116.8211,112.964,114.2424,116.6269,-3.8571,-2.5787,-0.1942
2017-08-18,2017-08-25,Diesel,1,final,True,114.6783,114.6783,114.6783,114.7174,115.0966,0.0,0.0391,0.4183
2017-08-18,2017-09-01,Diesel,2,final,True,114.6783,116.8211,114.6783,114.7873,115.5558,-2.1429,-2.0338,-1.2654
2017-08-18,2017-09-08,Diesel,3,final,True,114.6783,119.8211,114.6783,114.7912,115.9463,-5.1429,-5.0299,-3.8749
2017-08-25,2017-09-01,Diesel,1,final,True,114.6783,116.8211,114.6783,115.1167,115.0429,-2.1429,-1.7045,-1.7782
2017-08-25,2017-09-08,Diesel,2,final,True,114.6783,119.8211,114.6783,115.262,115.1672,-5.1429,-4.5592,-4.6539
2017-08-25,2017-09-15,Diesel,3,final,True,114.6783,120.6783,114.6783,115.3274,115.2288,-6.0,-5.3509,-5.4495
2017-09-01,2017-09-08,Diesel,1,final,True,116.8211,119.8211,116.8211,117.6066,117.5725,-3.0,-2.2145,-2.2486
2017-09-01,2017-09-15,Diesel,2,final,True,116.8211,120.6783,116.8211,117.9205,117.9653,-3.8571,-2.7578,-2.7129
2017-09-01,2017-09-22,Diesel,3,final,True,116.8211,120.6783,116.8211,118.1308,118.2791,-3.8571,-2.5474,-2.3992
2017-09-08,2017-09-15,Diesel,1,final,True,119.8211,120.6783,119.8211,121.6827,121.312,-0.8571,1.0044,0.6337
2017-09-08,2017-09-22,Diesel,2,final,True,119.8211,120.6783,119.8211,122.4894,122.0042,-0.8571,1.8112,1.3259
2017-09-08,2017-09-29,Diesel,3,final,True,119.8211,120.0863,119.8211,122.8818,122.3936,-0.2652,2.7955,2.3072
2017-09-15,2017-09-22,Diesel,1,final,True,120.6783,120.6783,120.6783,121.4547,121.4997,0.0,0.7765,0.8215
2017-09-15,2017-09-29,Diesel,2,final,True,120.6783,120.0863,120.6783,121.8336,122.0314,0.5919,1.7473,1.945
2017-09-15,2017-10-06,Diesel,3,final,True,120.6783,117.8205,120.6783,122.0269,122.4327,2.8578,4.2064,4.6122
2017-09-22,2017-09-29,Diesel,1,final,True,120.6783,120.0863,120.6783,121.2988,121.2613,0.5919,1.2125,1.1749
2017-09-22,2017-10-06,Diesel,2,final,True,120.6783,117.8205,120.6783,121.5809,121.5982,2.8578,3.7604,3.7777
2017-09-22,2017-10-13,Diesel,3,final,True,120.6783,118.1062,120.6783,121.6351,121.7419,2.572,3.5289,3.6356
2017-09-29,2017-10-06,Diesel,1,final,True,120.0863,117.8205,120.0863,121.432,121.3247,2.2658,3.6115,3.5042
2017-09-29,2017-10-13,Diesel,2,final,True,120.0863,118.1062,120.0863,121.8876,121.869,1.9801,3.7814,3.7628
2017-09-29,2017-10-20,Diesel,3,final,True,120.0863,117.5348,120.0863,122.1067,122.2383,2.5516,4.5719,4.7035
2017-10-06,2017-10-13,Diesel,1,final,True,117.8205,118.1062,117.8205,117.8415,118.4981,-0.2857,-0.2647,0.3919
2017-10-06,2017-10-20,Diesel,2,final,True,117.8205,117.5348,117.8205,117.8851,119.1941,0.2857,0.3503,1.6593
2017-10-06,2017-10-27,Diesel,3,final,True,117.8205,117.5348,117.8205,117.9446,119.8813,0.2857,0.4099,2.3465
2017-10-13,2017-10-20,Diesel,1,final,True,118.1062,117.5348,118.1062,118.2011,119.0173,0.5714,0.6663,1.4825
2017-10-13,2017-10-27,Diesel,2,final,True,118.1062,117.5348,118.1062,118.281,119.8955,0.5714,0.7462,2.3607
2017-10-13,2017-11-03,Diesel,3,final,True,118.1062,123.3919,118.1062,118.2673,120.6889,-5.2857,-5.1246,-2.703
2017-10-20,2017-10-27,Diesel,1,final,True,117.5348,117.5348,117.5348,117.7308,118.4589,0.0,0.196,0.9242
2017-10-20,2017-11-03,Diesel,2,final,True,117.5348,123.3919,117.5348,117.7611,119.2413,-5.8571,-5.6308,-4.1506
2017-10-20,2017-11-10,Diesel,3,final,True,117.5348,127.6776,117.5348,117.8068,120.0378,-10.1429,-9.8708,-7.6398
2017-10-27,2017-11-03,Diesel,1,final,True,117.5348,123.3919,117.5348,118.7776,119.3588,-5.8571,-4.6144,-4.0331
2017-10-27,2017-11-10,Diesel,2,final,True,117.5348,127.6776,117.5348,119.2928,120.6172,-10.1429,-8.3848,-7.0604
2017-10-27,2017-11-17,Diesel,3,final,True,117.5348,128.5348,117.5348,119.5542,121.6812,-11.0,-8.9806,-6.8536
2017-11-03,2017-11-10,Diesel,1,final,True,123.3919,127.6776,123.3919,124.7176,125.7444,-4.2857,-2.9601,-1.9333
2017-11-03,2017-11-17,Diesel,2,final,True,123.3919,128.5348,123.3919,125.3049,127.5348,-5.1429,-3.2299,-1.0
2017-11-03,2017-11-24,Diesel,3,final,True,123.3919,128.5348,123.3919,125.5777,129.0963,-5.1429,-2.957,0.5615
2017-11-10,2017-11-17,Diesel,1,final,True,127.6776,128.5348,127.6776,128.9201,129.4041,-0.8571,0.3853,0.8693
2017-11-10,2017-11-24,Diesel,2,final,True,127.6776,128.5348,127.6776,129.4522,130.6019,-0.8571,0.9174,2.0672
2017-11-10,2017-12-01,Diesel,3,final,True,127.6776,130.5348,127.6776,129.6602,131.5508,-2.8571,-0.8745,1.0161
2017-11-17,2017-11-24,Diesel,1,final,True,128.5348,128.5348,128.5348,129.2625,129.4757,0.0,0.7277,0.9409
2017-11-17,2017-12-01,Diesel,2,final,True,128.5348,130.5348,128.5348,129.545,130.0755,-2.0,-0.9897,-0.4593
2017-11-17,2017-12-08,Diesel,3,final,True,128.5348,130.5348,128.5348,129.6468,130.5332,-2.0,-0.888,-0.0016
2017-11-24,2017-12-01,Diesel,1,final,True,128.5348,130.5348,128.5348,129.6965,129.753,-2.0,-0.8383,-0.7818
2017-11-24,2017-12-08,Diesel,2,final,True,128.5348,130.5348,128.5348,130.1333,130.4142,-2.0,-0.4014,-0.1206
2017-11-24,2017-12-15,Diesel,3,final,True,128.5348,127.6776,128.5348,130.3196,130.8766,0.8571,2.642,3.199
2017-12-01,2017-12-08,Diesel,1,final,True,130.5348,130.5348,130.5348,130.509,131.1615,0.0,-0.0258,0.6267
2017-12-01,2017-12-15,Diesel,2,final,True,130.5348,127.6776,130.5348,130.5233,131.8108,2.8571,2.8457,4.1331
2017-12-01,2017-12-22,Diesel,3,final,True,130.5348,126.5348,130.5348,130.5431,132.4529,4.0,4.0083,5.9181
2017-12-08,2017-12-15,Diesel,1,final,True,130.5348,127.6776,130.5348,130.2977,130.5235,2.8571,2.6201,2.8458
2017-12-08,2017-12-22,Diesel,2,final,True,130.5348,126.5348,130.5348,130.2213,130.6228,4.0,3.6865,4.088
2017-12-08,2017-12-29,Diesel,3,final,True,130.5348,126.5348,130.5348,130.1871,130.7414,4.0,3.6523,4.2066
2017-12-15,2017-12-22,Diesel,1,final,True,127.6776,126.5348,127.6776,127.8902,127.949,1.1429,1.3554,1.4142
2017-12-15,2017-12-29,Diesel,2,final,True,127.6776,126.5348,127.6776,127.9601,128.0976,1.1429,1.4253,1.5628
2017-12-15,2018-01-05,Diesel,3,final,True,127.6776,131.6667,127.6776,128.012,128.2331,-3.989,-3.6547,-3.4336
2017-12-22,2017-12-29,Diesel,1,final,True,126.5348,126.5348,126.5348,126.4727,127.1014,0.0,-0.0621,0.5666
2017-12-22,2018-01-05,Diesel,2,final,True,126.5348,131.6667,126.5348,126.4698,127.7119,-5.1319,-5.1969,-3.9548
2017-12-22,2018-01-12,Diesel,3,final,True,126.5348,132.9524,126.5348,126.522,128.3619,-6.4176,-6.4304,-4.5905
2017-12-29,2018-01-05,Diesel,1,final,True,126.5348,131.6667,126.5348,126.989,127.6068,-5.1319,-4.6776,-4.0599
2017-12-29,2018-01-12,Diesel,2,final,True,126.5348,132.9524,126.5348,127.2187,128.5025,-6.4176,-5.7337,-4.4499
2017-12-29,2018-01-19,Diesel,3,final,True,126.5348,134.6667,126.5348,127.3251,129.3069,-8.1319,-7.3416,-5.3598
2018-01-05,2018-01-12,Diesel,1,final,True,131.6667,132.9524,131.6667,132.8937,133.5026,-1.2857,-0.0586,0.5502
2018-01-05,2018-01-19,Diesel,2,final,True,131.6667,134.6667,131.6667,133.3885,134.7811,-3.0,-1.2782,0.1144
2018-01-05,2018-01-26,Diesel,3,final,True,131.6667,134.6667,131.6667,133.6223,135.8682,-3.0,-1.0444,1.2015
2018-01-12,2018-01-19,Diesel,1,final,True,132.9524,134.6667,132.9524,133.3012,133.8979,-1.7143,-1.3655,-0.7688
2018-01-12,2018-01-26,Diesel,2,final,True,132.9524,134.6667,132.9524,133.4788,134.7208,-1.7143,-1.1879,0.0541
2018-01-12,2018-02-02,Diesel,3,final,True,132.9524,134.6667,132.9524,133.5645,135.4686,-1.7143,-1.1022,0.802
2018-01-19,2018-01-26,Diesel,1,final,True,134.6667,134.6667,134.6667,134.756,135.1888,0.0,0.0894,0.5222
2018-01-19,2018-02-02,Diesel,2,final,True,134.6667,134.6667,134.6667,134.8093,135.6786,0.0,0.1427,1.0119
2018-01-19,2018-02-09,Diesel,3,final,True,134.6667,133.8095,134.6667,134.8107,136.1213,0.8571,1.0012,2.3118
2018-01-26,2018-02-02,Diesel,1,final,True,134.6667,134.6667,134.6667,134.831,134.9641,0.0,0.1644,0.2974
2018-01-26,2018-02-09,Diesel,2,final,True,134.6667,133.8095,134.6667,134.8757,135.1628,0.8571,1.0661,1.3533
2018-01-26,2018-02-16,Diesel,3,final,True,134.6667,130.381,134.6667,134.9146,135.3539,4.2857,4.5337,4.9729
2018-02-02,2018-02-09,Diesel,1,final,True,134.6667,133.8095,134.6667,134.6742,134.8874,0.8571,0.8647,1.0778
2018-02-02,2018-02-16,Diesel,2,final,True,134.6667,130.381,134.6667,134.6986,135.1179,4.2857,4.3177,4.737
2018-02-02,2018-02-23,Diesel,3,final,True,134.6667,128.6667,134.6667,134.7508,135.3651,6.0,6.0841,6.6984
2018-02-09,2018-02-16,Diesel,1,final,True,133.8095,130.381,133.8095,132.6149,133.1005,3.4286,2.2339,2.7195
2018-02-09,2018-02-23,Diesel,2,final,True,133.8095,128.6667,133.8095,132.191,132.9752,5.1429,3.5243,4.3086
2018-02-09,2018-03-02,Diesel,3,final,True,133.8095,128.6667,133.8095,132.0366,133.0482,5.1429,3.37,4.3816
2018-02-16,2018-02-23,Diesel,1,final,True,130.381,128.6667,130.381,127.9741,128.4349,1.7143,-0.6926,-0.2318
2018-02-16,2018-03-02,Diesel,2,final,True,130.381,128.6667,130.381,127.0448,127.6118,1.7143,-1.6218,-1.0549
2018-02-16,2018-03-09,Diesel,3,final,True,130.381,128.6667,130.381,126.6826,127.2092,1.7143,-1.9841,-1.4575
2018-02-23,2018-03-02,Diesel,1,final,True,128.6667,128.6667,128.6667,128.436,128.2103,0.0,-0.2306,-0.4564
2018-02-23,2018-03-09,Diesel,2,final,True,128.6667,128.6667,128.6667,128.3467,127.8489,0.0,-0.32,-0.8177
2018-02-23,2018-03-16,Diesel,3,final,True,128.6667,128.6667,128.6667,128.3877,127.5977,0.0,-0.2789,-1.069
2018-03-02,2018-03-09,Diesel,1,final,True,128.6667,128.6667,128.6667,129.4324,129.4707,0.0,0.7657,0.8041
2018-03-02,2018-03-16,Diesel,2,final,True,128.6667,128.6667,128.6667,129.8115,129.991,0.0,1.1448,1.3244
2018-03-02,2018-03-23,Diesel,3,final,True,128.6667,128.6667,128.6667,130.0914,130.4542,0.0,1.4248,1.7876
2018-03-09,2018-03-16,Diesel,1,final,True,128.6667,128.6667,128.6667,128.4307,129.0132,0.0,-0.2359,0.3465
2018-03-09,2018-03-23,Diesel,2,final,True,128.6667,128.6667,128.6667,128.4686,129.5908,0.0,-0.198,0.9241
2018-03-09,2018-03-30,Diesel,3,final,True,128.6667,129.8973,128.6667,128.5054,130.1669,-1.2307,-1.3919,0.2696
2018-03-16,2018-03-23,Diesel,1,final,True,128.6667,128.6667,128.6667,128.7943,129.1068,0.0,0.1277,0.4401
2018-03-16,2018-03-30,Diesel,2,final,True,128.6667,129.8973,128.6667,128.8656,129.5059,-1.2307,-1.0318,-0.3914
2018-03-16,2018-04-06,Diesel,3,final,True,128.6667,125.2813,128.6667,128.8612,129.846,3.3853,3.5799,4.5647
2018-03-23,2018-03-30,Diesel,1,final,True,128.6667,129.8973,128.6667,130.2937,130.2997,-1.2307,0.3964,0.4023
2018-03-23,2018-04-06,Diesel,2,final,True,128.6667,125.2813,128.6667,130.9191,131.1676,3.3853,5.6377,5.8863
2018-03-23,2018-04-13,Diesel,3,final,True,128.6667,126.9956,128.6667,131.2038,131.7739,1.6711,4.2082,4.7783
2018-03-30,2018-04-06,Diesel,1,final,True,129.8973,125.2813,129.8973,130.7085,131.4351,4.616,5.4272,6.1537
2018-03-30,2018-04-13,Diesel,2,final,True,129.8973,126.9956,129.8973,131.0716,132.6323,2.9017,4.076,5.6367
2018-03-30,2018-04-20,Diesel,3,final,True,129.8973,128.2813,129.8973,131.2458,133.6737,1.616,2.9645,5.3924
2018-04-06,2018-04-13,Diesel,1,final,True,125.2813,126.9956,125.2813,125.7928,126.4281,-1.7143,-1.2028,-0.5675
2018-04-06,2018-04-20,Diesel,2,final,True,125.2813,128.2813,125.2813,126.0345,127.358,-3.0,-2.2468,-0.9233
2018-04-06,2018-04-27,Diesel,3,final,True,125.2813,134.2813,125.2813,126.0746,128.1187,-9.0,-8.2067,-6.1626
2018-04-13,2018-04-20,Diesel,1,final,True,126.9956,128.2813,126.9956,127.6016,128.8627,-1.2857,-0.6797,0.5813
2018-04-13,2018-04-27,Diesel,2,final,True,126.9956,134.2813,126.9956,127.7771,130.3791,-7.2857,-6.5042,-3.9022
2018-04-13,2018-05-04,Diesel,3,final,True,126.9956,134.2813,126.9956,127.8456,131.8078,-7.2857,-6.4357,-2.4735
2018-04-20,2018-04-27,Diesel,1,final,True,128.2813,134.2813,128.2813,129.2244,130.2635,-6.0,-5.0569,-4.0179
2018-04-20,2018-05-04,Diesel,2,final,True,128.2813,134.2813,128.2813,129.5792,131.7732,-6.0,-4.7021,-2.5082
2018-04-20,2018-05-11,Diesel,3,final,True,128.2813,137.9956,128.2813,129.7579,133.1418,-9.7143,-8.2377,-4.8538
2018-04-27,2018-05-04,Diesel,1,final,True,134.2813,134.2813,134.2813,136.3895,137.3016,0.0,2.1081,3.0203
2018-04-27,2018-05-11,Diesel,2,final,True,134.2813,137.9956,134.2813,137.23,139.3174,-3.7143,-0.7656,1.3218
2018-04-27,2018-05-18,Diesel,3,final,True,134.2813,143.567,134.2813,137.6118,140.9876,-9.2857,-5.9553,-2.5794
2018-05-04,2018-05-11,Diesel,1,final,True,134.2813,137.9956,134.2813,135.4503,136.2733,-3.7143,-2.5453,-1.7223
2018-05-04,2018-05-18,Diesel,2,final,True,134.2813,143.567,134.2813,135.9507,137.7494,-9.2857,-7.6163,-5.8177
2018-05-04,2018-05-25,Diesel,3,final,True,134.2813,146.2813,134.2813,136.1437,138.9806,-12.0,-10.1376,-7.3007
2018-05-11,2018-05-18,Diesel,1,final,True,137.9956,143.567,137.9956,140.1542,140.8907,-5.5714,-3.4128,-2.6763
2018-05-11,2018-05-25,Diesel,2,final,True,137.9956,146.2813,137.9956,140.9804,142.7206,-8.2857,-5.3009,-3.5607
2018-05-11,2018-06-01,Diesel,3,final,True,137.9956,146.2813,137.9956,141.2929,144.1539,-8.2857,-4.9884,-2.1274
2018-05-18,2018-05-25,Diesel,1,final,True,143.567,146.2813,143.567,145.8726,146.6143,-2.7143,-0.4087,0.3329
2018-05-18,2018-06-01,Diesel,2,final,True,143.567,146.2813,143.567,146.7585,148.5436,-2.7143,0.4772,2.2623
2018-05-18,2018-06-08,Diesel,3,final,True,143.567,143.9956,143.567,147.117,150.0611,-0.4286,3.1214,6.0655
2018-05-25,2018-06-01,Diesel,1,final,True,146.2813,146.2813,146.2813,147.398,148.12,0.0,1.1166,1.8387
2018-05-25,2018-06-08,Diesel,2,final,True,146.2813,143.9956,146.2813,147.844,149.4321,2.2857,3.8484,5.4365
2018-05-25,2018-06-15,Diesel,3,final,True,146.2813,142.2813,146.2813,148.0119,150.5209,4.0,5.7306,8.2396
2018-06-01,2018-06-08,Diesel,1,final,True,146.2813,143.9956,146.2813,145.2852,146.1665,2.2857,1.2896,2.1709
2018-06-01,2018-06-15,Diesel,2,final,True,146.2813,142.2813,146.2813,144.9134,146.5474,4.0,2.6321,4.2661
2018-06-01,2018-06-22,Diesel,3,final,True,146.2813,141.1385,146.2813,144.6563,146.9877,5.1429,3.5178,5.8492
2018-06-08,2018-06-15,Diesel,1,final,True,143.9956,142.2813,143.9956,142.4382,142.9851,1.7143,0.1569,0.7038
2018-06-08,2018-06-22,Diesel,2,final,True,143.9956,141.1385,143.9956,141.7354,142.6278,2.8571,0.597,1.4894
2018-06-08,2018-06-29,Diesel,3,final,True,143.9956,140.3368,143.9956,141.4152,142.5508,3.6588,1.0784,2.214
2018-06-15,2018-06-22,Diesel,1,final,True,142.2813,141.1385,142.2813,141.7231,141.9678,1.1429,0.5846,0.8294
2018-06-15,2018-06-29,Diesel,2,final,True,142.2813,140.3368,142.2813,141.4589,141.8705,1.9445,1.1221,1.5337
2018-06-15,2018-07-06,Diesel,3,final,True,142.2813,140.6696,142.2813,141.4346,141.9694,1.6118,0.7651,1.2998
2018-06-22,2018-06-29,Diesel,1,final,True,141.1385,140.3368,141.1385,140.2044,140.7665,0.8017,-0.1324,0.4297
2018-06-22,2018-07-06,Diesel,2,final,True,141.1385,140.6696,141.1385,139.9275,140.9307,0.4689,-0.7421,0.2611
2018-06-22,2018-07-13,Diesel,3,final,True,141.1385,140.6696,141.1385,139.8987,141.2982,0.4689,-0.7708,0.6287
2018-06-29,2018-07-06,Diesel,1,final,True,140.3368,140.6696,140.3368,141.1213,141.2891,-0.3328,0.4518,0.6195
2018-06-29,2018-07-13,Diesel,2,final,True,140.3368,140.6696,140.3368,141.4916,141.9135,-0.3328,0.822,1.2439
2018-06-29,2018-07-20,Diesel,3,final,True,140.3368,140.6696,140.3368,141.7159,142.4381,-0.3328,1.0464,1.7685
2018-07-06,2018-07-13,Diesel,1,final,True,140.6696,140.6696,140.6696,142.2275,142.7013,0.0,1.558,2.0317
2018-07-06,2018-07-20,Diesel,2,final,True,140.6696,140.6696,140.6696,142.896,144.0217,0.0,2.2265,3.3521
2018-07-06,2018-07-27,Diesel,3,final,True,140.6696,143.5267,140.6696,143.196,145.0433,-2.8571,-0.3307,1.5166
2018-07-13,2018-07-20,Diesel,1,final,True,140.6696,140.6696,140.6696,140.7978,142.1494,0.0,0.1282,1.4798
2018-07-13,2018-07-27,Diesel,2,final,True,140.6696,143.5267,140.6696,140.8864,143.5979,-2.8571,-2.6403,0.0712
2018-07-13,2018-08-03,Diesel,3,final,True,140.6696,145.6696,140.6696,140.9571,145.036,-5.0,-4.7125,-0.6335
2018-07-20,2018-07-27,Diesel,1,final,True,140.6696,143.5267,140.6696,139.7397,141.123,-2.8571,-3.787,-2.4037
2018-07-20,2018-08-03,Diesel,2,final,True,140.6696,145.6696,140.6696,139.4128,142.0761,-5.0,-6.2567,-3.5935
2018-07-20,2018-08-10,Diesel,3,final,True,140.6696,147.3839,140.6696,139.1852,143.0848,-6.7143,-8.1987,-4.299
2018-07-27,2018-08-03,Diesel,1,final,True,143.5267,145.6696,143.5267,144.1366,145.0131,-2.1429,-1.533,-0.6565
2018-07-27,2018-08-10,Diesel,2,final,True,143.5267,147.3839,143.5267,144.2654,146.0793,-3.8571,-3.1185,-1.3046
2018-07-27,2018-08-17,Diesel,3,final,True,143.5267,150.6696,143.5267,144.3242,147.0818,-7.1429,-6.3454,-3.5878
2018-08-03,2018-08-10,Diesel,1,final,True,145.6696,147.3839,145.6696,145.8903,146.7495,-1.7143,-1.4936,-0.6343
2018-08-03,2018-08-17,Diesel,2,final,True,145.6696,150.6696,145.6696,145.9769,147.7164,-5.0,-4.6926,-2.9532
2018-08-03,2018-08-24,Diesel,3,final,True,145.6696,150.6696,145.6696,146.1188,148.7354,-5.0,-4.5508,-1.9341
2018-08-10,2018-08-17,Diesel,1,final,True,147.3839,150.6696,147.3839,148.2493,148.7568,-3.2857,-2.4203,-1.9127
2018-08-10,2018-08-24,Diesel,2,final,True,147.3839,150.6696,147.3839,148.6921,149.7932,-3.2857,-1.9774,-0.8764
2018-08-10,2018-08-31,Diesel,3,final,True,147.3839,154.9553,147.3839,148.9408,150.6872,-7.5714,-6.0144,-4.2681
2018-08-17,2018-08-24,Diesel,1,final,True,150.6696,150.6696,150.6696,151.4867,152.0328,0.0,0.8172,1.3633
2018-08-17,2018-08-31,Diesel,2,final,True,150.6696,154.9553,150.6696,151.8813,153.0674,-4.2857,-3.074,-1.8879
2018-08-17,2018-09-07,Diesel,3,final,True,150.6696,157.241,150.6696,152.0184,153.8886,-6.5714,-5.2226,-3.3523
2018-08-24,2018-08-31,Diesel,1,final,True,150.6696,154.9553,150.6696,151.2071,151.6265,-4.2857,-3.7482,-3.3288
2018-08-24,2018-09-07,Diesel,2,final,True,150.6696,157.241,150.6696,151.3948,152.2915,-6.5714,-5.8462,-4.9495
2018-08-24,2018-09-14,Diesel,3,final,True,150.6696,159.8124,150.6696,151.4989,152.8921,-9.1429,-8.3135,-6.9203
2018-08-31,2018-09-07,Diesel,1,final,True,154.9553,157.241,154.9553,156.3711,156.6564,-2.2857,-0.8699,-0.5846
2018-08-31,2018-09-14,Diesel,2,final,True,154.9553,159.8124,154.9553,156.9604,157.688,-4.8571,-2.852,-2.1244
2018-08-31,2018-09-21,Diesel,3,final,True,154.9553,160.6696,154.9553,157.2242,158.4636,-5.7143,-3.4454,-2.206
2018-09-07,2018-09-14,Diesel,1,final,True,157.241,159.8124,157.241,159.1339,159.1648,-2.5714,-0.6785,-0.6476
2018-09-07,2018-09-21,Diesel,2,final,True,157.241,160.6696,157.241,159.899,160.1786,-3.4286,-0.7706,-0.491
2018-09-07,2018-09-28,Diesel,3,final,True,157.241,162.6696,157.241,160.273,160.889,-5.4286,-2.3966,-1.7805
2018-09-14,2018-09-21,Diesel,1,final,True,159.8124,160.6696,159.8124,160.7807,161.0898,-0.8571,0.1112,0.4203
2018-09-14,2018-09-28,Diesel,2,final,True,159.8124,162.6696,159.8124,161.2333,161.9626,-2.8571,-1.4362,-0.7069
2018-09-14,2018-10-05,Diesel,3,final,True,159.8124,170.4512,159.8124,161.4442,162.6438,-10.6388,-9.007,-7.8074
2018-09-21,2018-09-28,Diesel,1,final,True,160.6696,162.6696,160.6696,160.7494,160.992,-2.0,-1.9201,-1.6776
2018-09-21,2018-10-05,Diesel,2,final,True,160.6696,170.4512,160.6696,160.8161,161.309,-9.7817,-9.6352,-9.1422
2018-09-21,2018-10-12,Diesel,3,final,True,160.6696,172.737,160.6696,160.7761,161.5233,-12.0674,-11.9608,-11.2136
2018-09-28,2018-10-05,Diesel,1,final,True,162.6696,170.4512,162.6696,163.9369,163.7484,-7.7817,-6.5143,-6.7029
2018-09-28,2018-10-12,Diesel,2,final,True,162.6696,172.737,162.6696,164.3631,164.1261,-10.0674,-8.3739,-8.6108
2018-09-28,2018-10-19,Diesel,3,final,True,162.6696,168.8798,162.6696,164.5518,164.3148,-6.2102,-4.328,-4.565
2018-10-05,2018-10-12,Diesel,1,final,True,170.4512,172.737,170.4512,173.2683,172.8808,-2.2857,0.5314,0.1438
2018-10-05,2018-10-19,Diesel,2,final,True,170.4512,168.8798,170.4512,174.3627,173.8977,1.5714,5.4829,5.0179
2018-10-05,2018-10-26,Diesel,3,final,True,170.4512,166.8798,170.4512,174.9591,174.5457,3.5714,8.0793,7.6659
2018-10-12,2018-10-19,Diesel,1,final,True,172.737,168.8798,172.737,173.7652,173.471,3.8571,4.8854,4.5912
2018-10-12,2018-10-26,Diesel,2,final,True,172.737,166.8798,172.737,174.3387,173.8669,5.8571,7.4589,6.9871
2018-10-12,2018-11-02,Diesel,3,final,True,172.737,165.737,172.737,174.6477,174.0625,7.0,8.9107,8.3255
2018-10-19,2018-10-26,Diesel,1,final,True,168.8798,166.8798,168.8798,167.8698,167.7036,2.0,0.99,0.8237
2018-10-19,2018-11-02,Diesel,2,final,True,168.8798,165.737,168.8798,167.6202,167.1718,3.1429,1.8832,1.4348
2018-10-19,2018-11-09,Diesel,3,final,True,168.8798,158.0227,168.8798,167.3711,166.6075,10.8571,9.3484,8.5848
2018-10-26,2018-11-02,Diesel,1,final,True,166.8798,165.737,166.8798,166.2865,166.0811,1.1429,0.5495,0.3441
2018-10-26,2018-11-09,Diesel,2,final,True,166.8798,158.0227,166.8798,165.92,165.4355,8.8571,7.8973,7.4128
2018-10-26,2018-11-16,Diesel,3,final,True,166.8798,151.4512,166.8798,165.6028,164.7867,15.4286,14.1515,13.3355
2018-11-02,2018-11-09,Diesel,1,final,True,165.737,158.0227,165.737,164.1416,164.238,7.7143,6.119,6.2153
2018-11-02,2018-11-16,Diesel,2,final,True,165.737,151.4512,165.737,163.3755,163.3755,14.2857,11.9243,11.9242
2018-11-02,2018-11-23,Diesel,3,final,True,165.737,148.8798,165.737,163.0936,162.8877,16.8571,14.2138,14.0079
2018-11-09,2018-11-16,Diesel,1,final,True,158.0227,151.4512,158.0227,154.2067,154.4652,6.5714,2.7554,3.0139
2018-11-09,2018-11-23,Diesel,2,final,True,158.0227,148.8798,158.0227,152.8545,152.9197,9.1429,3.9747,4.0399
2018-11-09,2018-11-30,Diesel,3,final,True,158.0227,144.3084,158.0227,152.2692,151.9624,13.7143,7.9608,7.654
2018-11-16,2018-11-23,Diesel,1,final,True,151.4512,148.8798,151.4512,148.4821,148.6406,2.5714,-0.3977,-0.2392
2018-11-16,2018-11-30,Diesel,2,final,True,151.4512,144.3084,151.4512,147.3316,147.3005,7.1429,3.0232,2.9921
2018-11-16,2018-12-07,Diesel,3,final,True,151.4512,140.4512,151.4512,146.7412,146.3762,11.0,6.2899,5.9249
2018-11-23,2018-11-30,Diesel,1,final,True,148.8798,144.3084,148.8798,144.9075,145.5848,4.5714,0.5992,1.2765
2018-11-23,2018-12-07,Diesel,2,final,True,148.8798,140.4512,148.8798,143.3848,144.2587,8.4286,2.9335,3.8075
2018-11-23,2018-12-14,Diesel,3,final,True,148.8798,138.737,148.8798,142.7567,143.6273,10.1429,4.0198,4.8903
2018-11-30,2018-12-07,Diesel,1,final,True,144.3084,140.4512,144.3084,140.1893,140.377,3.8571,-0.262,-0.0743
2018-11-30,2018-12-14,Diesel,2,final,True,144.3084,138.737,144.3084,138.7302,138.5899,5.5714,-0.0067,-0.147
2018-11-30,2018-12-21,Diesel,3,final,True,144.3084,138.737,144.3084,138.2194,137.5576,5.5714,-0.5175,-1.1794
2018-12-07,2018-12-14,Diesel,1,final,True,140.4512,138.737,140.4512,138.3677,137.9612,1.7143,-0.3692,-0.7758
2018-12-07,2018-12-21,Diesel,2,final,True,140.4512,138.737,140.4512,137.6612,136.5777,1.7143,-1.0757,-2.1593
2018-12-07,2018-12-28,Diesel,3,final,True,140.4512,137.8798,140.4512,137.4208,135.5588,2.5714,-0.459,-2.321
2018-12-14,2018-12-21,Diesel,1,final,True,138.737,138.737,138.737,138.0356,137.6537,0.0,-0.7013,-1.0833
2018-12-14,2018-12-28,Diesel,2,final,True,138.737,137.8798,138.737,137.802,136.9357,0.8571,-0.0778,-0.9441
2018-12-14,2019-01-04,Diesel,3,final,True,138.737,136.8767,138.737,137.9727,136.5826,1.8602,1.096,-0.2941
2018-12-21,2018-12-28,Diesel,1,final,True,138.737,137.8798,138.737,137.6481,137.5528,0.8571,-0.2317,-0.327
2018-12-21,2019-01-04,Diesel,2,final,True,138.737,136.8767,138.737,137.56,137.224,1.8602,0.6833,0.3473
2018-12-21,2019-01-11,Diesel,3,final,True,138.737,136.9,138.737,137.6769,137.0714,1.837,0.7769,0.1714
2018-12-28,2019-01-04,Diesel,1,final,True,137.8798,136.8767,137.8798,137.4536,137.0315,1.0031,0.5769,0.1548
2018-12-28,2019-01-11,Diesel,2,final,True,137.8798,136.9,137.8798,137.4606,136.5431,0.9798,0.5606,-0.3569
2018-12-28,2019-01-18,Diesel,3,final,True,137.8798,138.9,137.8798,137.4344,136.0053,-1.0202,-1.4656,-2.8947
2019-01-04,2019-01-11,Diesel,1,final,True,136.8767,136.9,136.8767,136.3478,135.9656,-0.0233,-0.5522,-0.9344
2019-01-04,2019-01-18,Diesel,2,final,True,136.8767,138.9,136.8767,136.1437,135.2979,-2.0233,-2.7563,-3.6021
2019-01-04,2019-01-25,Diesel,3,final,True,136.8767,140.9,136.8767,136.0634,134.7153,-4.0233,-4.8366,-6.1847
2019-01-11,2019-01-18,Diesel,1,final,True,136.9,138.9,136.9,139.0967,138.3055,-2.0,0.1967,-0.5945
2019-01-11,2019-01-25,Diesel,2,final,True,136.9,140.9,136.9,139.8028,138.4697,-4.0,-1.0972,-2.4303
2019-01-11,2019-02-01,Diesel,3,final,True,136.9,140.9,136.9,140.2897,138.509,-4.0,-0.6103,-2.391
2019-01-18,2019-01-25,Diesel,1,final,True,138.9,140.9,138.9,139.8779,140.0215,-2.0,-1.0221,-0.8785
2019-01-18,2019-02-01,Diesel,2,final,True,138.9,140.9,138.9,140.4498,140.8645,-2.0,-0.4502,-0.0355
2019-01-18,2019-02-08,Diesel,3,final,True,138.9,140.9,138.9,140.7644,141.509,-2.0,-0.1356,0.609
2019-01-25,2019-02-01,Diesel,1,final,True,140.9,140.9,140.9,141.9434,141.9473,0.0,1.0434,1.0473
2019-01-25,2019-02-08,Diesel,2,final,True,140.9,140.9,140.9,142.4199,142.544,0.0,1.5199,1.644
2019-01-25,2019-02-15,Diesel,3,final,True,140.9,143.0429,140.9,142.6389,142.9426,-2.1429,-0.4039,-0.1003
2019-02-01,2019-02-08,Diesel,1,final,True,140.9,140.9,140.9,140.4993,140.6767,0.0,-0.4007,-0.2233
2019-02-01,2019-02-15,Diesel,2,final,True,140.9,143.0429,140.9,140.4224,140.7323,-2.1429,-2.6204,-2.3106
2019-02-01,2019-02-22,Diesel,3,final,True,140.9,148.3286,140.9,140.1975,140.6101,-7.4286,-8.1311,-7.7184
2019-02-08,2019-02-15,Diesel,1,final,True,140.9,143.0429,140.9,141.7506,141.4392,-2.1429,-1.2922,-1.6036
2019-02-08,2019-02-22,Diesel,2,final,True,140.9,148.3286,140.9,141.829,141.29,-7.4286,-6.4995,-7.0385
2019-02-08,2019-03-01,Diesel,3,final,True,140.9,150.6143,140.9,141.9528,141.2066,-9.7143,-8.6614,-9.4077
2019-02-15,2019-02-22,Diesel,1,final,True,143.0429,148.3286,143.0429,144.1044,143.9571,-5.2857,-4.2242,-4.3715
2019-02-15,2019-03-01,Diesel,2,final,True,143.0429,150.6143,143.0429,144.5582,144.4041,-7.5714,-6.0561,-6.2102
2019-02-15,2019-03-08,Diesel,3,final,True,143.0429,150.9,143.0429,144.8051,144.6956,-7.8571,-6.0949,-6.2044
2019-02-22,2019-03-01,Diesel,1,final,True,148.3286,150.6143,148.3286,150.1197,149.881,-2.2857,-0.4946,-0.7333
2019-02-22,2019-03-08,Diesel,2,final,True,148.3286,150.9,148.3286,150.8365,150.5709,-2.5714,-0.0635,-0.3291
2019-02-22,2019-03-15,Diesel,3,final,True,148.3286,153.0429,148.3286,151.2511,151.048,-4.7143,-1.7917,-1.9949
2019-03-01,2019-03-08,Diesel,1,final,True,150.6143,150.9,150.6143,151.3583,151.0734,-0.2857,0.4583,0.1734
2019-03-01,2019-03-15,Diesel,2,final,True,150.6143,153.0429,150.6143,151.7842,151.3084,-2.4286,-1.2587,-1.7344
2019-03-01,2019-03-22,Diesel,3,final,True,150.6143,150.9,150.6143,151.9194,151.2945,-0.2857,1.0194,0.3945
2019-03-08,2019-03-15,Diesel,1,final,True,150.9,153.0429,150.9,151.4594,150.9763,-2.1429,-1.5835,-2.0665
2019-03-08,2019-03-22,Diesel,2,final,True,150.9,150.9,150.9,151.6372,150.731,0.0,0.7372,-0.169
2019-03-08,2019-03-29,Diesel,3,final,True,150.9,154.1857,150.9,151.6776,150.3656,-3.2857,-2.5081,-3.8201
2019-03-15,2019-03-22,Diesel,1,final,True,153.0429,150.9,153.0429,153.0746,152.6966,2.1429,2.1746,1.7966
2019-03-15,2019-03-29,Diesel,2,final,True,153.0429,154.1857,153.0429,153.0702,152.3143,-1.1429,-1.1155,-1.8714
2019-03-15,2019-04-05,Diesel,3,final,True,153.0429,152.2813,153.0429,153.0329,151.8904,0.7615,0.7516,-0.3909
2019-03-22,2019-03-29,Diesel,1,final,True,150.9,154.1857,150.9,150.6641,150.0259,-3.2857,-3.5216,-4.1598
2019-03-22,2019-04-05,Diesel,2,final,True,150.9,152.2813,150.9,150.543,149.2318,-1.3813,-1.7383,-3.0495
2019-03-22,2019-04-12,Diesel,3,final,True,150.9,156.1385,150.9,150.5444,148.543,-5.2385,-5.594,-7.5955
2019-03-29,2019-04-05,Diesel,1,final,True,154.1857,152.2813,154.1857,153.8224,153.4126,1.9044,1.5411,1.1313
2019-03-29,2019-04-12,Diesel,2,final,True,154.1857,156.1385,154.1857,153.7486,152.8824,-1.9527,-2.3898,-3.2561
2019-03-29,2019-04-19,Diesel,3,final,True,154.1857,158.2813,154.1857,153.7347,152.3947,-4.0956,-4.5466,-5.8866
2019-04-05,2019-04-12,Diesel,1,final,True,152.2813,156.1385,152.2813,152.7865,151.7521,-3.8571,-3.3519,-4.3864
2019-04-05,2019-04-19,Diesel,2,final,True,152.2813,158.2813,152.2813,152.9599,150.9425,-6.0,-5.3214,-7.3388
2019-04-05,2019-04-26,Diesel,3,final,True,152.2813,160.4242,152.2813,153.1017,150.1172,-8.1429,-7.3224,-10.307
2019-04-12,2019-04-19,Diesel,1,final,True,156.1385,158.2813,156.1385,157.5852,156.7965,-2.1429,-0.6961,-1.4848
2019-04-12,2019-04-26,Diesel,2,final,True,156.1385,160.4242,156.1385,158.1489,156.7299,-4.2857,-2.2753,-3.6942
2019-04-12,2019-05-03,Diesel,3,final,True,156.1385,150.1385,156.1385,158.4796,156.4936,6.0,8.3411,6.3551
2019-04-19,2019-04-26,Diesel,1,final,True,158.2813,160.4242,158.2813,159.0538,158.315,-2.1429,-1.3704,-2.1092
2019-04-19,2019-05-03,Diesel,2,final,True,158.2813,150.1385,158.2813,159.4533,158.0586,8.1429,9.3148,7.9201
2019-04-19,2019-05-10,Diesel,3,final,True,158.2813,146.8527,158.2813,159.6755,157.6661,11.4286,12.8227,10.8133
2019-04-26,2019-05-03,Diesel,1,final,True,160.4242,150.1385,160.4242,162.0677,161.036,10.2857,11.9293,10.8975
2019-04-26,2019-05-10,Diesel,2,final,True,160.4242,146.8527,160.4242,162.6993,160.8116,13.5714,15.8466,13.9588
2019-04-26,2019-05-17,Diesel,3,final,True,160.4242,149.7099,160.4242,162.9927,160.3143,10.7143,13.2828,10.6045
2019-05-03,2019-05-10,Diesel,1,final,True,150.1385,146.8527,150.1385,149.8419,149.1375,3.2857,2.9892,2.2848
2019-05-03,2019-05-17,Diesel,2,final,True,150.1385,149.7099,150.1385,149.7484,148.302,0.4286,0.0385,-1.4079
2019-05-03,2019-05-24,Diesel,3,final,True,150.1385,155.567,150.1385,149.6672,147.4599,-5.4286,-5.8998,-8.1072
2019-05-10,2019-05-17,Diesel,1,final,True,146.8527,149.7099,146.8527,146.9601,147.219,-2.8571,-2.7497,-2.4908
2019-05-10,2019-05-24,Diesel,2,final,True,146.8527,155.567,146.8527,146.9233,147.4427,-8.7143,-8.6437,-8.1244
2019-05-10,2019-05-31,Diesel,3,final,True,146.8527,152.4242,146.8527,146.961,147.7372,-5.5714,-5.4632,-4.687
2019-05-17,2019-05-24,Diesel,1,final,True,149.7099,155.567,149.7099,150.4643,151.0508,-5.8571,-5.1027,-4.5162
2019-05-17,2019-05-31,Diesel,2,final,True,149.7099,152.4242,149.7099,150.7878,152.0501,-2.7143,-1.6363,-0.3741
2019-05-17,2019-06-07,Diesel,3,final,True,149.7099,146.6385,149.7099,150.8531,152.8307,3.0714,4.2146,6.1922
2019-05-24,2019-05-31,Diesel,1,final,True,155.567,152.4242,155.567,155.4636,156.1218,3.1429,3.0394,3.6976
2019-05-24,2019-06-07,Diesel,2,final,True,155.567,146.6385,155.567,155.4206,156.7202,8.9286,8.7822,10.0817
2019-05-24,2019-06-14,Diesel,3,final,True,155.567,145.2813,155.567,155.5174,157.4445,10.2857,10.236,12.1632
2019-05-31,2019-06-07,Diesel,1,final,True,152.4242,146.6385,152.4242,151.0611,151.0581,5.7857,4.4227,4.4196
2019-05-31,2019-06-14,Diesel,2,final,True,152.4242,145.2813,152.4242,150.7115,150.5178,7.1429,5.4302,5.2365
2019-05-31,2019-06-21,Diesel,3,final,True,152.4242,145.2813,152.4242,150.5532,150.1132,7.1429,5.2718,4.8318
2019-06-07,2019-06-14,Diesel,1,final,True,146.6385,145.2813,146.6385,142.6153,143.1828,1.3571,-2.666,-2.0985
2019-06-07,2019-06-21,Diesel,2,final,True,146.6385,145.2813,146.6385,141.2211,141.8174,1.3571,-4.0602,-3.4639
2019-06-07,2019-06-28,Diesel,3,final,True,146.6385,145.2813,146.6385,140.6133,141.0308,1.3571,-4.668,-4.2505
2019-06-14,2019-06-21,Diesel,1,final,True,145.2813,145.2813,145.2813,144.1648,143.7155,0.0,-1.1165,-1.5658
2019-06-14,2019-06-28,Diesel,2,final,True,145.2813,145.2813,145.2813,143.6566,142.5862,0.0,-1.6247,-2.6951
2019-06-14,2019-07-05,Diesel,3,final,True,145.2813,139.5587,145.2813,143.3935,141.6227,5.7226,3.8348,2.064
2019-06-21,2019-06-28,Diesel,1,final,True,145.2813,145.2813,145.2813,145.7582,145.2106,0.0,0.4768,-0.0707
2019-06-21,2019-07-05,Diesel,2,final,True,145.2813,139.5587,145.2813,145.8347,144.7906,5.7226,6.276,5.2319
2019-06-21,2019-07-12,Diesel,3,final,True,145.2813,141.7016,145.2813,145.995,144.4576,3.5798,4.2934,2.756
2019-06-28,2019-07-05,Diesel,1,final,True,145.2813,139.5587,145.2813,146.2013,145.8651,5.7226,6.6426,6.3064
2019-06-28,2019-07-12,Diesel,2,final,True,145.2813,141.7016,145.2813,146.6566,146.0978,3.5798,4.955,4.3962
2019-06-28,2019-07-19,Diesel,3,final,True,145.2813,141.4158,145.2813,147.095,146.3791,3.8655,5.6792,4.9633
2019-07-05,2019-07-12,Diesel,1,final,True,139.5587,141.7016,139.5587,139.45,139.6401,-2.1429,-2.2516,-2.0614
2019-07-05,2019-07-19,Diesel,2,final,True,139.5587,141.4158,139.5587,139.7119,140.0851,-1.8571,-1.7039,-1.3307
2019-07-05,2019-07-26,Diesel,3,final,True,139.5587,140.5587,139.5587,139.8147,140.4023,-1.0,-0.744,-0.1564
2019-07-12,2019-07-19,Diesel,1,final,True,141.7016,141.4158,141.7016,142.848,143.4948,0.2857,1.4322,2.0789
2019-07-12,2019-07-26,Diesel,2,final,True,141.7016,140.5587,141.7016,143.2498,144.6953,1.1429,2.6911,4.1366
2019-07-12,2019-08-02,Diesel,3,final,True,141.7016,140.5587,141.7016,143.2901,145.5835,1.1429,2.7314,5.0248
2019-07-19,2019-07-26,Diesel,1,final,True,141.4158,140.5587,141.4158,141.2221,142.156,0.8571,0.6634,1.5973
2019-07-19,2019-08-02,Diesel,2,final,True,141.4158,140.5587,141.4158,141.0567,142.8937,0.8571,0.4981,2.335
2019-07-19,2019-08-09,Diesel,3,final,True,141.4158,140.5587,141.4158,141.1072,143.8159,0.8571,0.5485,3.2572
2019-07-26,2019-08-02,Diesel,1,final,True,140.5587,140.5587,140.5587,140.5473,141.2498,0.0,-0.0114,0.6911
2019-07-26,2019-08-09,Diesel,2,final,True,140.5587,140.5587,140.5587,140.6454,142.0329,0.0,0.0867,1.4742
2019-07-26,2019-08-16,Diesel,3,final,True,140.5587,140.5587,140.5587,140.6397,142.7164,0.0,0.081,2.1578
2019-08-02,2019-08-09,Diesel,1,final,True,140.5587,140.5587,140.5587,141.4563,142.1304,0.0,0.8976,1.5717
2019-08-02,2019-08-16,Diesel,2,final,True,140.5587,140.5587,140.5587,141.7214,143.1681,0.0,1.1627,2.6094
2019-08-02,2019-08-23,Diesel,3,final,True,140.5587,140.5587,140.5587,141.8335,144.0928,0.0,1.2748,3.5341
2019-08-09,2019-08-16,Diesel,1,final,True,140.5587,140.5587,140.5587,139.2208,140.5913,0.0,-1.3379,0.0326
2019-08-09,2019-08-23,Diesel,2,final,True,140.5587,140.5587,140.5587,138.7853,141.3486,0.0,-1.7734,0.7899
2019-08-09,2019-08-30,Diesel,3,final,True,140.5587,141.4158,140.5587,138.7646,142.4523,-0.8571,-2.6512,1.0365
2019-08-16,2019-08-23,Diesel,1,final,True,140.5587,140.5587,140.5587,140.8566,141.3781,0.0,0.2979,0.8194
2019-08-16,2019-08-30,Diesel,2,final,True,140.5587,141.4158,140.5587,141.0933,142.1508,-0.8571,-0.3225,0.735
2019-08-16,2019-09-06,Diesel,3,final,True,140.5587,143.5587,140.5587,140.9725,142.5992,-3.0,-2.5862,-0.9595
2019-08-23,2019-08-30,Diesel,1,final,True,140.5587,141.4158,140.5587,140.8971,141.6464,-0.8571,-0.5187,0.2306
2019-08-23,2019-09-06,Diesel,2,final,True,140.5587,143.5587,140.5587,140.8092,142.3436,-3.0,-2.7494,-1.2151
2019-08-23,2019-09-13,Diesel,3,final,True,140.5587,143.5587,140.5587,140.9168,143.2195,-3.0,-2.6419,-0.3392
2019-08-30,2019-09-06,Diesel,1,final,True,141.4158,143.5587,141.4158,141.4978,142.2763,-2.1429,-2.0609,-1.2824
2019-08-30,2019-09-13,Diesel,2,final,True,141.4158,143.5587,141.4158,141.6671,143.2202,-2.1429,-1.8916,-0.3385
2019-08-30,2019-09-20,Diesel,3,final,True,141.4158,147.4158,141.4158,141.8059,144.1519,-6.0,-5.6099,-3.264
2019-09-06,2019-09-13,Diesel,1,final,True,143.5587,143.5587,143.5587,143.7224,144.4501,0.0,0.1637,0.8914
2019-09-06,2019-09-20,Diesel,2,final,True,143.5587,147.4158,143.5587,143.8777,145.3424,-3.8571,-3.5382,-2.0735
2019-09-06,2019-09-27,Diesel,3,final,True,143.5587,146.5587,143.5587,143.9125,146.1393,-3.0,-2.6462,-0.4194
2019-09-13,2019-09-20,Diesel,1,final,True,143.5587,147.4158,143.5587,144.2365,144.5923,-3.8571,-3.1793,-2.8235
2019-09-13,2019-09-27,Diesel,2,final,True,143.5587,146.5587,143.5587,144.448,145.2441,-3.0,-2.1107,-1.3146
2019-09-13,2019-10-04,Diesel,3,final,True,143.5587,142.055,143.5587,144.5513,145.81,1.5037,2.4964,3.7551
2019-09-20,2019-09-27,Diesel,1,final,True,147.4158,146.5587,147.4158,150.1857,150.2681,0.8571,3.627,3.7094
2019-09-20,2019-10-04,Diesel,2,final,True,147.4158,142.055,147.4158,151.1821,151.6877,5.3609,9.1271,9.6327
2019-09-20,2019-10-11,Diesel,3,final,True,147.4158,141.3043,147.4158,151.6168,152.6762,6.1115,10.3125,11.3719
2019-09-27,2019-10-04,Diesel,1,final,True,146.5587,142.055,146.5587,146.9082,147.7758,4.5037,4.8532,5.7208
2019-09-27,2019-10-11,Diesel,2,final,True,146.5587,141.3043,146.5587,147.1038,148.8823,5.2543,5.7995,7.5779
2019-09-27,2019-10-18,Diesel,3,final,True,146.5587,141.3043,146.5587,147.4217,150.1332,5.2543,6.1173,8.8288
2019-10-04,2019-10-11,Diesel,1,final,True,142.055,141.3043,142.055,141.2727,142.234,0.7506,-0.0316,0.9296
2019-10-04,2019-10-18,Diesel,2,final,True,142.055,141.3043,142.055,141.2519,143.0769,0.7506,-0.0524,1.7726
2019-10-04,2019-10-25,Diesel,3,final,True,142.055,141.3043,142.055,141.0866,143.7644,0.7506,-0.2178,2.4601
2019-10-11,2019-10-18,Diesel,1,final,True,141.3043,141.3043,141.3043,140.9861,142.1256,0.0,-0.3183,0.8213
2019-10-11,2019-10-25,Diesel,2,final,True,141.3043,141.3043,141.3043,140.7217,142.9591,0.0,-0.5827,1.6547
2019-10-11,2019-11-01,Diesel,3,final,True,141.3043,141.3043,141.3043,140.4254,143.7151,0.0,-0.879,2.4108
2019-10-18,2019-10-25,Diesel,1,final,True,141.3043,141.3043,141.3043,141.5637,142.5387,0.0,0.2593,1.2343
2019-10-18,2019-11-01,Diesel,2,final,True,141.3043,141.3043,141.3043,141.4403,143.4055,0.0,0.136,2.1011
2019-10-18,2019-11-08,Diesel,3,final,True,141.3043,141.7329,141.3043,141.4983,144.4234,-0.4286,-0.2346,2.6905
2019-10-25,2019-11-01,Diesel,1,final,True,141.3043,141.3043,141.3043,140.7486,141.9514,0.0,-0.5557,0.647
2019-10-25,2019-11-08,Diesel,2,final,True,141.3043,141.7329,141.3043,140.6638,142.9928,-0.4286,-1.0691,1.2599
2019-10-25,2019-11-15,Diesel,3,final,True,141.3043,142.3043,141.3043,140.7383,144.177,-1.0,-1.566,1.8726
2019-11-01,2019-11-08,Diesel,1,final,True,141.3043,141.7329,141.3043,141.1051,142.1219,-0.4286,-0.6278,0.389
2019-11-01,2019-11-15,Diesel,2,final,True,141.3043,142.3043,141.3043,141.1392,143.1479,-1.0,-1.1651,0.8436
2019-11-01,2019-11-22,Diesel,3,final,True,141.3043,142.3043,141.3043,141.1136,144.1132,-1.0,-1.1907,1.8089
2019-11-08,2019-11-15,Diesel,1,final,True,141.7329,142.3043,141.7329,141.625,142.6016,-0.5714,-0.6794,0.2973
2019-11-08,2019-11-22,Diesel,2,final,True,141.7329,142.3043,141.7329,141.5532,143.4907,-0.5714,-0.7512,1.1864
2019-11-08,2019-11-29,Diesel,3,final,True,141.7329,142.3043,141.7329,141.5093,144.3932,-0.5714,-0.795,2.0888
2019-11-15,2019-11-22,Diesel,1,final,True,142.3043,142.3043,142.3043,141.7586,142.713,0.0,-0.5457,0.4086
2019-11-15,2019-11-29,Diesel,2,final,True,142.3043,142.3043,142.3043,141.5595,143.4017,0.0,-0.7448,1.0974
2019-11-15,2019-12-06,Diesel,3,final,True,142.3043,142.3043,142.3043,141.5189,144.2233,0.0,-0.7855,1.9189
2019-11-22,2019-11-29,Diesel,1,final,True,142.3043,142.3043,142.3043,141.6771,142.4388,0.0,-0.6272,0.1345
2019-11-22,2019-12-06,Diesel,2,final,True,142.3043,142.3043,142.3043,141.4978,142.9469,0.0,-0.8066,0.6426
2019-11-22,2019-12-13,Diesel,3,final,True,142.3043,142.3043,142.3043,141.4042,143.5159,0.0,-0.9001,1.2116
2019-11-29,2019-12-06,Diesel,1,final,True,142.3043,142.3043,142.3043,142.9425,143.3559,0.0,0.6382,1.0516
2019-11-29,2019-12-13,Diesel,2,final,True,142.3043,142.3043,142.3043,143.1177,144.0084,0.0,0.8134,1.7041
2019-11-29,2019-12-20,Diesel,3,final,True,142.3043,142.3043,142.3043,143.1946,144.5797,0.0,0.8903,2.2753
2019-12-06,2019-12-13,Diesel,1,final,True,142.3043,142.3043,142.3043,141.792,142.6151,0.0,-0.5124,0.3108
2019-12-06,2019-12-20,Diesel,2,final,True,142.3043,142.3043,142.3043,141.643,143.2295,0.0,-0.6614,0.9251
2019-12-06,2019-12-27,Diesel,3,final,True,142.3043,143.1615,142.3043,141.7028,144.0323,-0.8571,-1.4587,0.8708
2019-12-13,2019-12-20,Diesel,1,final,True,142.3043,142.3043,142.3043,142.4046,142.9234,0.0,0.1002,0.619
2019-12-13,2019-12-27,Diesel,2,final,True,142.3043,143.1615,142.3043,142.5472,143.5888,-0.8571,-0.6142,0.4273
2019-12-13,2020-01-03,Diesel,3,final,True,142.3043,146.9943,142.3043,142.5587,144.1383,-4.69,-4.4356,-2.856
2019-12-20,2019-12-27,Diesel,1,final,True,142.3043,143.1615,142.3043,143.7525,144.1106,-0.8571,0.591,0.9491
2019-12-20,2020-01-03,Diesel,2,final,True,142.3043,146.9943,142.3043,144.1939,145.0614,-4.69,-2.8004,-1.933
2019-12-20,2020-01-10,Diesel,3,final,True,142.3043,148.8703,142.3043,144.3699,145.7916,-6.566,-4.5004,-3.0787
2019-12-27,2020-01-03,Diesel,1,final,True,143.1615,146.9943,143.1615,143.6493,144.4972,-3.8328,-3.3451,-2.4972
2019-12-27,2020-01-10,Diesel,2,final,True,143.1615,148.8703,143.1615,143.8406,145.5844,-5.7088,-5.0298,-3.2859
2019-12-27,2020-01-17,Diesel,3,final,True,143.1615,148.0132,143.1615,144.094,146.7523,-4.8517,-3.9192,-1.2609
2020-01-03,2020-01-10,Diesel,1,final,True,146.9943,148.8703,146.9943,147.3789,148.1828,-1.876,-1.4915,-0.6875
2020-01-03,2020-01-17,Diesel,2,final,True,146.9943,148.0132,146.9943,147.7029,149.3492,-1.0189,-0.3103,1.336
2020-01-03,2020-01-24,Diesel,3,final,True,146.9943,146.4418,146.9943,147.8036,150.327,0.5526,1.3619,3.8853
2020-01-10,2020-01-17,Diesel,1,final,True,148.8703,148.0132,148.8703,149.184,149.6628,0.8571,1.1708,1.6496
2020-01-10,2020-01-24,Diesel,2,final,True,148.8703,146.4418,148.8703,149.2812,150.2725,2.4286,2.8394,3.8307
2020-01-10,2020-01-31,Diesel,3,final,True,148.8703,145.8703,148.8703,149.2764,150.7852,3.0,3.406,4.9149
2020-01-17,2020-01-24,Diesel,1,final,True,148.0132,146.4418,148.0132,146.0242,146.7008,1.5714,-0.4176,0.259
2020-01-17,2020-01-31,Diesel,2,final,True,148.0132,145.8703,148.0132,145.3027,146.4327,2.1429,-0.5677,0.5623
2020-01-17,2020-02-07,Diesel,3,final,True,148.0132,145.8703,148.0132,145.0522,146.5444,2.1429,-0.8181,0.674
2020-01-24,2020-01-31,Diesel,1,final,True,146.4418,145.8703,146.4418,145.2121,145.2593,0.5714,-0.6582,-0.611
2020-01-24,2020-02-07,Diesel,2,final,True,146.4418,145.8703,146.4418,144.788,144.735,0.5714,-1.0823,-1.1353
2020-01-24,2020-02-14,Diesel,3,final,True,146.4418,145.8703,146.4418,144.4619,144.2547,0.5714,-1.4085,-1.6157
2020-01-31,2020-02-07,Diesel,1,final,True,145.8703,145.8703,145.8703,143.0861,143.4463,0.0,-2.7843,-2.424
2020-01-31,2020-02-14,Diesel,2,final,True,145.8703,145.8703,145.8703,141.9948,142.3993,0.0,-3.8755,-3.4711
2020-01-31,2020-02-21,Diesel,3,final,True,145.8703,145.2989,145.8703,141.553,141.8613,0.5714,-3.7459,-3.4376
2020-02-07,2020-02-14,Diesel,1,final,True,145.8703,145.8703,145.8703,144.2137,143.7561,0.0,-1.6567,-2.1142
2020-02-07,2020-02-21,Diesel,2,final,True,145.8703,145.2989,145.8703,143.6322,142.5202,0.5714,-1.6667,-2.7787
2020-02-07,2020-02-28,Diesel,3,final,True,145.8703,144.4418,145.8703,143.3452,141.5008,1.4286,-1.0965,-2.941
2020-02-14,2020-02-21,Diesel,1,final,True,145.8703,145.2989,145.8703,145.4232,144.6072,0.5714,0.1243,-0.6917
2020-02-14,2020-02-28,Diesel,2,final,True,145.8703,144.4418,145.8703,145.1993,143.5133,1.4286,0.7575,-0.9285
2020-02-14,2020-03-06,Diesel,3,final,True,145.8703,141.2989,145.8703,145.1254,142.5328,4.5714,3.8265,1.2339
2020-02-21,2020-02-28,Diesel,1,final,True,145.2989,144.4418,145.2989,145.4722,144.5774,0.8571,1.0304,0.1356
2020-02-21,2020-03-06,Diesel,2,final,True,145.2989,141.2989,145.2989,145.5221,143.7489,4.0,4.2232,2.45
2020-02-21,2020-03-13,Diesel,3,final,True,145.2989,125.4418,145.2989,145.725,143.0684,19.8571,20.2832,17.6266
2020-02-28,2020-03-06,Diesel,1,final,True,144.4418,141.2989,144.4418,142.4364,142.1127,3.1429,1.1375,0.8138
2020-02-28,2020-03-13,Diesel,2,final,True,144.4418,125.4418,144.4418,141.9802,141.1216,19.0,16.5385,15.6798
2020-02-28,2020-03-20,Diesel,3,final,True,144.4418,110.8703,144.4418,141.8411,140.3885,33.5714,30.9708,29.5182
2020-03-06,2020-03-13,Diesel,1,final,True,141.2989,125.4418,141.2989,140.136,139.264,15.8571,14.6942,13.8223
2020-03-06,2020-03-20,Diesel,2,final,True,141.2989,110.8703,141.2989,139.7648,137.8885,30.4286,28.8945,27.0181
2020-03-06,2020-03-27,Diesel,3,final,True,141.2989,110.8703,141.2989,139.4752,136.5476,30.4286,28.6049,25.6773
2020-03-13,2020-03-20,Diesel,1,final,True,125.4418,110.8703,125.4418,119.4493,119.6154,14.5714,8.579,8.745
2020-03-13,2020-03-27,Diesel,2,final,True,125.4418,110.8703,125.4418,117.0199,116.6696,14.5714,6.1496,5.7992
2020-03-13,2020-04-03,Diesel,3,final,True,125.4418,112.6835,125.4418,116.239,115.0936,12.7582,3.5555,2.4101
2020-03-20,2020-03-27,Diesel,1,final,True,110.8703,110.8703,110.8703,106.8801,106.7835,0.0,-3.9902,-4.0869
2020-03-20,2020-04-03,Diesel,2,final,True,110.8703,112.6835,110.8703,105.3349,104.6893,-1.8132,-7.3486,-7.9943
2020-03-20,2020-04-10,Diesel,3,final,True,110.8703,113.4088,110.8703,104.4844,103.1303,-2.5385,-8.9243,-10.2785
2020-03-27,2020-04-03,Diesel,1,final,True,110.8703,112.6835,110.8703,109.0476,109.705,-1.8132,-3.6359,-2.9785
2020-03-27,2020-04-10,Diesel,2,final,True,110.8703,113.4088,110.8703,108.2342,109.3206,-2.5385,-5.1746,-4.0882
2020-03-27,2020-04-17,Diesel,3,final,True,110.8703,113.4088,110.8703,107.8066,109.2363,-2.5385,-5.6022,-4.1725
2020-04-03,2020-04-10,Diesel,1,final,True,112.6835,113.4088,112.6835,109.7437,110.5013,-0.7253,-3.6651,-2.9075
2020-04-03,2020-04-17,Diesel,2,final,True,112.6835,113.4088,112.6835,108.9109,110.0657,-0.7253,-4.4979,-3.3431
2020-04-03,2020-04-24,Diesel,3,final,True,112.6835,113.4088,112.6835,108.6526,110.0872,-0.7253,-4.7562,-3.3216
2020-04-10,2020-04-17,Diesel,1,final,True,113.4088,113.4088,113.4088,111.8472,111.5697,0.0,-1.5616,-1.8391
2020-04-10,2020-04-24,Diesel,2,final,True,113.4088,113.4088,113.4088,111.4892,110.7309,0.0,-1.9196,-2.6778
2020-04-10,2020-05-01,Diesel,3,final,True,113.4088,114.5516,113.4088,111.3806,110.0928,-1.1429,-3.1711,-4.4588
2020-04-17,2020-04-24,Diesel,1,final,True,113.4088,113.4088,113.4088,111.9955,111.4448,0.0,-1.4133,-1.964
2020-04-17,2020-05-01,Diesel,2,final,True,113.4088,114.5516,113.4088,111.5879,110.3117,-1.1429,-2.9637,-4.24
2020-04-17,2020-05-08,Diesel,3,final,True,113.4088,115.4088,113.4088,111.5127,109.4483,-2.0,-3.8961,-5.9605
2020-04-24,2020-05-01,Diesel,1,final,True,113.4088,114.5516,113.4088,112.1849,111.3688,-1.1429,-2.3668,-3.1829
2020-04-24,2020-05-08,Diesel,2,final,True,113.4088,115.4088,113.4088,111.8862,110.0864,-2.0,-3.5226,-5.3224
2020-04-24,2020-05-15,Diesel,3,final,True,113.4088,117.1231,113.4088,111.8738,109.0391,-3.7143,-5.2493,-8.084
2020-05-01,2020-05-08,Diesel,1,final,True,114.5516,115.4088,114.5516,115.2379,113.9105,-0.8571,-0.1709,-1.4982
2020-05-01,2020-05-15,Diesel,2,final,True,114.5516,117.1231,114.5516,115.5096,112.9223,-2.5714,-1.6134,-4.2007
2020-05-01,2020-05-22,Diesel,3,final,True,114.5516,116.5516,114.5516,115.633,111.7824,-2.0,-0.9187,-4.7692
2020-05-08,2020-05-15,Diesel,1,final,True,115.4088,117.1231,115.4088,118.207,116.6417,-1.7143,1.0839,-0.4814
2020-05-08,2020-05-22,Diesel,2,final,True,115.4088,116.5516,115.4088,119.0321,116.178,-1.1429,2.4805,-0.3737
2020-05-08,2020-05-29,Diesel,3,final,True,115.4088,115.4088,115.4088,119.3899,115.332,0.0,3.9811,-0.0768
2020-05-15,2020-05-22,Diesel,1,final,True,117.1231,116.5516,117.1231,116.2908,115.9222,0.5714,-0.2609,-0.6294
2020-05-15,2020-05-29,Diesel,2,final,True,117.1231,115.4088,117.1231,116.1828,115.3537,1.7143,0.774,-0.0551
2020-05-15,2020-06-05,Diesel,3,final,True,117.1231,117.4088,117.1231,116.2715,114.9539,-0.2857,-1.1372,-2.4549
2020-05-22,2020-05-29,Diesel,1,final,True,116.5516,115.4088,116.5516,118.1508,116.7618,1.1429,2.742,1.353
2020-05-22,2020-06-05,Diesel,2,final,True,116.5516,117.4088,116.5516,118.6993,116.0911,-0.8571,1.2905,-1.3177
2020-05-22,2020-06-12,Diesel,3,final,True,116.5516,118.2659,116.5516,118.83,115.0448,-1.7143,0.5641,-3.2211
2020-05-29,2020-06-05,Diesel,1,final,True,115.4088,117.4088,115.4088,115.8662,115.1824,-2.0,-1.5426,-2.2263
2020-05-29,2020-06-12,Diesel,2,final,True,115.4088,118.2659,115.4088,115.9428,114.6232,-2.8571,-2.3231,-3.6427
2020-05-29,2020-06-19,Diesel,3,final,True,115.4088,120.6945,115.4088,115.9559,113.9995,-5.2857,-4.7386,-6.695
2020-06-05,2020-06-12,Diesel,1,final,True,117.4088,118.2659,117.4088,118.1313,117.4769,-0.8571,-0.1347,-0.789
2020-06-05,2020-06-19,Diesel,2,final,True,117.4088,120.6945,117.4088,118.3415,117.1224,-3.2857,-2.353,-3.5721
2020-06-05,2020-06-26,Diesel,3,final,True,117.4088,120.1231,117.4088,118.5251,116.8104,-2.7143,-1.5979,-3.3127
2020-06-12,2020-06-19,Diesel,1,final,True,118.2659,120.6945,118.2659,119.3417,118.5841,-2.4286,-1.3528,-2.1104
2020-06-12,2020-06-26,Diesel,2,final,True,118.2659,120.1231,118.2659,119.7589,118.4333,-1.8571,-0.3642,-1.6898
2020-06-12,2020-07-03,Diesel,3,final,True,118.2659,116.5609,118.2659,119.8482,117.9479,1.705,3.2873,1.387
2020-06-19,2020-06-26,Diesel,1,final,True,120.6945,120.1231,120.6945,121.9641,121.3911,0.5714,1.841,1.2681
2020-06-19,2020-07-03,Diesel,2,final,True,120.6945,116.5609,120.6945,122.3097,121.2737,4.1336,5.7488,4.7128
2020-06-19,2020-07-10,Diesel,3,final,True,120.6945,113.2503,120.6945,122.4831,121.0417,7.4442,9.2328,7.7913
2020-06-26,2020-07-03,Diesel,1,final,True,120.1231,116.5609,120.1231,120.7623,120.2175,3.5622,4.2014,3.6567
2020-06-26,2020-07-10,Diesel,2,final,True,120.1231,113.2503,120.1231,121.0067,120.0135,6.8728,7.7564,6.7632
2020-06-26,2020-07-17,Diesel,3,final,True,120.1231,115.3932,120.1231,121.1205,119.6968,4.7299,5.7274,4.3037
2020-07-03,2020-07-10,Diesel,1,final,True,116.5609,113.2503,116.5609,116.6576,116.3852,3.3106,3.4073,3.1348
2020-07-03,2020-07-17,Diesel,2,final,True,116.5609,115.3932,116.5609,116.716,116.1742,1.1677,1.3228,0.7811
2020-07-03,2020-07-24,Diesel,3,final,True,116.5609,116.2503,116.5609,116.7495,115.9491,0.3106,0.4992,-0.3012
2020-07-10,2020-07-17,Diesel,1,final,True,113.2503,115.3932,113.2503,113.3397,113.4489,-2.1429,-2.0535,-1.9442
2020-07-10,2020-07-24,Diesel,2,final,True,113.2503,116.2503,113.2503,113.3775,113.6115,-3.0,-2.8728,-2.6388
2020-07-10,2020-07-31,Diesel,3,final,True,113.2503,118.536,113.2503,113.3829,113.7532,-5.2857,-5.1532,-4.7828
2020-07-17,2020-07-24,Diesel,1,final,True,115.3932,116.2503,115.3932,115.328,115.8779,-0.8571,-0.9223,-0.3724
2020-07-17,2020-07-31,Diesel,2,final,True,115.3932,118.536,115.3932,115.3077,116.4069,-3.1429,-3.2283,-2.1291
2020-07-17,2020-08-07,Diesel,3,final,True,115.3932,114.8217,115.3932,115.3353,116.9896,0.5714,0.5135,2.1678
2020-07-24,2020-07-31,Diesel,1,final,True,116.2503,118.536,116.2503,116.3219,116.5822,-2.2857,-2.2142,-1.9538
2020-07-24,2020-08-07,Diesel,2,final,True,116.2503,114.8217,116.2503,116.374,116.9116,1.4286,1.5522,2.0898
2020-07-24,2020-08-14,Diesel,3,final,True,116.2503,112.6789,116.2503,116.4152,117.2374,3.5714,3.7363,4.5585
2020-07-31,2020-08-07,Diesel,1,final,True,118.536,114.8217,118.536,118.1864,118.7198,3.7143,3.3647,3.898
2020-07-31,2020-08-14,Diesel,2,final,True,118.536,112.6789,118.536,118.116,119.1435,5.8571,5.4371,6.4647
2020-07-31,2020-08-21,Diesel,3,final,True,118.536,113.8217,118.536,118.1401,119.6453,4.7143,4.3184,5.8236
2020-08-07,2020-08-14,Diesel,1,final,True,114.8217,112.6789,114.8217,114.5867,114.8094,2.1429,1.9078,2.1305
2020-08-07,2020-08-21,Diesel,2,final,True,114.8217,113.8217,114.8217,114.5595,114.9702,1.0,0.7377,1.1485
2020-08-07,2020-08-28,Diesel,3,final,True,114.8217,116.6789,114.8217,114.5682,115.1611,-1.8571,-2.1107,-1.5177
2020-08-14,2020-08-21,Diesel,1,final,True,112.6789,113.8217,112.6789,113.0021,113.484,-1.1429,-0.8196,-0.3378
2020-08-14,2020-08-28,Diesel,2,final,True,112.6789,116.6789,112.6789,113.1064,114.1037,-4.0,-3.5725,-2.5752
2020-08-14,2020-09-04,Diesel,3,final,True,112.6789,115.536,112.6789,113.1404,114.6585,-2.8571,-2.3956,-0.8775
2020-08-21,2020-08-28,Diesel,1,final,True,113.8217,116.6789,113.8217,113.8645,114.7459,-2.8571,-2.8144,-1.933
2020-08-21,2020-09-04,Diesel,2,final,True,113.8217,115.536,113.8217,113.8821,115.6433,-1.7143,-1.6539,0.1072
2020-08-21,2020-09-11,Diesel,3,final,True,113.8217,112.9646,113.8217,113.9442,116.5861,0.8571,0.9796,3.6215
2020-08-28,2020-09-04,Diesel,1,final,True,116.6789,115.536,116.6789,116.5934,117.3564,1.1429,1.0574,1.8203
2020-08-28,2020-09-11,Diesel,2,final,True,116.6789,112.9646,116.6789,116.6293,118.1441,3.7143,3.6647,5.1795
2020-08-28,2020-09-18,Diesel,3,final,True,116.6789,110.1075,116.6789,116.6679,118.9281,6.5714,6.5604,8.8206
2020-09-04,2020-09-11,Diesel,1,final,True,115.536,112.9646,115.536,114.3478,114.9638,2.5714,1.3832,1.9992
2020-09-04,2020-09-18,Diesel,2,final,True,115.536,110.1075,115.536,114.038,115.1241,5.4286,3.9306,5.0166
2020-09-04,2020-09-25,Diesel,3,final,True,115.536,111.536,115.536,113.9977,115.5074,4.0,2.4617,3.9714
2020-09-11,2020-09-18,Diesel,1,final,True,112.9646,110.1075,112.9646,110.8188,111.3927,2.8571,0.7113,1.2852
2020-09-11,2020-09-25,Diesel,2,final,True,112.9646,111.536,112.9646,110.2551,111.148,1.4286,-1.2809,-0.388
2020-09-11,2020-10-02,Diesel,3,final,True,112.9646,115.4727,112.9646,110.1329,111.2795,-2.5081,-5.3398,-4.1932
2020-09-18,2020-09-25,Diesel,1,final,True,110.1075,111.536,110.1075,109.5877,109.6877,-1.4286,-1.9483,-1.8483
2020-09-18,2020-10-02,Diesel,2,final,True,110.1075,115.4727,110.1075,109.4781,109.6193,-5.3652,-5.9946,-5.8534
2020-09-18,2020-10-09,Diesel,3,final,True,110.1075,114.068,110.1075,109.4047,109.5677,-3.9606,-4.6633,-4.5003
2020-09-25,2020-10-02,Diesel,1,final,True,111.536,115.4727,111.536,111.6859,112.0526,-3.9366,-3.7868,-3.42
2020-09-25,2020-10-09,Diesel,2,final,True,111.536,114.068,111.536,111.6852,112.4293,-2.532,-2.3828,-1.6387
2020-09-25,2020-10-16,Diesel,3,final,True,111.536,114.9252,111.536,111.7607,112.8772,-3.3891,-3.1645,-2.048
2020-10-02,2020-10-09,Diesel,1,final,True,115.4727,114.068,115.4727,115.5607,115.8375,1.4047,1.4927,1.7695
2020-10-02,2020-10-16,Diesel,2,final,True,115.4727,114.9252,115.4727,115.6572,116.2154,0.5475,0.732,1.2903
2020-10-02,2020-10-23,Diesel,3,final,True,115.4727,115.2109,115.4727,115.7754,116.6077,0.2618,0.5645,1.3969
2020-10-09,2020-10-16,Diesel,1,final,True,114.068,114.9252,114.068,114.6194,114.3806,-0.8571,-0.3058,-0.5446
2020-10-09,2020-10-23,Diesel,2,final,True,114.068,115.2109,114.068,114.8683,114.436,-1.1429,-0.3426,-0.7748
2020-10-09,2020-10-30,Diesel,3,final,True,114.068,114.068,114.068,114.9353,114.3011,0.0,0.8673,0.2331
2020-10-16,2020-10-23,Diesel,1,final,True,114.9252,115.2109,114.9252,115.5549,115.5913,-0.2857,0.3441,0.3804
2020-10-16,2020-10-30,Diesel,2,final,True,114.9252,114.068,114.9252,115.7297,115.8382,0.8571,1.6617,1.7702
2020-10-16,2020-11-06,Diesel,3,final,True,114.9252,112.3537,114.9252,115.8081,116.0039,2.5714,3.4544,3.6502
2020-10-23,2020-10-30,Diesel,1,final,True,115.2109,114.068,115.2109,115.0409,115.1849,1.1429,0.9728,1.1169
2020-10-23,2020-11-06,Diesel,2,final,True,115.2109,112.3537,115.2109,115.0218,115.2853,2.8571,2.668,2.9315
2020-10-23,2020-11-13,Diesel,3,final,True,115.2109,111.2109,115.2109,115.0817,115.4616,4.0,3.8709,4.2508
2020-10-30,2020-11-06,Diesel,1,final,True,114.068,112.3537,114.068,112.6654,112.8991,1.7143,0.3117,0.5454
2020-10-30,2020-11-13,Diesel,2,final,True,114.068,111.2109,114.068,112.3341,112.6384,2.8571,1.1232,1.4275
2020-10-30,2020-11-20,Diesel,3,final,True,114.068,110.3537,114.068,112.3038,112.6328,3.7143,1.9501,2.2791
2020-11-06,2020-11-13,Diesel,1,final,True,112.3537,111.2109,112.3537,112.0533,111.8581,1.1429,0.8424,0.6473
2020-11-06,2020-11-20,Diesel,2,final,True,112.3537,110.3537,112.3537,112.0317,111.5991,2.0,1.6779,1.2454
2020-11-06,2020-11-27,Diesel,3,final,True,112.3537,111.9252,112.3537,111.9799,111.3086,0.4286,0.0547,-0.6165
2020-11-13,2020-11-20,Diesel,1,final,True,111.2109,110.3537,111.2109,112.7275,112.4331,0.8571,2.3738,2.0794
2020-11-13,2020-11-27,Diesel,2,final,True,111.2109,111.9252,111.2109,113.1217,112.71,-0.7143,1.1965,0.7848
2020-11-13,2020-12-04,Diesel,3,final,True,111.2109,114.2109,111.2109,113.2095,112.7282,-3.0,-1.0014,-1.4826
2020-11-20,2020-11-27,Diesel,1,final,True,110.3537,111.9252,110.3537,111.112,111.5071,-1.5714,-0.8131,-0.418
2020-11-20,2020-12-04,Diesel,2,final,True,110.3537,114.2109,110.3537,111.3178,112.1997,-3.8571,-2.8931,-2.0111
2020-11-20,2020-12-11,Diesel,3,final,True,110.3537,114.2109,110.3537,111.5017,112.8874,-3.8571,-2.7091,-1.3235
2020-11-27,2020-12-04,Diesel,1,final,True,111.9252,114.2109,111.9252,113.5298,113.9808,-2.2857,-0.6811,-0.23
2020-11-27,2020-12-11,Diesel,2,final,True,111.9252,114.2109,111.9252,114.1229,115.2033,-2.2857,-0.088,0.9924
2020-11-27,2020-12-18,Diesel,3,final,True,111.9252,114.2109,111.9252,114.2547,116.008,-2.2857,0.0438,1.7972
2020-12-04,2020-12-11,Diesel,1,final,True,114.2109,114.2109,114.2109,115.0361,115.8281,0.0,0.8252,1.6172
2020-12-04,2020-12-18,Diesel,2,final,True,114.2109,114.2109,114.2109,115.2354,116.889,0.0,1.0245,2.6781
2020-12-04,2020-12-25,Diesel,3,final,True,114.2109,114.2109,114.2109,115.3175,117.8451,0.0,1.1066,3.6342
2020-12-11,2020-12-18,Diesel,1,final,True,114.2109,114.2109,114.2109,115.1306,115.6799,0.0,0.9197,1.469
2020-12-11,2020-12-25,Diesel,2,final,True,114.2109,114.2109,114.2109,115.4144,116.6053,0.0,1.2035,2.3944
2020-12-11,2021-01-01,Diesel,3,final,True,114.2109,116.1745,114.2109,115.495,117.3871,-1.9636,-0.6794,1.2126
2020-12-18,2020-12-25,Diesel,1,final,True,114.2109,114.2109,114.2109,115.29,116.0171,0.0,1.0791,1.8063
2020-12-18,2021-01-01,Diesel,2,final,True,114.2109,116.1745,114.2109,115.5846,117.1788,-1.9636,-0.5898,1.0043
2020-12-18,2021-01-08,Diesel,3,final,True,114.2109,122.0783,114.2109,115.6492,118.1457,-7.8674,-6.4291,-3.9326
2020-12-25,2021-01-01,Diesel,1,final,True,114.2109,116.1745,114.2109,114.856,115.8292,-1.9636,-1.3185,-0.3452
2020-12-25,2021-01-08,Diesel,2,final,True,114.2109,122.0783,114.2109,115.0112,117.0259,-7.8674,-7.0671,-5.0524
2020-12-25,2021-01-15,Diesel,3,final,True,114.2109,126.8402,114.2109,115.0895,118.1859,-12.6293,-11.7507,-8.6543
2021-01-01,2021-01-08,Diesel,1,final,True,116.1745,122.0783,116.1745,116.2961,117.4259,-5.9038,-5.7822,-4.6524
2021-01-01,2021-01-15,Diesel,2,final,True,116.1745,126.8402,116.1745,116.3685,118.6638,-10.6657,-10.4717,-8.1764
2021-01-01,2021-01-22,Diesel,3,final,True,116.1745,129.1259,116.1745,116.3983,119.8676,-12.9515,-12.7276,-9.2584
2021-01-08,2021-01-15,Diesel,1,final,True,122.0783,126.8402,122.0783,121.8292,122.8762,-4.7619,-5.011,-3.964
2021-01-08,2021-01-22,Diesel,2,final,True,122.0783,129.1259,122.0783,121.7822,123.8465,-7.0476,-7.3437,-5.2794
2021-01-08,2021-01-29,Diesel,3,final,True,122.0783,124.4116,122.0783,121.7919,124.8737,-2.3333,-2.6198,0.462
2021-01-15,2021-01-22,Diesel,1,final,True,126.8402,129.1259,126.8402,128.1557,128.1714,-2.2857,-0.9702,-0.9545
2021-01-15,2021-01-29,Diesel,2,final,True,126.8402,124.4116,126.8402,128.5633,128.7488,2.4286,4.1517,4.3372
2021-01-15,2021-02-05,Diesel,3,final,True,126.8402,122.9831,126.8402,128.6481,129.0606,3.8571,5.665,6.0775
2021-01-22,2021-01-29,Diesel,1,final,True,129.1259,124.4116,129.1259,129.5913,129.6176,4.7143,5.1796,5.206
2021-01-22,2021-02-05,Diesel,2,final,True,129.1259,122.9831,129.1259,129.6942,129.8105,6.1429,6.7111,6.8274
2021-01-22,2021-02-12,Diesel,3,final,True,129.1259,127.6974,129.1259,129.8217,130.0401,1.4286,2.1244,2.3428
2021-01-29,2021-02-05,Diesel,1,final,True,124.4116,122.9831,124.4116,124.2388,124.1367,1.4286,1.2557,1.1536
2021-01-29,2021-02-12,Diesel,2,final,True,124.4116,127.6974,124.4116,124.2837,124.0607,-3.2857,-3.4137,-3.6367
2021-01-29,2021-02-19,Diesel,3,final,True,124.4116,129.1259,124.4116,124.3272,123.9874,-4.7143,-4.7988,-5.1385
2021-02-05,2021-02-12,Diesel,1,final,True,122.9831,127.6974,122.9831,124.1538,124.3062,-4.7143,-3.5435,-3.3912
2021-02-05,2021-02-19,Diesel,2,final,True,122.9831,129.1259,122.9831,124.5019,124.9371,-6.1429,-4.624,-4.1888
2021-02-05,2021-02-26,Diesel,3,final,True,122.9831,129.1259,122.9831,124.5415,125.2835,-6.1429,-4.5844,-3.8424
2021-02-12,2021-02-19,Diesel,1,final,True,127.6974,129.1259,127.6974,129.3605,129.9244,-1.4286,0.2345,0.7984
2021-02-12,2021-02-26,Diesel,2,final,True,127.6974,129.1259,127.6974,129.7553,131.0574,-1.4286,0.6294,1.9315
2021-02-12,2021-03-05,Diesel,3,final,True,127.6974,130.5545,127.6974,129.9291,132.0377,-2.8571,-0.6254,1.4832
2021-02-19,2021-02-26,Diesel,1,final,True,129.1259,129.1259,129.1259,130.5621,130.9275,0.0,1.4362,1.8016
2021-02-19,2021-03-05,Diesel,2,final,True,129.1259,130.5545,129.1259,131.0162,131.9346,-1.4286,0.4617,1.3801
2021-02-19,2021-03-12,Diesel,3,final,True,129.1259,132.5545,129.1259,131.2006,132.7264,-3.4286,-1.3539,0.1719
2021-02-26,2021-03-05,Diesel,1,final,True,129.1259,130.5545,129.1259,129.8358,130.4648,-1.4286,-0.7187,-0.0897
2021-02-26,2021-03-12,Diesel,2,final,True,129.1259,132.5545,129.1259,130.0889,131.4318,-3.4286,-2.4656,-1.1227
2021-02-26,2021-03-19,Diesel,3,final,True,129.1259,132.1259,129.1259,130.1846,132.2586,-3.0,-1.9413,0.1327
2021-03-05,2021-03-12,Diesel,1,final,True,130.5545,132.5545,130.5545,130.7776,131.5531,-2.0,-1.7769,-1.0014
2021-03-05,2021-03-19,Diesel,2,final,True,130.5545,132.1259,130.5545,130.8664,132.432,-1.5714,-1.2595,0.3061
2021-03-05,2021-03-26,Diesel,3,final,True,130.5545,132.1259,130.5545,130.8872,133.2677,-1.5714,-1.2388,1.1418
2021-03-12,2021-03-19,Diesel,1,final,True,132.5545,132.1259,132.5545,134.0393,134.4003,0.4286,1.9134,2.2744
2021-03-12,2021-03-26,Diesel,2,final,True,132.5545,132.1259,132.5545,134.432,135.3353,0.4286,2.306,3.2094
2021-03-12,2021-04-02,Diesel,3,final,True,132.5545,131.8882,132.5545,134.5039,136.0148,0.6663,2.6157,4.1266
2021-03-19,2021-03-26,Diesel,1,final,True,132.1259,132.1259,132.1259,131.8289,132.6307,0.0,-0.2971,0.5048
2021-03-19,2021-04-02,Diesel,2,final,True,132.1259,131.8882,132.1259,131.7146,133.3054,0.2377,-0.1736,1.4172
2021-03-19,2021-04-09,Diesel,3,final,True,132.1259,131.7099,132.1259,131.8091,134.1912,0.416,0.0992,2.4813
2021-03-26,2021-04-02,Diesel,1,final,True,132.1259,131.8882,132.1259,130.9596,131.7308,0.2377,-0.9286,-0.1573
2021-03-26,2021-04-09,Diesel,2,final,True,132.1259,131.7099,132.1259,130.7715,132.1977,0.416,-0.9384,0.4878
2021-03-26,2021-04-16,Diesel,3,final,True,132.1259,132.2813,132.1259,130.7089,132.7713,-0.1554,-1.5724,0.49
2021-04-02,2021-04-09,Diesel,1,final,True,131.8882,131.7099,131.8882,131.9579,132.257,0.1783,0.248,0.5471
2021-04-02,2021-04-16,Diesel,2,final,True,131.8882,132.2813,131.8882,131.9649,132.5738,-0.3931,-0.3164,0.2925
2021-04-02,2021-04-23,Diesel,3,final,True,131.8882,135.2813,131.8882,131.9035,132.8082,-3.3931,-3.3779,-2.4731
2021-04-09,2021-04-16,Diesel,1,final,True,131.7099,132.2813,131.7099,131.4931,131.9312,-0.5714,-0.7882,-0.3501
2021-04-09,2021-04-23,Diesel,2,final,True,131.7099,135.2813,131.7099,131.3706,132.2079,-3.5714,-3.9107,-3.0735
2021-04-09,2021-04-30,Diesel,3,final,True,131.7099,135.7099,131.7099,131.4232,132.673,-4.0,-4.2867,-3.0369
2021-04-16,2021-04-23,Diesel,1,final,True,132.2813,135.2813,132.2813,132.7494,132.9958,-3.0,-2.5319,-2.2855
2021-04-16,2021-04-30,Diesel,2,final,True,132.2813,135.7099,132.2813,132.9629,133.535,-3.4286,-2.747,-2.1749
2021-04-16,2021-05-07,Diesel,3,final,True,132.2813,138.567,132.2813,133.0303,133.9408,-6.2857,-5.5368,-4.6262
2021-04-23,2021-04-30,Diesel,1,final,True,135.2813,135.7099,135.2813,135.4712,135.9067,-0.4286,-0.2386,0.1968
2021-04-23,2021-05-07,Diesel,2,final,True,135.2813,138.567,135.2813,135.5307,136.4121,-3.2857,-3.0363,-2.1549
2021-04-23,2021-05-14,Diesel,3,final,True,135.2813,139.7099,135.2813,135.6058,136.9093,-4.4286,-4.1041,-2.8005
2021-04-30,2021-05-07,Diesel,1,final,True,135.7099,138.567,135.7099,135.8936,135.9704,-2.8571,-2.6734,-2.5967
2021-04-30,2021-05-14,Diesel,2,final,True,135.7099,139.7099,135.7099,136.0024,136.1459,-4.0,-3.7075,-3.564
2021-04-30,2021-05-21,Diesel,3,final,True,135.7099,139.7099,135.7099,136.0476,136.275,-4.0,-3.6622,-3.4349
2021-05-07,2021-05-14,Diesel,1,final,True,138.567,139.7099,138.567,139.7835,139.6442,-1.1429,0.0736,-0.0657
2021-05-07,2021-05-21,Diesel,2,final,True,138.567,139.7099,138.567,140.1307,139.9937,-1.1429,0.4208,0.2838
2021-05-07,2021-05-28,Diesel,3,final,True,138.567,141.9956,138.567,140.2293,140.1227,-3.4286,-1.7663,-1.8729
2021-05-14,2021-05-21,Diesel,1,final,True,139.7099,139.7099,139.7099,140.1558,140.1304,0.0,0.4459,0.4205
2021-05-14,2021-05-28,Diesel,2,final,True,139.7099,141.9956,139.7099,140.2809,140.2694,-2.2857,-1.7147,-1.7262
2021-05-14,2021-06-04,Diesel,3,final,True,139.7099,142.7099,139.7099,140.4027,140.4278,-3.0,-2.3072,-2.282
2021-05-21,2021-05-28,Diesel,1,final,True,139.7099,141.9956,139.7099,140.0686,139.93,-2.2857,-1.927,-2.0656
2021-05-21,2021-06-04,Diesel,2,final,True,139.7099,142.7099,139.7099,140.2521,140.0242,-3.0,-2.4578,-2.6856
2021-05-21,2021-06-11,Diesel,3,final,True,139.7099,144.8527,139.7099,140.309,140.0101,-5.1429,-4.5438,-4.8426
2021-05-28,2021-06-04,Diesel,1,final,True,141.9956,142.7099,141.9956,142.3733,142.3074,-0.7143,-0.3366,-0.4024
2021-05-28,2021-06-11,Diesel,2,final,True,141.9956,144.8527,141.9956,142.4843,142.3925,-2.8571,-2.3684,-2.4603
2021-05-28,2021-06-18,Diesel,3,final,True,141.9956,145.7099,141.9956,142.5383,142.4245,-3.7143,-3.1716,-3.2854
2021-06-04,2021-06-11,Diesel,1,final,True,142.7099,144.8527,142.7099,143.604,143.2456,-2.1429,-1.2488,-1.6072
2021-06-04,2021-06-18,Diesel,2,final,True,142.7099,145.7099,142.7099,143.8646,143.2402,-3.0,-1.8453,-2.4696
2021-06-04,2021-06-25,Diesel,3,final,True,142.7099,147.8527,142.7099,143.9614,143.1222,-5.1429,-3.8914,-4.7305
2021-06-11,2021-06-18,Diesel,1,final,True,144.8527,145.7099,144.8527,145.7187,145.5235,-0.8571,0.0088,-0.1864
2021-06-11,2021-06-25,Diesel,2,final,True,144.8527,147.8527,144.8527,145.9762,145.7051,-3.0,-1.8765,-2.1476
2021-06-11,2021-07-02,Diesel,3,final,True,144.8527,148.1887,144.8527,146.0998,145.7792,-3.336,-2.0889,-2.4095
2021-06-18,2021-06-25,Diesel,1,final,True,145.7099,147.8527,145.7099,146.8788,146.639,-2.1429,-0.9739,-1.2137
2021-06-18,2021-07-02,Diesel,2,final,True,145.7099,148.1887,145.7099,147.2412,146.8913,-2.4788,-0.9475,-1.2974
2021-06-18,2021-07-09,Diesel,3,final,True,145.7099,149.155,145.7099,147.369,146.9534,-3.4451,-1.7859,-2.2016
2021-06-25,2021-07-02,Diesel,1,final,True,147.8527,148.1887,147.8527,148.9243,148.88,-0.336,0.7356,0.6913
2021-06-25,2021-07-09,Diesel,2,final,True,147.8527,149.155,147.8527,149.2386,149.2745,-1.3022,0.0836,0.1196
2021-06-25,2021-07-16,Diesel,3,final,True,147.8527,149.4407,147.8527,149.3641,149.5135,-1.5879,-0.0765,0.0729
2021-07-02,2021-07-09,Diesel,1,final,True,148.1887,149.155,148.1887,148.3056,148.4489,-0.9663,-0.8494,-0.7061
2021-07-02,2021-07-16,Diesel,2,final,True,148.1887,149.4407,148.1887,148.3772,148.675,-1.252,-1.0634,-0.7657
2021-07-02,2021-07-23,Diesel,3,final,True,148.1887,147.7264,148.1887,148.4387,148.9102,0.4623,0.7123,1.1838
2021-07-09,2021-07-16,Diesel,1,final,True,149.155,149.4407,149.155,149.4452,149.5156,-0.2857,0.0045,0.075
2021-07-09,2021-07-23,Diesel,2,final,True,149.155,147.7264,149.155,149.5633,149.7483,1.4286,1.8369,2.0219
2021-07-09,2021-07-30,Diesel,3,final,True,149.155,150.2978,149.155,149.5837,149.903,-1.1429,-0.7142,-0.3948
2021-07-16,2021-07-23,Diesel,1,final,True,149.4407,147.7264,149.4407,149.5698,149.7597,1.7143,1.8434,2.0333
2021-07-16,2021-07-30,Diesel,2,final,True,149.4407,150.2978,149.4407,149.593,149.9937,-0.8571,-0.7048,-0.3041
2021-07-16,2021-08-06,Diesel,3,final,True,149.4407,153.2978,149.4407,149.6314,150.2571,-3.8571,-3.6664,-3.0407
2021-07-23,2021-07-30,Diesel,1,final,True,147.7264,150.2978,147.7264,146.9841,147.3043,-2.5714,-3.3137,-2.9935
2021-07-23,2021-08-06,Diesel,2,final,True,147.7264,153.2978,147.7264,146.82,147.3888,-5.5714,-6.4778,-5.9091
2021-07-23,2021-08-13,Diesel,3,final,True,147.7264,151.2978,147.7264,146.8135,147.6245,-3.5714,-4.4843,-3.6733
2021-07-30,2021-08-06,Diesel,1,final,True,150.2978,153.2978,150.2978,150.9282,151.0345,-3.0,-2.3696,-2.2633
2021-07-30,2021-08-13,Diesel,2,final,True,150.2978,151.2978,150.2978,151.1335,151.4294,-1.0,-0.1643,0.1316
2021-07-30,2021-08-20,Diesel,3,final,True,150.2978,151.2978,150.2978,151.1669,151.6681,-1.0,-0.131,0.3703
2021-08-06,2021-08-13,Diesel,1,final,True,153.2978,151.2978,153.2978,152.7862,153.0598,2.0,1.4884,1.7619
2021-08-06,2021-08-20,Diesel,2,final,True,153.2978,151.2978,153.2978,152.6422,153.124,2.0,1.3443,1.8262
2021-08-06,2021-08-27,Diesel,3,final,True,153.2978,152.5835,153.2978,152.6928,153.3619,0.7143,0.1092,0.7783
2021-08-13,2021-08-20,Diesel,1,final,True,151.2978,151.2978,151.2978,150.762,150.5165,0.0,-0.5358,-0.7813
2021-08-13,2021-08-27,Diesel,2,final,True,151.2978,152.5835,151.2978,150.7091,150.1533,-1.2857,-1.8744,-2.4302
2021-08-13,2021-09-03,Diesel,3,final,True,151.2978,154.2978,151.2978,150.6864,149.8165,-3.0,-3.6115,-4.4813
2021-08-20,2021-08-27,Diesel,1,final,True,151.2978,152.5835,151.2978,150.8374,150.7474,-1.2857,-1.7462,-1.8362
2021-08-20,2021-09-03,Diesel,2,final,True,151.2978,154.2978,151.2978,150.7148,150.4852,-3.0,-3.583,-3.8126
2021-08-20,2021-09-10,Diesel,3,final,True,151.2978,153.7264,151.2978,150.7009,150.2878,-2.4286,-3.0255,-3.4386
2021-08-27,2021-09-03,Diesel,1,final,True,152.5835,154.2978,152.5835,153.3463,152.9489,-1.7143,-0.9515,-1.3489
2021-08-27,2021-09-10,Diesel,2,final,True,152.5835,153.7264,152.5835,153.5559,152.8196,-1.1429,-0.1704,-0.9068
2021-08-27,2021-09-17,Diesel,3,final,True,152.5835,155.0121,152.5835,153.6368,152.6036,-2.4286,-1.3753,-2.4085
2021-09-03,2021-09-10,Diesel,1,final,True,154.2978,153.7264,154.2978,155.0517,154.7768,0.5714,1.3253,1.0504
2021-09-03,2021-09-17,Diesel,2,final,True,154.2978,155.0121,154.2978,155.2634,154.819,-0.7143,0.2512,-0.1931
2021-09-03,2021-09-24,Diesel,3,final,True,154.2978,157.155,154.2978,155.3985,154.7906,-2.8571,-1.7565,-2.3644
2021-09-10,2021-09-17,Diesel,1,final,True,153.7264,155.0121,153.7264,153.7699,153.9114,-1.2857,-1.2422,-1.1007
2021-09-10,2021-09-24,Diesel,2,final,True,153.7264,157.155,153.7264,153.861,154.131,-3.4286,-3.2939,-3.024
2021-09-10,2021-10-01,Diesel,3,final,True,153.7264,156.0102,153.7264,153.92,154.3199,-2.2839,-2.0902,-1.6903
2021-09-17,2021-09-24,Diesel,1,final,True,155.0121,157.155,155.0121,156.0821,156.2344,-2.1429,-1.0729,-0.9206
2021-09-17,2021-10-01,Diesel,2,final,True,155.0121,156.0102,155.0121,156.3875,156.8054,-0.9981,0.3773,0.7952
2021-09-17,2021-10-08,Diesel,3,final,True,155.0121,158.5792,155.0121,156.4672,157.1705,-3.5671,-2.112,-1.4087
2021-09-24,2021-10-01,Diesel,1,final,True,157.155,156.0102,157.155,158.5125,158.6941,1.1447,2.5022,2.6839
2021-09-24,2021-10-08,Diesel,2,final,True,157.155,158.5792,157.155,158.857,159.3604,-1.4242,0.2779,0.7813
2021-09-24,2021-10-15,Diesel,3,final,True,157.155,163.2935,157.155,159.021,159.8991,-6.1385,-4.2725,-3.3943
2021-10-01,2021-10-08,Diesel,1,final,True,156.0102,158.5792,156.0102,158.566,158.5707,-2.5689,-0.0132,-0.0085
2021-10-01,2021-10-15,Diesel,2,final,True,156.0102,163.2935,156.0102,159.2765,159.5907,-7.2832,-4.017,-3.7028
2021-10-01,2021-10-22,Diesel,3,final,True,156.0102,168.722,156.0102,159.523,160.2454,-12.7118,-9.1991,-8.4766
2021-10-08,2021-10-15,Diesel,1,final,True,158.5792,163.2935,158.5792,161.3433,161.8824,-4.7143,-1.9502,-1.4111
2021-10-08,2021-10-22,Diesel,2,final,True,158.5792,168.722,158.5792,162.0881,163.4965,-10.1429,-6.6339,-5.2256
2021-10-08,2021-10-29,Diesel,3,final,True,158.5792,174.1506,158.5792,162.3806,164.7376,-15.5714,-11.77,-9.413
2021-10-15,2021-10-22,Diesel,1,final,True,163.2935,168.722,163.2935,165.527,166.5592,-5.4286,-3.195,-2.1629
2021-10-15,2021-10-29,Diesel,2,final,True,163.2935,174.1506,163.2935,166.1896,168.502,-10.8571,-7.961,-5.6487
2021-10-15,2021-11-05,Diesel,3,final,True,163.2935,175.2935,163.2935,166.4217,170.1144,-12.0,-8.8718,-5.1791
2021-10-22,2021-10-29,Diesel,1,final,True,168.722,174.1506,168.722,168.6913,170.0275,-5.4286,-5.4593,-4.1232
2021-10-22,2021-11-05,Diesel,2,final,True,168.722,175.2935,168.722,168.7697,171.4635,-6.5714,-6.5238,-3.83
2021-10-22,2021-11-12,Diesel,3,final,True,168.722,175.2935,168.722,168.8046,172.8774,-6.5714,-6.4889,-2.4161
2021-10-29,2021-11-05,Diesel,1,final,True,174.1506,175.2935,174.1506,173.6906,174.3583,-1.1429,-1.6029,-0.9352
2021-10-29,2021-11-12,Diesel,2,final,True,174.1506,175.2935,174.1506,173.6084,174.8968,-1.1429,-1.6851,-0.3967
2021-10-29,2021-11-19,Diesel,3,final,True,174.1506,175.2935,174.1506,173.5101,175.4459,-1.1429,-1.7834,0.1524
2021-11-05,2021-11-12,Diesel,1,final,True,175.2935,175.2935,175.2935,174.7311,174.6405,0.0,-0.5624,-0.653
2021-11-05,2021-11-19,Diesel,2,final,True,175.2935,175.2935,175.2935,174.5075,174.2929,0.0,-0.786,-1.0006
2021-11-05,2021-11-26,Diesel,3,final,True,175.2935,172.2935,175.2935,174.4345,174.0999,3.0,2.141,1.8064
2021-11-12,2021-11-19,Diesel,1,final,True,175.2935,175.2935,175.2935,175.6061,175.1174,0.0,0.3126,-0.176
2021-11-12,2021-11-26,Diesel,2,final,True,175.2935,172.2935,175.2935,175.6763,174.7629,3.0,3.3828,2.4694
2021-11-12,2021-12-03,Diesel,3,final,True,175.2935,172.2935,175.2935,175.7245,174.4283,3.0,3.4311,2.1348
2021-11-19,2021-11-26,Diesel,1,final,True,175.2935,172.2935,175.2935,174.1383,174.0999,3.0,1.8448,1.8064
2021-11-19,2021-12-03,Diesel,2,final,True,175.2935,172.2935,175.2935,173.8595,173.6807,3.0,1.566,1.3872
2021-11-19,2021-12-10,Diesel,3,final,True,175.2935,172.2935,175.2935,173.8311,173.4586,3.0,1.5376,1.1652
2021-11-26,2021-12-03,Diesel,1,final,True,172.2935,172.2935,172.2935,171.5244,171.1279,0.0,-0.7691,-1.1656
2021-11-26,2021-12-10,Diesel,2,final,True,172.2935,172.2935,172.2935,171.3646,170.4619,0.0,-0.9289,-1.8316
2021-11-26,2021-12-17,Diesel,3,final,True,172.2935,172.2935,172.2935,171.2545,169.8136,0.0,-1.039,-2.4799
2021-12-03,2021-12-10,Diesel,1,final,True,172.2935,172.2935,172.2935,169.6109,169.8002,0.0,-2.6826,-2.4933
2021-12-03,2021-12-17,Diesel,2,final,True,172.2935,172.2935,172.2935,168.867,168.92,0.0,-3.4265,-3.3734
2021-12-03,2021-12-24,Diesel,3,final,True,172.2935,172.2935,172.2935,168.5942,168.3954,0.0,-3.6993,-3.8981
2021-12-10,2021-12-17,Diesel,1,final,True,172.2935,172.2935,172.2935,173.2663,172.2049,0.0,0.9728,-0.0886
2021-12-10,2021-12-24,Diesel,2,final,True,172.2935,172.2935,172.2935,173.4402,171.4138,0.0,1.1467,-0.8797
2021-12-10,2021-12-31,Diesel,3,final,True,172.2935,172.4235,172.2935,173.4443,170.4821,-0.13,1.0208,-1.9414
2021-12-17,2021-12-24,Diesel,1,final,True,172.2935,172.2935,172.2935,173.3048,172.6872,0.0,1.0113,0.3937
2021-12-17,2021-12-31,Diesel,2,final,True,172.2935,172.4235,172.2935,173.5053,172.408,-0.13,1.0818,-0.0155
2021-12-17,2022-01-07,Diesel,3,final,True,172.2935,172.9862,172.2935,173.7885,172.2005,-0.6927,0.8022,-0.7857
2021-12-24,2021-12-31,Diesel,1,final,True,172.2935,172.4235,172.2935,171.6152,171.5607,-0.13,-0.8082,-0.8627
2021-12-24,2022-01-07,Diesel,2,final,True,172.2935,172.9862,172.2935,171.6616,171.4438,-0.6927,-1.3246,-1.5424
2021-12-24,2022-01-14,Diesel,3,final,True,172.2935,174.932,172.2935,171.718,171.3455,-2.6386,-3.214,-3.5866
2021-12-31,2022-01-07,Diesel,1,final,True,172.4235,172.9862,172.4235,174.7473,173.9091,-0.5627,1.7611,0.9229
2021-12-31,2022-01-14,Diesel,2,final,True,172.4235,174.932,172.4235,175.4044,174.0068,-2.5086,0.4724,-0.9252
2021-12-31,2022-01-21,Diesel,3,final,True,172.4235,178.6027,172.4235,175.5578,173.616,-6.1792,-3.0449,-4.9867
2022-01-07,2022-01-14,Diesel,1,final,True,172.9862,174.932,172.9862,174.7615,174.6595,-1.9458,-0.1706,-0.2726
2022-01-07,2022-01-21,Diesel,2,final,True,172.9862,178.6027,172.9862,175.2251,175.1663,-5.6165,-3.3777,-3.4364
2022-01-07,2022-01-28,Diesel,3,final,True,172.9862,182.0276,172.9862,175.5491,175.6136,-9.0414,-6.4786,-6.414
2022-01-14,2022-01-21,Diesel,1,final,True,174.932,178.6027,174.932,177.2135,177.1736,-3.6707,-1.3892,-1.4292
2022-01-14,2022-01-28,Diesel,2,final,True,174.932,182.0276,174.932,178.0359,178.2473,-7.0956,-3.9917,-3.7803
2022-01-14,2022-02-04,Diesel,3,final,True,174.932,185.9358,174.932,178.3499,178.9372,-11.0038,-7.5859,-6.9986
2022-01-21,2022-01-28,Diesel,1,final,True,178.6027,182.0276,178.6027,181.4235,181.7243,-3.4249,-0.6042,-0.3033
2022-01-21,2022-02-04,Diesel,2,final,True,178.6027,185.9358,178.6027,182.26,183.2194,-7.3331,-3.6758,-2.7164
2022-01-21,2022-02-11,Diesel,3,final,True,178.6027,190.0662,178.6027,182.6723,184.3631,-11.4635,-7.3939,-5.7031
2022-01-28,2022-02-04,Diesel,1,final,True,182.0276,185.9358,182.0276,184.5073,185.1099,-3.9082,-1.4285,-0.8259
2022-01-28,2022-02-11,Diesel,2,final,True,182.0276,190.0662,182.0276,185.3424,186.8081,-8.0386,-4.7239,-3.2581
2022-01-28,2022-02-18,Diesel,3,final,True,182.0276,194.3753,182.0276,185.7304,188.206,-12.3477,-8.6449,-6.1693
2022-02-04,2022-02-11,Diesel,1,final,True,185.9358,190.0662,185.9358,188.5599,189.153,-4.1304,-1.5063,-0.9132
2022-02-04,2022-02-18,Diesel,2,final,True,185.9358,194.3753,185.9358,189.4092,190.9471,-8.4395,-4.9661,-3.4282
2022-02-04,2022-02-25,Diesel,3,final,True,185.9358,197.9924,185.9358,189.7766,192.3816,-12.0566,-8.2157,-5.6107
2022-02-11,2022-02-18,Diesel,1,final,True,190.0662,194.3753,190.0662,191.3518,192.324,-4.3091,-3.0235,-2.0513
2022-02-11,2022-02-25,Diesel,2,final,True,190.0662,197.9924,190.0662,191.8245,193.9417,-7.9262,-6.1679,-4.0506
2022-02-11,2022-03-04,Diesel,3,final,True,190.0662,205.2868,190.0662,192.0728,195.4227,-15.2206,-13.214,-9.8641
2022-02-18,2022-02-25,Diesel,1,final,True,194.3753,197.9924,194.3753,195.5386,196.418,-3.6171,-2.4538,-1.5744
2022-02-18,2022-03-04,Diesel,2,final,True,194.3753,205.2868,194.3753,195.986,197.9114,-10.9115,-9.3007,-7.3754
2022-02-18,2022-03-11,Diesel,3,final,True,194.3753,223.6588,194.3753,196.1464,199.2107,-29.2835,-27.5124,-24.4481
2022-02-25,2022-03-04,Diesel,1,final,True,197.9924,205.2868,197.9924,198.8367,199.5204,-7.2944,-6.4501,-5.7664
2022-02-25,2022-03-11,Diesel,2,final,True,197.9924,223.6588,197.9924,199.125,200.6293,-25.6664,-24.5337,-23.0295
2022-02-25,2022-03-18,Diesel,3,final,True,197.9924,233.4329,197.9924,199.2906,201.6734,-35.4405,-34.1423,-31.7594
2022-03-04,2022-03-11,Diesel,1,final,True,205.2868,223.6588,205.2868,212.1287,211.2207,-18.372,-11.5301,-12.4381
2022-03-04,2022-03-18,Diesel,2,final,True,205.2868,233.4329,205.2868,214.0242,213.0313,-28.1461,-19.4086,-20.4016
2022-03-04,2022-03-25,Diesel,3,final,True,205.2868,229.6973,205.2868,214.7577,213.9533,-24.4105,-14.9396,-15.744
2022-03-11,2022-03-18,Diesel,1,final,True,223.6588,233.4329,223.6588,238.5953,236.9792,-9.7741,5.1625,3.5464
2022-03-11,2022-03-25,Diesel,2,final,True,223.6588,229.6973,223.6588,242.8467,241.3861,-6.0386,13.1493,11.6888
2022-03-11,2022-04-01,Diesel,3,final,True,223.6588,230.4176,223.6588,244.8469,244.0809,-6.7588,14.4293,13.6633
2022-03-18,2022-03-25,Diesel,1,final,True,233.4329,229.6973,233.4329,222.7368,227.1917,3.7355,-6.9605,-2.5057
2022-03-18,2022-04-01,Diesel,2,final,True,233.4329,230.4176,233.4329,220.7352,228.5954,3.0153,-9.6823,-1.8221
2022-03-18,2022-04-08,Diesel,3,final,True,233.4329,225.8198,233.4329,221.0301,232.0651,7.613,-4.7897,6.2453
2022-03-25,2022-04-01,Diesel,1,final,True,229.6973,230.4176,229.6973,237.3722,233.5994,-0.7202,6.9547,3.1818
2022-03-25,2022-04-08,Diesel,2,final,True,229.6973,225.8198,229.6973,239.9046,233.5257,3.8775,14.0848,7.7059
2022-03-25,2022-04-15,Diesel,3,final,True,229.6973,224.8869,229.6973,239.6475,230.9371,4.8105,14.7606,6.0503
2022-04-01,2022-04-08,Diesel,1,final,True,230.4176,225.8198,230.4176,230.7453,231.5853,4.5977,4.9255,5.7655
2022-04-01,2022-04-15,Diesel,2,final,True,230.4176,224.8869,230.4176,229.0402,230.8597,5.5307,4.1533,5.9728
2022-04-01,2022-04-22,Diesel,3,final,True,230.4176,230.5006,230.4176,229.7612,232.3271,-0.0831,-0.7394,1.8265
2022-04-08,2022-04-15,Diesel,1,final,True,225.8198,224.8869,225.8198,227.1063,226.7743,0.933,2.2194,1.8874
2022-04-08,2022-04-22,Diesel,2,final,True,225.8198,230.5006,225.8198,227.281,226.621,-4.6808,-3.2196,-3.8797
2022-04-08,2022-04-29,Diesel,3,final,True,225.8198,238.1805,225.8198,227.157,226.66,-12.3607,-11.0235,-11.5205
2022-04-15,2022-04-22,Diesel,1,final,True,224.8869,230.5006,224.8869,231.1103,230.9685,-5.6138,0.6096,0.4678
2022-04-15,2022-04-29,Diesel,2,final,True,224.8869,238.1805,224.8869,231.0826,231.5844,-13.2936,-7.0979,-6.5961
2022-04-15,2022-05-06,Diesel,3,final,True,224.8869,247.6738,224.8869,231.8188,232.7906,-22.7869,-15.855,-14.8831
2022-04-22,2022-04-29,Diesel,1,final,True,230.5006,238.1805,230.5006,236.0819,237.4713,-7.6799,-2.0986,-0.7092
2022-04-22,2022-05-06,Diesel,2,final,True,230.5006,247.6738,230.5006,237.2488,239.8451,-17.1731,-10.425,-7.8287
2022-04-22,2022-05-13,Diesel,3,final,True,230.5006,260.6372,230.5006,237.8976,242.2893,-30.1365,-22.7396,-18.3479
2022-04-29,2022-05-06,Diesel,1,final,True,238.1805,247.6738,238.1805,240.1066,241.7198,-9.4933,-7.5672,-5.954
2022-04-29,2022-05-13,Diesel,2,final,True,238.1805,260.6372,238.1805,241.0751,244.7153,-22.4567,-19.5621,-15.9219
2022-04-29,2022-05-20,Diesel,3,final,True,238.1805,267.3981,238.1805,241.2458,246.9385,-29.2176,-26.1523,-20.4596
2022-05-06,2022-05-13,Diesel,1,final,True,247.6738,260.6372,247.6738,256.7511,256.5381,-12.9634,-3.886,-4.0991
2022-05-06,2022-05-20,Diesel,2,final,True,247.6738,267.3981,247.6738,259.1646,259.7471,-19.7244,-8.2335,-7.651
2022-05-06,2022-05-27,Diesel,3,final,True,247.6738,267.3315,247.6738,259.4629,261.1919,-19.6577,-7.8685,-6.1396
2022-05-13,2022-05-20,Diesel,1,final,True,260.6372,267.3981,260.6372,259.9511,262.4325,-6.7609,-7.447,-4.9656
2022-05-13,2022-05-27,Diesel,2,final,True,260.6372,267.3315,260.6372,259.4557,264.3814,-6.6943,-7.8757,-2.95
2022-05-13,2022-06-03,Diesel,3,final,True,260.6372,265.1871,260.6372,259.4622,266.8723,-4.5499,-5.7248,1.6852
2022-05-20,2022-05-27,Diesel,1,final,True,267.3981,267.3315,267.3981,262.5192,263.4291,0.0667,-4.8123,-3.9023
2022-05-20,2022-06-03,Diesel,2,final,True,267.3981,265.1871,267.3981,261.2662,262.5398,2.211,-3.9209,-2.6472
2022-05-20,2022-06-10,Diesel,3,final,True,267.3981,269.7693,267.3981,260.5968,262.1724,-2.3711,-9.1725,-7.5969
2022-05-27,2022-06-03,Diesel,1,final,True,267.3315,265.1871,267.3315,264.6725,263.4003,2.1444,-0.5146,-1.7868
2022-05-27,2022-06-10,Diesel,2,final,True,267.3315,269.7693,267.3315,263.4883,260.6749,-2.4378,-6.2809,-9.0943
2022-05-27,2022-06-17,Diesel,3,final,True,267.3315,284.8966,267.3315,262.4149,257.9958,-17.5651,-22.4817,-26.9007
2022-06-03,2022-06-10,Diesel,1,final,True,265.1871,269.7693,265.1871,273.3209,269.2754,-4.5822,3.5517,-0.4939
2022-06-03,2022-06-17,Diesel,2,final,True,265.1871,284.8966,265.1871,275.6613,268.6682,-19.7095,-9.2352,-16.2284
2022-06-03,2022-06-24,Diesel,3,final,True,265.1871,294.425,265.1871,277.0712,267.6574,-29.2379,-17.3538,-26.7676
2022-06-10,2022-06-17,Diesel,1,final,True,269.7693,284.8966,269.7693,278.6801,277.1041,-15.1273,-6.2164,-7.7925
2022-06-10,2022-06-24,Diesel,2,final,True,269.7693,294.425,269.7693,283.1183,281.321,-24.6558,-11.3067,-13.104
2022-06-10,2022-07-01,Diesel,3,final,True,269.7693,296.153,269.7693,285.5257,284.022,-26.3837,-10.6273,-12.131
2022-06-17,2022-06-24,Diesel,1,final,True,284.8966,294.425,284.8966,294.7114,294.671,-9.5285,0.2864,0.246
2022-06-17,2022-07-01,Diesel,2,final,True,284.8966,296.153,284.8966,299.0695,300.1779,-11.2564,2.9165,4.0249
2022-06-17,2022-07-08,Diesel,3,final,True,284.8966,295.8214,284.8966,300.34,303.0731,-10.9249,4.5186,7.2516
2022-06-24,2022-07-01,Diesel,1,final,True,294.425,296.153,294.425,298.6422,299.4692,-1.728,2.4892,3.3162
2022-06-24,2022-07-08,Diesel,2,final,True,294.425,295.8214,294.425,299.8553,301.9338,-1.3964,4.0339,6.1123
2022-06-24,2022-07-15,Diesel,3,final,True,294.425,291.4394,294.425,299.5204,303.0112,2.9856,8.0811,11.5718
2022-07-01,2022-07-08,Diesel,1,final,True,296.153,295.8214,296.153,292.4777,293.5329,0.3315,-3.3438,-2.2885
2022-07-01,2022-07-15,Diesel,2,final,True,296.153,291.4394,296.153,290.147,291.7279,4.7136,-1.2924,0.2886
2022-07-01,2022-07-22,Diesel,3,final,True,296.153,275.5684,296.153,288.6277,290.6386,20.5846,13.0593,15.0702
2022-07-08,2022-07-15,Diesel,1,final,True,295.8214,291.4394,295.8214,285.984,286.6627,4.3821,-5.4554,-4.7767
2022-07-08,2022-07-22,Diesel,2,final,True,295.8214,275.5684,295.8214,281.2966,281.4498,20.2531,5.7283,5.8814
2022-07-08,2022-07-29,Diesel,3,final,True,295.8214,259.5774,295.8214,278.5825,277.7517,36.2441,19.0052,18.1743
2022-07-15,2022-07-22,Diesel,1,final,True,291.4394,275.5684,291.4394,284.3227,282.4336,15.871,8.7544,6.8652
2022-07-15,2022-07-29,Diesel,2,final,True,291.4394,259.5774,291.4394,280.5361,275.8496,31.862,20.9587,16.2723
2022-07-15,2022-08-05,Diesel,3,final,True,291.4394,254.3618,291.4394,278.4415,270.5662,37.0776,24.0797,16.2044
2022-07-22,2022-07-29,Diesel,1,final,True,275.5684,259.5774,275.5684,268.1087,265.6535,15.991,8.5314,6.0762
2022-07-22,2022-08-05,Diesel,2,final,True,275.5684,254.3618,275.5684,264.6286,258.7236,21.2066,10.2668,4.3618
2022-07-22,2022-08-12,Diesel,3,final,True,275.5684,250.5733,275.5684,263.381,253.5633,24.9951,12.8077,2.9901
2022-07-29,2022-08-05,Diesel,1,final,True,259.5774,254.3618,259.5774,254.6219,252.2686,5.2156,0.2601,-2.0932
2022-07-29,2022-08-12,Diesel,2,final,True,259.5774,250.5733,259.5774,252.8405,247.434,9.0041,2.2673,-3.1393
2022-07-29,2022-08-19,Diesel,3,final,True,259.5774,248.1631,259.5774,252.5434,243.8133,11.4143,4.3803,-4.3498
2022-08-05,2022-08-12,Diesel,1,final,True,254.3618,250.5733,254.3618,249.7107,249.5272,3.7885,-0.8626,-1.0461
2022-08-05,2022-08-19,Diesel,2,final,True,254.3618,248.1631,254.3618,248.1889,247.1406,6.1987,0.0258,-1.0224
2022-08-05,2022-08-26,Diesel,3,final,True,254.3618,249.0007,254.3618,247.3822,245.2602,5.361,-1.6186,-3.7405
2022-08-12,2022-08-19,Diesel,1,final,True,250.5733,248.1631,250.5733,246.7894,246.2822,2.4102,-1.3737,-1.8808
2022-08-12,2022-08-26,Diesel,2,final,True,250.5733,249.0007,250.5733,245.0361,243.4802,1.5725,-3.9646,-5.5206
2022-08-12,2022-09-02,Diesel,3,final,True,250.5733,255.3404,250.5733,244.1642,241.2981,-4.7672,-11.1762,-14.0423
2022-08-19,2022-08-26,Diesel,1,final,True,248.1631,249.0007,248.1631,248.921,247.0015,-0.8377,-0.0797,-1.9992
2022-08-19,2022-09-02,Diesel,2,final,True,248.1631,255.3404,248.1631,249.1173,245.3668,-7.1774,-6.2231,-9.9736
2022-08-19,2022-09-09,Diesel,3,final,True,248.1631,258.5126,248.1631,249.5175,243.9498,-10.3495,-8.9951,-14.5628
2022-08-26,2022-09-02,Diesel,1,final,True,249.0007,255.3404,249.0007,257.4405,254.7951,-6.3397,2.1,-0.5454
2022-08-26,2022-09-09,Diesel,2,final,True,249.0007,258.5126,249.0007,261.5748,257.4567,-9.5119,3.0622,-1.0559
2022-08-26,2022-09-16,Diesel,3,final,True,249.0007,258.3342,249.0007,264.6803,259.6282,-9.3335,6.3461,1.294
2022-09-02,2022-09-09,Diesel,1,final,True,255.3404,258.5126,255.3404,258.1933,259.7538,-3.1722,-0.3193,1.2412
2022-09-02,2022-09-16,Diesel,2,final,True,255.3404,258.3342,255.3404,260.7482,264.2319,-2.9938,2.414,5.8977
2022-09-02,2022-09-23,Diesel,3,final,True,255.3404,257.2996,255.3404,262.0773,267.7979,-1.9592,4.7776,10.4982
2022-09-09,2022-09-16,Diesel,1,final,True,258.5126,258.3342,258.5126,259.4326,260.5235,0.1784,1.0984,2.1893
2022-09-09,2022-09-23,Diesel,2,final,True,258.5126,257.2996,258.5126,259.947,262.2231,1.213,2.6473,4.9235
2022-09-09,2022-09-30,Diesel,3,final,True,258.5126,256.319,258.5126,259.2463,262.7815,2.1936,2.9273,6.4625
2022-09-16,2022-09-23,Diesel,1,final,True,258.3342,257.2996,258.3342,254.5924,255.8667,1.0346,-2.7072,-1.4329
2022-09-16,2022-09-30,Diesel,2,final,True,258.3342,256.319,258.3342,251.8245,253.8516,2.0152,-4.4945,-2.4674
2022-09-16,2022-10-07,Diesel,3,final,True,258.3342,255.0195,258.3342,249.6208,252.0642,3.3147,-5.3987,-2.9553
2022-09-23,2022-09-30,Diesel,1,final,True,257.2996,256.319,257.2996,253.8323,253.268,0.9806,-2.4867,-3.051
2022-09-23,2022-10-07,Diesel,2,final,True,257.2996,255.0195,257.2996,251.2079,249.6352,2.2801,-3.8116,-5.3843
2022-09-23,2022-10-14,Diesel,3,final,True,257.2996,260.5977,257.2996,250.2163,247.3009,-3.2981,-10.3815,-13.2968
2022-09-30,2022-10-07,Diesel,1,final,True,256.319,255.0195,256.319,253.6943,252.5865,1.2995,-1.3252,-2.433
2022-09-30,2022-10-14,Diesel,2,final,True,256.319,260.5977,256.319,252.6708,250.1095,-4.2787,-7.9269,-10.4882
2022-09-30,2022-10-21,Diesel,3,final,True,256.319,268.3112,256.319,252.5117,248.3507,-11.9921,-15.7994,-19.9604
2022-10-07,2022-10-14,Diesel,1,final,True,255.0195,260.5977,255.0195,260.0043,256.8658,-5.5782,-0.5935,-3.732
2022-10-07,2022-10-21,Diesel,2,final,True,255.0195,268.3112,255.0195,262.5951,257.0062,-13.2916,-5.7161,-11.3049
2022-10-07,2022-10-28,Diesel,3,final,True,255.0195,269.4607,255.0195,264.9578,257.2461,-14.4412,-4.5029,-12.2146
2022-10-14,2022-10-21,Diesel,1,final,True,260.5977,268.3112,260.5977,267.1043,266.0343,-7.7134,-1.2069,-2.2769
2022-10-14,2022-10-28,Diesel,2,final,True,260.5977,269.4607,260.5977,271.2611,269.9908,-8.863,1.8004,0.5301
2022-10-14,2022-11-04,Diesel,3,final,True,260.5977,268.1082,260.5977,273.8994,272.9871,-7.5105,5.7912,4.8789
2022-10-21,2022-10-28,Diesel,1,final,True,268.3112,269.4607,268.3112,270.6745,271.4774,-1.1496,1.2138,2.0167
2022-10-21,2022-11-04,Diesel,2,final,True,268.3112,268.1082,268.3112,272.4539,274.3518,0.2029,4.3456,6.2436
2022-10-21,2022-11-11,Diesel,3,final,True,268.3112,266.5982,268.3112,272.9311,276.1692,1.7129,6.3329,9.5709
2022-10-28,2022-11-04,Diesel,1,final,True,269.4607,268.1082,269.4607,268.9595,269.0075,1.3525,0.8513,0.8992
2022-10-28,2022-11-11,Diesel,2,final,True,269.4607,266.5982,269.4607,268.3926,268.3989,2.8625,1.7943,1.8006
2022-10-28,2022-11-18,Diesel,3,final,True,269.4607,264.2163,269.4607,266.9274,266.8535,5.2444,2.7111,2.6371
2022-11-04,2022-11-11,Diesel,1,final,True,268.1082,266.5982,268.1082,266.3135,265.8298,1.51,-0.2847,-0.7684
2022-11-04,2022-11-18,Diesel,2,final,True,268.1082,264.2163,268.1082,264.2825,263.0853,3.8919,0.0661,-1.131
2022-11-04,2022-11-25,Diesel,3,final,True,268.1082,256.1989,268.1082,263.0365,260.8796,11.9093,6.8376,4.6807
2022-11-11,2022-11-18,Diesel,1,final,True,266.5982,264.2163,266.5982,263.0936,262.573,2.3819,-1.1227,-1.6433
2022-11-11,2022-11-25,Diesel,2,final,True,266.5982,256.1989,266.5982,261.1595,259.653,10.3993,4.9606,3.4541
2022-11-11,2022-12-02,Diesel,3,final,True,266.5982,247.6052,266.5982,260.5435,257.7913,18.993,12.9383,10.1861
2022-11-18,2022-11-25,Diesel,1,final,True,264.2163,256.1989,264.2163,258.4458,258.3552,8.0174,2.2469,2.1563
2022-11-18,2022-12-02,Diesel,2,final,True,264.2163,247.6052,264.2163,255.9941,255.0078,16.6111,8.3889,7.4026
2022-11-18,2022-12-09,Diesel,3,final,True,264.2163,239.4925,264.2163,254.6098,252.3995,24.7238,15.1173,12.907
2022-11-25,2022-12-02,Diesel,1,final,True,256.1989,247.6052,256.1989,248.8475,248.3128,8.5937,1.2423,0.7076
2022-11-25,2022-12-09,Diesel,2,final,True,256.1989,239.4925,256.1989,245.1828,243.1149,16.7064,5.6903,3.6224
2022-11-25,2022-12-16,Diesel,3,final,True,256.1989,229.8991,256.1989,242.9129,238.838,26.2998,13.0139,8.9389
2022-12-02,2022-12-09,Diesel,1,final,True,247.6052,239.4925,247.6052,241.8058,240.2818,8.1127,2.3133,0.7893
2022-12-02,2022-12-16,Diesel,2,final,True,247.6052,229.8991,247.6052,238.5475,234.7302,17.7061,8.6485,4.8311
2022-12-02,2022-12-23,Diesel,3,final,True,247.6052,226.8482,247.6052,236.8812,230.3384,20.757,10.033,3.4902
2022-12-09,2022-12-16,Diesel,1,final,True,239.4925,229.8991,239.4925,232.1155,231.157,9.5935,2.2164,1.2579
2022-12-09,2022-12-23,Diesel,2,final,True,239.4925,226.8482,239.4925,228.5362,225.6338,12.6443,1.6881,-1.2144
2022-12-09,2022-12-30,Diesel,3,final,True,239.4925,228.7313,239.4925,226.9084,221.5669,10.7612,-1.8229,-7.1644
2022-12-16,2022-12-23,Diesel,1,final,True,229.8991,226.8482,229.8991,228.2613,225.6382,3.0509,1.4131,-1.21
2022-12-16,2022-12-30,Diesel,2,final,True,229.8991,228.7313,229.8991,227.5131,222.0357,1.1678,-1.2182,-6.6956
2022-12-16,2023-01-06,Diesel,3,final,True,229.8991,230.6571,229.8991,227.6258,219.1666,-0.7581,-3.0313,-11.4906
2022-12-23,2022-12-30,Diesel,1,final,True,226.8482,228.7313,226.8482,225.9773,224.8407,-1.8831,-2.754,-3.8905
2022-12-23,2023-01-06,Diesel,2,final,True,226.8482,230.6571,226.8482,226.0229,223.6087,-3.8089,-4.6343,-7.0484
2022-12-23,2023-01-13,Diesel,3,final,True,226.8482,229.8592,226.8482,226.3992,222.6917,-3.011,-3.46,-7.1675
2022-12-30,2023-01-06,Diesel,1,final,True,228.7313,230.6571,228.7313,230.2901,228.9968,-1.9258,-0.367,-1.6604
2022-12-30,2023-01-13,Diesel,2,final,True,228.7313,229.8592,228.7313,231.3935,228.9851,-1.128,1.5343,-0.8741
2022-12-30,2023-01-20,Diesel,3,final,True,228.7313,228.2985,228.7313,232.2834,228.862,0.4327,3.9849,0.5634
2023-01-06,2023-01-13,Diesel,1,final,True,230.6571,229.8592,230.6571,229.2802,229.048,0.7979,-0.579,-0.8112
2023-01-06,2023-01-20,Diesel,2,final,True,230.6571,228.2985,230.6571,229.0307,228.3565,2.3586,0.7322,0.0579
2023-01-06,2023-01-27,Diesel,3,final,True,230.6571,228.354,230.6571,228.4076,227.247,2.3031,0.0536,-1.107
2023-01-13,2023-01-20,Diesel,1,final,True,229.8592,228.2985,229.8592,229.2708,227.911,1.5607,0.9723,-0.3876
2023-01-13,2023-01-27,Diesel,2,final,True,229.8592,228.354,229.8592,228.4912,225.6885,1.5052,0.1372,-2.6655
2023-01-13,2023-02-03,Diesel,3,final,True,229.8592,228.0224,229.8592,228.0048,223.667,1.8368,-0.0176,-4.3554
2023-01-20,2023-01-27,Diesel,1,final,True,228.2985,228.354,228.2985,229.632,227.5913,-0.0555,1.278,-0.7627
2023-01-20,2023-02-03,Diesel,2,final,True,228.2985,228.0224,228.2985,230.1344,226.2386,0.2761,2.1119,-1.7838
2023-01-20,2023-02-10,Diesel,3,final,True,228.2985,226.1005,228.2985,230.6025,224.9129,2.198,4.502,-1.1876
2023-01-27,2023-02-03,Diesel,1,final,True,228.354,228.0224,228.354,229.2426,228.1321,0.3316,1.2202,0.1097
2023-01-27,2023-02-10,Diesel,2,final,True,228.354,226.1005,228.354,229.8944,227.7836,2.2535,3.7938,1.6831
2023-01-27,2023-02-17,Diesel,3,final,True,228.354,224.762,228.354,230.6585,227.629,3.592,5.8965,2.867
2023-02-03,2023-02-10,Diesel,1,final,True,228.0224,226.1005,228.0224,226.0832,225.8376,1.9219,-0.0173,-0.263
2023-02-03,2023-02-17,Diesel,2,final,True,228.0224,224.762,228.0224,225.6121,224.8756,3.2605,0.8501,0.1136
2023-02-03,2023-02-24,Diesel,3,final,True,228.0224,223.6937,228.0224,224.993,223.6917,4.3287,1.2993,-0.002
2023-02-10,2023-02-17,Diesel,1,final,True,226.1005,224.762,226.1005,224.0807,223.2639,1.3386,-0.6813,-1.4981
2023-02-10,2023-02-24,Diesel,2,final,True,226.1005,223.6937,226.1005,222.7152,220.8102,2.4068,-0.9785,-2.8835
2023-02-10,2023-03-03,Diesel,3,final,True,226.1005,222.3492,226.1005,221.6116,218.4641,3.7514,-0.7376,-3.8851
2023-02-17,2023-02-24,Diesel,1,final,True,224.762,223.6937,224.762,223.5817,222.2463,1.0683,-0.112,-1.4474
2023-02-17,2023-03-03,Diesel,2,final,True,224.762,222.3492,224.762,222.5553,219.7434,2.4128,0.2061,-2.6057
2023-02-17,2023-03-10,Diesel,3,final,True,224.762,220.6983,224.762,222.2529,217.8621,4.0637,1.5546,-2.8362
2023-02-24,2023-03-03,Diesel,1,final,True,223.6937,222.3492,223.6937,221.5238,220.5085,1.3445,-0.8254,-1.8406
2023-02-24,2023-03-10,Diesel,2,final,True,223.6937,220.6983,223.6937,220.6723,218.3989,2.9954,-0.026,-2.2994
2023-02-24,2023-03-17,Diesel,3,final,True,223.6937,219.6106,223.6937,220.5408,216.9065,4.0831,0.9302,-2.7041
2023-03-03,2023-03-10,Diesel,1,final,True,222.3492,220.6983,222.3492,223.1084,221.2344,1.6509,2.4102,0.5361
2023-03-03,2023-03-17,Diesel,2,final,True,222.3492,219.6106,222.3492,223.7408,220.0759,2.7385,4.1302,0.4652
2023-03-03,2023-03-24,Diesel,3,final,True,222.3492,214.9643,222.3492,224.2172,218.8043,7.3848,9.2529,3.8399
2023-03-10,2023-03-17,Diesel,1,final,True,220.6983,219.6106,220.6983,220.8181,219.7482,1.0876,1.2075,0.1375
2023-03-10,2023-03-24,Diesel,2,final,True,220.6983,214.9643,220.6983,221.0475,218.8923,5.7339,6.0832,3.9279
2023-03-10,2023-03-31,Diesel,3,final,True,220.6983,211.1355,220.6983,221.2016,217.9707,9.5628,10.0661,6.8352
2023-03-17,2023-03-24,Diesel,1,final,True,219.6106,214.9643,219.6106,216.7493,216.4342,4.6463,1.785,1.4698
2023-03-17,2023-03-31,Diesel,2,final,True,219.6106,211.1355,219.6106,215.4287,214.4483,8.4751,4.2932,3.3129
2023-03-17,2023-04-07,Diesel,3,final,True,219.6106,210.5214,219.6106,214.5282,212.7288,9.0892,4.0068,2.2074
2023-03-24,2023-03-31,Diesel,1,final,True,214.9643,211.1355,214.9643,212.423,211.3112,3.8288,1.2876,0.1757
2023-03-24,2023-04-07,Diesel,2,final,True,214.9643,210.5214,214.9643,210.9395,208.4187,4.4429,0.418,-2.1027
2023-03-24,2023-04-14,Diesel,3,final,True,214.9643,210.2204,214.9643,209.8344,205.7331,4.7439,-0.3861,-4.4873
2023-03-31,2023-04-07,Diesel,1,final,True,211.1355,210.5214,211.1355,210.6025,209.0878,0.614,0.081,-1.4336
2023-03-31,2023-04-14,Diesel,2,final,True,211.1355,210.2204,211.1355,209.9481,206.8542,0.915,-0.2723,-3.3662
2023-03-31,2023-04-21,Diesel,3,final,True,211.1355,209.5792,211.1355,209.9989,205.2657,1.5562,0.4197,-4.3135
2023-04-07,2023-04-14,Diesel,1,final,True,210.5214,210.2204,210.5214,211.1625,209.6882,0.301,0.942,-0.5322
2023-04-07,2023-04-21,Diesel,2,final,True,210.5214,209.5792,210.5214,211.8445,208.9789,0.9422,2.2652,-0.6003
2023-04-07,2023-04-28,Diesel,3,final,True,210.5214,206.6603,210.5214,212.7134,208.5189,3.8612,6.0531,1.8586
2023-04-14,2023-04-21,Diesel,1,final,True,210.2204,209.5792,210.2204,210.4606,209.8104,0.6412,0.8814,0.2312
2023-04-14,2023-04-28,Diesel,2,final,True,210.2204,206.6603,210.2204,211.1286,209.8331,3.5602,4.4683,3.1728
2023-04-14,2023-05-05,Diesel,3,final,True,210.2204,198.4038,210.2204,211.4257,209.5266,11.8167,13.0219,11.1229
2023-04-21,2023-04-28,Diesel,1,final,True,209.5792,206.6603,209.5792,208.9465,208.6337,2.919,2.2862,1.9735
2023-04-21,2023-05-05,Diesel,2,final,True,209.5792,198.4038,209.5792,208.6197,207.882,11.1755,10.216,9.4782
2023-04-21,2023-05-12,Diesel,3,final,True,209.5792,191.6163,209.5792,208.1157,206.9066,17.9629,16.4994,15.2902
2023-04-28,2023-05-05,Diesel,1,final,True,206.6603,198.4038,206.6603,204.8415,204.4364,8.2565,6.4378,6.0327
2023-04-28,2023-05-12,Diesel,2,final,True,206.6603,191.6163,206.6603,203.6222,202.5892,15.0439,12.0058,10.9729
2023-04-28,2023-05-19,Diesel,3,final,True,206.6603,188.6684,206.6603,202.7959,201.0084,17.9919,14.1275,12.3401
2023-05-05,2023-05-12,Diesel,1,final,True,198.4038,191.6163,198.4038,193.2349,193.2726,6.7874,1.6186,1.6562
2023-05-05,2023-05-19,Diesel,2,final,True,198.4038,188.6684,198.4038,190.5175,190.0036,9.7354,1.8491,1.3352
2023-05-05,2023-05-26,Diesel,3,final,True,198.4038,189.0758,198.4038,188.9481,187.5851,9.3279,-0.1277,-1.4907
2023-05-12,2023-05-19,Diesel,1,final,True,191.6163,188.6684,191.6163,189.5588,188.6086,2.948,0.8904,-0.0598
2023-05-12,2023-05-26,Diesel,2,final,True,191.6163,189.0758,191.6163,188.3046,186.1837,2.5405,-0.7712,-2.8921
2023-05-12,2023-06-02,Diesel,3,final,True,191.6163,189.4475,191.6163,187.8305,184.385,2.1688,-1.6171,-5.0625
2023-05-19,2023-05-26,Diesel,1,final,True,188.6684,189.0758,188.6684,188.2658,187.7936,-0.4074,-0.81,-1.2822
2023-05-19,2023-06-02,Diesel,2,final,True,188.6684,189.4475,188.6684,188.2012,187.203,-0.7791,-1.2463,-2.2446
2023-05-19,2023-06-09,Diesel,3,final,True,188.6684,189.2117,188.6684,188.6681,187.1153,-0.5433,-0.5437,-2.0964
2023-05-26,2023-06-02,Diesel,1,final,True,189.0758,189.4475,189.0758,189.4612,189.4679,-0.3717,0.0136,0.0203
2023-05-26,2023-06-09,Diesel,2,final,True,189.0758,189.2117,189.0758,190.1457,190.1835,-0.1359,0.934,0.9718
2023-05-26,2023-06-16,Diesel,3,final,True,189.0758,188.9427,189.0758,190.8395,190.9536,0.1331,1.8968,2.0109
2023-06-02,2023-06-09,Diesel,1,final,True,189.4475,189.2117,189.4475,190.0926,190.2545,0.2358,0.8809,1.0427
2023-06-02,2023-06-16,Diesel,2,final,True,189.4475,188.9427,189.4475,190.7673,191.1321,0.5048,1.8246,2.1894
2023-06-02,2023-06-23,Diesel,3,final,True,189.4475,188.6587,189.4475,190.8588,191.4618,0.7888,2.2001,2.8031
2023-06-09,2023-06-16,Diesel,1,final,True,189.2117,188.9427,189.2117,190.9097,190.846,0.269,1.967,1.9033
2023-06-09,2023-06-23,Diesel,2,final,True,189.2117,188.6587,189.2117,191.5004,191.5287,0.553,2.8417,2.8699
2023-06-09,2023-06-30,Diesel,3,final,True,189.2117,188.8729,189.2117,191.8202,192.0103,0.3389,2.9474,3.1375
2023-06-16,2023-06-23,Diesel,1,final,True,188.9427,188.6587,188.9427,188.4525,189.1314,0.284,-0.2063,0.4727
2023-06-16,2023-06-30,Diesel,2,final,True,188.9427,188.8729,188.9427,188.2493,189.5512,0.0698,-0.6235,0.6784
2023-06-16,2023-07-07,Diesel,3,final,True,188.9427,189.409,188.9427,188.0988,190.0057,-0.4663,-1.3102,0.5968
2023-06-23,2023-06-30,Diesel,1,final,True,188.6587,188.8729,188.6587,189.5009,189.7434,-0.2141,0.6281,0.8706
2023-06-23,2023-07-07,Diesel,2,final,True,188.6587,189.409,188.6587,189.8683,190.4573,-0.7502,0.4593,1.0483
2023-06-23,2023-07-14,Diesel,3,final,True,188.6587,188.8696,188.6587,190.0751,191.0506,-0.2109,1.2055,2.181
2023-06-30,2023-07-07,Diesel,1,final,True,188.8729,189.409,188.8729,189.0229,189.1899,-0.5361,-0.3861,-0.2191
2023-06-30,2023-07-14,Diesel,2,final,True,188.8729,188.8696,188.8729,189.1232,189.4715,0.0032,0.2536,0.6019
2023-06-30,2023-07-21,Diesel,3,final,True,188.8729,189.0491,188.8729,189.1949,189.7346,-0.1762,0.1459,0.6855
2023-07-07,2023-07-14,Diesel,1,final,True,189.409,188.8696,189.409,191.6644,191.1902,0.5394,2.7948,2.3206
2023-07-07,2023-07-21,Diesel,2,final,True,189.409,189.0491,189.409,192.7909,192.1065,0.3599,3.7418,3.0574
2023-07-07,2023-07-28,Diesel,3,final,True,189.409,194.2297,189.409,193.6161,192.848,-4.8207,-0.6136,-1.3817
2023-07-14,2023-07-21,Diesel,1,final,True,188.8696,189.0491,188.8696,191.7397,191.6132,-0.1794,2.6906,2.5641
2023-07-14,2023-07-28,Diesel,2,final,True,188.8696,194.2297,188.8696,193.4032,193.4829,-5.3601,-0.8265,-0.7468
2023-07-14,2023-08-04,Diesel,3,final,True,188.8696,200.6757,188.8696,194.377,194.843,-11.8061,-6.2986,-5.8326
2023-07-21,2023-07-28,Diesel,1,final,True,189.0491,194.2297,189.0491,192.4966,193.0359,-5.1806,-1.7331,-1.1938
2023-07-21,2023-08-04,Diesel,2,final,True,189.0491,200.6757,189.0491,194.3377,195.7999,-11.6266,-6.3379,-4.8758
2023-07-21,2023-08-11,Diesel,3,final,True,189.0491,209.2462,189.0491,195.4021,197.9982,-20.1971,-13.8441,-11.248
2023-07-28,2023-08-04,Diesel,1,final,True,194.2297,200.6757,194.2297,199.1465,199.8502,-6.446,-1.5291,-0.8254
2023-07-28,2023-08-11,Diesel,2,final,True,194.2297,209.2462,194.2297,201.7066,203.663,-15.0165,-7.5396,-5.5832
2023-07-28,2023-08-18,Diesel,3,final,True,194.2297,216.6819,194.2297,203.0199,206.5117,-22.4522,-13.662,-10.1702
2023-08-04,2023-08-11,Diesel,1,final,True,200.6757,209.2462,200.6757,206.089,207.3699,-8.5705,-3.1572,-1.8763
2023-08-04,2023-08-18,Diesel,2,final,True,200.6757,216.6819,200.6757,208.8034,211.9653,-16.0063,-7.8785,-4.7167
2023-08-04,2023-08-25,Diesel,3,final,True,200.6757,219.8028,200.6757,210.3391,215.6938,-19.1272,-9.4637,-4.109
2023-08-11,2023-08-18,Diesel,1,final,True,209.2462,216.6819,209.2462,213.0641,214.7075,-7.4357,-3.6179,-1.9744
2023-08-11,2023-08-25,Diesel,2,final,True,209.2462,219.8028,209.2462,215.1461,218.873,-10.5566,-4.6567,-0.9299
2023-08-11,2023-09-01,Diesel,3,final,True,209.2462,222.6847,209.2462,216.0957,222.1509,-13.4385,-6.589,-0.5338
2023-08-18,2023-08-25,Diesel,1,final,True,216.6819,219.8028,216.6819,219.5229,220.871,-3.1209,-0.2799,1.0682
2023-08-18,2023-09-01,Diesel,2,final,True,216.6819,222.6847,216.6819,220.8524,223.8809,-6.0028,-1.8323,1.1962
2023-08-18,2023-09-08,Diesel,3,final,True,216.6819,226.4187,216.6819,221.2355,226.1158,-9.7368,-5.1831,-0.3029
2023-08-25,2023-09-01,Diesel,1,final,True,219.8028,222.6847,219.8028,221.799,222.855,-2.8819,-0.8857,0.1702
2023-08-25,2023-09-08,Diesel,2,final,True,219.8028,226.4187,219.8028,222.5091,224.8675,-6.6159,-3.9095,-1.5512
2023-08-25,2023-09-15,Diesel,3,final,True,219.8028,230.2889,219.8028,222.7515,226.5271,-10.4861,-7.5374,-3.7618
2023-09-01,2023-09-08,Diesel,1,final,True,222.6847,226.4187,222.6847,224.1245,225.1445,-3.734,-2.2942,-1.2742
2023-09-01,2023-09-15,Diesel,2,final,True,222.6847,230.2889,222.6847,224.7263,226.9639,-7.6042,-5.5627,-3.325
2023-09-01,2023-09-22,Diesel,3,final,True,222.6847,236.892,222.6847,225.0823,228.6317,-14.2073,-11.8097,-8.2603
2023-09-08,2023-09-15,Diesel,1,final,True,226.4187,230.2889,226.4187,228.4608,229.3604,-3.8702,-1.8281,-0.9285
2023-09-08,2023-09-22,Diesel,2,final,True,226.4187,236.892,226.4187,229.5291,231.5825,-10.4733,-7.3629,-5.3095
2023-09-08,2023-09-29,Diesel,3,final,True,226.4187,238.9037,226.4187,230.1538,233.4853,-12.485,-8.7498,-5.4183
2023-09-15,2023-09-22,Diesel,1,final,True,230.2889,236.892,230.2889,234.0908,234.6733,-6.6031,-2.8012,-2.2187
2023-09-15,2023-09-29,Diesel,2,final,True,230.2889,238.9037,230.2889,236.0679,237.6574,-8.6147,-2.8357,-1.2463
2023-09-15,2023-10-06,Diesel,3,final,True,230.2889,235.3202,230.2889,237.2758,240.0866,-5.0313,1.9556,4.7665
2023-09-22,2023-09-29,Diesel,1,final,True,236.892,238.9037,236.892,238.2278,239.6413,-2.0117,-0.6759,0.7377
2023-09-22,2023-10-06,Diesel,2,final,True,236.892,235.3202,236.892,239.1216,242.0954,1.5718,3.8014,6.7752
2023-09-22,2023-10-13,Diesel,3,final,True,236.892,233.7726,236.892,239.5047,244.1416,3.1193,5.7321,10.369
2023-09-29,2023-10-06,Diesel,1,final,True,238.9037,235.3202,238.9037,239.4548,240.0594,3.5835,4.1346,4.7392
2023-09-29,2023-10-13,Diesel,2,final,True,238.9037,233.7726,238.9037,239.6687,240.9426,5.131,5.896,7.17
2023-09-29,2023-10-20,Diesel,3,final,True,238.9037,231.637,238.9037,239.4557,241.4316,7.2667,7.8187,9.7946
2023-10-06,2023-10-13,Diesel,1,final,True,235.3202,233.7726,235.3202,232.4461,233.5555,1.5475,-1.3265,-0.2171
2023-10-06,2023-10-20,Diesel,2,final,True,235.3202,231.637,235.3202,230.7006,232.6106,3.6832,-0.9364,0.9737
2023-10-06,2023-10-27,Diesel,3,final,True,235.3202,230.987,235.3202,229.4554,232.0085,4.3332,-1.5316,1.0216
2023-10-13,2023-10-20,Diesel,1,final,True,233.7726,231.637,233.7726,230.0926,230.9283,2.1356,-1.5444,-0.7086
2023-10-13,2023-10-27,Diesel,2,final,True,233.7726,230.987,233.7726,227.8885,229.1854,2.7857,-3.0985,-1.8016
2023-10-13,2023-11-03,Diesel,3,final,True,233.7726,230.9389,233.7726,226.675,228.2298,2.8338,-4.2639,-2.7091
2023-10-20,2023-10-27,Diesel,1,final,True,231.637,230.987,231.637,231.9989,231.5375,0.65,1.0119,0.5506
2023-10-20,2023-11-03,Diesel,2,final,True,231.637,230.9389,231.637,232.0638,231.2242,0.6981,1.1249,0.2853
2023-10-20,2023-11-10,Diesel,3,final,True,231.637,229.2606,231.637,232.4433,231.2179,2.3764,3.1827,1.9572
2023-10-27,2023-11-03,Diesel,1,final,True,230.987,230.9389,230.987,229.4737,230.4172,0.0481,-1.4652,-0.5217
2023-10-27,2023-11-10,Diesel,2,final,True,230.987,229.2606,230.987,229.0669,230.7716,1.7263,-0.1937,1.511
2023-10-27,2023-11-17,Diesel,3,final,True,230.987,225.391,230.987,229.2457,231.6504,5.596,3.8547,6.2595
2023-11-03,2023-11-10,Diesel,1,final,True,230.9389,229.2606,230.9389,228.7592,229.6436,1.6783,-0.5014,0.3829
2023-11-03,2023-11-17,Diesel,2,final,True,230.9389,225.391,230.9389,228.0376,229.5481,5.5479,2.6467,4.1571
2023-11-03,2023-11-24,Diesel,3,final,True,230.9389,221.3726,230.9389,227.3915,229.392,9.5663,6.0188,8.0194
2023-11-10,2023-11-17,Diesel,1,final,True,229.2606,225.391,229.2606,224.0099,225.2331,3.8697,-1.3811,-0.1579
2023-11-10,2023-11-24,Diesel,2,final,True,229.2606,221.3726,229.2606,221.0597,222.8614,7.888,-0.3129,1.4887
2023-11-10,2023-12-01,Diesel,3,final,True,229.2606,218.0557,229.2606,219.0308,221.0663,11.2049,0.9751,3.0106
2023-11-17,2023-11-24,Diesel,1,final,True,225.391,221.3726,225.391,221.4402,221.2085,4.0183,0.0675,-0.1641
2023-11-17,2023-12-01,Diesel,2,final,True,225.391,218.0557,225.391,218.8975,217.9752,7.3353,0.8418,-0.0805
2023-11-17,2023-12-08,Diesel,3,final,True,225.391,213.7873,225.391,217.7309,215.8702,11.6036,3.9436,2.0829
2023-11-24,2023-12-01,Diesel,1,final,True,221.3726,218.0557,221.3726,218.4827,217.9879,3.3169,0.427,-0.0678
2023-11-24,2023-12-08,Diesel,2,final,True,221.3726,213.7873,221.3726,217.1393,215.863,7.5853,3.352,2.0756
2023-11-24,2023-12-15,Diesel,3,final,True,221.3726,207.6023,221.3726,216.8546,214.6191,13.7703,9.2523,7.0167
2023-12-01,2023-12-08,Diesel,1,final,True,218.0557,213.7873,218.0557,215.4228,215.3489,4.2684,1.6355,1.5616
2023-12-01,2023-12-15,Diesel,2,final,True,218.0557,207.6023,218.0557,214.4844,214.0133,10.4534,6.8821,6.411
2023-12-01,2023-12-22,Diesel,3,final,True,218.0557,205.7797,218.0557,214.3047,213.2922,12.2759,8.5249,7.5125
2023-12-08,2023-12-15,Diesel,1,final,True,213.7873,207.6023,213.7873,210.7399,210.9817,6.185,3.1376,3.3794
2023-12-08,2023-12-22,Diesel,2,final,True,213.7873,205.7797,213.7873,209.4925,209.5915,8.0076,3.7128,3.8117
2023-12-08,2023-12-29,Diesel,3,final,True,213.7873,205.3613,213.7873,208.626,208.3702,8.426,3.2647,3.0089
2023-12-15,2023-12-22,Diesel,1,final,True,207.6023,205.7797,207.6023,206.2382,205.7745,1.8226,0.4584,-0.0052
2023-12-15,2023-12-29,Diesel,2,final,True,207.6023,205.3613,207.6023,205.3186,204.1688,2.241,-0.0427,-1.1925
2023-12-15,2024-01-05,Diesel,3,final,True,207.6023,207.5846,207.6023,204.8724,202.9153,0.0178,-2.7121,-4.6692
2023-12-22,2023-12-29,Diesel,1,final,True,205.7797,205.3613,205.7797,204.6064,204.7223,0.4184,-0.7549,-0.639
2023-12-22,2024-01-05,Diesel,2,final,True,205.7797,207.5846,205.7797,204.0314,204.1144,-1.8048,-3.5532,-3.4702
2023-12-22,2024-01-12,Diesel,3,final,True,205.7797,207.112,205.7797,203.9764,203.9522,-1.3322,-3.1356,-3.1598
2023-12-29,2024-01-05,Diesel,1,final,True,205.3613,207.5846,205.3613,204.5726,204.7,-2.2233,-3.0119,-2.8846
2023-12-29,2024-01-12,Diesel,2,final,True,205.3613,207.112,205.3613,204.4101,204.5659,-1.7507,-2.7019,-2.5461
2023-12-29,2024-01-19,Diesel,3,final,True,205.3613,206.7037,205.3613,204.4669,204.605,-1.3424,-2.2368,-2.0987
2024-01-05,2024-01-12,Diesel,1,final,True,207.5846,207.112,207.5846,207.7629,207.6743,0.4726,0.6509,0.5624
2024-01-05,2024-01-19,Diesel,2,final,True,207.5846,206.7037,207.5846,207.9939,207.8087,0.8809,1.2902,1.1051
2024-01-05,2024-01-26,Diesel,3,final,True,207.5846,207.9188,207.5846,208.1028,207.8107,-0.3342,0.1841,-0.1081
2024-01-12,2024-01-19,Diesel,1,final,True,207.112,206.7037,207.112,207.9759,207.5683,0.4083,1.2722,0.8646
2024-01-12,2024-01-26,Diesel,2,final,True,207.112,207.9188,207.112,208.4065,207.6529,-0.8068,0.4878,-0.2658
2024-01-12,2024-02-02,Diesel,3,final,True,207.112,210.9281,207.112,208.7369,207.6776,-3.8161,-2.1912,-3.2505
2024-01-19,2024-01-26,Diesel,1,final,True,206.7037,207.9188,206.7037,208.841,208.2507,-1.2151,0.9223,0.332
2024-01-19,2024-02-02,Diesel,2,final,True,206.7037,210.9281,206.7037,210.0375,209.0928,-4.2244,-0.8906,-1.8352
2024-01-19,2024-02-09,Diesel,3,final,True,206.7037,213.4587,206.7037,210.7991,209.6223,-6.755,-2.6596,-3.8363
2024-01-26,2024-02-02,Diesel,1,final,True,207.9188,210.9281,207.9188,211.0879,210.8289,-3.0093,0.1598,-0.0992
2024-01-26,2024-02-09,Diesel,2,final,True,207.9188,213.4587,207.9188,212.8528,212.684,-5.5399,-0.6059,-0.7747
2024-01-26,2024-02-16,Diesel,3,final,True,207.9188,215.5128,207.9188,213.8914,214.0005,-7.594,-1.6214,-1.5123
2024-02-02,2024-02-09,Diesel,1,final,True,210.9281,213.4587,210.9281,214.1708,214.4351,-2.5306,0.7121,0.9764
2024-02-02,2024-02-16,Diesel,2,final,True,210.9281,215.5128,210.9281,215.9615,216.8474,-4.5847,0.4486,1.3346
2024-02-02,2024-02-23,Diesel,3,final,True,210.9281,217.3647,210.9281,216.9068,218.6137,-6.4366,-0.4579,1.249
2024-02-09,2024-02-16,Diesel,1,final,True,213.4587,215.5128,213.4587,215.3628,216.1434,-2.0541,-0.15,0.6306
2024-02-09,2024-02-23,Diesel,2,final,True,213.4587,217.3647,213.4587,216.3656,218.1393,-3.906,-0.9991,0.7746
2024-02-09,2024-03-01,Diesel,3,final,True,213.4587,217.6031,213.4587,216.6987,219.5855,-4.1444,-0.9045,1.9823
2024-02-16,2024-02-23,Diesel,1,final,True,215.5128,217.3647,215.5128,217.0745,217.6673,-1.8519,-0.2902,0.3026
2024-02-16,2024-03-01,Diesel,2,final,True,215.5128,217.6031,215.5128,217.6929,219.0625,-2.0903,0.0898,1.4594
2024-02-16,2024-03-08,Diesel,3,final,True,215.5128,217.3401,215.5128,217.8666,220.1063,-1.8273,0.5265,2.7662
2024-02-23,2024-03-01,Diesel,1,final,True,217.3647,217.6031,217.3647,216.0137,217.1108,-0.2384,-1.5894,-0.4923
2024-02-23,2024-03-08,Diesel,2,final,True,217.3647,217.3401,217.3647,215.1877,217.2495,0.0246,-2.1524,-0.0906
2024-02-23,2024-03-15,Diesel,3,final,True,217.3647,216.6426,217.3647,214.5882,217.5531,0.7221,-2.0544,0.9105
2024-03-01,2024-03-08,Diesel,1,final,True,217.6031,217.3401,217.6031,216.3626,216.6056,0.263,-0.9775,-0.7345
2024-03-01,2024-03-15,Diesel,2,final,True,217.6031,216.6426,217.6031,215.5543,215.9301,0.9606,-1.0883,-0.7124
2024-03-01,2024-03-22,Diesel,3,final,True,217.6031,216.1506,217.6031,215.0654,215.5014,1.4525,-1.0852,-0.6492
2024-03-08,2024-03-15,Diesel,1,final,True,217.3401,216.6426,217.3401,216.1607,216.2162,0.6975,-0.4819,-0.4264
2024-03-08,2024-03-22,Diesel,2,final,True,217.3401,216.1506,217.3401,215.4823,215.4779,1.1895,-0.6683,-0.6727
2024-03-08,2024-03-29,Diesel,3,final,True,217.3401,217.2803,217.3401,215.2012,215.0614,0.0598,-2.0792,-2.2189
2024-03-15,2024-03-22,Diesel,1,final,True,216.6426,216.1506,216.6426,215.4044,215.5519,0.4919,-0.7462,-0.5987
2024-03-15,2024-03-29,Diesel,2,final,True,216.6426,217.2803,216.6426,214.8409,214.9953,-0.6378,-2.4395,-2.285
2024-03-15,2024-04-05,Diesel,3,final,True,216.6426,216.9882,216.6426,214.7181,214.8161,-0.3457,-2.2701,-2.1721
2024-03-22,2024-03-29,Diesel,1,final,True,216.1506,217.2803,216.1506,217.5025,216.7776,-1.1297,0.2221,-0.5027
2024-03-22,2024-04-05,Diesel,2,final,True,216.1506,216.9882,216.1506,218.3622,217.0694,-0.8376,1.374,0.0811
2024-03-22,2024-04-12,Diesel,3,final,True,216.1506,216.8775,216.1506,218.9426,217.1412,-0.7269,2.0651,0.2637
2024-03-29,2024-04-05,Diesel,1,final,True,217.2803,216.9882,217.2803,217.3605,217.2854,0.2921,0.3723,0.2971
2024-03-29,2024-04-12,Diesel,2,final,True,217.2803,216.8775,217.2803,217.5406,217.3609,0.4029,0.6631,0.4835
2024-03-29,2024-04-19,Diesel,3,final,True,217.2803,217.0856,217.2803,217.7116,217.4363,0.1948,0.6261,0.3507
2024-04-05,2024-04-12,Diesel,1,final,True,216.9882,216.8775,216.9882,218.8389,218.0983,0.1108,1.9614,1.2208
2024-04-05,2024-04-19,Diesel,2,final,True,216.9882,217.0856,216.9882,219.8599,218.5808,-0.0973,2.7743,1.4952
2024-04-05,2024-04-26,Diesel,3,final,True,216.9882,216.8883,216.9882,220.4157,218.6976,0.0999,3.5274,1.8092
2024-04-12,2024-04-19,Diesel,1,final,True,216.8775,217.0856,216.8775,218.1475,218.0734,-0.2081,1.0619,0.9879
2024-04-12,2024-04-26,Diesel,2,final,True,216.8775,216.8883,216.8775,218.826,218.8071,-0.0109,1.9377,1.9188
2024-04-12,2024-05-03,Diesel,3,final,True,216.8775,215.9802,216.8775,219.15,219.2533,0.8973,3.1699,3.2732
2024-04-19,2024-04-26,Diesel,1,final,True,217.0856,216.8883,217.0856,216.9047,217.1782,0.1972,0.0164,0.2898
2024-04-19,2024-05-03,Diesel,2,final,True,217.0856,215.9802,217.0856,216.7869,217.3018,1.1054,0.8068,1.3216
2024-04-19,2024-05-10,Diesel,3,final,True,217.0856,214.1391,217.0856,216.7061,217.4706,2.9465,2.567,3.3315
2024-04-26,2024-05-03,Diesel,1,final,True,216.8883,215.9802,216.8883,215.3951,215.7562,0.9082,-0.585,-0.224
2024-04-26,2024-05-10,Diesel,2,final,True,216.8883,214.1391,216.8883,214.6137,215.1852,2.7492,0.4746,1.0461
2024-04-26,2024-05-17,Diesel,3,final,True,216.8883,211.3073,216.8883,213.9407,214.6235,5.581,2.6333,3.3162
2024-05-03,2024-05-10,Diesel,1,final,True,215.9802,214.1391,215.9802,214.4548,214.4954,1.841,0.3157,0.3563
2024-05-03,2024-05-17,Diesel,2,final,True,215.9802,211.3073,215.9802,213.4042,213.3004,4.6728,2.0969,1.9931
2024-05-03,2024-05-24,Diesel,3,final,True,215.9802,208.451,215.9802,212.8713,212.5267,7.5291,4.4203,4.0757
2024-05-10,2024-05-17,Diesel,1,final,True,214.1391,211.3073,214.1391,211.9843,212.0,2.8318,0.6769,0.6927
2024-05-10,2024-05-24,Diesel,2,final,True,214.1391,208.451,214.1391,210.8869,210.6943,5.6881,2.4358,2.2433
2024-05-10,2024-05-31,Diesel,3,final,True,214.1391,206.0106,214.1391,210.3997,209.8747,8.1285,4.3891,3.8641
2024-05-17,2024-05-24,Diesel,1,final,True,211.3073,208.451,211.3073,209.2245,209.1686,2.8563,0.7735,0.7175
2024-05-17,2024-05-31,Diesel,2,final,True,211.3073,206.0106,211.3073,208.2334,207.8829,5.2967,2.2228,1.8723
2024-05-17,2024-06-07,Diesel,3,final,True,211.3073,201.8524,211.3073,207.7678,206.9922,9.4549,5.9154,5.1398
2024-05-24,2024-05-31,Diesel,1,final,True,208.451,206.0106,208.451,206.9667,206.6515,2.4404,0.9561,0.6408
2024-05-24,2024-06-07,Diesel,2,final,True,208.451,201.8524,208.451,206.2497,205.4316,6.5986,4.3973,3.5792
2024-05-24,2024-06-14,Diesel,3,final,True,208.451,197.7922,208.451,205.9256,204.4985,10.6589,8.1335,6.7064
2024-05-31,2024-06-07,Diesel,1,final,True,206.0106,201.8524,206.0106,205.3762,204.8582,4.1582,3.5238,3.0058
2024-05-31,2024-06-14,Diesel,2,final,True,206.0106,197.7922,206.0106,205.0915,203.9593,8.2185,7.2994,6.1672
2024-05-31,2024-06-21,Diesel,3,final,True,206.0106,197.3807,206.0106,205.0807,203.2847,8.6299,7.7,5.904
2024-06-07,2024-06-14,Diesel,1,final,True,201.8524,197.7922,201.8524,199.3631,199.7749,4.0603,1.5709,1.9827
2024-06-07,2024-06-21,Diesel,2,final,True,201.8524,197.3807,201.8524,198.2186,198.7382,4.4717,0.8378,1.3574
2024-06-07,2024-06-28,Diesel,3,final,True,201.8524,200.1468,201.8524,197.5651,198.0438,1.7056,-2.5817,-2.103
2024-06-14,2024-06-21,Diesel,1,final,True,197.7922,197.3807,197.7922,198.8266,198.339,0.4114,1.4459,0.9582
2024-06-14,2024-06-28,Diesel,2,final,True,197.7922,200.1468,197.7922,199.2845,198.4113,-2.3547,-0.8623,-1.7355
2024-06-14,2024-07-05,Diesel,3,final,True,197.7922,196.9315,197.7922,199.6356,198.4075,0.8607,2.7041,1.476
2024-06-21,2024-06-28,Diesel,1,final,True,197.3807,200.1468,197.3807,199.4217,199.6601,-2.7661,-0.7251,-0.4867
2024-06-21,2024-07-05,Diesel,2,final,True,197.3807,196.9315,197.3807,200.5839,201.2712,0.4493,3.6525,4.3397
2024-06-21,2024-07-12,Diesel,3,final,True,197.3807,198.6579,197.3807,201.4867,202.7389,-1.2772,2.8287,4.081
2024-06-28,2024-07-05,Diesel,1,final,True,200.1468,196.9315,200.1468,201.8317,202.7009,3.2153,4.9002,5.7695
2024-06-28,2024-07-12,Diesel,2,final,True,200.1468,198.6579,200.1468,203.0048,204.9197,1.4889,4.3469,6.2618
2024-06-28,2024-07-19,Diesel,3,final,True,200.1468,198.9035,200.1468,203.7462,206.8249,1.2433,4.8426,7.9214
2024-07-05,2024-07-12,Diesel,1,final,True,196.9315,198.6579,196.9315,198.3705,199.1642,-1.7265,-0.2874,0.5063
2024-07-05,2024-07-19,Diesel,2,final,True,196.9315,198.9035,196.9315,199.249,200.9835,-1.972,0.3455,2.08
2024-07-05,2024-07-26,Diesel,3,final,True,196.9315,198.4723,196.9315,199.451,202.1945,-1.5409,0.9786,3.7222
2024-07-12,2024-07-19,Diesel,1,final,True,198.6579,198.9035,198.6579,198.2495,199.495,-0.2456,-0.654,0.5915
2024-07-12,2024-07-26,Diesel,2,final,True,198.6579,198.4723,198.6579,197.7867,200.2002,0.1856,-0.6857,1.7278
2024-07-12,2024-08-02,Diesel,3,final,True,198.6579,197.2942,198.6579,197.3958,200.9538,1.3637,0.1015,3.6595
2024-07-19,2024-07-26,Diesel,1,final,True,198.9035,198.4723,198.9035,197.8814,198.6491,0.4312,-0.591,0.1768
2024-07-19,2024-08-02,Diesel,2,final,True,198.9035,197.2942,198.9035,197.2007,198.6501,1.6093,-0.0935,1.3559
2024-07-19,2024-08-09,Diesel,3,final,True,198.9035,195.9312,198.9035,196.768,198.8415,2.9723,0.8367,2.9103
2024-07-26,2024-08-02,Diesel,1,final,True,198.4723,197.2942,198.4723,197.2994,197.8953,1.1781,0.0051,0.6011
2024-07-26,2024-08-09,Diesel,2,final,True,198.4723,195.9312,198.4723,196.6124,197.691,2.5411,0.6811,1.7598
2024-07-26,2024-08-16,Diesel,3,final,True,198.4723,193.5274,198.4723,196.2913,197.7812,4.9449,2.7638,4.2538
2024-08-02,2024-08-09,Diesel,1,final,True,197.2942,195.9312,197.2942,195.6539,196.1754,1.363,-0.2774,0.2442
2024-08-02,2024-08-16,Diesel,2,final,True,197.2942,193.5274,197.2942,194.8405,195.7047,3.7668,1.3131,2.1773
2024-08-02,2024-08-23,Diesel,3,final,True,197.2942,191.5244,197.2942,194.4875,195.6023,5.7698,2.963,4.0779
2024-08-09,2024-08-16,Diesel,1,final,True,195.9312,193.5274,195.9312,192.7433,193.5898,2.4038,-0.7841,0.0623
2024-08-09,2024-08-23,Diesel,2,final,True,195.9312,191.5244,195.9312,191.1639,192.4952,4.4068,-0.3606,0.9708
2024-08-09,2024-08-30,Diesel,3,final,True,195.9312,189.0104,195.9312,190.2107,191.8331,6.9209,1.2004,2.8227
2024-08-16,2024-08-23,Diesel,1,final,True,193.5274,191.5244,193.5274,193.1393,192.8301,2.003,1.6149,1.3057
2024-08-16,2024-08-30,Diesel,2,final,True,193.5274,189.0104,193.5274,192.8016,192.1245,4.517,3.7912,3.1141
2024-08-16,2024-09-06,Diesel,3,final,True,193.5274,186.4204,193.5274,192.7225,191.6277,7.107,6.3021,5.2073
2024-08-23,2024-08-30,Diesel,1,final,True,191.5244,189.0104,191.5244,188.3819,189.3192,2.5141,-0.6285,0.3089
2024-08-23,2024-09-06,Diesel,2,final,True,191.5244,186.4204,191.5244,186.8447,188.3515,5.104,0.4243,1.9311
2024-08-23,2024-09-13,Diesel,3,final,True,191.5244,183.385,191.5244,186.1126,188.0131,8.1394,2.7275,4.6281
2024-08-30,2024-09-06,Diesel,1,final,True,189.0104,186.4204,189.0104,186.8661,187.2093,2.59,0.4457,0.7889
2024-08-30,2024-09-13,Diesel,2,final,True,189.0104,183.385,189.0104,185.8207,186.2595,5.6253,2.4356,2.8744
2024-08-30,2024-09-20,Diesel,3,final,True,189.0104,180.1114,189.0104,185.2388,185.6389,8.8989,5.1274,5.5274
2024-09-06,2024-09-13,Diesel,1,final,True,186.4204,183.385,186.4204,183.7185,184.3932,3.0354,0.3335,1.0082
2024-09-06,2024-09-20,Diesel,2,final,True,186.4204,180.1114,186.4204,182.2777,183.3034,6.309,2.1663,3.1919
2024-09-06,2024-09-27,Diesel,3,final,True,186.4204,177.7308,186.4204,181.4418,182.6349,8.6896,3.711,4.9041
2024-09-13,2024-09-20,Diesel,1,final,True,183.385,180.1114,183.385,180.6483,181.1358,3.2736,0.5368,1.0244
2024-09-13,2024-09-27,Diesel,2,final,True,183.385,177.7308,183.385,179.1159,179.7623,5.6542,1.3851,2.0315
2024-09-13,2024-10-04,Diesel,3,final,True,183.385,175.016,183.385,178.4597,179.1102,8.369,3.4437,4.0943
2024-09-20,2024-09-27,Diesel,1,final,True,180.1114,177.7308,180.1114,178.5294,179.0702,2.3806,0.7986,1.3394
2024-09-20,2024-10-04,Diesel,2,final,True,180.1114,175.016,180.1114,177.8759,178.7879,5.0955,2.8599,3.7719
2024-09-20,2024-10-11,Diesel,3,final,True,180.1114,178.351,180.1114,177.577,178.7532,1.7605,-0.774,0.4023
2024-09-27,2024-10-04,Diesel,1,final,True,177.7308,175.016,177.7308,177.0858,177.3576,2.7148,2.0698,2.3417
2024-09-27,2024-10-11,Diesel,2,final,True,177.7308,178.351,177.7308,176.7879,177.225,-0.6202,-1.563,-1.126
2024-09-27,2024-10-18,Diesel,3,final,True,177.7308,181.7776,177.7308,176.8253,177.3821,-4.0468,-4.9523,-4.3955
2024-10-04,2024-10-11,Diesel,1,final,True,175.016,178.351,175.016,175.1771,175.5027,-3.335,-3.1739,-2.8482
2024-10-04,2024-10-18,Diesel,2,final,True,175.016,181.7776,175.016,175.4466,176.1044,-6.7616,-6.331,-5.6732
2024-10-04,2024-10-25,Diesel,3,final,True,175.016,182.7151,175.016,175.7,176.695,-7.6991,-7.0151,-6.0201
2024-10-11,2024-10-18,Diesel,1,final,True,178.351,181.7776,178.351,181.8832,181.8821,-3.4266,0.1056,0.1045
2024-10-11,2024-10-25,Diesel,2,final,True,178.351,182.7151,178.351,183.8281,184.1951,-4.3641,1.113,1.48
2024-10-11,2024-11-01,Diesel,3,final,True,178.351,182.1009,178.351,185.0817,186.0065,-3.7499,2.9808,3.9057
2024-10-18,2024-10-25,Diesel,1,final,True,181.7776,182.7151,181.7776,182.1027,183.469,-0.9375,-0.6124,0.7539
2024-10-18,2024-11-01,Diesel,2,final,True,181.7776,182.1009,181.7776,182.5177,185.2587,-0.3233,0.4169,3.1578
2024-10-18,2024-11-08,Diesel,3,final,True,181.7776,182.8025,181.7776,182.6757,186.8311,-1.0249,-0.1268,4.0286
2024-10-25,2024-11-01,Diesel,1,final,True,182.7151,182.1009,182.7151,183.3763,183.842,0.6142,1.2754,1.7411
2024-10-25,2024-11-08,Diesel,2,final,True,182.7151,182.8025,182.7151,183.6622,184.6595,-0.0874,0.8597,1.857
2024-10-25,2024-11-15,Diesel,3,final,True,182.7151,184.6255,182.7151,183.6277,185.1842,-1.9104,-0.9978,0.5587
2024-11-01,2024-11-08,Diesel,1,final,True,182.1009,182.8025,182.1009,182.6949,183.1316,-0.7016,-0.1076,0.3291
2024-11-01,2024-11-15,Diesel,2,final,True,182.1009,184.6255,182.1009,182.8181,183.7516,-2.5246,-1.8074,-0.8739
2024-11-01,2024-11-22,Diesel,3,final,True,182.1009,185.0359,182.1009,182.7585,184.2109,-2.9351,-2.2774,-0.825
2024-11-08,2024-11-15,Diesel,1,final,True,182.8025,184.6255,182.8025,184.4206,184.7143,-1.823,-0.2049,0.0888
2024-11-08,2024-11-22,Diesel,2,final,True,182.8025,185.0359,182.8025,185.1378,185.9109,-2.2334,0.1018,0.8749
2024-11-08,2024-11-29,Diesel,3,final,True,182.8025,184.8523,182.8025,185.8315,187.1806,-2.0498,0.9792,2.3283
2024-11-15,2024-11-22,Diesel,1,final,True,184.6255,185.0359,184.6255,184.3475,185.4156,-0.4104,-0.6885,0.3797
2024-11-15,2024-11-29,Diesel,2,final,True,184.6255,184.8523,184.6255,184.5249,186.6459,-0.2268,-0.3273,1.7936
2024-11-15,2024-12-06,Diesel,3,final,True,184.6255,184.7626,184.6255,184.52,187.695,-0.1371,-0.2425,2.9324
2024-11-22,2024-11-29,Diesel,1,final,True,185.0359,184.8523,185.0359,186.5356,186.7908,0.1837,1.6834,1.9385
2024-11-22,2024-12-06,Diesel,2,final,True,185.0359,184.7626,185.0359,187.2177,187.8721,0.2734,2.4551,3.1095
2024-11-22,2024-12-13,Diesel,3,final,True,185.0359,185.0731,185.0359,187.5841,188.7091,-0.0371,2.511,3.636
2024-11-29,2024-12-06,Diesel,1,final,True,184.8523,184.7626,184.8523,185.2513,186.0195,0.0897,0.4887,1.2569
2024-11-29,2024-12-13,Diesel,2,final,True,184.8523,185.0731,184.8523,185.4665,187.0411,-0.2208,0.3934,1.9681
2024-11-29,2024-12-20,Diesel,3,final,True,184.8523,186.8746,184.8523,185.534,187.9423,-2.0223,-1.3406,1.0677
2024-12-06,2024-12-13,Diesel,1,final,True,184.7626,185.0731,184.7626,184.2028,185.1115,-0.3105,-0.8702,0.0384
2024-12-06,2024-12-20,Diesel,2,final,True,184.7626,186.8746,184.7626,183.8665,185.6243,-2.112,-3.0081,-1.2503
2024-12-06,2024-12-27,Diesel,3,final,True,184.7626,190.4975,184.7626,183.7047,186.2845,-5.7349,-6.7928,-4.2129
2024-12-13,2024-12-20,Diesel,1,final,True,185.0731,186.8746,185.0731,185.6885,186.0598,-1.8015,-1.1861,-0.8147
2024-12-13,2024-12-27,Diesel,2,final,True,185.0731,190.4975,185.0731,186.0245,186.842,-5.4244,-4.473,-3.6555
2024-12-13,2025-01-03,Diesel,3,final,True,185.0731,193.2504,185.0731,186.154,187.4437,-8.1774,-7.0964,-5.8068
2024-12-20,2024-12-27,Diesel,1,final,True,186.8746,190.4975,186.8746,188.7316,189.0316,-3.6229,-1.7659,-1.4658
2024-12-20,2025-01-03,Diesel,2,final,True,186.8746,193.2504,186.8746,189.656,190.4466,-6.3758,-3.5945,-2.8038
2024-12-20,2025-01-10,Diesel,3,final,True,186.8746,194.1367,186.8746,190.3616,191.7471,-7.2622,-3.7751,-2.3896
2024-12-27,2025-01-03,Diesel,1,final,True,190.4975,193.2504,190.4975,191.6913,192.3042,-2.753,-1.5591,-0.9462
2024-12-27,2025-01-10,Diesel,2,final,True,190.4975,194.1367,190.4975,192.5365,193.8967,-3.6393,-1.6002,-0.24
2024-12-27,2025-01-17,Diesel,3,final,True,190.4975,197.095,190.4975,193.0562,195.2428,-6.5975,-4.0388,-1.8522
2025-01-03,2025-01-10,Diesel,1,final,True,193.2504,194.1367,193.2504,195.6377,195.7127,-0.8863,1.5009,1.576
2025-01-03,2025-01-17,Diesel,2,final,True,193.2504,197.095,193.2504,196.9619,197.3603,-3.8446,-0.1331,0.2654
2025-01-03,2025-01-24,Diesel,3,final,True,193.2504,200.0029,193.2504,197.6239,198.4754,-6.7524,-2.379,-1.5275
2025-01-10,2025-01-17,Diesel,1,final,True,194.1367,197.095,194.1367,195.9941,196.3159,-2.9582,-1.1009,-0.7791
2025-01-10,2025-01-24,Diesel,2,final,True,194.1367,200.0029,194.1367,196.9337,197.7653,-5.8661,-3.0691,-2.2376
2025-01-10,2025-01-31,Diesel,3,final,True,194.1367,200.7219,194.1367,197.397,198.8466,-6.5852,-3.3249,-1.8753
2025-01-17,2025-01-24,Diesel,1,final,True,197.095,200.0029,197.095,201.2097,201.0162,-2.9079,1.2068,1.0133
2025-01-17,2025-01-31,Diesel,2,final,True,197.095,200.7219,197.095,203.3324,203.4001,-3.6269,2.6105,2.6782
2025-01-17,2025-02-07,Diesel,3,final,True,197.095,200.0151,197.095,204.6274,205.1897,-2.9201,4.6124,5.1747
2025-01-24,2025-01-31,Diesel,1,final,True,200.0029,200.7219,200.0029,200.7791,201.908,-0.719,0.0572,1.1861
2025-01-24,2025-02-07,Diesel,2,final,True,200.0029,200.0151,200.0029,201.3647,203.7069,-0.0122,1.3496,3.6918
2025-01-24,2025-02-14,Diesel,3,final,True,200.0029,199.2632,200.0029,201.5209,205.1428,0.7397,2.2576,5.8796
2025-01-31,2025-02-07,Diesel,1,final,True,200.7219,200.0151,200.7219,199.3394,200.4411,0.7068,-0.6757,0.4261
2025-01-31,2025-02-14,Diesel,2,final,True,200.7219,199.2632,200.7219,198.4642,200.518,1.4587,-0.799,1.2548
2025-01-31,2025-02-21,Diesel,3,final,True,200.7219,198.8492,200.7219,197.7391,200.6657,1.8727,-1.1101,1.8165
2025-02-07,2025-02-14,Diesel,1,final,True,200.0151,199.2632,200.0151,198.8347,199.1933,0.7519,-0.4285,-0.0699
2025-02-07,2025-02-21,Diesel,2,final,True,200.0151,198.8492,200.0151,197.9478,198.5528,1.1659,-0.9014,-0.2964
2025-02-07,2025-02-28,Diesel,3,final,True,200.0151,198.4991,200.0151,197.2741,198.0426,1.5159,-1.225,-0.4565
2025-02-14,2025-02-21,Diesel,1,final,True,199.2632,198.8492,199.2632,198.5679,198.7421,0.414,-0.2813,-0.1071
2025-02-14,2025-02-28,Diesel,2,final,True,199.2632,198.4991,199.2632,197.9949,198.2816,0.7641,-0.5042,-0.2175
2025-02-14,2025-03-07,Diesel,3,final,True,199.2632,196.9741,199.2632,197.9734,198.3377,2.2891,0.9993,1.3637
2025-02-21,2025-02-28,Diesel,1,final,True,198.8492,198.4991,198.8492,198.1076,198.3691,0.3501,-0.3915,-0.13
2025-02-21,2025-03-07,Diesel,2,final,True,198.8492,196.9741,198.8492,197.9956,198.4662,1.8751,1.0215,1.4921
2025-02-21,2025-03-14,Diesel,3,final,True,198.8492,195.174,198.8492,198.0782,198.7227,3.6752,2.9042,3.5487
2025-02-28,2025-03-07,Diesel,1,final,True,198.4991,196.9741,198.4991,196.9973,197.5032,1.525,0.0232,0.5291
2025-02-28,2025-03-14,Diesel,2,final,True,198.4991,195.174,198.4991,196.3431,197.1687,3.3251,1.1691,1.9947
2025-02-28,2025-03-21,Diesel,3,final,True,198.4991,194.3348,198.4991,195.8996,196.9506,4.1643,1.5648,2.6158
2025-03-07,2025-03-14,Diesel,1,final,True,196.9741,195.174,196.9741,195.4271,195.6147,1.8001,0.2531,0.4407
2025-03-07,2025-03-21,Diesel,2,final,True,196.9741,194.3348,196.9741,194.5118,194.6953,2.6393,0.177,0.3604
2025-03-07,2025-03-28,Diesel,3,final,True,196.9741,193.1691,196.9741,193.9578,194.034,3.805,0.7887,0.8649
2025-03-14,2025-03-21,Diesel,1,final,True,195.174,194.3348,195.174,193.1152,193.2436,0.8392,-1.2196,-1.0912
2025-03-14,2025-03-28,Diesel,2,final,True,195.174,193.1691,195.174,191.9576,191.9863,2.0049,-1.2114,-1.1828
2025-03-14,2025-04-04,Diesel,3,final,True,195.174,192.5194,195.174,191.3567,191.162,2.6547,-1.1627,-1.3574
2025-03-21,2025-03-28,Diesel,1,final,True,194.3348,193.1691,194.3348,192.8355,192.6209,1.1657,-0.3336,-0.5482
2025-03-21,2025-04-04,Diesel,2,final,True,194.3348,192.5194,194.3348,192.0556,191.465,1.8155,-0.4638,-1.0544
2025-03-21,2025-04-11,Diesel,3,final,True,194.3348,191.3705,194.3348,191.7631,190.7049,2.9643,0.3925,-0.6657
2025-03-28,2025-04-04,Diesel,1,final,True,193.1691,192.5194,193.1691,193.5553,192.8651,0.6497,1.036,0.3458
2025-03-28,2025-04-11,Diesel,2,final,True,193.1691,191.3705,193.1691,193.8775,192.5328,1.7986,2.5069,1.1623
2025-03-28,2025-04-18,Diesel,3,final,True,193.1691,188.545,193.1691,194.2177,192.2307,4.6241,5.6727,3.6857
2025-04-04,2025-04-11,Diesel,1,final,True,192.5194,191.3705,192.5194,192.5297,192.3847,1.1488,1.1592,1.0142
2025-04-04,2025-04-18,Diesel,2,final,True,192.5194,188.545,192.5194,192.7057,192.3936,3.9743,4.1607,3.8485
2025-04-04,2025-04-25,Diesel,3,final,True,192.5194,186.8329,192.5194,192.8983,192.4209,5.6865,6.0655,5.588
2025-04-11,2025-04-18,Diesel,1,final,True,191.3705,188.545,191.3705,188.1128,188.6046,2.8255,-0.4322,0.0596
2025-04-11,2025-04-25,Diesel,2,final,True,191.3705,186.8329,191.3705,186.492,187.1034,4.5376,-0.3409,0.2706
2025-04-11,2025-05-02,Diesel,3,final,True,191.3705,185.5451,191.3705,185.3957,185.9411,5.8254,-0.1494,0.396
2025-04-18,2025-04-25,Diesel,1,final,True,188.545,186.8329,188.545,186.2733,185.7018,1.7122,-0.5596,-1.131
2025-04-18,2025-05-02,Diesel,2,final,True,188.545,185.5451,188.545,184.8241,183.4236,2.9999,-0.7211,-2.1215
2025-04-18,2025-05-09,Diesel,3,final,True,188.545,183.292,188.545,183.9118,181.5276,5.2531,0.6198,-1.7643
2025-04-25,2025-05-02,Diesel,1,final,True,186.8329,185.5451,186.8329,185.3735,184.5271,1.2877,-0.1716,-1.018
2025-04-25,2025-05-09,Diesel,2,final,True,186.8329,183.292,186.8329,184.4539,182.6028,3.5409,1.162,-0.6891
2025-04-25,2025-05-16,Diesel,3,final,True,186.8329,181.6353,186.8329,184.1834,181.2431,5.1976,2.5481,-0.3922
2025-05-02,2025-05-09,Diesel,1,final,True,185.5451,183.292,185.5451,183.8632,183.2289,2.2532,0.5712,-0.0631
2025-05-02,2025-05-16,Diesel,2,final,True,185.5451,181.6353,185.5451,183.187,181.7505,3.9098,1.5517,0.1152
2025-05-02,2025-05-23,Diesel,3,final,True,185.5451,180.8384,185.5451,183.0883,180.7658,4.7068,2.2499,-0.0725
2025-05-09,2025-05-16,Diesel,1,final,True,183.292,181.6353,183.292,181.304,180.7261,1.6567,-0.3313,-0.9092
2025-05-09,2025-05-23,Diesel,2,final,True,183.292,180.8384,183.292,180.5106,179.1281,2.4536,-0.3278,-1.7102
2025-05-09,2025-05-30,Diesel,3,final,True,183.292,180.1941,183.292,179.9915,177.6793,3.0979,-0.2025,-2.5147
2025-05-16,2025-05-23,Diesel,1,final,True,181.6353,180.8384,181.6353,183.0296,181.6078,0.7969,2.1912,0.7694
2025-05-16,2025-05-30,Diesel,2,final,True,181.6353,180.1941,181.6353,183.6713,180.9366,1.4412,3.4772,0.7425
2025-05-16,2025-06-06,Diesel,3,final,True,181.6353,178.5795,181.6353,184.158,180.1651,3.0558,5.5785,1.5856
2025-05-23,2025-05-30,Diesel,1,final,True,180.8384,180.1941,180.8384,180.815,180.5697,0.6443,0.6209,0.3756
2025-05-23,2025-06-06,Diesel,2,final,True,180.8384,178.5795,180.8384,180.949,180.4413,2.2588,2.3695,1.8618
2025-05-23,2025-06-13,Diesel,3,final,True,180.8384,178.1239,180.8384,181.1376,180.3767,2.7145,3.0137,2.2528
2025-05-30,2025-06-06,Diesel,1,final,True,180.1941,178.5795,180.1941,179.7612,179.5684,1.6146,1.1817,0.9889
2025-05-30,2025-06-13,Diesel,2,final,True,180.1941,178.1239,180.1941,179.6475,179.2104,2.0702,1.5236,1.0865
2025-05-30,2025-06-20,Diesel,3,final,True,180.1941,179.9442,180.1941,179.5623,178.8518,0.2499,-0.3819,-1.0924
2025-06-06,2025-06-13,Diesel,1,final,True,178.5795,178.1239,178.5795,178.6701,178.2612,0.4556,0.5462,0.1373
2025-06-06,2025-06-20,Diesel,2,final,True,178.5795,179.9442,178.5795,178.6939,177.869,-1.3647,-1.2503,-2.0752
2025-06-06,2025-06-27,Diesel,3,final,True,178.5795,184.3256,178.5795,178.5605,177.3079,-5.7461,-5.7651,-7.0177
2025-06-13,2025-06-20,Diesel,1,final,True,178.1239,179.9442,178.1239,179.6447,179.1083,-1.8203,-0.2995,-0.8359
2025-06-13,2025-06-27,Diesel,2,final,True,178.1239,184.3256,178.1239,180.3124,179.39,-6.2017,-4.0132,-4.9356
2025-06-13,2025-07-04,Diesel,3,final,True,178.1239,185.5413,178.1239,180.8881,179.6698,-7.4174,-4.6532,-5.8715
2025-06-20,2025-06-27,Diesel,1,final,True,179.9442,184.3256,179.9442,185.5162,184.5014,-4.3814,1.1906,0.1758
2025-06-20,2025-07-04,Diesel,2,final,True,179.9442,185.5413,179.9442,188.7157,187.3099,-5.5971,3.1744,1.7686
2025-06-20,2025-07-11,Diesel,3,final,True,179.9442,184.7229,179.9442,190.7487,189.2731,-4.7788,6.0257,4.5501
2025-06-27,2025-07-04,Diesel,1,final,True,184.3256,185.5413,184.3256,184.9979,186.4125,-1.2157,-0.5434,0.8711
2025-06-27,2025-07-11,Diesel,2,final,True,184.3256,184.7229,184.3256,185.6756,188.5506,-0.3973,0.9527,3.8277
2025-06-27,2025-07-18,Diesel,3,final,True,184.3256,184.4665,184.3256,185.8785,190.2757,-0.1409,1.412,5.8093
2025-07-04,2025-07-11,Diesel,1,final,True,185.5413,184.7229,185.5413,185.8254,186.2441,0.8184,1.1024,1.5211
2025-07-04,2025-07-18,Diesel,2,final,True,185.5413,184.4665,185.5413,185.8145,186.6713,1.0748,1.348,2.2048
2025-07-04,2025-07-25,Diesel,3,final,True,185.5413,184.9608,185.5413,185.4793,186.7717,0.5805,0.5185,1.8109
2025-07-11,2025-07-18,Diesel,1,final,True,184.7229,184.4665,184.7229,185.9354,185.7863,0.2564,1.4689,1.3198
2025-07-11,2025-07-25,Diesel,2,final,True,184.7229,184.9608,184.7229,186.272,186.1033,-0.2379,1.3112,1.1425
2025-07-11,2025-08-01,Diesel,3,final,True,184.7229,185.3638,184.7229,186.3118,186.1811,-0.6409,0.948,0.8173
2025-07-18,2025-07-25,Diesel,1,final,True,184.4665,184.9608,184.4665,185.6899,185.9146,-0.4943,0.7291,0.9538
2025-07-18,2025-08-01,Diesel,2,final,True,184.4665,185.3638,184.4665,186.2237,186.8264,-0.8973,0.8599,1.4626
2025-07-18,2025-08-08,Diesel,3,final,True,184.4665,185.8914,184.4665,186.8456,187.9285,-1.4249,0.9542,2.037
2025-07-25,2025-08-01,Diesel,1,final,True,184.9608,185.3638,184.9608,185.3818,186.0868,-0.403,0.0179,0.723
2025-07-25,2025-08-08,Diesel,2,final,True,184.9608,185.8914,184.9608,185.9427,187.4435,-0.9306,0.0513,1.5521
2025-07-25,2025-08-15,Diesel,3,final,True,184.9608,184.8799,184.9608,186.1863,188.5047,0.0809,1.3064,3.6248
2025-08-01,2025-08-08,Diesel,1,final,True,185.3638,185.8914,185.3638,186.4618,187.0248,-0.5276,0.5704,1.1334
2025-08-01,2025-08-15,Diesel,2,final,True,185.3638,184.8799,185.3638,186.999,188.2024,0.4839,2.1191,3.3225
2025-08-01,2025-08-22,Diesel,3,final,True,185.3638,184.0077,185.3638,187.202,189.0931,1.3562,3.1943,5.0854
2025-08-08,2025-08-15,Diesel,1,final,True,185.8914,184.8799,185.8914,184.5291,185.7517,1.0115,-0.3508,0.8718
2025-08-08,2025-08-22,Diesel,2,final,True,185.8914,184.0077,185.8914,183.6929,185.983,1.8838,-0.3148,1.9753
2025-08-08,2025-08-29,Diesel,3,final,True,185.8914,184.3828,185.8914,183.1342,186.42,1.5086,-1.2486,2.0372
2025-08-15,2025-08-22,Diesel,1,final,True,184.8799,184.0077,184.8799,182.6822,183.5049,0.8723,-1.3254,-0.5027
2025-08-15,2025-08-29,Diesel,2,final,True,184.8799,184.3828,184.8799,181.3791,182.8061,0.4971,-3.0037,-1.5767
2025-08-15,2025-09-05,Diesel,3,final,True,184.8799,185.2976,184.8799,180.6273,182.5297,-0.4177,-4.6703,-2.7678
2025-08-22,2025-08-29,Diesel,1,final,True,184.0077,184.3828,184.0077,183.4575,183.6029,-0.3752,-0.9253,-0.7799
2025-08-22,2025-09-05,Diesel,2,final,True,184.0077,185.2976,184.0077,183.1177,183.3606,-1.2899,-2.1799,-1.9369
2025-08-22,2025-09-12,Diesel,3,final,True,184.0077,186.3393,184.0077,183.0162,183.3167,-2.3317,-3.3232,-3.0226
2025-08-29,2025-09-05,Diesel,1,final,True,184.3828,185.2976,184.3828,184.8975,185.0916,-0.9147,-0.4001,-0.206
2025-08-29,2025-09-12,Diesel,2,final,True,184.3828,186.3393,184.3828,185.2636,185.7043,-1.9565,-1.0757,-0.635
2025-08-29,2025-09-19,Diesel,3,final,True,184.3828,186.8575,184.3828,185.717,186.4425,-2.4747,-1.1405,-0.4151
2025-09-05,2025-09-12,Diesel,1,final,True,185.2976,186.3393,185.2976,186.3607,186.6857,-1.0418,0.0214,0.3463
2025-09-05,2025-09-19,Diesel,2,final,True,185.2976,186.8575,185.2976,187.1956,187.9596,-1.56,0.3381,1.102
2025-09-05,2025-09-26,Diesel,3,final,True,185.2976,186.9284,185.2976,187.7274,188.9851,-1.6309,0.799,2.0566
2025-09-12,2025-09-19,Diesel,1,final,True,186.3393,186.8575,186.3393,186.7803,187.4226,-0.5182,-0.0772,0.5651
2025-09-12,2025-09-26,Diesel,2,final,True,186.3393,186.9284,186.3393,187.0966,188.3946,-0.5891,0.1682,1.4662
2025-09-12,2025-10-03,Diesel,3,final,True,186.3393,188.5631,186.3393,187.1531,189.1185,-2.2238,-1.4101,0.5554
2025-09-19,2025-09-26,Diesel,1,final,True,186.8575,186.9284,186.8575,187.3829,187.8155,-0.0709,0.4544,0.8871
2025-09-19,2025-10-03,Diesel,2,final,True,186.8575,188.5631,186.8575,187.5535,188.454,-1.7056,-1.0096,-0.1091
2025-09-19,2025-10-10,Diesel,3,final,True,186.8575,189.4714,186.8575,187.5982,188.9913,-2.6139,-1.8732,-0.4801
2025-09-26,2025-10-03,Diesel,1,final,True,186.9284,188.5631,186.9284,188.0066,188.2451,-1.6347,-0.5565,-0.318
2025-09-26,2025-10-10,Diesel,2,final,True,186.9284,189.4714,186.9284,188.5485,189.1473,-2.543,-0.9229,-0.3242
2025-09-26,2025-10-17,Diesel,3,final,True,186.9284,189.5709,186.9284,188.8835,189.9069,-2.6425,-0.6875,0.3359
2025-10-03,2025-10-10,Diesel,1,final,True,188.5631,189.4714,188.5631,189.504,190.0085,-0.9083,0.0326,0.5371
2025-10-03,2025-10-17,Diesel,2,final,True,188.5631,189.5709,188.5631,190.0575,191.1739,-1.0078,0.4866,1.6029
2025-10-03,2025-10-24,Diesel,3,final,True,188.5631,189.8008,188.5631,190.4261,192.216,-1.2377,0.6252,2.4152
2025-10-10,2025-10-17,Diesel,1,final,True,189.4714,189.5709,189.4714,189.4098,190.09,-0.0995,-0.1612,0.5191
2025-10-10,2025-10-24,Diesel,2,final,True,189.4714,189.8008,189.4714,189.4411,190.7979,-0.3294,-0.3597,0.9971
2025-10-10,2025-10-31,Diesel,3,final,True,189.4714,190.0968,189.4714,189.3892,191.4173,-0.6253,-0.7076,1.3205
2025-10-17,2025-10-24,Diesel,1,final,True,189.5709,189.8008,189.5709,188.5844,189.2,-0.2299,-1.2164,-0.6008
2025-10-17,2025-10-31,Diesel,2,final,True,189.5709,190.0968,189.5709,187.9744,189.0918,-0.5258,-2.1223,-1.0049
2025-10-17,2025-11-07,Diesel,3,final,True,189.5709,191.5667,189.5709,187.5381,189.0943,-1.9957,-4.0285,-2.4724
2025-10-24,2025-10-31,Diesel,1,final,True,189.8008,190.0968,189.8008,190.3988,190.3407,-0.2959,0.3021,0.244
2025-10-24,2025-11-07,Diesel,2,final,True,189.8008,191.5667,189.8008,190.6244,190.5745,-1.7658,-0.9423,-0.9922
2025-10-24,2025-11-14,Diesel,3,final,True,189.8008,193.5901,189.8008,190.8321,190.8216,-3.7893,-2.758,-2.7685
2025-10-31,2025-11-07,Diesel,1,final,True,190.0968,191.5667,190.0968,192.2348,192.0795,-1.4699,0.6682,0.5128
2025-10-31,2025-11-14,Diesel,2,final,True,190.0968,193.5901,190.0968,193.4932,193.4184,-3.4933,-0.0969,-0.1717
2025-10-31,2025-11-21,Diesel,3,final,True,190.0968,195.5526,190.0968,194.3723,194.5083,-5.4559,-1.1804,-1.0443
2025-11-07,2025-11-14,Diesel,1,final,True,191.5667,193.5901,191.5667,194.2633,194.439,-2.0234,0.6733,0.8489
2025-11-07,2025-11-21,Diesel,2,final,True,191.5667,195.5526,191.5667,195.9299,196.5663,-3.986,0.3773,1.0137
2025-11-07,2025-11-28,Diesel,3,final,True,191.5667,196.5536,191.5667,196.9288,198.1849,-4.9869,0.3752,1.6313
2025-11-14,2025-11-21,Diesel,1,final,True,193.5901,195.5526,193.5901,196.2549,196.4203,-1.9626,0.7023,0.8676
2025-11-14,2025-11-28,Diesel,2,final,True,193.5901,196.5536,193.5901,197.8033,198.4003,-2.9635,1.2497,1.8468
2025-11-14,2025-12-05,Diesel,3,final,True,193.5901,196.077,193.5901,198.5297,199.7039,-2.4869,2.4528,3.6269
2025-11-21,2025-11-28,Diesel,1,final,True,195.5526,196.5536,195.5526,197.2506,197.6768,-1.0009,0.697,1.1232
2025-11-21,2025-12-05,Diesel,2,final,True,195.5526,196.077,195.5526,198.0598,199.0743,-0.5243,1.9828,2.9973
2025-11-21,2025-12-12,Diesel,3,final,True,195.5526,195.6989,195.5526,198.3589,200.0609,-0.1462,2.66,4.3621
2025-11-28,2025-12-05,Diesel,1,final,True,196.5536,196.077,196.5536,193.5458,194.907,0.4766,-2.5312,-1.17
2025-11-28,2025-12-12,Diesel,2,final,True,196.5536,195.6989,196.5536,191.7478,194.1595,0.8547,-3.951,-1.5393
2025-11-28,2025-12-19,Diesel,3,final,True,196.5536,195.2032,196.5536,190.5178,193.817,1.3503,-4.6855,-1.3863
2025-12-05,2025-12-12,Diesel,1,final,True,196.077,195.6989,196.077,193.6124,193.518,0.3781,-2.0864,-2.1809
2025-12-05,2025-12-19,Diesel,2,final,True,196.077,195.2032,196.077,192.0118,191.5872,0.8737,-3.1914,-3.616
2025-12-05,2025-12-26,Diesel,3,final,True,196.077,193.4146,196.077,191.0659,190.1593,2.6623,-2.3487,-3.2553
2025-12-12,2025-12-19,Diesel,1,final,True,195.6989,195.2032,195.6989,192.7201,192.6473,0.4956,-2.4832,-2.5559
2025-12-12,2025-12-26,Diesel,2,final,True,195.6989,193.4146,195.6989,191.0158,190.5692,2.2842,-2.3988,-2.8454
2025-12-12,2026-01-02,Diesel,3,final,True,195.6989,192.3492,195.6989,190.1788,189.1903,3.3496,-2.1704,-3.1589
2025-12-19,2025-12-26,Diesel,1,final,True,195.2032,193.4146,195.2032,191.7958,191.4168,1.7886,-1.6188,-1.9978
2025-12-19,2026-01-02,Diesel,2,final,True,195.2032,192.3492,195.2032,190.0297,188.9232,2.854,-2.3196,-3.426
2025-12-19,2026-01-09,Diesel,3,final,True,195.2032,191.3552,195.2032,189.2892,187.2633,3.848,-2.066,-4.092
2025-12-26,2026-01-02,Diesel,1,final,True,193.4146,192.3492,193.4146,191.3918,190.3455,1.0654,-0.9574,-2.0037
2025-12-26,2026-01-09,Diesel,2,final,True,193.4146,191.3552,193.4146,190.5108,188.2003,2.0594,-0.8444,-3.1549
2025-12-26,2026-01-16,Diesel,3,final,True,193.4146,189.7355,193.4146,190.0658,186.3514,3.6791,0.3303,-3.3841
2026-01-02,2026-01-09,Diesel,1,final,True,192.3492,191.3552,192.3492,191.1552,190.1078,0.994,-0.2,-1.2474
2026-01-02,2026-01-16,Diesel,2,final,True,192.3492,189.7355,192.3492,190.5439,188.2804,2.6137,0.8083,-1.4551
2026-01-02,2026-01-23,Diesel,3,final,True,192.3492,188.612,192.3492,190.3598,186.8013,3.7373,1.7479,-1.8107
2026-01-09,2026-01-16,Diesel,1,final,True,191.3552,189.7355,191.3552,190.6451,189.4702,1.6197,0.9096,-0.2653
2026-01-09,2026-01-23,Diesel,2,final,True,191.3552,188.612,191.3552,190.41,187.9726,2.7433,1.798,-0.6394
2026-01-09,2026-01-30,Diesel,3,final,True,191.3552,187.9954,191.3552,190.4022,186.6527,3.3598,2.4068,-1.3427
2026-01-16,2026-01-23,Diesel,1,final,True,189.7355,188.612,189.7355,191.1614,189.5333,1.1236,2.5494,0.9214
2026-01-16,2026-01-30,Diesel,2,final,True,189.7355,187.9954,189.7355,192.0586,188.9211,1.7401,4.0632,0.9257
2026-01-16,2026-02-06,Diesel,3,final,True,189.7355,187.1443,189.7355,192.6415,188.0547,2.5912,5.4972,0.9104
2026-01-23,2026-01-30,Diesel,1,final,True,188.612,187.9954,188.612,189.8917,188.8279,0.6166,1.8963,0.8325
2026-01-23,2026-02-06,Diesel,2,final,True,188.612,187.1443,188.612,190.6837,188.6559,1.4677,3.5394,1.5116
2026-01-23,2026-02-13,Diesel,3,final,True,188.612,186.8774,188.612,191.1851,188.264,1.7346,4.3078,1.3866
2026-01-30,2026-02-06,Diesel,1,final,True,187.9954,187.1443,187.9954,188.878,188.1353,0.8511,1.7337,0.991
2026-01-30,2026-02-13,Diesel,2,final,True,187.9954,186.8774,187.9954,189.4282,188.0234,1.118,2.5508,1.146
2026-01-30,2026-02-20,Diesel,3,final,True,187.9954,186.6911,187.9954,189.7052,187.6835,1.3043,3.014,0.9924
2026-02-06,2026-02-13,Diesel,1,final,True,187.1443,186.8774,187.1443,187.893,187.3006,0.2669,1.0156,0.4232
2026-02-06,2026-02-20,Diesel,2,final,True,187.1443,186.6911,187.1443,188.2779,187.1597,0.4532,1.5868,0.4686
2026-02-06,2026-02-27,Diesel,3,final,True,187.1443,187.2214,187.1443,188.3957,186.787,-0.0771,1.1744,-0.4344
2026-02-13,2026-02-20,Diesel,1,final,True,186.8774,186.6911,186.8774,187.2544,187.0265,0.1862,0.5632,0.3354
2026-02-13,2026-02-27,Diesel,2,final,True,186.8774,187.2214,186.8774,187.3676,186.9467,-0.344,0.1463,-0.2746
2026-02-13,2026-03-06,Diesel,3,final,True,186.8774,195.0017,186.8774,187.4429,186.8612,-8.1243,-7.5587,-8.1405
2026-02-20,2026-02-27,Diesel,1,final,True,186.6911,187.2214,186.6911,187.8824,187.625,-0.5302,0.661,0.4037
2026-02-20,2026-03-06,Diesel,2,final,True,186.6911,195.0017,186.6911,188.5451,188.1763,-8.3106,-6.4565,-6.8253
2026-02-20,2026-03-13,Diesel,3,final,True,186.6911,234.8374,186.6911,188.9602,188.5492,-48.1463,-45.8772,-46.2882
2026-02-27,2026-03-06,Diesel,1,final,True,187.2214,195.0017,187.2214,189.0025,188.9141,-7.7803,-5.9991,-6.0876
2026-02-27,2026-03-13,Diesel,2,final,True,187.2214,234.8374,187.2214,190.0272,190.0379,-47.6161,-44.8102,-44.7996
2026-02-27,2026-03-20,Diesel,3,final,True,187.2214,286.3513,187.2214,190.6415,190.8542,-99.13,-95.7099,-95.4972
2026-03-06,2026-03-13,Diesel,1,final,True,195.0017,234.8374,195.0017,218.0619,213.3505,-39.8357,-16.7756,-21.4869
2026-03-06,2026-03-20,Diesel,2,final,True,195.0017,286.3513,195.0017,230.7008,223.7103,-91.3497,-55.6505,-62.641
2026-03-06,2026-03-27,Diesel,3,final,True,195.0017,328.7468,195.0017,238.3586,230.3837,-133.7451,-90.3882,-98.3631
2026-03-13,2026-03-20,Diesel,1,final,True,234.8374,286.3513,234.8374,267.3802,265.7869,-51.5139,-18.9711,-20.5644
2026-03-13,2026-03-27,Diesel,2,final,True,234.8374,328.7468,234.8374,285.2763,285.4169,-93.9094,-43.4705,-43.3299
2026-03-13,2026-04-03,Diesel,3,final,True,234.8374,352.7372,234.8374,295.8976,299.6399,-117.8998,-56.8396,-53.0973
2026-03-20,2026-03-27,Diesel,1,final,True,286.3513,328.7468,286.3513,320.2253,320.1705,-42.3954,-8.5215,-8.5763
2026-03-20,2026-04-03,Diesel,2,final,True,286.3513,352.7372,286.3513,338.825,341.7403,-66.3858,-13.9121,-10.9969
2026-03-20,2026-04-10,Diesel,3,final,True,286.3513,380.1572,286.3513,348.3129,355.8814,-93.8059,-31.8443,-24.2758
2026-03-27,2026-04-03,Diesel,1,final,True,328.7468,352.7372,328.7468,357.9301,357.5308,-23.9904,5.1929,4.7936
2026-03-27,2026-04-10,Diesel,2,final,True,328.7468,380.1572,328.7468,373.5191,375.086,-51.4104,-6.6381,-5.0712
2026-03-27,2026-04-17,Diesel,3,final,True,328.7468,380.9667,328.7468,379.996,384.7577,-52.2199,-0.9707,3.7911
2026-04-03,2026-04-10,Diesel,1,final,True,352.7372,380.1572,352.7372,384.4432,381.1431,-27.4201,4.2859,0.9859
2026-04-03,2026-04-17,Diesel,2,final,True,352.7372,380.9667,352.7372,400.0953,396.8288,-28.2295,19.1286,15.8621
2026-04-03,2026-04-24,Diesel,3,final,True,352.7372,349.7802,352.7372,406.2279,404.9274,2.957,56.4477,55.1472
2026-04-10,2026-04-17,Diesel,1,final,True,380.1572,380.9667,380.1572,393.5104,396.4534,-0.8095,12.5437,15.4868
2026-04-10,2026-04-24,Diesel,2,final,True,380.1572,349.7802,380.1572,398.2129,405.8392,30.377,48.4327,56.059
2026-04-10,2026-05-01,Diesel,3,final,True,380.1572,330.1663,380.1572,399.0544,412.1317,49.9909,68.8881,81.9654
2026-04-17,2026-04-24,Diesel,1,final,True,380.9667,349.7802,380.9667,381.9841,383.6715,31.1865,32.2039,33.8913
2026-04-17,2026-05-01,Diesel,2,final,True,380.9667,330.1663,380.9667,380.38,384.393,50.8004,50.2137,54.2267
2026-04-17,2026-05-08,Diesel,3,final,True,380.9667,324.5253,380.9667,379.2799,385.7578,56.4414,54.7546,61.2325
2026-04-24,2026-05-01,Diesel,1,final,True,349.7802,330.1663,349.7802,299.5317,311.7263,19.6139,-30.6346,-18.44
2026-04-24,2026-05-08,Diesel,2,final,True,349.7802,324.5253,349.7802,272.752,291.8504,25.2549,-51.7734,-32.6749
2026-04-24,2026-05-15,Diesel,3,final,True,349.7802,318.6992,349.7802,260.0391,283.5642,31.081,-58.6602,-35.1351
2026-05-01,2026-05-08,Diesel,1,final,True,330.1663,324.5253,330.1663,305.7782,302.3477,5.641,-18.7471,-22.1776
2026-05-01,2026-05-15,Diesel,2,final,True,330.1663,318.6992,330.1663,295.6785,286.0422,11.4671,-23.0208,-32.657
2026-05-01,2026-05-22,Diesel,3,final,True,330.1663,315.7023,330.1663,291.2083,274.7825,14.464,-24.494,-40.9198
2026-05-08,2026-05-15,Diesel,1,final,True,324.5253,318.6992,324.5253,305.72,305.3599,5.8261,-12.9793,-13.3394
2026-05-08,2026-05-22,Diesel,2,final,True,324.5253,315.7023,324.5253,298.275,295.9949,8.823,-17.4273,-19.7074
2026-05-08,2026-05-29,Diesel,3,final,True,324.5253,314.7755,324.5253,291.1014,285.9942,9.7498,-23.6741,-28.7814
2026-05-15,2026-05-22,Diesel,1,final,True,318.6992,315.7023,318.6992,311.581,307.1938,2.9969,-4.1213,-8.5085
2026-05-15,2026-05-29,Diesel,2,final,True,318.6992,314.7755,318.6992,305.9899,297.0123,3.9237,-8.7856,-17.7633
2026-05-15,2026-06-05,Diesel,3,final,True,318.6992,309.6823,318.6992,306.1104,292.0614,9.0169,-3.5719,-17.6209
2026-05-22,2026-05-29,Diesel,1,final,True,315.7023,314.7755,315.7023,309.9564,306.3164,0.9268,-4.8191,-8.4591
2026-05-22,2026-06-05,Diesel,2,final,True,315.7023,309.6823,315.7023,310.3197,303.1463,6.02,0.6374,-6.536
2026-05-22,2026-06-12,Diesel,3,final,True,315.7023,299.4966,315.7023,309.614,297.9634,16.2057,10.1173,-1.5333
2026-05-29,2026-06-05,Diesel,1,final,True,314.7755,309.6823,314.7755,304.3261,303.1953,5.0932,-5.3562,-6.487
2026-05-29,2026-06-12,Diesel,2,final,True,314.7755,299.4966,314.7755,300.8668,297.514,15.2789,1.3702,-1.9826
2026-05-29,2026-06-19,Diesel,3,final,True,314.7755,281.2169,314.7755,299.1927,292.9723,33.5586,17.9759,11.7555
2026-06-05,2026-06-12,Diesel,1,final,True,309.6823,299.4966,309.6823,308.7704,303.5414,10.1857,9.2738,4.0448
2026-06-05,2026-06-19,Diesel,2,final,True,309.6823,281.2169,309.6823,308.6495,298.4084,28.4654,27.4326,17.1915
2026-06-05,2026-06-26,Diesel,3,final,True,309.6823,261.3319,309.6823,307.9649,292.3232,48.3504,46.633,30.9914
2026-06-12,2026-06-19,Diesel,1,final,True,299.4966,281.2169,299.4966,295.7875,292.5684,18.2798,14.5706,11.3515
2026-06-12,2026-06-26,Diesel,2,final,True,299.4966,261.3319,299.4966,293.4067,286.231,38.1648,32.0749,24.8992
2026-06-12,2026-07-03,Diesel,3,final,True,299.4966,248.1871,299.4966,292.7255,281.5174,51.3095,44.5384,33.3303
2026-06-19,2026-06-26,Diesel,1,final,True,281.2169,261.3319,281.2169,270.3189,268.2104,19.885,8.9871,6.8785
2026-06-19,2026-07-03,Diesel,2,final,True,281.2169,248.1871,281.2169,265.7238,260.4819,33.0298,17.5366,12.2948
2026-06-19,2026-07-10,Diesel,3,final,True,281.2169,240.8824,281.2169,263.5514,254.7778,40.3344,22.669,13.8954
2026-06-26,2026-07-03,Diesel,1,final,True,261.3319,248.1871,261.3319,256.6735,252.5762,13.1448,8.4864,4.3891
2026-06-26,2026-07-10,Diesel,2,final,True,261.3319,240.8824,261.3319,254.5678,245.9144,20.4494,13.6854,5.032
2026-06-26,2026-07-17,Diesel,3,final,True,261.3319,240.1338,261.3319,253.0411,239.071,21.1981,12.9073,-1.0628
2026-07-03,2026-07-10,Diesel,1,provisional,True,248.1871,240.8824,248.1871,248.2559,245.4895,7.3047,7.3735,4.607
2026-07-03,2026-07-17,Diesel,2,provisional,True,248.1871,240.1338,248.1871,247.6912,241.6764,8.0533,7.5574,1.5426
2026-07-03,2026-07-24,Diesel,3,provisional,True,248.1871,249.4915,248.1871,247.7817,238.6838,-1.3044,-1.7098,-10.8077
2026-07-10,2026-07-17,Diesel,1,provisional,True,240.8824,240.1338,240.8824,242.8569,241.2664,0.7486,2.7231,1.1327
2026-07-10,2026-07-24,Diesel,2,provisional,True,240.8824,249.4915,240.8824,244.0708,241.3806,-8.6091,-5.4208,-8.1109
2026-07-10,2026-07-31,Diesel,3,provisional,True,240.8824,262.9061,240.8824,244.9836,241.2505,-22.0237,-17.9225,-21.6556
2026-07-17,2026-07-24,Diesel,1,provisional,True,240.1338,249.4915,240.1338,250.8064,248.97,-9.3578,1.3148,-0.5215
2026-07-17,2026-07-31,Diesel,2,provisional,True,240.1338,262.9061,240.1338,255.9037,253.5007,-22.7723,-7.0024,-9.4055
2026-07-17,2026-08-07,Diesel,3,provisional,True,240.1338,268.8984,240.1338,258.2345,255.3985,-28.7646,-10.664,-13.5
2026-07-24,2026-07-31,Diesel,1,provisional,True,249.4915,262.9061,249.4915,260.6975,261.8472,-13.4146,-2.2087,-1.0589
2026-07-24,2026-08-07,Diesel,2,provisional,True,249.4915,268.8984,249.4915,265.7306,268.9472,-19.4069,-3.1679,0.0488
2026-07-24,2026-08-14,Diesel,3,provisional,True,249.4915,267.2971,249.4915,268.5329,274.3933,-17.8056,1.2358,7.0962
2026-07-31,2026-08-07,Diesel,1,provisional,True,262.9061,268.8984,262.9061,267.3807,270.6031,-5.9923,-1.5177,1.7047
2026-07-31,2026-08-14,Diesel,2,provisional,True,262.9061,267.2971,262.9061,269.9361,276.886,-4.391,2.6389,9.5888
2026-07-31,2026-08-21,Diesel,3,provisional,True,262.9061,267.3787,262.9061,271.2596,282.2828,-4.4726,3.8809,14.9041
2026-08-07,2026-08-14,Diesel,1,provisional,True,268.8984,267.2971,268.8984,266.0099,269.3427,1.6013,-1.2872,2.0456
2026-08-07,2026-08-21,Diesel,2,provisional,True,268.8984,267.3787,268.8984,264.9252,271.2383,1.5197,-2.4535,3.8596
2026-08-07,2026-08-28,Diesel,3,provisional,True,268.8984,268.0652,268.8984,264.1216,273.2587,0.8333,-3.9436,5.1935
2026-08-14,2026-08-21,Diesel,1,provisional,True,267.2971,267.3787,267.2971,271.2394,270.2794,-0.0815,3.8607,2.9007
2026-08-14,2026-08-28,Diesel,2,provisional,True,267.2971,268.0652,267.2971,272.6598,271.2279,-0.768,4.5946,3.1627
2026-08-14,2026-09-04,Diesel,3,provisional,False,267.2971,,267.2971,272.7694,271.4002,,,
2026-08-21,2026-08-28,Diesel,1,provisional,True,267.3787,268.0652,267.3787,269.8259,270.9475,-0.6865,1.7608,2.8823
2026-08-21,2026-09-04,Diesel,2,provisional,False,267.3787,,267.3787,270.3898,273.2991,,,
2026-08-21,2026-09-11,Diesel,3,provisional,False,267.3787,,267.3787,271.2162,276.3449,,,
2026-08-28,2026-09-04,Diesel,1,provisional,False,268.0652,,268.0652,264.5857,267.7353,,,
2026-08-28,2026-09-11,Diesel,2,provisional,False,268.0652,,268.0652,263.6235,269.8355,,,
2026-08-28,2026-09-18,Diesel,3,provisional,False,268.0652,,268.0652,263.3355,272.504,,,
2013-02-01,2013-02-08,Premium Petrol 95R,1,final,True,216.1284,220.1284,216.1284,218.3215,218.5107,-4.0,-1.8069,-1.6177
2013-02-01,2013-02-15,Premium Petrol 95R,2,final,True,216.1284,224.1284,216.1284,219.4128,220.0821,-8.0,-4.7157,-4.0463
2013-02-01,2013-02-22,Premium Petrol 95R,3,final,True,216.1284,225.4141,216.1284,219.8524,221.1283,-9.2857,-5.5618,-4.2859
2013-02-08,2013-02-15,Premium Petrol 95R,1,final,True,220.1284,224.1284,220.1284,222.9279,223.3206,-4.0,-1.2005,-0.8078
2013-02-08,2013-02-22,Premium Petrol 95R,2,final,True,220.1284,225.4141,220.1284,224.1171,225.2616,-5.2857,-1.297,-0.1526
2013-02-08,2013-03-01,Premium Petrol 95R,3,final,True,220.1284,225.4141,220.1284,224.401,226.4271,-5.2857,-1.0131,1.0129
2013-02-15,2013-02-22,Premium Petrol 95R,1,final,True,224.1284,225.4141,224.1284,226.493,226.9599,-1.2857,1.0789,1.5458
2013-02-15,2013-03-01,Premium Petrol 95R,2,final,True,224.1284,225.4141,224.1284,227.3047,228.524,-1.2857,1.8906,3.1099
2013-02-15,2013-03-08,Premium Petrol 95R,3,final,True,224.1284,224.557,224.1284,227.4564,229.511,-0.4286,2.8994,4.954
2013-02-22,2013-03-01,Premium Petrol 95R,1,final,True,225.4141,225.4141,225.4141,225.7373,226.3849,0.0,0.3232,0.9708
2013-02-22,2013-03-08,Premium Petrol 95R,2,final,True,225.4141,224.557,225.4141,225.6707,226.9923,0.8571,1.1137,2.4353
2013-02-22,2013-03-15,Premium Petrol 95R,3,final,True,225.4141,223.4141,225.4141,225.5544,227.5521,2.0,2.1403,4.138
2013-03-01,2013-03-08,Premium Petrol 95R,1,final,True,225.4141,224.557,225.4141,224.2216,224.8495,0.8571,-0.3354,0.2925
2013-03-01,2013-03-15,Premium Petrol 95R,2,final,True,225.4141,223.4141,225.4141,223.5967,224.7174,2.0,0.1825,1.3033
2013-03-01,2013-03-22,Premium Petrol 95R,3,final,True,225.4141,222.557,225.4141,223.3788,224.9248,2.8571,0.8218,2.3678
2013-03-08,2013-03-15,Premium Petrol 95R,1,final,True,224.557,223.4141,224.557,222.6788,223.1457,1.1429,-0.7353,-0.2685
2013-03-08,2013-03-22,Premium Petrol 95R,2,final,True,224.557,222.557,224.557,221.896,222.6042,2.0,-0.661,0.0472
2013-03-08,2013-03-29,Premium Petrol 95R,3,final,True,224.557,221.4141,224.557,221.7468,222.6069,3.1429,0.3327,1.1928
2013-03-15,2013-03-22,Premium Petrol 95R,1,final,True,223.4141,222.557,223.4141,222.4437,222.4929,0.8571,-0.1133,-0.0641
2013-03-15,2013-03-29,Premium Petrol 95R,2,final,True,223.4141,221.4141,223.4141,222.2093,222.194,2.0,0.7951,0.7799
2013-03-15,2013-04-05,Premium Petrol 95R,3,final,True,223.4141,220.6104,223.4141,222.269,222.1646,2.8038,1.6587,1.5543
2013-03-22,2013-03-29,Premium Petrol 95R,1,final,True,222.557,221.4141,222.557,221.9498,222.0629,1.1429,0.5356,0.6488
2013-03-22,2013-04-05,Premium Petrol 95R,2,final,True,222.557,220.6104,222.557,221.8403,221.9954,1.9466,1.23,1.385
2013-03-22,2013-04-12,Premium Petrol 95R,3,final,True,222.557,216.3246,222.557,221.9111,222.0839,6.2324,5.5865,5.7593
2013-03-29,2013-04-05,Premium Petrol 95R,1,final,True,221.4141,220.6104,221.4141,220.3146,220.5787,0.8038,-0.2957,-0.0316
2013-03-29,2013-04-12,Premium Petrol 95R,2,final,True,221.4141,216.3246,221.4141,219.9395,220.3178,5.0895,3.6148,3.9931
2013-03-29,2013-04-19,Premium Petrol 95R,3,final,True,221.4141,211.1818,221.4141,219.8517,220.2772,10.2324,8.6699,9.0954
2013-04-05,2013-04-12,Premium Petrol 95R,1,final,True,220.6104,216.3246,220.6104,219.5416,219.6806,4.2857,3.217,3.3559
2013-04-05,2013-04-19,Premium Petrol 95R,2,final,True,220.6104,211.1818,220.6104,219.1436,219.2644,9.4286,7.9618,8.0826
2013-04-05,2013-04-26,Premium Petrol 95R,3,final,True,220.6104,209.8961,220.6104,219.1037,219.1269,10.7143,9.2076,9.2308
2013-04-12,2013-04-19,Premium Petrol 95R,1,final,True,216.3246,211.1818,216.3246,212.3448,213.0005,5.1429,1.1631,1.8187
2013-04-12,2013-04-26,Premium Petrol 95R,2,final,True,216.3246,209.8961,216.3246,210.657,211.4325,6.4286,0.7609,1.5364
2013-04-12,2013-05-03,Premium Petrol 95R,3,final,True,216.3246,209.8961,216.3246,210.1788,210.8568,6.4286,0.2827,0.9607
2013-04-19,2013-04-26,Premium Petrol 95R,1,final,True,211.1818,209.8961,211.1818,207.9266,207.9303,1.2857,-1.9695,-1.9658
2013-04-19,2013-05-03,Premium Petrol 95R,2,final,True,211.1818,209.8961,211.1818,206.7253,206.3183,1.2857,-3.1708,-3.5778
2013-04-19,2013-05-10,Premium Petrol 95R,3,final,True,211.1818,209.8961,211.1818,206.4765,205.4936,1.2857,-3.4195,-4.4025
2013-04-26,2013-05-03,Premium Petrol 95R,1,final,True,209.8961,209.8961,209.8961,209.7328,209.3265,0.0,-0.1632,-0.5695
2013-04-26,2013-05-10,Premium Petrol 95R,2,final,True,209.8961,209.8961,209.8961,209.9527,209.1022,0.0,0.0567,-0.7939
2013-04-26,2013-05-17,Premium Petrol 95R,3,final,True,209.8961,211.6104,209.8961,210.3611,209.0728,-1.7143,-1.2493,-2.5376
2013-05-03,2013-05-10,Premium Petrol 95R,1,final,True,209.8961,209.8961,209.8961,209.6546,209.7753,0.0,-0.2414,-0.1207
2013-05-03,2013-05-17,Premium Petrol 95R,2,final,True,209.8961,211.6104,209.8961,209.8589,210.0474,-1.7143,-1.7514,-1.5629
2013-05-03,2013-05-24,Premium Petrol 95R,3,final,True,209.8961,213.8961,209.8961,209.9517,210.2314,-4.0,-3.9443,-3.6646
2013-05-10,2013-05-17,Premium Petrol 95R,1,final,True,209.8961,211.6104,209.8961,211.2038,210.9143,-1.7143,-0.4065,-0.696
2013-05-10,2013-05-24,Premium Petrol 95R,2,final,True,209.8961,213.8961,209.8961,211.7732,211.3604,-4.0,-2.1229,-2.5356
2013-05-10,2013-05-31,Premium Petrol 95R,3,final,True,209.8961,215.6104,209.8961,211.9454,211.4327,-5.7143,-3.665,-4.1777
2013-05-17,2013-05-24,Premium Petrol 95R,1,final,True,211.6104,213.8961,211.6104,213.648,213.5369,-2.2857,-0.2481,-0.3592
2013-05-17,2013-05-31,Premium Petrol 95R,2,final,True,211.6104,215.6104,211.6104,214.461,214.4526,-4.0,-1.1493,-1.1577
2013-05-17,2013-06-07,Premium Petrol 95R,3,final,True,211.6104,216.8961,211.6104,214.826,214.9945,-5.2857,-2.07,-1.9015
2013-05-24,2013-05-31,Premium Petrol 95R,1,final,True,213.8961,215.6104,213.8961,215.7051,215.7924,-1.7143,0.0948,0.1821
2013-05-24,2013-06-07,Premium Petrol 95R,2,final,True,213.8961,216.8961,213.8961,216.5081,216.8884,-3.0,-0.388,-0.0077
2013-05-24,2013-06-14,Premium Petrol 95R,3,final,True,213.8961,220.8961,213.8961,216.7131,217.4944,-7.0,-4.183,-3.4017
2013-05-31,2013-06-07,Premium Petrol 95R,1,final,True,215.6104,216.8961,215.6104,216.9092,217.0956,-1.2857,0.0131,0.1995
2013-05-31,2013-06-14,Premium Petrol 95R,2,final,True,215.6104,220.8961,215.6104,217.3231,217.8659,-5.2857,-3.573,-3.0301
2013-05-31,2013-06-21,Premium Petrol 95R,3,final,True,215.6104,220.8961,215.6104,217.4299,218.3678,-5.2857,-3.4662,-2.5283
2013-06-07,2013-06-14,Premium Petrol 95R,1,final,True,216.8961,220.8961,216.8961,218.2058,218.2982,-4.0,-2.6902,-2.5979
2013-06-07,2013-06-21,Premium Petrol 95R,2,final,True,216.8961,220.8961,216.8961,218.6967,219.0349,-4.0,-2.1994,-1.8611
2013-06-07,2013-06-28,Premium Petrol 95R,3,final,True,216.8961,220.8961,216.8961,218.878,219.5239,-4.0,-2.0181,-1.3721
2013-06-14,2013-06-21,Premium Petrol 95R,1,final,True,220.8961,220.8961,220.8961,222.5435,222.6508,0.0,1.6474,1.7547
2013-06-14,2013-06-28,Premium Petrol 95R,2,final,True,220.8961,220.8961,220.8961,223.2277,223.6546,0.0,2.3316,2.7585
2013-06-14,2013-07-05,Premium Petrol 95R,3,final,True,220.8961,226.7576,220.8961,223.4957,224.3348,-5.8615,-3.2618,-2.4228
2013-06-21,2013-06-28,Premium Petrol 95R,1,final,True,220.8961,220.8961,220.8961,221.6537,221.7631,0.0,0.7577,0.867
2013-06-21,2013-07-05,Premium Petrol 95R,2,final,True,220.8961,226.7576,220.8961,221.9455,222.2708,-5.8615,-4.8121,-4.4868
2013-06-21,2013-07-12,Premium Petrol 95R,3,final,True,220.8961,230.1862,220.8961,222.0131,222.5961,-9.2901,-8.1731,-7.5901
2013-06-28,2013-07-05,Premium Petrol 95R,1,final,True,220.8961,226.7576,220.8961,221.1858,221.4297,-5.8615,-5.5718,-5.3279
2013-06-28,2013-07-12,Premium Petrol 95R,2,final,True,220.8961,230.1862,220.8961,221.2498,221.7808,-9.2901,-8.9364,-8.4053
2013-06-28,2013-07-19,Premium Petrol 95R,3,final,True,220.8961,232.4719,220.8961,221.2512,222.0732,-11.5758,-11.2207,-10.3987
2013-07-05,2013-07-12,Premium Petrol 95R,1,final,True,226.7576,230.1862,226.7576,227.564,227.7028,-3.4286,-2.6221,-2.4833
2013-07-05,2013-07-19,Premium Petrol 95R,2,final,True,226.7576,232.4719,226.7576,227.8878,228.267,-5.7143,-4.5841,-4.2048
2013-07-05,2013-07-26,Premium Petrol 95R,3,final,True,226.7576,230.1862,226.7576,228.0769,228.7375,-3.4286,-2.1093,-1.4487
2013-07-12,2013-07-19,Premium Petrol 95R,1,final,True,230.1862,232.4719,230.1862,232.6941,232.3588,-2.2857,0.2222,-0.113
2013-07-12,2013-07-26,Premium Petrol 95R,2,final,True,230.1862,230.1862,230.1862,233.8122,233.4749,0.0,3.626,3.2888
2013-07-12,2013-08-02,Premium Petrol 95R,3,final,True,230.1862,226.7576,230.1862,234.284,234.098,3.4286,7.5264,7.3404
2013-07-19,2013-07-26,Premium Petrol 95R,1,final,True,232.4719,230.1862,232.4719,233.9124,233.979,2.2857,3.7262,3.7928
2013-07-19,2013-08-02,Premium Petrol 95R,2,final,True,232.4719,226.7576,232.4719,234.521,234.8506,5.7143,7.7634,8.0931
2013-07-19,2013-08-09,Premium Petrol 95R,3,final,True,232.4719,226.4719,232.4719,234.7005,235.3701,6.0,8.2286,8.8983
2013-07-26,2013-08-02,Premium Petrol 95R,1,final,True,230.1862,226.7576,230.1862,227.0751,227.9634,3.4286,0.3175,1.2059
2013-07-26,2013-08-09,Premium Petrol 95R,2,final,True,230.1862,226.4719,230.1862,225.7087,227.058,3.7143,-0.7632,0.5861
2013-07-26,2013-08-16,Premium Petrol 95R,3,final,True,230.1862,223.9004,230.1862,225.0348,226.6486,6.2857,1.1344,2.7481
2013-08-02,2013-08-09,Premium Petrol 95R,1,final,True,226.7576,226.4719,226.7576,224.6364,224.4627,0.2857,-1.8354,-2.0092
2013-08-02,2013-08-16,Premium Petrol 95R,2,final,True,226.7576,223.9004,226.7576,223.6445,223.0005,2.8571,-0.2559,-0.8999
2013-08-02,2013-08-23,Premium Petrol 95R,3,final,True,226.7576,223.4719,226.7576,223.3988,222.132,3.2857,-0.0731,-1.3399
2013-08-09,2013-08-16,Premium Petrol 95R,1,final,True,226.4719,223.9004,226.4719,225.1555,225.0054,2.5714,1.2551,1.1049
2013-08-09,2013-08-23,Premium Petrol 95R,2,final,True,226.4719,223.4719,226.4719,224.7283,224.2312,3.0,1.2564,0.7593
2013-08-09,2013-08-30,Premium Petrol 95R,3,final,True,226.4719,227.329,226.4719,224.9196,224.0391,-0.8571,-2.4094,-3.2899
2013-08-16,2013-08-23,Premium Petrol 95R,1,final,True,223.9004,223.4719,223.9004,223.1429,222.8217,0.4286,-0.329,-0.6501
2013-08-16,2013-08-30,Premium Petrol 95R,2,final,True,223.9004,227.329,223.9004,223.2324,222.5034,-3.4286,-4.0966,-4.8257
2013-08-16,2013-09-06,Premium Petrol 95R,3,final,True,223.9004,230.4719,223.9004,223.2952,222.1812,-6.5714,-7.1767,-8.2906
2013-08-23,2013-08-30,Premium Petrol 95R,1,final,True,223.4719,227.329,223.4719,223.6485,223.4972,-3.8571,-3.6805,-3.8319
2013-08-23,2013-09-06,Premium Petrol 95R,2,final,True,223.4719,230.4719,223.4719,223.7383,223.4691,-7.0,-6.7336,-7.0028
2013-08-23,2013-09-13,Premium Petrol 95R,3,final,True,223.4719,228.329,223.4719,223.8395,223.4075,-4.8571,-4.4895,-4.9215
2013-08-30,2013-09-06,Premium Petrol 95R,1,final,True,227.329,230.4719,227.329,230.1582,229.5222,-3.1429,-0.3136,-0.9497
2013-08-30,2013-09-13,Premium Petrol 95R,2,final,True,227.329,228.329,227.329,231.3131,230.3783,-1.0,2.9841,2.0493
2013-08-30,2013-09-20,Premium Petrol 95R,3,final,True,227.329,223.7576,227.329,231.9759,230.8788,3.5714,8.2183,7.1212
2013-09-06,2013-09-13,Premium Petrol 95R,1,final,True,230.4719,228.329,230.4719,232.1682,232.0819,2.1429,3.8392,3.7528
2013-09-06,2013-09-20,Premium Petrol 95R,2,final,True,230.4719,223.7576,230.4719,233.0363,233.0718,6.7143,9.2788,9.3143
2013-09-06,2013-09-27,Premium Petrol 95R,3,final,True,230.4719,222.4719,230.4719,233.3714,233.6378,8.0,10.8995,11.1659
2013-09-13,2013-09-20,Premium Petrol 95R,1,final,True,228.329,223.7576,228.329,225.8733,226.4979,4.5714,2.1157,2.7403
2013-09-13,2013-09-27,Premium Petrol 95R,2,final,True,228.329,222.4719,228.329,224.9919,225.8915,5.8571,2.52,3.4197
2013-09-13,2013-10-04,Premium Petrol 95R,3,final,True,228.329,221.3172,228.329,224.1444,225.1865,7.0118,2.8272,3.8693
2013-09-20,2013-09-27,Premium Petrol 95R,1,final,True,223.7576,222.4719,223.7576,221.1974,221.1215,1.2857,-1.2744,-1.3503
2013-09-20,2013-10-04,Premium Petrol 95R,2,final,True,223.7576,221.3172,223.7576,219.7756,219.2545,2.4404,-1.5416,-2.0627
2013-09-20,2013-10-11,Premium Petrol 95R,3,final,True,223.7576,217.7914,223.7576,219.3005,218.1065,5.9661,1.509,0.315
2013-09-27,2013-10-04,Premium Petrol 95R,1,final,True,222.4719,221.3172,222.4719,220.8477,220.5828,1.1547,-0.4695,-0.7344
2013-09-27,2013-10-11,Premium Petrol 95R,2,final,True,222.4719,217.7914,222.4719,220.2483,219.462,4.6804,2.4569,1.6705
2013-09-27,2013-10-18,Premium Petrol 95R,3,final,True,222.4719,217.7914,222.4719,220.5183,219.159,4.6804,2.7268,1.3675
2013-10-04,2013-10-11,Premium Petrol 95R,1,final,True,221.3172,217.7914,221.3172,220.067,219.8293,3.5258,2.2756,2.0378
2013-10-04,2013-10-18,Premium Petrol 95R,2,final,True,221.3172,217.7914,221.3172,220.0837,219.46,3.5258,2.2923,1.6686
2013-10-04,2013-10-25,Premium Petrol 95R,3,final,True,221.3172,217.7914,221.3172,220.1622,219.1751,3.5258,2.3707,1.3837
2013-10-11,2013-10-18,Premium Petrol 95R,1,final,True,217.7914,217.7914,217.7914,218.239,217.7082,0.0,0.4476,-0.0833
2013-10-11,2013-10-25,Premium Petrol 95R,2,final,True,217.7914,217.7914,217.7914,218.5384,217.5574,0.0,0.7469,-0.2341
2013-10-11,2013-11-01,Premium Petrol 95R,3,final,True,217.7914,217.7914,217.7914,218.6736,217.2196,0.0,0.8822,-0.5719
2013-10-18,2013-10-25,Premium Petrol 95R,1,final,True,217.7914,217.7914,217.7914,217.7431,218.0544,0.0,-0.0484,0.2629
2013-10-18,2013-11-01,Premium Petrol 95R,2,final,True,217.7914,217.7914,217.7914,217.7625,218.313,0.0,-0.0289,0.5216
2013-10-18,2013-11-08,Premium Petrol 95R,3,final,True,217.7914,217.7914,217.7914,217.8881,218.6406,0.0,0.0967,0.8492
2013-10-25,2013-11-01,Premium Petrol 95R,1,final,True,217.7914,217.7914,217.7914,216.9027,217.2549,0.0,-0.8888,-0.5366
2013-10-25,2013-11-08,Premium Petrol 95R,2,final,True,217.7914,217.7914,217.7914,216.7269,217.2629,0.0,-1.0646,-0.5286
2013-10-25,2013-11-15,Premium Petrol 95R,3,final,True,217.7914,217.7914,217.7914,216.5597,217.2432,0.0,-1.2318,-0.5482
2013-11-01,2013-11-08,Premium Petrol 95R,1,final,True,217.7914,217.7914,217.7914,218.6202,218.286,0.0,0.8287,0.4946
2013-11-01,2013-11-15,Premium Petrol 95R,2,final,True,217.7914,217.7914,217.7914,218.7919,218.2321,0.0,1.0005,0.4407
2013-11-01,2013-11-22,Premium Petrol 95R,3,final,True,217.7914,217.7914,217.7914,218.9789,218.1908,0.0,1.1875,0.3994
2013-11-08,2013-11-15,Premium Petrol 95R,1,final,True,217.7914,217.7914,217.7914,216.7903,217.1646,0.0,-1.0011,-0.6268
2013-11-08,2013-11-22,Premium Petrol 95R,2,final,True,217.7914,217.7914,217.7914,216.5831,217.1594,0.0,-1.2084,-0.6321
2013-11-08,2013-11-29,Premium Petrol 95R,3,final,True,217.7914,219.5057,217.7914,216.6465,217.3955,-1.7143,-2.8592,-2.1102
2013-11-15,2013-11-22,Premium Petrol 95R,1,final,True,217.7914,217.7914,217.7914,218.9433,218.4665,0.0,1.1519,0.6751
2013-11-15,2013-11-29,Premium Petrol 95R,2,final,True,217.7914,219.5057,217.7914,219.4663,218.6805,-1.7143,-0.0395,-0.8252
2013-11-15,2013-12-06,Premium Petrol 95R,3,final,True,217.7914,221.9343,217.7914,219.5897,218.5568,-4.1429,-2.3446,-3.3775
2013-11-22,2013-11-29,Premium Petrol 95R,1,final,True,217.7914,219.5057,217.7914,218.4436,218.5536,-1.7143,-1.0621,-0.9521
2013-11-22,2013-12-06,Premium Petrol 95R,2,final,True,217.7914,221.9343,217.7914,218.5792,218.8775,-4.1429,-3.3551,-3.0568
2013-11-22,2013-12-13,Premium Petrol 95R,3,final,True,217.7914,222.7914,217.7914,218.9116,219.389,-5.0,-3.8798,-3.4025
2013-11-29,2013-12-06,Premium Petrol 95R,1,final,True,219.5057,221.9343,219.5057,220.8394,220.7891,-2.4286,-1.0949,-1.1452
2013-11-29,2013-12-13,Premium Petrol 95R,2,final,True,219.5057,222.7914,219.5057,221.6016,221.6604,-3.2857,-1.1898,-1.131
2013-11-29,2013-12-20,Premium Petrol 95R,3,final,True,219.5057,222.7914,219.5057,221.7857,222.082,-3.2857,-1.0058,-0.7094
2013-12-06,2013-12-13,Premium Petrol 95R,1,final,True,221.9343,222.7914,221.9343,222.7706,223.0074,-0.8571,-0.0208,0.216
2013-12-06,2013-12-20,Premium Petrol 95R,2,final,True,221.9343,222.7914,221.9343,223.0191,223.631,-0.8571,0.2277,0.8396
2013-12-06,2013-12-27,Premium Petrol 95R,3,final,True,221.9343,222.7914,221.9343,223.1909,224.1752,-0.8571,0.3995,1.3837
2013-12-13,2013-12-20,Premium Petrol 95R,1,final,True,222.7914,222.7914,222.7914,222.8095,222.9218,0.0,0.0181,0.1304
2013-12-13,2013-12-27,Premium Petrol 95R,2,final,True,222.7914,222.7914,222.7914,222.9054,223.0968,0.0,0.114,0.3054
2013-12-13,2014-01-03,Premium Petrol 95R,3,final,True,222.7914,224.8156,222.7914,222.8332,223.1313,-2.0242,-1.9824,-1.6843
2013-12-20,2013-12-27,Premium Petrol 95R,1,final,True,222.7914,222.7914,222.7914,222.9631,222.8394,0.0,0.1717,0.048
2013-12-20,2014-01-03,Premium Petrol 95R,2,final,True,222.7914,224.8156,222.7914,222.9164,222.7088,-2.0242,-1.8992,-2.1068
2013-12-20,2014-01-10,Premium Petrol 95R,3,final,True,222.7914,222.711,222.7914,222.9379,222.6236,0.0805,0.2269,-0.0874
2013-12-27,2014-01-03,Premium Petrol 95R,1,final,True,222.7914,224.8156,222.7914,224.784,224.2524,-2.0242,-0.0316,-0.5632
2013-12-27,2014-01-10,Premium Petrol 95R,2,final,True,222.7914,222.711,222.7914,225.5008,224.7152,0.0805,2.7898,2.0042
2013-12-27,2014-01-17,Premium Petrol 95R,3,final,True,222.7914,220.9967,222.7914,225.9639,225.0407,1.7948,4.9672,4.044
2014-01-03,2014-01-10,Premium Petrol 95R,1,final,True,224.8156,222.711,224.8156,225.5565,225.9727,2.1046,2.8455,3.2617
2014-01-03,2014-01-17,Premium Petrol 95R,2,final,True,224.8156,220.9967,224.8156,226.028,226.9799,3.8189,5.0313,5.9832
2014-01-03,2014-01-24,Premium Petrol 95R,3,final,True,224.8156,220.4253,224.8156,226.3062,227.8603,4.3903,5.881,7.4351
2014-01-10,2014-01-17,Premium Petrol 95R,1,final,True,222.711,220.9967,222.711,221.1574,221.8892,1.7143,0.1607,0.8925
2014-01-10,2014-01-24,Premium Petrol 95R,2,final,True,222.711,220.4253,222.711,220.7518,221.9883,2.2857,0.3265,1.5631
2014-01-10,2014-01-31,Premium Petrol 95R,3,final,True,222.711,220.4253,222.711,220.2569,221.9214,2.2857,-0.1683,1.4961
2014-01-17,2014-01-24,Premium Petrol 95R,1,final,True,220.9967,220.4253,220.9967,219.7394,220.1132,0.5714,-0.6859,-0.3121
2014-01-17,2014-01-31,Premium Petrol 95R,2,final,True,220.9967,220.4253,220.9967,218.9535,219.5078,0.5714,-1.4718,-0.9175
2014-01-17,2014-02-07,Premium Petrol 95R,3,final,True,220.9967,220.4253,220.9967,218.5697,219.1617,0.5714,-1.8555,-1.2636
2014-01-24,2014-01-31,Premium Petrol 95R,1,final,True,220.4253,220.4253,220.4253,220.2336,220.263,0.0,-0.1917,-0.1623
2014-01-24,2014-02-07,Premium Petrol 95R,2,final,True,220.4253,220.4253,220.4253,220.0453,220.0522,0.0,-0.3799,-0.3731
2014-01-24,2014-02-14,Premium Petrol 95R,3,final,True,220.4253,220.4253,220.4253,220.3185,220.2988,0.0,-0.1067,-0.1265
2014-01-31,2014-02-07,Premium Petrol 95R,1,final,True,220.4253,220.4253,220.4253,220.5677,220.7485,0.0,0.1425,0.3233
2014-01-31,2014-02-14,Premium Petrol 95R,2,final,True,220.4253,220.4253,220.4253,220.9521,221.3626,0.0,0.5269,0.9374
2014-01-31,2014-02-21,Premium Petrol 95R,3,final,True,220.4253,220.4253,220.4253,221.3022,221.9954,0.0,0.877,1.5702
2014-02-07,2014-02-14,Premium Petrol 95R,1,final,True,220.4253,220.4253,220.4253,220.5007,220.9114,0.0,0.0754,0.4862
2014-02-07,2014-02-21,Premium Petrol 95R,2,final,True,220.4253,220.4253,220.4253,220.7463,221.5827,0.0,0.3211,1.1574
2014-02-07,2014-02-28,Premium Petrol 95R,3,final,True,220.4253,221.5681,220.4253,220.7686,222.0177,-1.1429,-0.7995,0.4496
2014-02-14,2014-02-21,Premium Petrol 95R,1,final,True,220.4253,220.4253,220.4253,221.8938,221.95,0.0,1.4685,1.5247
2014-02-14,2014-02-28,Premium Petrol 95R,2,final,True,220.4253,221.5681,220.4253,222.3275,222.6001,-1.1429,0.7593,1.032
2014-02-14,2014-03-07,Premium Petrol 95R,3,final,True,220.4253,222.4253,220.4253,222.53,223.0462,-2.0,0.1047,0.6209
2014-02-21,2014-02-28,Premium Petrol 95R,1,final,True,220.4253,221.5681,220.4253,220.7759,221.3711,-1.1429,-0.7922,-0.197
2014-02-21,2014-03-07,Premium Petrol 95R,2,final,True,220.4253,222.4253,220.4253,220.9516,222.1593,-2.0,-1.4737,-0.2659
2014-02-21,2014-03-14,Premium Petrol 95R,3,final,True,220.4253,222.4253,220.4253,221.1279,222.9754,-2.0,-1.2973,0.5501
2014-02-28,2014-03-07,Premium Petrol 95R,1,final,True,221.5681,222.4253,221.5681,221.8327,222.4157,-0.8571,-0.5925,-0.0095
2014-02-28,2014-03-14,Premium Petrol 95R,2,final,True,221.5681,222.4253,221.5681,222.043,223.2452,-0.8571,-0.3822,0.8199
2014-02-28,2014-03-21,Premium Petrol 95R,3,final,True,221.5681,220.4253,221.5681,222.0219,223.8713,1.1429,1.5966,3.446
2014-03-07,2014-03-14,Premium Petrol 95R,1,final,True,222.4253,222.4253,222.4253,222.2373,222.8293,0.0,-0.188,0.4041
2014-03-07,2014-03-21,Premium Petrol 95R,2,final,True,222.4253,220.4253,222.4253,222.085,223.24,2.0,1.6597,2.8148
2014-03-07,2014-03-28,Premium Petrol 95R,3,final,True,222.4253,220.4253,222.4253,222.0427,223.7233,2.0,1.6174,3.298
2014-03-14,2014-03-21,Premium Petrol 95R,1,final,True,222.4253,220.4253,222.4253,221.3234,221.8742,2.0,0.8981,1.4489
2014-03-14,2014-03-28,Premium Petrol 95R,2,final,True,222.4253,220.4253,222.4253,220.9618,221.8917,2.0,0.5366,1.4664
2014-03-14,2014-04-04,Premium Petrol 95R,3,final,True,222.4253,219.3723,222.4253,220.8056,222.0769,3.053,1.4333,2.7046
2014-03-21,2014-03-28,Premium Petrol 95R,1,final,True,220.4253,220.4253,220.4253,218.6413,219.058,0.0,-1.7839,-1.3673
2014-03-21,2014-04-04,Premium Petrol 95R,2,final,True,220.4253,219.3723,220.4253,217.9962,218.5965,1.053,-1.3761,-0.7758
2014-03-21,2014-04-11,Premium Petrol 95R,3,final,True,220.4253,218.5301,220.4253,217.7309,218.4152,1.8951,-0.7992,-0.1149
2014-03-28,2014-04-04,Premium Petrol 95R,1,final,True,220.4253,219.3723,220.4253,219.7861,219.824,1.053,0.4138,0.4517
2014-03-28,2014-04-11,Premium Petrol 95R,2,final,True,220.4253,218.5301,220.4253,219.5303,219.5035,1.8951,1.0002,0.9734
2014-03-28,2014-04-18,Premium Petrol 95R,3,final,True,220.4253,220.2444,220.4253,219.5497,219.4119,0.1808,-0.6947,-0.8325
2014-04-04,2014-04-11,Premium Petrol 95R,1,final,True,219.3723,218.5301,219.3723,218.9968,218.9726,0.8422,0.4666,0.4425
2014-04-04,2014-04-18,Premium Petrol 95R,2,final,True,219.3723,220.2444,219.3723,218.9735,218.8625,-0.8721,-1.2709,-1.3819
2014-04-04,2014-04-25,Premium Petrol 95R,3,final,True,219.3723,221.673,219.3723,219.1732,218.9592,-2.3007,-2.4998,-2.7138
2014-04-11,2014-04-18,Premium Petrol 95R,1,final,True,218.5301,220.2444,218.5301,219.0633,218.9769,-1.7143,-1.1811,-1.2675
2014-04-11,2014-04-25,Premium Petrol 95R,2,final,True,218.5301,221.673,218.5301,219.4511,219.3405,-3.1429,-2.2219,-2.3325
2014-04-11,2014-05-02,Premium Petrol 95R,3,final,True,218.5301,222.5301,218.5301,219.653,219.553,-4.0,-2.8771,-2.9772
2014-04-18,2014-04-25,Premium Petrol 95R,1,final,True,220.2444,221.673,220.2444,221.6209,221.6773,-1.4286,-0.052,0.0043
2014-04-18,2014-05-02,Premium Petrol 95R,2,final,True,220.2444,222.5301,220.2444,222.165,222.4502,-2.2857,-0.3652,-0.0799
2014-04-18,2014-05-09,Premium Petrol 95R,3,final,True,220.2444,220.3873,220.2444,222.4926,223.0498,-0.1429,2.1053,2.6626
2014-04-25,2014-05-02,Premium Petrol 95R,1,final,True,221.673,222.5301,221.673,222.6152,222.8285,-0.8571,0.085,0.2983
2014-04-25,2014-05-09,Premium Petrol 95R,2,final,True,221.673,220.3873,221.673,223.0789,223.6048,1.2857,2.6916,3.2175
2014-04-25,2014-05-16,Premium Petrol 95R,3,final,True,221.673,220.3873,221.673,223.2812,224.1769,1.2857,2.8939,3.7896
2014-05-02,2014-05-09,Premium Petrol 95R,1,final,True,222.5301,220.3873,222.5301,222.14,222.5803,2.1429,1.7527,2.1931
2014-05-02,2014-05-16,Premium Petrol 95R,2,final,True,222.5301,220.3873,222.5301,222.0504,222.8685,2.1429,1.6631,2.4812
2014-05-02,2014-05-23,Premium Petrol 95R,3,final,True,222.5301,221.5301,222.5301,221.8985,223.0691,1.0,0.3683,1.539
2014-05-09,2014-05-16,Premium Petrol 95R,1,final,True,220.3873,220.3873,220.3873,219.0081,219.2952,0.0,-1.3792,-1.0921
2014-05-09,2014-05-23,Premium Petrol 95R,2,final,True,220.3873,221.5301,220.3873,218.4139,218.7843,-1.1429,-3.1162,-2.7458
2014-05-09,2014-05-30,Premium Petrol 95R,3,final,True,220.3873,223.2444,220.3873,218.0884,218.4533,-2.8571,-5.1561,-4.7911
2014-05-16,2014-05-23,Premium Petrol 95R,1,final,True,220.3873,221.5301,220.3873,221.0223,220.7323,-1.1429,-0.5079,-0.7978
2014-05-16,2014-05-30,Premium Petrol 95R,2,final,True,220.3873,223.2444,220.3873,221.1167,220.6197,-2.8571,-2.1277,-2.6247
2014-05-16,2014-06-06,Premium Petrol 95R,3,final,True,220.3873,223.5301,220.3873,221.3493,220.6582,-3.1429,-2.1808,-2.8719
2014-05-23,2014-05-30,Premium Petrol 95R,1,final,True,221.5301,223.2444,221.5301,222.3511,222.3689,-1.7143,-0.8933,-0.8755
2014-05-23,2014-06-06,Premium Petrol 95R,2,final,True,221.5301,223.5301,221.5301,222.8324,222.9829,-2.0,-0.6977,-0.5472
2014-05-23,2014-06-13,Premium Petrol 95R,3,final,True,221.5301,223.5301,221.5301,223.302,223.6534,-2.0,-0.2281,0.1233
2014-05-30,2014-06-06,Premium Petrol 95R,1,final,True,223.2444,223.5301,223.2444,224.3055,224.3829,-0.2857,0.7754,0.8528
2014-05-30,2014-06-13,Premium Petrol 95R,2,final,True,223.2444,223.5301,223.2444,224.9723,225.277,-0.2857,1.4421,1.7468
2014-05-30,2014-06-20,Premium Petrol 95R,3,final,True,223.2444,224.3873,223.2444,225.163,225.7709,-1.1429,0.7757,1.3836
2014-06-06,2014-06-13,Premium Petrol 95R,1,final,True,223.5301,223.5301,223.5301,223.5132,223.8425,0.0,-0.0169,0.3123
2014-06-06,2014-06-20,Premium Petrol 95R,2,final,True,223.5301,224.3873,223.5301,223.4682,224.1069,-0.8571,-0.9191,-0.2804
2014-06-06,2014-06-27,Premium Petrol 95R,3,final,True,223.5301,225.5301,223.5301,223.3748,224.2829,-2.0,-2.1554,-1.2472
2014-06-13,2014-06-20,Premium Petrol 95R,1,final,True,223.5301,224.3873,223.5301,223.1575,223.2882,-0.8571,-1.2298,-1.0991
2014-06-13,2014-06-27,Premium Petrol 95R,2,final,True,223.5301,225.5301,223.5301,222.9513,223.1265,-2.0,-2.5789,-2.4036
2014-06-13,2014-07-04,Premium Petrol 95R,3,final,True,223.5301,227.4535,223.5301,222.8201,223.0166,-3.9233,-4.6333,-4.4369
2014-06-20,2014-06-27,Premium Petrol 95R,1,final,True,224.3873,225.5301,224.3873,225.0445,224.7932,-1.1429,-0.4857,-0.7369
2014-06-20,2014-07-04,Premium Petrol 95R,2,final,True,224.3873,227.4535,224.3873,225.2127,224.8078,-3.0662,-2.2407,-2.6457
2014-06-20,2014-07-11,Premium Petrol 95R,3,final,True,224.3873,226.6312,224.3873,225.4521,224.9142,-2.2439,-1.1791,-1.717
2014-06-27,2014-07-04,Premium Petrol 95R,1,final,True,225.5301,227.4535,225.5301,226.1856,226.0736,-1.9233,-1.2679,-1.3799
2014-06-27,2014-07-11,Premium Petrol 95R,2,final,True,225.5301,226.6312,225.5301,226.5931,226.4573,-1.1011,-0.0381,-0.1738
2014-06-27,2014-07-18,Premium Petrol 95R,3,final,True,225.5301,225.774,225.5301,226.9009,226.8019,-0.2439,1.1268,1.0278
2014-07-04,2014-07-11,Premium Petrol 95R,1,final,True,227.4535,226.6312,227.4535,228.1188,228.033,0.8223,1.4876,1.4018
2014-07-04,2014-07-18,Premium Petrol 95R,2,final,True,227.4535,225.774,227.4535,228.5172,228.4438,1.6794,2.7431,2.6698
2014-07-04,2014-07-25,Premium Petrol 95R,3,final,True,227.4535,225.774,227.4535,228.6273,228.6041,1.6794,2.8532,2.8301
2014-07-11,2014-07-18,Premium Petrol 95R,1,final,True,226.6312,225.774,226.6312,225.4167,226.0332,0.8571,-0.3573,0.2592
2014-07-11,2014-07-25,Premium Petrol 95R,2,final,True,226.6312,225.774,226.6312,224.9781,226.0222,0.8571,-0.7959,0.2482
2014-07-11,2014-08-01,Premium Petrol 95R,3,final,True,226.6312,225.774,226.6312,224.6961,226.0901,0.8571,-1.0779,0.316
2014-07-18,2014-07-25,Premium Petrol 95R,1,final,True,225.774,225.774,225.774,224.8184,225.0545,0.0,-0.9556,-0.7196
2014-07-18,2014-08-01,Premium Petrol 95R,2,final,True,225.774,225.774,225.774,224.3616,224.6822,0.0,-1.4124,-1.0918
2014-07-18,2014-08-08,Premium Petrol 95R,3,final,True,225.774,224.0598,225.774,224.1082,224.4484,1.7143,0.0485,0.3887
2014-07-25,2014-08-01,Premium Petrol 95R,1,final,True,225.774,225.774,225.774,224.4329,224.6964,0.0,-1.3411,-1.0776
2014-07-25,2014-08-08,Premium Petrol 95R,2,final,True,225.774,224.0598,225.774,223.8892,224.2228,1.7143,-0.1705,0.1631
2014-07-25,2014-08-15,Premium Petrol 95R,3,final,True,225.774,223.774,225.774,223.8533,224.1744,2.0,0.0792,0.4004
2014-08-01,2014-08-08,Premium Petrol 95R,1,final,True,225.774,224.0598,225.774,224.6906,224.6141,1.7143,0.6309,0.5544
2014-08-01,2014-08-15,Premium Petrol 95R,2,final,True,225.774,223.774,225.774,224.4871,224.1729,2.0,0.713,0.3989
2014-08-01,2014-08-22,Premium Petrol 95R,3,final,True,225.774,222.0598,225.774,224.471,223.8872,3.7143,2.4112,1.8275
2014-08-08,2014-08-15,Premium Petrol 95R,1,final,True,224.0598,223.774,224.0598,222.7315,222.5949,0.2857,-1.0425,-1.1791
2014-08-08,2014-08-22,Premium Petrol 95R,2,final,True,224.0598,222.0598,224.0598,222.3384,221.8733,2.0,0.2786,-0.1864
2014-08-08,2014-08-29,Premium Petrol 95R,3,final,True,224.0598,221.774,224.0598,222.2449,221.3569,2.2857,0.4709,-0.4171
2014-08-15,2014-08-22,Premium Petrol 95R,1,final,True,223.774,222.0598,223.774,223.3997,222.9765,1.7143,1.34,0.9167
2014-08-15,2014-08-29,Premium Petrol 95R,2,final,True,223.774,221.774,223.774,223.323,222.3869,2.0,1.5489,0.6128
2014-08-15,2014-09-05,Premium Petrol 95R,3,final,True,223.774,223.4883,223.774,223.3613,221.8788,0.2857,-0.127,-1.6095
2014-08-22,2014-08-29,Premium Petrol 95R,1,final,True,222.0598,221.774,222.0598,221.7335,221.3372,0.2857,-0.0405,-0.4368
2014-08-22,2014-09-05,Premium Petrol 95R,2,final,True,222.0598,223.4883,222.0598,221.675,220.8157,-1.4286,-1.8134,-2.6726
2014-08-22,2014-09-12,Premium Petrol 95R,3,final,True,222.0598,223.774,222.0598,221.8309,220.475,-1.7143,-1.9432,-3.299
2014-08-29,2014-09-05,Premium Petrol 95R,1,final,True,221.774,223.4883,221.774,222.9902,222.4051,-1.7143,-0.4982,-1.0833
2014-08-29,2014-09-12,Premium Petrol 95R,2,final,True,221.774,223.774,221.774,223.5747,222.5556,-2.0,-0.1994,-1.2185
2014-08-29,2014-09-19,Premium Petrol 95R,3,final,True,221.774,223.774,221.774,223.8894,222.5017,-2.0,0.1153,-1.2724
2014-09-05,2014-09-12,Premium Petrol 95R,1,final,True,223.4883,223.774,223.4883,224.3022,224.2799,-0.2857,0.5282,0.5058
2014-09-05,2014-09-19,Premium Petrol 95R,2,final,True,223.4883,223.774,223.4883,224.6983,224.7527,-0.2857,0.9243,0.9786
2014-09-05,2014-09-26,Premium Petrol 95R,3,final,True,223.4883,223.774,223.4883,224.9929,225.152,-0.2857,1.2188,1.378
2014-09-12,2014-09-19,Premium Petrol 95R,1,final,True,223.774,223.774,223.774,223.9724,223.9319,0.0,0.1984,0.1579
2014-09-12,2014-09-26,Premium Petrol 95R,2,final,True,223.774,223.774,223.774,224.1979,224.1177,0.0,0.4239,0.3436
2014-09-12,2014-10-03,Premium Petrol 95R,3,final,True,223.774,226.1607,223.774,224.1655,224.0692,-2.3866,-1.9952,-2.0915
2014-09-19,2014-09-26,Premium Petrol 95R,1,final,True,223.774,223.774,223.774,224.2381,224.0474,0.0,0.464,0.2733
2014-09-19,2014-10-03,Premium Petrol 95R,2,final,True,223.774,226.1607,223.774,224.284,223.9615,-2.3866,-1.8767,-2.1992
2014-09-19,2014-10-10,Premium Petrol 95R,3,final,True,223.774,226.3153,223.774,224.3241,223.8542,-2.5413,-1.9912,-2.4612
2014-09-26,2014-10-03,Premium Petrol 95R,1,final,True,223.774,226.1607,223.774,224.1284,224.0081,-2.3866,-2.0323,-2.1526
2014-09-26,2014-10-10,Premium Petrol 95R,2,final,True,223.774,226.3153,223.774,224.2709,224.0596,-2.5413,-2.0444,-2.2558
2014-09-26,2014-10-17,Premium Petrol 95R,3,final,True,223.774,221.4582,223.774,224.4387,224.1686,2.3158,2.9805,2.7104
2014-10-03,2014-10-10,Premium Petrol 95R,1,final,True,226.1607,226.3153,226.1607,227.3834,227.1525,-0.1547,1.0681,0.8371
2014-10-03,2014-10-17,Premium Petrol 95R,2,final,True,226.1607,221.4582,226.1607,227.9204,227.6459,4.7025,6.4622,6.1877
2014-10-03,2014-10-24,Premium Petrol 95R,3,final,True,226.1607,219.0296,226.1607,228.2189,227.9717,7.1311,9.1893,8.942
2014-10-10,2014-10-17,Premium Petrol 95R,1,final,True,226.3153,221.4582,226.3153,225.3579,225.6854,4.8571,3.8997,4.2272
2014-10-10,2014-10-24,Premium Petrol 95R,2,final,True,226.3153,219.0296,226.3153,225.1478,225.6603,7.2857,6.1182,6.6306
2014-10-10,2014-10-31,Premium Petrol 95R,3,final,True,226.3153,218.3153,226.3153,225.0476,225.7034,8.0,6.7323,7.3881
2014-10-17,2014-10-24,Premium Petrol 95R,1,final,True,221.4582,219.0296,221.4582,218.3905,218.7532,2.4286,-0.6391,-0.2764
2014-10-17,2014-10-31,Premium Petrol 95R,2,final,True,221.4582,218.3153,221.4582,217.333,217.6042,3.1429,-0.9823,-0.7111
2014-10-17,2014-11-07,Premium Petrol 95R,3,final,True,221.4582,216.8868,221.4582,216.6143,216.6313,4.5714,-0.2725,-0.2555
2014-10-24,2014-10-31,Premium Petrol 95R,1,final,True,219.0296,218.3153,219.0296,216.9624,216.8912,0.7143,-1.3529,-1.4242
2014-10-24,2014-11-07,Premium Petrol 95R,2,final,True,219.0296,216.8868,219.0296,215.9028,215.4491,2.1429,-0.9839,-1.4377
2014-10-24,2014-11-14,Premium Petrol 95R,3,final,True,219.0296,215.1725,219.0296,215.5387,214.5288,3.8571,0.3662,-0.6437
2014-10-31,2014-11-07,Premium Petrol 95R,1,final,True,218.3153,216.8868,218.3153,218.3154,217.7106,1.4286,1.4286,0.8239
2014-10-31,2014-11-14,Premium Petrol 95R,2,final,True,218.3153,215.1725,218.3153,218.29,217.0599,3.1429,3.1175,1.8875
2014-10-31,2014-11-21,Premium Petrol 95R,3,final,True,218.3153,212.3153,218.3153,218.7195,216.8722,6.0,6.4041,4.5568
2014-11-07,2014-11-14,Premium Petrol 95R,1,final,True,216.8868,215.1725,216.8868,215.6879,215.8077,1.7143,0.5154,0.6352
2014-11-07,2014-11-21,Premium Petrol 95R,2,final,True,216.8868,212.3153,216.8868,215.7436,215.8182,4.5714,3.4283,3.5029
2014-11-07,2014-11-28,Premium Petrol 95R,3,final,True,216.8868,211.4582,216.8868,215.895,215.9128,5.4286,4.4368,4.4546
2014-11-14,2014-11-21,Premium Petrol 95R,1,final,True,215.1725,212.3153,215.1725,213.6353,213.804,2.8571,1.32,1.4886
2014-11-14,2014-11-28,Premium Petrol 95R,2,final,True,215.1725,211.4582,215.1725,213.255,213.3462,3.7143,1.7968,1.888
2014-11-14,2014-12-05,Premium Petrol 95R,3,final,True,215.1725,206.0296,215.1725,212.8399,212.7404,9.1429,6.8102,6.7107
2014-11-21,2014-11-28,Premium Petrol 95R,1,final,True,212.3153,211.4582,212.3153,210.4776,210.4859,0.8571,-0.9806,-0.9723
2014-11-21,2014-12-05,Premium Petrol 95R,2,final,True,212.3153,206.0296,212.3153,209.5835,209.2726,6.2857,3.5539,3.243
2014-11-21,2014-12-12,Premium Petrol 95R,3,final,True,212.3153,203.1725,212.3153,209.2586,208.4588,9.1429,6.0861,5.2863
2014-11-28,2014-12-05,Premium Petrol 95R,1,final,True,211.4582,206.0296,211.4582,210.9969,210.5304,5.4286,4.9673,4.5008
2014-11-28,2014-12-12,Premium Petrol 95R,2,final,True,211.4582,203.1725,211.4582,210.8104,209.7691,8.2857,7.6379,6.5966
2014-11-28,2014-12-19,Premium Petrol 95R,3,final,True,211.4582,198.6011,211.4582,210.9722,209.3361,12.8571,12.3711,10.735
2014-12-05,2014-12-12,Premium Petrol 95R,1,final,True,206.0296,203.1725,206.0296,202.1908,202.7949,2.8571,-0.9817,-0.3776
2014-12-05,2014-12-19,Premium Petrol 95R,2,final,True,206.0296,198.6011,206.0296,201.07,201.7141,7.4286,2.4689,3.113
2014-12-05,2014-12-26,Premium Petrol 95R,3,final,True,206.0296,196.6011,206.0296,200.6462,201.1501,9.4286,4.0451,4.5491
2014-12-12,2014-12-19,Premium Petrol 95R,1,final,True,203.1725,198.6011,203.1725,199.9714,200.083,4.5714,1.3703,1.4819
2014-12-12,2014-12-26,Premium Petrol 95R,2,final,True,203.1725,196.6011,203.1725,198.8372,198.5576,6.5714,2.2361,1.9565
2014-12-12,2015-01-02,Premium Petrol 95R,3,final,True,203.1725,195.2908,203.1725,198.0575,197.1708,7.8816,2.7667,1.8799
2014-12-19,2014-12-26,Premium Petrol 95R,1,final,True,198.6011,196.6011,198.6011,195.614,195.4252,2.0,-0.9871,-1.1759
2014-12-19,2015-01-02,Premium Petrol 95R,2,final,True,198.6011,195.2908,198.6011,194.1422,193.2688,3.3102,-1.1486,-2.0221
2014-12-19,2015-01-09,Premium Petrol 95R,3,final,True,198.6011,188.9689,198.6011,193.9862,192.1548,9.6322,5.0172,3.1859
2014-12-26,2015-01-02,Premium Petrol 95R,1,final,True,196.6011,195.2908,196.6011,195.7346,194.9432,1.3102,0.4437,-0.3476
2014-12-26,2015-01-09,Premium Petrol 95R,2,final,True,196.6011,188.9689,196.6011,195.8197,194.059,7.6322,6.8508,5.0901
2014-12-26,2015-01-16,Premium Petrol 95R,3,final,True,196.6011,179.1118,196.6011,196.0633,193.3425,17.4893,16.9516,14.2307
2015-01-02,2015-01-09,Premium Petrol 95R,1,final,True,195.2908,188.9689,195.2908,193.4671,193.5251,6.3219,4.4982,4.5562
2015-01-02,2015-01-16,Premium Petrol 95R,2,final,True,195.2908,179.1118,195.2908,193.0476,192.8998,16.1791,13.9358,13.788
2015-01-02,2015-01-23,Premium Petrol 95R,3,final,True,195.2908,177.3975,195.2908,193.0996,192.6012,17.8934,15.7021,15.2038
2015-01-09,2015-01-16,Premium Petrol 95R,1,final,True,188.9689,179.1118,188.9689,185.9697,185.9454,9.8571,6.8579,6.8337
2015-01-09,2015-01-23,Premium Petrol 95R,2,final,True,188.9689,177.3975,188.9689,185.0484,184.4653,11.5714,7.651,7.0679
2015-01-09,2015-01-30,Premium Petrol 95R,3,final,True,188.9689,177.3975,188.9689,184.4114,183.079,11.5714,7.014,5.6815
2015-01-16,2015-01-23,Premium Petrol 95R,1,final,True,179.1118,177.3975,179.1118,176.2708,176.2098,1.7143,-1.1267,-1.1877
2015-01-16,2015-01-30,Premium Petrol 95R,2,final,True,179.1118,177.3975,179.1118,174.8583,174.2869,1.7143,-2.5391,-3.1106
2015-01-16,2015-02-06,Premium Petrol 95R,3,final,True,179.1118,185.2546,179.1118,174.3645,173.0291,-6.1429,-10.8901,-12.2256
2015-01-23,2015-01-30,Premium Petrol 95R,1,final,True,177.3975,177.3975,177.3975,177.0714,177.1634,0.0,-0.3261,-0.2341
2015-01-23,2015-02-06,Premium Petrol 95R,2,final,True,177.3975,185.2546,177.3975,176.978,177.0786,-7.8571,-8.2766,-8.176
2015-01-23,2015-02-13,Premium Petrol 95R,3,final,True,177.3975,190.826,177.3975,177.0999,177.1901,-13.4286,-13.7262,-13.6359
2015-01-30,2015-02-06,Premium Petrol 95R,1,final,True,177.3975,185.2546,177.3975,178.3842,178.7534,-7.8571,-6.8704,-6.5013
2015-01-30,2015-02-13,Premium Petrol 95R,2,final,True,177.3975,190.826,177.3975,178.9034,179.7796,-13.4286,-11.9227,-11.0464
2015-01-30,2015-02-20,Premium Petrol 95R,3,final,True,177.3975,196.826,177.3975,179.391,180.8299,-19.4286,-17.4351,-15.9961
2015-02-06,2015-02-13,Premium Petrol 95R,1,final,True,185.2546,190.826,185.2546,190.0844,189.9448,-5.5714,-0.7416,-0.8813
2015-02-06,2015-02-20,Premium Petrol 95R,2,final,True,185.2546,196.826,185.2546,192.2114,192.66,-11.5714,-4.6147,-4.1661
2015-02-06,2015-02-27,Premium Petrol 95R,3,final,True,185.2546,197.3975,185.2546,192.9617,194.2929,-12.1429,-4.4358,-3.1046
2015-02-13,2015-02-20,Premium Petrol 95R,1,final,True,190.826,196.826,190.826,194.0801,194.7034,-6.0,-2.7459,-2.1227
2015-02-13,2015-02-27,Premium Petrol 95R,2,final,True,190.826,197.3975,190.826,195.2687,196.9842,-6.5714,-2.1288,-0.4133
2015-02-13,2015-03-06,Premium Petrol 95R,3,final,True,190.826,199.1118,190.826,196.0469,199.0352,-8.2857,-3.0648,-0.0765
2015-02-20,2015-02-27,Premium Petrol 95R,1,final,True,196.826,197.3975,196.826,198.7396,199.2171,-0.5714,1.3421,1.8196
2015-02-20,2015-03-06,Premium Petrol 95R,2,final,True,196.826,199.1118,196.826,199.8264,201.072,-2.2857,0.7146,1.9603
2015-02-20,2015-03-13,Premium Petrol 95R,3,final,True,196.826,199.3975,196.826,199.7977,201.9668,-2.5714,0.4002,2.5693
2015-02-27,2015-03-06,Premium Petrol 95R,1,final,True,197.3975,199.1118,197.3975,198.7453,198.769,-1.7143,-0.3665,-0.3428
2015-02-27,2015-03-13,Premium Petrol 95R,2,final,True,197.3975,199.3975,197.3975,198.7898,199.041,-2.0,-0.6076,-0.3565
2015-02-27,2015-03-20,Premium Petrol 95R,3,final,True,197.3975,199.6832,197.3975,198.9864,199.4671,-2.2857,-0.6968,-0.2161
2015-03-06,2015-03-13,Premium Petrol 95R,1,final,True,199.1118,199.3975,199.1118,200.6282,200.489,-0.2857,1.2308,1.0915
2015-03-06,2015-03-20,Premium Petrol 95R,2,final,True,199.1118,199.6832,199.1118,201.4262,201.3836,-0.5714,1.743,1.7004
2015-03-06,2015-03-27,Premium Petrol 95R,3,final,True,199.1118,197.6832,199.1118,201.6907,201.8803,1.4286,4.0075,4.1971
2015-03-13,2015-03-20,Premium Petrol 95R,1,final,True,199.3975,199.6832,199.3975,200.1581,200.5433,-0.2857,0.4749,0.8601
2015-03-13,2015-03-27,Premium Petrol 95R,2,final,True,199.3975,197.6832,199.3975,200.3974,201.2993,1.7143,2.7142,3.6161
2015-03-13,2015-04-03,Premium Petrol 95R,3,final,True,199.3975,196.5668,199.3975,200.6602,202.1233,2.8307,4.0934,5.5565
2015-03-20,2015-03-27,Premium Petrol 95R,1,final,True,199.6832,197.6832,199.6832,198.3074,199.2064,2.0,0.6242,1.5232
2015-03-20,2015-04-03,Premium Petrol 95R,2,final,True,199.6832,196.5668,199.6832,197.8909,199.478,3.1164,1.3241,2.9112
2015-03-20,2015-04-10,Premium Petrol 95R,3,final,True,199.6832,196.2345,199.6832,197.5777,199.784,3.4487,1.3432,3.5494
2015-03-27,2015-04-03,Premium Petrol 95R,1,final,True,197.6832,196.5668,197.6832,197.4221,197.4256,1.1164,0.8553,0.8588
2015-03-27,2015-04-10,Premium Petrol 95R,2,final,True,197.6832,196.2345,197.6832,197.1765,197.1408,1.4487,0.942,0.9063
2015-03-27,2015-04-17,Premium Petrol 95R,3,final,True,197.6832,197.5202,197.6832,197.0654,196.9298,0.1629,-0.4549,-0.5904
2015-04-03,2015-04-10,Premium Petrol 95R,1,final,True,196.5668,196.2345,196.5668,195.7083,196.205,0.3323,-0.5262,-0.0296
2015-04-03,2015-04-17,Premium Petrol 95R,2,final,True,196.5668,197.5202,196.5668,195.3365,196.1744,-0.9534,-2.1837,-1.3458
2015-04-03,2015-04-24,Premium Petrol 95R,3,final,True,196.5668,202.6631,196.5668,195.5388,196.6694,-6.0963,-7.1243,-5.9937
2015-04-10,2015-04-17,Premium Petrol 95R,1,final,True,196.2345,197.5202,196.2345,195.2528,195.7128,-1.2857,-2.2675,-1.8074
2015-04-10,2015-04-24,Premium Petrol 95R,2,final,True,196.2345,202.6631,196.2345,195.1928,195.9691,-6.4286,-7.4703,-6.694
2015-04-10,2015-05-01,Premium Petrol 95R,3,final,True,196.2345,206.2345,196.2345,195.0379,196.1108,-10.0,-11.1967,-10.1237
2015-04-17,2015-04-24,Premium Petrol 95R,1,final,True,197.5202,202.6631,197.5202,199.5969,199.1876,-5.1429,-3.0662,-3.4755
2015-04-17,2015-05-01,Premium Petrol 95R,2,final,True,197.5202,206.2345,197.5202,200.3597,199.8538,-8.7143,-5.8748,-6.3807
2015-04-17,2015-05-08,Premium Petrol 95R,3,final,True,197.5202,211.2345,197.5202,200.6853,200.1623,-13.7143,-10.5492,-11.0722
2015-04-24,2015-05-01,Premium Petrol 95R,1,final,True,202.6631,206.2345,202.6631,203.9688,204.3276,-3.5714,-2.2657,-1.907
2015-04-24,2015-05-08,Premium Petrol 95R,2,final,True,202.6631,211.2345,202.6631,204.5365,205.4216,-8.5714,-6.6981,-5.813
2015-04-24,2015-05-15,Premium Petrol 95R,3,final,True,202.6631,210.2345,202.6631,205.0736,206.5754,-7.5714,-5.161,-3.6591
2015-05-01,2015-05-08,Premium Petrol 95R,1,final,True,206.2345,211.2345,206.2345,208.2625,207.8149,-5.0,-2.972,-3.4196
2015-05-01,2015-05-15,Premium Petrol 95R,2,final,True,206.2345,210.2345,206.2345,209.4142,208.8389,-4.0,-0.8203,-1.3957
2015-05-01,2015-05-22,Premium Petrol 95R,3,final,True,206.2345,208.2345,206.2345,209.4705,208.9214,-2.0,1.236,0.6869
2015-05-08,2015-05-15,Premium Petrol 95R,1,final,True,211.2345,210.2345,211.2345,213.7062,213.245,1.0,3.4716,3.0105
2015-05-08,2015-05-22,Premium Petrol 95R,2,final,True,211.2345,208.2345,211.2345,214.3293,213.7552,3.0,6.0948,5.5207
2015-05-08,2015-05-29,Premium Petrol 95R,3,final,True,211.2345,208.2345,211.2345,214.7947,214.1725,3.0,6.5601,5.9379
2015-05-15,2015-05-22,Premium Petrol 95R,1,final,True,210.2345,208.2345,210.2345,211.4914,210.8981,2.0,3.2569,2.6636
2015-05-15,2015-05-29,Premium Petrol 95R,2,final,True,210.2345,208.2345,210.2345,212.185,211.1792,2.0,3.9504,2.9447
2015-05-15,2015-06-05,Premium Petrol 95R,3,final,True,210.2345,209.9488,210.2345,212.3564,211.0662,0.2857,2.4075,1.1174
2015-05-22,2015-05-29,Premium Petrol 95R,1,final,True,208.2345,208.2345,208.2345,209.824,209.5931,0.0,1.5895,1.3586
2015-05-22,2015-06-05,Premium Petrol 95R,2,final,True,208.2345,209.9488,208.2345,210.3067,210.1298,-1.7143,0.3579,0.181
2015-05-22,2015-06-12,Premium Petrol 95R,3,final,True,208.2345,210.5202,208.2345,210.4444,210.3989,-2.2857,-0.0759,-0.1214
2015-05-29,2015-06-05,Premium Petrol 95R,1,final,True,208.2345,209.9488,208.2345,208.2219,209.0867,-1.7143,-1.7269,-0.8621
2015-05-29,2015-06-12,Premium Petrol 95R,2,final,True,208.2345,210.5202,208.2345,208.15,209.873,-2.2857,-2.3702,-0.6472
2015-05-29,2015-06-19,Premium Petrol 95R,3,final,True,208.2345,213.9488,208.2345,208.2178,210.8031,-5.7143,-5.731,-3.1457
2015-06-05,2015-06-12,Premium Petrol 95R,1,final,True,209.9488,210.5202,209.9488,210.4545,210.9869,-0.5714,-0.0657,0.4666
2015-06-05,2015-06-19,Premium Petrol 95R,2,final,True,209.9488,213.9488,209.9488,210.7608,211.9228,-4.0,-3.1881,-2.026
2015-06-05,2015-06-26,Premium Petrol 95R,3,final,True,209.9488,215.2345,209.9488,210.7379,212.5855,-5.2857,-4.4967,-2.649
2015-06-12,2015-06-19,Premium Petrol 95R,1,final,True,210.5202,213.9488,210.5202,212.6816,212.7502,-3.4286,-1.2672,-1.1986
2015-06-12,2015-06-26,Premium Petrol 95R,2,final,True,210.5202,215.2345,210.5202,213.4023,213.8934,-4.7143,-1.8322,-1.3411
2015-06-12,2015-07-03,Premium Petrol 95R,3,final,True,210.5202,216.1494,210.5202,213.8499,214.8743,-5.6292,-2.2995,-1.2751
2015-06-19,2015-06-26,Premium Petrol 95R,1,final,True,213.9488,215.2345,213.9488,215.215,216.1173,-1.2857,-0.0195,0.8828
2015-06-19,2015-07-03,Premium Petrol 95R,2,final,True,213.9488,216.1494,213.9488,215.886,217.8903,-2.2006,-0.2634,1.7409
2015-06-19,2015-07-10,Premium Petrol 95R,3,final,True,213.9488,215.3725,213.9488,216.1446,219.3752,-1.4237,0.7721,4.0027
2015-06-26,2015-07-03,Premium Petrol 95R,1,final,True,215.2345,216.1494,215.2345,214.6257,215.7371,-0.9149,-1.5237,-0.4123
2015-06-26,2015-07-10,Premium Petrol 95R,2,final,True,215.2345,215.3725,215.2345,214.3586,216.4992,-0.138,-1.0139,1.1267
2015-06-26,2015-07-17,Premium Petrol 95R,3,final,True,215.2345,214.5153,215.2345,214.1059,217.2118,0.7192,-0.4095,2.6965
2015-07-03,2015-07-10,Premium Petrol 95R,1,final,True,216.1494,215.3725,216.1494,215.3462,215.8402,0.7769,-0.0263,0.4677
2015-07-03,2015-07-17,Premium Petrol 95R,2,final,True,216.1494,214.5153,216.1494,214.8599,215.6963,1.6341,0.3445,1.1809
2015-07-03,2015-07-24,Premium Petrol 95R,3,final,True,216.1494,214.5153,216.1494,214.7138,215.7947,1.6341,0.1984,1.2793
2015-07-10,2015-07-17,Premium Petrol 95R,1,final,True,215.3725,214.5153,215.3725,214.3759,214.5096,0.8571,-0.1395,-0.0057
2015-07-10,2015-07-24,Premium Petrol 95R,2,final,True,215.3725,214.5153,215.3725,214.016,214.1017,0.8571,-0.4994,-0.4136
2015-07-10,2015-07-31,Premium Petrol 95R,3,final,True,215.3725,211.9439,215.3725,214.1621,214.1616,3.4286,2.2182,2.2177
2015-07-17,2015-07-24,Premium Petrol 95R,1,final,True,214.5153,214.5153,214.5153,214.2576,214.1277,0.0,-0.2578,-0.3876
2015-07-17,2015-07-31,Premium Petrol 95R,2,final,True,214.5153,211.9439,214.5153,214.4456,214.1652,2.5714,2.5017,2.2213
2015-07-17,2015-08-07,Premium Petrol 95R,3,final,True,214.5153,210.3725,214.5153,214.4872,214.0904,4.1429,4.1147,3.7179
2015-07-24,2015-07-31,Premium Petrol 95R,1,final,True,214.5153,211.9439,214.5153,214.2963,214.4587,2.5714,2.3524,2.5148
2015-07-24,2015-08-07,Premium Petrol 95R,2,final,True,214.5153,210.3725,214.5153,214.1684,214.4595,4.1429,3.7959,4.087
2015-07-24,2015-08-14,Premium Petrol 95R,3,final,True,214.5153,209.5153,214.5153,214.251,214.6162,5.0,4.7357,5.1008
2015-07-31,2015-08-07,Premium Petrol 95R,1,final,True,211.9439,210.3725,211.9439,210.6992,210.9809,1.5714,0.3267,0.6084
2015-07-31,2015-08-14,Premium Petrol 95R,2,final,True,211.9439,209.5153,211.9439,210.3176,210.6409,2.4286,0.8022,1.1255
2015-07-31,2015-08-21,Premium Petrol 95R,3,final,True,211.9439,208.0868,211.9439,210.1576,210.4412,3.8571,2.0709,2.3544
2015-08-07,2015-08-14,Premium Petrol 95R,1,final,True,210.3725,209.5153,210.3725,209.9635,210.0111,0.8571,0.4481,0.4958
2015-08-07,2015-08-21,Premium Petrol 95R,2,final,True,210.3725,208.0868,210.3725,209.7914,209.8014,2.2857,1.7047,1.7146
2015-08-07,2015-08-28,Premium Petrol 95R,3,final,True,210.3725,202.5153,210.3725,209.7808,209.6966,7.8571,7.2655,7.1813
2015-08-14,2015-08-21,Premium Petrol 95R,1,final,True,209.5153,208.0868,209.5153,208.6757,209.0783,1.4286,0.5889,0.9916
2015-08-14,2015-08-28,Premium Petrol 95R,2,final,True,209.5153,202.5153,209.5153,208.3916,209.0301,7.0,5.8762,6.5148
2015-08-14,2015-09-04,Premium Petrol 95R,3,final,True,209.5153,205.3725,209.5153,208.505,209.328,4.1429,3.1325,3.9555
2015-08-21,2015-08-28,Premium Petrol 95R,1,final,True,208.0868,202.5153,208.0868,205.231,206.0741,5.5714,2.7156,3.5587
2015-08-21,2015-09-04,Premium Petrol 95R,2,final,True,208.0868,205.3725,208.0868,204.2923,205.4942,2.7143,-1.0802,0.1217
2015-08-21,2015-09-11,Premium Petrol 95R,3,final,True,208.0868,207.6582,208.0868,203.9244,205.318,0.4286,-3.7338,-2.3402
2015-08-28,2015-09-04,Premium Petrol 95R,1,final,True,202.5153,205.3725,202.5153,198.9034,199.2369,-2.8571,-6.4691,-6.1356
2015-08-28,2015-09-11,Premium Petrol 95R,2,final,True,202.5153,207.6582,202.5153,197.4375,197.4953,-5.1429,-10.2207,-10.1629
2015-08-28,2015-09-18,Premium Petrol 95R,3,final,True,202.5153,208.5153,202.5153,196.9509,196.4504,-6.0,-11.5645,-12.0649
2015-09-04,2015-09-11,Premium Petrol 95R,1,final,True,205.3725,207.6582,205.3725,207.6229,206.1966,-2.2857,-0.0353,-1.4616
2015-09-04,2015-09-18,Premium Petrol 95R,2,final,True,205.3725,208.5153,205.3725,208.6567,206.1517,-3.1429,0.1413,-2.3636
2015-09-04,2015-09-25,Premium Petrol 95R,3,final,True,205.3725,208.5153,205.3725,209.2212,205.7827,-3.1429,0.7058,-2.7327
2015-09-11,2015-09-18,Premium Petrol 95R,1,final,True,207.6582,208.5153,207.6582,209.2391,209.0387,-0.8571,0.7238,0.5233
2015-09-11,2015-09-25,Premium Petrol 95R,2,final,True,207.6582,208.5153,207.6582,210.0322,209.8691,-0.8571,1.5168,1.3538
2015-09-11,2015-10-02,Premium Petrol 95R,3,final,True,207.6582,207.6122,207.6582,210.928,210.9492,0.046,3.3158,3.337
2015-09-18,2015-09-25,Premium Petrol 95R,1,final,True,208.5153,208.5153,208.5153,208.2006,208.3828,0.0,-0.3148,-0.1325
2015-09-18,2015-10-02,Premium Petrol 95R,2,final,True,208.5153,207.6122,208.5153,208.63,208.9556,0.9031,1.0178,1.3434
2015-09-18,2015-10-09,Premium Petrol 95R,3,final,True,208.5153,206.9349,208.5153,207.9809,208.486,1.5804,1.046,1.5511
2015-09-25,2015-10-02,Premium Petrol 95R,1,final,True,208.5153,207.6122,208.5153,209.5861,208.9558,0.9031,1.9738,1.3436
2015-09-25,2015-10-09,Premium Petrol 95R,2,final,True,208.5153,206.9349,208.5153,209.2114,208.0885,1.5804,2.2765,1.1536
2015-09-25,2015-10-16,Premium Petrol 95R,3,final,True,208.5153,204.0778,208.5153,209.3138,207.5494,4.4376,5.236,3.4716
2015-10-02,2015-10-09,Premium Petrol 95R,1,final,True,207.6122,206.9349,207.6122,207.111,206.927,0.6773,0.1761,-0.0079
2015-10-02,2015-10-16,Premium Petrol 95R,2,final,True,207.6122,204.0778,207.6122,207.1984,206.6486,3.5345,3.1206,2.5709
2015-10-02,2015-10-23,Premium Petrol 95R,3,final,True,207.6122,200.0778,207.6122,207.4943,206.6622,7.5345,7.4166,6.5845
2015-10-09,2015-10-16,Premium Petrol 95R,1,final,True,206.9349,204.0778,206.9349,206.2915,206.2268,2.8571,2.2138,2.1491
2015-10-09,2015-10-23,Premium Petrol 95R,2,final,True,206.9349,200.0778,206.9349,206.2704,206.1037,6.8571,6.1926,6.0259
2015-10-09,2015-10-30,Premium Petrol 95R,3,final,True,206.9349,198.9349,206.9349,206.1106,205.8479,8.0,7.1757,6.913
2015-10-16,2015-10-23,Premium Petrol 95R,1,final,True,204.0778,200.0778,204.0778,202.3657,202.5829,4.0,2.2879,2.5051
2015-10-16,2015-10-30,Premium Petrol 95R,2,final,True,204.0778,198.9349,204.0778,201.4835,201.6345,5.1429,2.5486,2.6996
2015-10-16,2015-11-06,Premium Petrol 95R,3,final,True,204.0778,198.9349,204.0778,201.3154,201.2087,5.1429,2.3805,2.2738
2015-10-23,2015-10-30,Premium Petrol 95R,1,final,True,200.0778,198.9349,200.0778,197.3068,197.583,1.1429,-1.6281,-1.3519
2015-10-23,2015-11-06,Premium Petrol 95R,2,final,True,200.0778,198.9349,200.0778,196.3182,196.3591,1.1429,-2.6167,-2.5758
2015-10-23,2015-11-13,Premium Petrol 95R,3,final,True,200.0778,198.9349,200.0778,196.0561,195.6946,1.1429,-2.8788,-3.2403
2015-10-30,2015-11-06,Premium Petrol 95R,1,final,True,198.9349,198.9349,198.9349,198.2219,197.8161,0.0,-0.713,-1.1188
2015-10-30,2015-11-13,Premium Petrol 95R,2,final,True,198.9349,198.9349,198.9349,198.0821,197.1482,0.0,-0.8529,-1.7867
2015-10-30,2015-11-20,Premium Petrol 95R,3,final,True,198.9349,197.2206,198.9349,198.1701,196.6625,1.7143,0.9495,-0.5581
2015-11-06,2015-11-13,Premium Petrol 95R,1,final,True,198.9349,198.9349,198.9349,199.1476,198.8463,0.0,0.2127,-0.0886
2015-11-06,2015-11-20,Premium Petrol 95R,2,final,True,198.9349,197.2206,198.9349,199.3879,198.7991,1.7143,2.1672,1.5785
2015-11-06,2015-11-27,Premium Petrol 95R,3,final,True,198.9349,196.9349,198.9349,199.7064,198.8515,2.0,2.7715,1.9165
2015-11-13,2015-11-20,Premium Petrol 95R,1,final,True,198.9349,197.2206,198.9349,198.9748,198.9534,1.7143,1.7541,1.7328
2015-11-13,2015-11-27,Premium Petrol 95R,2,final,True,198.9349,196.9349,198.9349,199.2069,199.1508,2.0,2.272,2.2159
2015-11-13,2015-12-04,Premium Petrol 95R,3,final,True,198.9349,196.9349,198.9349,199.2043,199.1145,2.0,2.2694,2.1796
2015-11-20,2015-11-27,Premium Petrol 95R,1,final,True,197.2206,196.9349,197.2206,196.4542,196.6392,0.2857,-0.4807,-0.2957
2015-11-20,2015-12-04,Premium Petrol 95R,2,final,True,197.2206,196.9349,197.2206,196.0222,196.2238,0.2857,-0.9127,-0.7111
2015-11-20,2015-12-11,Premium Petrol 95R,3,final,True,197.2206,191.7921,197.2206,195.9221,196.0083,5.4286,4.13,4.2163
2015-11-27,2015-12-04,Premium Petrol 95R,1,final,True,196.9349,196.9349,196.9349,196.908,196.701,0.0,-0.0269,-0.2339
2015-11-27,2015-12-11,Premium Petrol 95R,2,final,True,196.9349,191.7921,196.9349,196.9823,196.5056,5.1429,5.1902,4.7135
2015-11-27,2015-12-18,Premium Petrol 95R,3,final,True,196.9349,189.6492,196.9349,197.0344,196.2861,7.2857,7.3852,6.6369
2015-12-04,2015-12-11,Premium Petrol 95R,1,final,True,196.9349,191.7921,196.9349,196.4888,196.6091,5.1429,4.6967,4.8171
2015-12-04,2015-12-18,Premium Petrol 95R,2,final,True,196.9349,189.6492,196.9349,196.3171,196.467,7.2857,6.6679,6.8178
2015-12-04,2015-12-25,Premium Petrol 95R,3,final,True,196.9349,187.9349,196.9349,196.4839,196.6331,9.0,8.549,8.6982
2015-12-11,2015-12-18,Premium Petrol 95R,1,final,True,191.7921,189.6492,191.7921,190.3143,190.5462,2.1429,0.6651,0.897
2015-12-11,2015-12-25,Premium Petrol 95R,2,final,True,191.7921,187.9349,191.7921,189.9182,190.1297,3.8571,1.9833,2.1948
2015-12-11,2016-01-01,Premium Petrol 95R,3,final,True,191.7921,187.4845,191.7921,189.6728,189.7862,4.3075,2.1882,2.3017
2015-12-18,2015-12-25,Premium Petrol 95R,1,final,True,189.6492,187.9349,189.6492,189.2358,189.5635,1.7143,1.3009,1.6285
2015-12-18,2016-01-01,Premium Petrol 95R,2,final,True,189.6492,187.4845,189.6492,188.9828,189.5594,2.1647,1.4983,2.0749
2015-12-18,2016-01-08,Premium Petrol 95R,3,final,True,189.6492,186.884,189.6492,188.9748,189.7139,2.7652,2.0909,2.8299
2015-12-25,2016-01-01,Premium Petrol 95R,1,final,True,187.9349,187.4845,187.9349,186.7223,187.5846,0.4504,-0.7622,0.1001
2015-12-25,2016-01-08,Premium Petrol 95R,2,final,True,187.9349,186.884,187.9349,186.3092,187.7895,1.0509,-0.5748,0.9055
2015-12-25,2016-01-15,Premium Petrol 95R,3,final,True,187.9349,185.4554,187.9349,186.3807,188.4171,2.4795,0.9252,2.9617
2016-01-01,2016-01-08,Premium Petrol 95R,1,final,True,187.4845,186.884,187.4845,187.124,187.638,0.6005,0.24,0.754
2016-01-01,2016-01-15,Premium Petrol 95R,2,final,True,187.4845,185.4554,187.4845,187.2214,188.1919,2.0291,1.766,2.7365
2016-01-01,2016-01-22,Premium Petrol 95R,3,final,True,187.4845,182.7411,187.4845,187.155,188.5811,4.7434,4.4139,5.84
2016-01-08,2016-01-15,Premium Petrol 95R,1,final,True,186.884,185.4554,186.884,186.9989,187.549,1.4286,1.5435,2.0936
2016-01-08,2016-01-22,Premium Petrol 95R,2,final,True,186.884,182.7411,186.884,186.9387,188.0388,4.1429,4.1976,5.2977
2016-01-08,2016-01-29,Premium Petrol 95R,3,final,True,186.884,183.1697,186.884,187.1216,188.7243,3.7143,3.9519,5.5546
2016-01-15,2016-01-22,Premium Petrol 95R,1,final,True,185.4554,182.7411,185.4554,184.264,185.2078,2.7143,1.5228,2.4667
2016-01-15,2016-01-29,Premium Petrol 95R,2,final,True,185.4554,183.1697,185.4554,183.9626,185.6215,2.2857,0.7929,2.4518
2016-01-15,2016-02-05,Premium Petrol 95R,3,final,True,185.4554,184.884,185.4554,183.8452,186.1718,0.5714,-1.0387,1.2879
2016-01-22,2016-01-29,Premium Petrol 95R,1,final,True,182.7411,183.1697,182.7411,181.5209,182.2466,-0.4286,-1.6488,-0.9231
2016-01-22,2016-02-05,Premium Petrol 95R,2,final,True,182.7411,184.884,182.7411,181.0101,182.2731,-2.1429,-3.8739,-2.6109
2016-01-22,2016-02-12,Premium Petrol 95R,3,final,True,182.7411,179.3126,182.7411,180.8237,182.5161,3.4286,1.5112,3.2035
2016-01-29,2016-02-05,Premium Petrol 95R,1,final,True,183.1697,184.884,183.1697,183.0842,183.5992,-1.7143,-1.7998,-1.2847
2016-01-29,2016-02-12,Premium Petrol 95R,2,final,True,183.1697,179.3126,183.1697,183.0773,184.0639,3.8571,3.7648,4.7514
2016-01-29,2016-02-19,Premium Petrol 95R,3,final,True,183.1697,175.884,183.1697,183.2306,184.673,7.2857,7.3467,8.789
2016-02-05,2016-02-12,Premium Petrol 95R,1,final,True,184.884,179.3126,184.884,183.1578,184.2261,5.5714,3.8453,4.9136
2016-02-05,2016-02-19,Premium Petrol 95R,2,final,True,184.884,175.884,184.884,182.6047,184.445,9.0,6.7207,8.561
2016-02-05,2016-02-26,Premium Petrol 95R,3,final,True,184.884,175.884,184.884,182.5961,185.1171,9.0,6.7121,9.2331
2016-02-12,2016-02-19,Premium Petrol 95R,1,final,True,179.3126,175.884,179.3126,175.9323,176.5063,3.4286,0.0483,0.6223
2016-02-12,2016-02-26,Premium Petrol 95R,2,final,True,179.3126,175.884,179.3126,174.7748,175.3786,3.4286,-1.1092,-0.5054
2016-02-12,2016-03-04,Premium Petrol 95R,3,final,True,179.3126,178.884,179.3126,174.2152,174.6301,0.4286,-4.6688,-4.2539
2016-02-19,2016-02-26,Premium Petrol 95R,1,final,True,175.884,175.884,175.884,176.473,175.8763,0.0,0.589,-0.0077
2016-02-19,2016-03-04,Premium Petrol 95R,2,final,True,175.884,178.884,175.884,176.6222,175.4852,-3.0,-2.2618,-3.3988
2016-02-19,2016-03-11,Premium Petrol 95R,3,final,True,175.884,182.3126,175.884,176.7647,175.0644,-6.4286,-5.5479,-7.2482
2016-02-26,2016-03-04,Premium Petrol 95R,1,final,True,175.884,178.884,175.884,176.1644,176.8097,-3.0,-2.7196,-2.0743
2016-02-26,2016-03-11,Premium Petrol 95R,2,final,True,175.884,182.3126,175.884,176.3618,177.6479,-6.4286,-5.9507,-4.6647
2016-02-26,2016-03-18,Premium Petrol 95R,3,final,True,175.884,188.884,175.884,176.925,178.8871,-13.0,-11.959,-9.9969
2016-03-04,2016-03-11,Premium Petrol 95R,1,final,True,178.884,182.3126,178.884,180.5042,180.8512,-3.4286,-1.8083,-1.4614
2016-03-04,2016-03-18,Premium Petrol 95R,2,final,True,178.884,188.884,178.884,181.6668,182.6173,-10.0,-7.2171,-6.2666
2016-03-04,2016-03-25,Premium Petrol 95R,3,final,True,178.884,188.884,178.884,181.6735,183.3813,-10.0,-7.2105,-5.5027
2016-03-11,2016-03-18,Premium Petrol 95R,1,final,True,182.3126,188.884,182.3126,185.7335,185.8415,-6.5714,-3.1504,-3.0425
2016-03-11,2016-03-25,Premium Petrol 95R,2,final,True,182.3126,188.884,182.3126,186.6949,187.4122,-6.5714,-2.1891,-1.4717
2016-03-11,2016-04-01,Premium Petrol 95R,3,final,True,182.3126,188.4305,182.3126,187.194,188.607,-6.1179,-1.2365,0.1766
2016-03-18,2016-03-25,Premium Petrol 95R,1,final,True,188.884,188.884,188.884,189.9191,190.8559,0.0,1.0352,1.9719
2016-03-18,2016-04-01,Premium Petrol 95R,2,final,True,188.884,188.4305,188.884,190.4669,192.4396,0.4535,2.0364,4.0092
2016-03-18,2016-04-08,Premium Petrol 95R,3,final,True,188.884,186.1115,188.884,190.6769,193.7962,2.7725,4.5654,7.6847
2016-03-25,2016-04-01,Premium Petrol 95R,1,final,True,188.884,188.4305,188.884,189.916,189.807,0.4535,1.4855,1.3766
2016-03-25,2016-04-08,Premium Petrol 95R,2,final,True,188.884,186.1115,188.884,190.3077,190.2779,2.7725,4.1962,4.1664
2016-03-25,2016-04-15,Premium Petrol 95R,3,final,True,188.884,189.6829,188.884,190.1485,190.2471,-0.7989,0.4656,0.5642
2016-04-01,2016-04-08,Premium Petrol 95R,1,final,True,188.4305,186.1115,188.4305,188.1224,188.6171,2.319,2.0109,2.5056
2016-04-01,2016-04-15,Premium Petrol 95R,2,final,True,188.4305,189.6829,188.4305,187.6658,188.592,-1.2524,-2.0171,-1.0909
2016-04-01,2016-04-22,Premium Petrol 95R,3,final,True,188.4305,189.3972,188.4305,187.7737,189.0643,-0.9667,-1.6235,-0.3328
2016-04-08,2016-04-15,Premium Petrol 95R,1,final,True,186.1115,189.6829,186.1115,184.6409,185.1518,-3.5714,-5.042,-4.5311
2016-04-08,2016-04-22,Premium Petrol 95R,2,final,True,186.1115,189.3972,186.1115,184.3245,185.121,-3.2857,-5.0727,-4.2762
2016-04-08,2016-04-29,Premium Petrol 95R,3,final,True,186.1115,190.2543,186.1115,184.1372,185.197,-4.1429,-6.1171,-5.0574
2016-04-15,2016-04-22,Premium Petrol 95R,1,final,True,189.6829,189.3972,189.6829,190.758,190.6854,0.2857,1.3608,1.2882
2016-04-15,2016-04-29,Premium Petrol 95R,2,final,True,189.6829,190.2543,189.6829,191.1562,191.2141,-0.5714,0.9019,0.9597
2016-04-15,2016-05-06,Premium Petrol 95R,3,final,True,189.6829,190.8257,189.6829,191.3488,191.5865,-1.1429,0.523,0.7608
2016-04-22,2016-04-29,Premium Petrol 95R,1,final,True,189.3972,190.2543,189.3972,188.8729,189.2214,-0.8571,-1.3814,-1.0329
2016-04-22,2016-05-06,Premium Petrol 95R,2,final,True,189.3972,190.8257,189.3972,188.6752,189.2691,-1.4286,-2.1505,-1.5566
2016-04-22,2016-05-13,Premium Petrol 95R,3,final,True,189.3972,192.54,189.3972,188.9286,189.7365,-3.1429,-3.6114,-2.8035
2016-04-29,2016-05-06,Premium Petrol 95R,1,final,True,190.2543,190.8257,190.2543,191.9297,191.4074,-0.5714,1.1039,0.5817
2016-04-29,2016-05-13,Premium Petrol 95R,2,final,True,190.2543,192.54,190.2543,192.9617,192.194,-2.2857,0.4217,-0.346
2016-04-29,2016-05-20,Premium Petrol 95R,3,final,True,190.2543,195.1115,190.2543,192.9232,192.0605,-4.8571,-2.1883,-3.051
2016-05-06,2016-05-13,Premium Petrol 95R,1,final,True,190.8257,192.54,190.8257,191.1842,191.7418,-1.7143,-1.3558,-0.7983
2016-05-06,2016-05-20,Premium Petrol 95R,2,final,True,190.8257,195.1115,190.8257,190.8454,191.9928,-4.2857,-4.266,-3.1186
2016-05-06,2016-05-27,Premium Petrol 95R,3,final,True,190.8257,198.1115,190.8257,191.2332,192.8855,-7.2857,-6.8783,-5.226
2016-05-13,2016-05-20,Premium Petrol 95R,1,final,True,192.54,195.1115,192.54,192.9948,193.0499,-2.5714,-2.1166,-2.0615
2016-05-13,2016-05-27,Premium Petrol 95R,2,final,True,192.54,198.1115,192.54,193.7397,193.8892,-5.5714,-4.3718,-4.2222
2016-05-13,2016-06-03,Premium Petrol 95R,3,final,True,192.54,199.8257,192.54,193.5459,193.9317,-7.2857,-6.2799,-5.894
2016-05-20,2016-05-27,Premium Petrol 95R,1,final,True,195.1115,198.1115,195.1115,197.5285,197.2212,-3.0,-0.583,-0.8903
2016-05-20,2016-06-03,Premium Petrol 95R,2,final,True,195.1115,199.8257,195.1115,198.0677,197.8711,-4.7143,-1.7581,-1.9547
2016-05-20,2016-06-10,Premium Petrol 95R,3,final,True,195.1115,197.6829,195.1115,198.5451,198.509,-2.5714,0.8622,0.8261
2016-05-27,2016-06-03,Premium Petrol 95R,1,final,True,198.1115,199.8257,198.1115,199.0921,199.3451,-1.7143,-0.7337,-0.4806
2016-05-27,2016-06-10,Premium Petrol 95R,2,final,True,198.1115,197.6829,198.1115,199.761,200.3919,0.4286,2.0781,2.709
2016-05-27,2016-06-17,Premium Petrol 95R,3,final,True,198.1115,195.54,198.1115,199.9856,201.1326,2.5714,4.4455,5.5926
2016-06-03,2016-06-10,Premium Petrol 95R,1,final,True,199.8257,197.6829,199.8257,200.0918,200.2701,2.1429,2.4089,2.5872
2016-06-03,2016-06-17,Premium Petrol 95R,2,final,True,199.8257,195.54,199.8257,200.1526,200.5826,4.2857,4.6126,5.0425
2016-06-03,2016-06-24,Premium Petrol 95R,3,final,True,199.8257,192.1115,199.8257,200.065,200.7295,7.7143,7.9536,8.618
2016-06-10,2016-06-17,Premium Petrol 95R,1,final,True,197.6829,195.54,197.6829,196.5407,196.6905,2.1429,1.0007,1.1504
2016-06-10,2016-06-24,Premium Petrol 95R,2,final,True,197.6829,192.1115,197.6829,195.9367,196.0196,5.5714,3.8252,3.9081
2016-06-10,2016-07-01,Premium Petrol 95R,3,final,True,197.6829,193.1918,197.6829,195.8142,195.7239,4.4911,2.6224,2.5321
2016-06-17,2016-06-24,Premium Petrol 95R,1,final,True,195.54,192.1115,195.54,193.6927,193.853,3.4286,1.5813,1.7415
2016-06-17,2016-07-01,Premium Petrol 95R,2,final,True,195.54,193.1918,195.54,193.0369,193.0451,2.3482,-0.1549,-0.1467
2016-06-17,2016-07-08,Premium Petrol 95R,3,final,True,195.54,193.2989,195.54,192.8903,192.6523,2.2411,-0.4086,-0.6466
2016-06-24,2016-07-01,Premium Petrol 95R,1,final,True,192.1115,193.1918,192.1115,191.7598,191.3934,-1.0803,-1.432,-1.7984
2016-06-24,2016-07-08,Premium Petrol 95R,2,final,True,192.1115,193.2989,192.1115,191.7467,190.9733,-1.1874,-1.5522,-2.3256
2016-06-24,2016-07-15,Premium Petrol 95R,3,final,True,192.1115,187.0132,192.1115,191.8343,190.6465,5.0983,4.8211,3.6333
2016-07-01,2016-07-08,Premium Petrol 95R,1,final,True,193.1918,193.2989,193.1918,192.4977,193.0574,-0.1071,-0.8011,-0.2415
2016-07-01,2016-07-15,Premium Petrol 95R,2,final,True,193.1918,187.0132,193.1918,192.2948,193.2919,6.1786,5.2816,6.2787
2016-07-01,2016-07-22,Premium Petrol 95R,3,final,True,193.1918,187.0132,193.1918,192.4712,193.8577,6.1786,5.458,6.8445
2016-07-08,2016-07-15,Premium Petrol 95R,1,final,True,193.2989,187.0132,193.2989,191.5456,191.9911,6.2857,4.5324,4.9779
2016-07-08,2016-07-22,Premium Petrol 95R,2,final,True,193.2989,187.0132,193.2989,191.0632,191.6413,6.2857,4.0501,4.6281
2016-07-08,2016-07-29,Premium Petrol 95R,3,final,True,193.2989,182.7275,193.2989,190.8585,191.4565,10.5714,8.1311,8.729
2016-07-15,2016-07-22,Premium Petrol 95R,1,final,True,187.0132,187.0132,187.0132,185.1706,185.0534,0.0,-1.8425,-1.9598
2016-07-15,2016-07-29,Premium Petrol 95R,2,final,True,187.0132,182.7275,187.0132,184.3851,183.8073,4.2857,1.6576,1.0798
2016-07-15,2016-08-05,Premium Petrol 95R,3,final,True,187.0132,181.0132,187.0132,184.2305,183.0154,6.0,3.2173,2.0022
2016-07-22,2016-07-29,Premium Petrol 95R,1,final,True,187.0132,182.7275,187.0132,187.0387,186.8987,4.2857,4.3112,4.1712
2016-07-22,2016-08-05,Premium Petrol 95R,2,final,True,187.0132,181.0132,187.0132,187.2306,186.9125,6.0,6.2175,5.8993
2016-07-22,2016-08-12,Premium Petrol 95R,3,final,True,187.0132,182.5846,187.0132,187.3691,186.8982,4.4286,4.7845,4.3136
2016-07-29,2016-08-05,Premium Petrol 95R,1,final,True,182.7275,181.0132,182.7275,181.7966,182.2688,1.7143,0.7834,1.2556
2016-07-29,2016-08-12,Premium Petrol 95R,2,final,True,182.7275,182.5846,182.7275,181.4359,182.2136,0.1429,-1.1487,-0.371
2016-07-29,2016-08-19,Premium Petrol 95R,3,final,True,182.7275,188.156,182.7275,181.6275,182.6369,-5.4286,-6.5286,-5.5191
2016-08-05,2016-08-12,Premium Petrol 95R,1,final,True,181.0132,182.5846,181.0132,179.8827,180.6648,-1.5714,-2.7019,-1.9198
2016-08-05,2016-08-19,Premium Petrol 95R,2,final,True,181.0132,188.156,181.0132,179.7333,181.0949,-7.1429,-8.4227,-7.0611
2016-08-05,2016-08-26,Premium Petrol 95R,3,final,True,181.0132,191.5846,181.0132,179.4423,181.3257,-10.5714,-12.1423,-10.2589
2016-08-12,2016-08-19,Premium Petrol 95R,1,final,True,182.5846,188.156,182.5846,183.3612,183.6716,-5.5714,-4.7948,-4.4844
2016-08-12,2016-08-26,Premium Petrol 95R,2,final,True,182.5846,191.5846,182.5846,183.4788,184.1966,-9.0,-8.1058,-7.388
2016-08-12,2016-09-02,Premium Petrol 95R,3,final,True,182.5846,193.4417,182.5846,183.7058,184.8085,-10.8571,-9.7359,-8.6332
2016-08-19,2016-08-26,Premium Petrol 95R,1,final,True,188.156,191.5846,188.156,190.2707,190.241,-3.4286,-1.3139,-1.3436
2016-08-19,2016-09-02,Premium Petrol 95R,2,final,True,188.156,193.4417,188.156,191.3586,191.6218,-5.2857,-2.0832,-1.82
2016-08-19,2016-09-09,Premium Petrol 95R,3,final,True,188.156,192.0132,188.156,191.8273,192.5799,-3.8571,-0.1858,0.5667
2016-08-26,2016-09-02,Premium Petrol 95R,1,final,True,191.5846,193.4417,191.5846,193.1154,193.1573,-1.8571,-0.3264,-0.2844
2016-08-26,2016-09-09,Premium Petrol 95R,2,final,True,191.5846,192.0132,191.5846,193.7753,194.1307,-0.4286,1.7622,2.1175
2016-08-26,2016-09-16,Premium Petrol 95R,3,final,True,191.5846,192.0132,191.5846,194.0301,194.7889,-0.4286,2.0169,2.7757
2016-09-02,2016-09-09,Premium Petrol 95R,1,final,True,193.4417,192.0132,193.4417,194.2433,194.1232,1.4286,2.2301,2.11
2016-09-02,2016-09-16,Premium Petrol 95R,2,final,True,193.4417,192.0132,193.4417,194.5583,194.4289,1.4286,2.5451,2.4157
2016-09-02,2016-09-23,Premium Petrol 95R,3,final,True,193.4417,192.0132,193.4417,194.4599,194.3453,1.4286,2.4467,2.3321
2016-09-09,2016-09-16,Premium Petrol 95R,1,final,True,192.0132,192.0132,192.0132,192.1431,191.9327,0.0,0.1299,-0.0805
2016-09-09,2016-09-23,Premium Petrol 95R,2,final,True,192.0132,192.0132,192.0132,191.9716,191.5431,0.0,-0.0416,-0.47
2016-09-09,2016-09-30,Premium Petrol 95R,3,final,True,192.0132,191.0778,192.0132,192.0364,191.3535,0.9354,0.9586,0.2758
2016-09-16,2016-09-23,Premium Petrol 95R,1,final,True,192.0132,192.0132,192.0132,191.9722,191.9088,0.0,-0.0409,-0.1044
2016-09-16,2016-09-30,Premium Petrol 95R,2,final,True,192.0132,191.0778,192.0132,192.0942,191.954,0.9354,1.0164,0.8763
2016-09-16,2016-10-07,Premium Petrol 95R,3,final,True,192.0132,191.5964,192.0132,192.1489,191.9735,0.4168,0.5524,0.3771
2016-09-23,2016-09-30,Premium Petrol 95R,1,final,True,192.0132,191.0778,192.0132,192.0747,192.0841,0.9354,0.997,1.0064
2016-09-23,2016-10-07,Premium Petrol 95R,2,final,True,192.0132,191.5964,192.0132,192.1033,192.153,0.4168,0.5069,0.5566
2016-09-23,2016-10-14,Premium Petrol 95R,3,final,True,192.0132,195.4535,192.0132,192.217,192.3063,-3.4404,-3.2366,-3.1472
2016-09-30,2016-10-07,Premium Petrol 95R,1,final,True,191.0778,191.5964,191.0778,191.5861,191.4776,-0.5186,-0.0103,-0.1188
2016-09-30,2016-10-14,Premium Petrol 95R,2,final,True,191.0778,195.4535,191.0778,191.905,191.772,-4.3758,-3.5485,-3.6816
2016-09-30,2016-10-21,Premium Petrol 95R,3,final,True,191.0778,199.4535,191.0778,191.9878,191.8767,-8.3758,-7.4658,-7.5768
2016-10-07,2016-10-14,Premium Petrol 95R,1,final,True,191.5964,195.4535,191.5964,193.099,193.1199,-3.8571,-2.3545,-2.3337
2016-10-07,2016-10-21,Premium Petrol 95R,2,final,True,191.5964,199.4535,191.5964,193.693,193.9865,-7.8571,-5.7605,-5.467
2016-10-07,2016-10-28,Premium Petrol 95R,3,final,True,191.5964,199.7393,191.5964,193.9297,194.5834,-8.1429,-5.8095,-5.1558
2016-10-14,2016-10-21,Premium Petrol 95R,1,final,True,195.4535,199.4535,195.4535,197.1427,197.5208,-4.0,-2.3109,-1.9328
2016-10-14,2016-10-28,Premium Petrol 95R,2,final,True,195.4535,199.7393,195.4535,197.8562,198.8914,-4.2857,-1.883,-0.8479
2016-10-14,2016-11-04,Premium Petrol 95R,3,final,True,195.4535,198.5964,195.4535,198.1066,199.9164,-3.1429,-0.4898,1.32
2016-10-21,2016-10-28,Premium Petrol 95R,1,final,True,199.4535,199.7393,199.4535,200.5202,200.8642,-0.2857,0.7809,1.125
2016-10-21,2016-11-04,Premium Petrol 95R,2,final,True,199.4535,198.5964,199.4535,200.9268,201.7933,0.8571,2.3304,3.1969
2016-10-21,2016-11-11,Premium Petrol 95R,3,final,True,199.4535,192.5964,199.4535,201.0268,202.4724,6.8571,8.4304,9.876
2016-10-28,2016-11-04,Premium Petrol 95R,1,final,True,199.7393,198.5964,199.7393,200.4399,200.32,1.1429,1.8435,1.7236
2016-10-28,2016-11-11,Premium Petrol 95R,2,final,True,199.7393,192.5964,199.7393,200.666,200.5354,7.1429,8.0696,7.939
2016-10-28,2016-11-18,Premium Petrol 95R,3,final,True,199.7393,189.7393,199.7393,200.6827,200.5723,10.0,10.9434,10.833
2016-11-04,2016-11-11,Premium Petrol 95R,1,final,True,198.5964,192.5964,198.5964,196.9127,197.5347,6.0,4.3163,4.9383
2016-11-04,2016-11-18,Premium Petrol 95R,2,final,True,198.5964,189.7393,198.5964,196.1001,197.0384,8.8571,6.3608,7.2991
2016-11-04,2016-11-25,Premium Petrol 95R,3,final,True,198.5964,192.3107,198.5964,196.0347,197.1525,6.2857,3.724,4.8418
2016-11-11,2016-11-18,Premium Petrol 95R,1,final,True,192.5964,189.7393,192.5964,190.2705,190.4143,2.8571,0.5313,0.675
2016-11-11,2016-11-25,Premium Petrol 95R,2,final,True,192.5964,192.3107,192.5964,189.5516,189.4423,0.2857,-2.7591,-2.8684
2016-11-11,2016-12-02,Premium Petrol 95R,3,final,True,192.5964,193.8821,192.5964,189.2254,188.7414,-1.2857,-4.6567,-5.1407
2016-11-18,2016-11-25,Premium Petrol 95R,1,final,True,189.7393,192.3107,189.7393,189.4322,189.4946,-2.5714,-2.8784,-2.8161
2016-11-18,2016-12-02,Premium Petrol 95R,2,final,True,189.7393,193.8821,189.7393,189.2828,189.3624,-4.1429,-4.5994,-4.5197
2016-11-18,2016-12-09,Premium Petrol 95R,3,final,True,189.7393,198.8821,189.7393,189.4576,189.5164,-9.1429,-9.4245,-9.3657
2016-11-25,2016-12-02,Premium Petrol 95R,1,final,True,192.3107,193.8821,192.3107,193.9515,194.1473,-1.5714,0.0694,0.2652
2016-11-25,2016-12-09,Premium Petrol 95R,2,final,True,192.3107,198.8821,192.3107,194.8823,195.5477,-6.5714,-3.9998,-3.3344
2016-11-25,2016-12-16,Premium Petrol 95R,3,final,True,192.3107,201.8821,192.3107,195.3118,196.6106,-9.5714,-6.5704,-5.2715
2016-12-02,2016-12-09,Premium Petrol 95R,1,final,True,193.8821,198.8821,193.8821,194.5301,195.3619,-5.0,-4.352,-3.5202
2016-12-02,2016-12-16,Premium Petrol 95R,2,final,True,193.8821,201.8821,193.8821,194.8386,196.6211,-8.0,-7.0435,-5.261
2016-12-02,2016-12-23,Premium Petrol 95R,3,final,True,193.8821,203.8821,193.8821,195.0332,197.7759,-10.0,-8.8489,-6.1062
2016-12-09,2016-12-16,Premium Petrol 95R,1,final,True,198.8821,201.8821,198.8821,200.9348,201.009,-3.0,-0.9473,-0.8732
2016-12-09,2016-12-23,Premium Petrol 95R,2,final,True,198.8821,203.8821,198.8821,201.8749,202.3422,-5.0,-2.0073,-1.5399
2016-12-09,2016-12-30,Premium Petrol 95R,3,final,True,198.8821,204.3269,198.8821,201.7917,202.7668,-5.4448,-2.5353,-1.5602
2016-12-16,2016-12-23,Premium Petrol 95R,1,final,True,201.8821,203.8821,201.8821,203.6581,203.6561,-2.0,-0.2241,-0.226
2016-12-16,2016-12-30,Premium Petrol 95R,2,final,True,201.8821,204.3269,201.8821,203.9411,204.1986,-2.4448,-0.3858,-0.1283
2016-12-16,2017-01-06,Premium Petrol 95R,3,final,True,201.8821,204.2102,201.8821,204.3582,204.9136,-2.3281,0.1481,0.7034
2016-12-23,2016-12-30,Premium Petrol 95R,1,final,True,203.8821,204.3269,203.8821,205.8022,205.4156,-0.4448,1.4752,1.0886
2016-12-23,2017-01-06,Premium Petrol 95R,2,final,True,203.8821,204.2102,203.8821,206.9231,206.4791,-0.3281,2.7129,2.2689
2016-12-23,2017-01-13,Premium Petrol 95R,3,final,True,203.8821,204.853,203.8821,206.9562,206.6848,-0.9709,2.1032,1.8318
2016-12-30,2017-01-06,Premium Petrol 95R,1,final,True,204.3269,204.2102,204.3269,206.3952,206.4072,0.1168,2.185,2.197
2016-12-30,2017-01-13,Premium Petrol 95R,2,final,True,204.3269,204.853,204.3269,206.803,207.2286,-0.5261,1.9499,2.3755
2016-12-30,2017-01-20,Premium Petrol 95R,3,final,True,204.3269,207.4245,204.3269,207.036,207.9261,-3.0975,-0.3884,0.5017
2017-01-06,2017-01-13,Premium Petrol 95R,1,final,True,204.2102,204.853,204.2102,204.3516,205.1464,-0.6429,-0.5014,0.2934
2017-01-06,2017-01-20,Premium Petrol 95R,2,final,True,204.2102,207.4245,204.2102,204.4428,206.0323,-3.2143,-2.9816,-1.3921
2017-01-06,2017-01-27,Premium Petrol 95R,3,final,True,204.2102,207.853,204.2102,204.3529,206.7882,-3.6429,-3.5002,-1.0648
2017-01-13,2017-01-20,Premium Petrol 95R,1,final,True,204.853,207.4245,204.853,204.0841,205.0319,-2.5714,-3.3403,-2.3926
2017-01-13,2017-01-27,Premium Petrol 95R,2,final,True,204.853,207.853,204.853,203.6284,205.4211,-3.0,-4.2246,-2.4319
2017-01-13,2017-02-03,Premium Petrol 95R,3,final,True,204.853,207.853,204.853,203.477,206.0347,-3.0,-4.3761,-1.8183
2017-01-20,2017-01-27,Premium Petrol 95R,1,final,True,207.4245,207.853,207.4245,206.736,207.187,-0.4286,-1.117,-0.666
2017-01-20,2017-02-03,Premium Petrol 95R,2,final,True,207.4245,207.853,207.4245,206.4946,207.2673,-0.4286,-1.3584,-0.5858
2017-01-20,2017-02-10,Premium Petrol 95R,3,final,True,207.4245,206.7102,207.4245,206.5021,207.5714,0.7143,-0.2081,0.8612
2017-01-27,2017-02-03,Premium Petrol 95R,1,final,True,207.853,207.853,207.853,207.1207,207.0244,0.0,-0.7324,-0.8286
2017-01-27,2017-02-10,Premium Petrol 95R,2,final,True,207.853,206.7102,207.853,206.9149,206.6059,1.1429,0.2048,-0.1043
2017-01-27,2017-02-17,Premium Petrol 95R,3,final,True,207.853,205.853,207.853,207.0404,206.4925,2.0,1.1874,0.6395
2017-02-03,2017-02-10,Premium Petrol 95R,1,final,True,207.853,206.7102,207.853,207.8832,207.3326,1.1429,1.173,0.6224
2017-02-03,2017-02-17,Premium Petrol 95R,2,final,True,207.853,205.853,207.853,208.1103,207.0243,2.0,2.2572,1.1713
2017-02-03,2017-02-24,Premium Petrol 95R,3,final,True,207.853,205.853,207.853,208.1593,206.5634,2.0,2.3063,0.7103
2017-02-10,2017-02-17,Premium Petrol 95R,1,final,True,206.7102,205.853,206.7102,207.0529,206.7236,0.8571,1.1998,0.8706
2017-02-10,2017-02-24,Premium Petrol 95R,2,final,True,206.7102,205.853,206.7102,207.1508,206.5393,0.8571,1.2978,0.6863
2017-02-10,2017-03-03,Premium Petrol 95R,3,final,True,206.7102,205.853,206.7102,207.3316,206.4235,0.8571,1.4786,0.5704
2017-02-17,2017-02-24,Premium Petrol 95R,1,final,True,205.853,205.853,205.853,206.2194,206.1503,0.0,0.3664,0.2972
2017-02-17,2017-03-03,Premium Petrol 95R,2,final,True,205.853,205.853,205.853,206.5126,206.4096,0.0,0.6596,0.5566
2017-02-17,2017-03-10,Premium Petrol 95R,3,final,True,205.853,205.853,205.853,206.5746,206.476,0.0,0.7216,0.623
2017-02-24,2017-03-03,Premium Petrol 95R,1,final,True,205.853,205.853,205.853,205.2415,205.7663,0.0,-0.6115,-0.0867
2017-02-24,2017-03-10,Premium Petrol 95R,2,final,True,205.853,205.853,205.853,204.9149,205.8369,0.0,-0.9381,-0.0161
2017-02-24,2017-03-17,Premium Petrol 95R,3,final,True,205.853,204.1387,205.853,204.9383,206.1728,1.7143,0.7995,2.0341
2017-03-03,2017-03-10,Premium Petrol 95R,1,final,True,205.853,205.853,205.853,204.9269,205.1163,0.0,-0.9261,-0.7367
2017-03-03,2017-03-17,Premium Petrol 95R,2,final,True,205.853,204.1387,205.853,204.6933,204.8768,1.7143,0.5546,0.7381
2017-03-03,2017-03-24,Premium Petrol 95R,3,final,True,205.853,202.853,205.853,204.5678,204.6919,3.0,1.7148,1.8389
2017-03-10,2017-03-17,Premium Petrol 95R,1,final,True,205.853,204.1387,205.853,206.0207,205.6496,1.7143,1.882,1.5108
2017-03-10,2017-03-24,Premium Petrol 95R,2,final,True,205.853,202.853,205.853,206.0695,205.347,3.0,3.2165,2.494
2017-03-10,2017-03-31,Premium Petrol 95R,3,final,True,205.853,203.3338,205.853,206.2353,205.1552,2.5193,2.9015,1.8215
2017-03-17,2017-03-24,Premium Petrol 95R,1,final,True,204.1387,202.853,204.1387,202.9931,203.1956,1.2857,0.1401,0.3426
2017-03-17,2017-03-31,Premium Petrol 95R,2,final,True,204.1387,203.3338,204.1387,202.6399,202.8198,0.805,-0.6939,-0.514
2017-03-17,2017-04-07,Premium Petrol 95R,3,final,True,204.1387,204.5356,204.1387,202.7366,202.8304,-0.3969,-1.799,-1.7052
2017-03-24,2017-03-31,Premium Petrol 95R,1,final,True,202.853,203.3338,202.853,202.277,202.1176,-0.4807,-1.0568,-1.2162
2017-03-24,2017-04-07,Premium Petrol 95R,2,final,True,202.853,204.5356,202.853,202.2772,201.854,-1.6826,-2.2585,-2.6817
2017-03-24,2017-04-14,Premium Petrol 95R,3,final,True,202.853,206.5356,202.853,202.1115,201.3902,-3.6826,-4.4242,-5.1454
2017-03-31,2017-04-07,Premium Petrol 95R,1,final,True,203.3338,204.5356,203.3338,204.0329,203.7157,-1.2019,-0.5028,-0.82
2017-03-31,2017-04-14,Premium Petrol 95R,2,final,True,203.3338,206.5356,203.3338,204.1708,203.6303,-3.2019,-2.3648,-2.9054
2017-03-31,2017-04-21,Premium Petrol 95R,3,final,True,203.3338,206.5356,203.3338,204.4553,203.684,-3.2019,-2.0804,-2.8516
2017-04-07,2017-04-14,Premium Petrol 95R,1,final,True,204.5356,206.5356,204.5356,206.3218,205.8443,-2.0,-0.2138,-0.6914
2017-04-07,2017-04-21,Premium Petrol 95R,2,final,True,204.5356,206.5356,204.5356,207.3198,206.6602,-2.0,0.7842,0.1246
2017-04-07,2017-04-28,Premium Petrol 95R,3,final,True,204.5356,206.5356,204.5356,207.6247,206.9714,-2.0,1.089,0.4358
2017-04-14,2017-04-21,Premium Petrol 95R,1,final,True,206.5356,206.5356,206.5356,208.2822,208.4019,0.0,1.7466,1.8663
2017-04-14,2017-04-28,Premium Petrol 95R,2,final,True,206.5356,206.5356,206.5356,208.9105,209.4761,0.0,2.3749,2.9404
2017-04-14,2017-05-05,Premium Petrol 95R,3,final,True,206.5356,206.5356,206.5356,209.1487,210.2392,0.0,2.6131,3.7035
2017-04-21,2017-04-28,Premium Petrol 95R,1,final,True,206.5356,206.5356,206.5356,206.3944,207.0486,0.0,-0.1412,0.513
2017-04-21,2017-05-05,Premium Petrol 95R,2,final,True,206.5356,206.5356,206.5356,206.3014,207.5488,0.0,-0.2342,1.0132
2017-04-21,2017-05-12,Premium Petrol 95R,3,final,True,206.5356,202.5356,206.5356,206.1829,207.986,4.0,3.6473,5.4504
2017-04-28,2017-05-05,Premium Petrol 95R,1,final,True,206.5356,206.5356,206.5356,205.5175,206.0569,0.0,-1.0181,-0.4787
2017-04-28,2017-05-12,Premium Petrol 95R,2,final,True,206.5356,202.5356,206.5356,204.9955,205.8679,4.0,2.4599,3.3323
2017-04-28,2017-05-19,Premium Petrol 95R,3,final,True,206.5356,202.5356,206.5356,204.8144,205.9146,4.0,2.2788,3.379
2017-05-05,2017-05-12,Premium Petrol 95R,1,final,True,206.5356,202.5356,206.5356,204.8246,205.1142,4.0,2.2889,2.5786
2017-05-05,2017-05-19,Premium Petrol 95R,2,final,True,206.5356,202.5356,206.5356,204.124,204.3762,4.0,1.5884,1.8405
2017-05-05,2017-05-26,Premium Petrol 95R,3,final,True,206.5356,202.5356,206.5356,204.0892,204.1935,4.0,1.5536,1.6579
2017-05-12,2017-05-19,Premium Petrol 95R,1,final,True,202.5356,202.5356,202.5356,202.3052,201.5836,0.0,-0.2304,-0.9521
2017-05-12,2017-05-26,Premium Petrol 95R,2,final,True,202.5356,202.5356,202.5356,202.4752,201.0101,0.0,-0.0604,-1.5255
2017-05-12,2017-06-02,Premium Petrol 95R,3,final,True,202.5356,202.5356,202.5356,202.558,200.3877,0.0,0.0224,-2.148
2017-05-19,2017-05-26,Premium Petrol 95R,1,final,True,202.5356,202.5356,202.5356,203.4936,203.4982,0.0,0.958,0.9626
2017-05-19,2017-06-02,Premium Petrol 95R,2,final,True,202.5356,202.5356,202.5356,203.9158,204.1118,0.0,1.3802,1.5762
2017-05-19,2017-06-09,Premium Petrol 95R,3,final,True,202.5356,202.5356,202.5356,204.2867,204.7262,0.0,1.7511,2.1906
2017-05-26,2017-06-02,Premium Petrol 95R,1,final,True,202.5356,202.5356,202.5356,202.8899,203.4712,0.0,0.3543,0.9356
2017-05-26,2017-06-09,Premium Petrol 95R,2,final,True,202.5356,202.5356,202.5356,203.2322,204.4354,0.0,0.6966,1.8998
2017-05-26,2017-06-16,Premium Petrol 95R,3,final,True,202.5356,195.8213,202.5356,203.3086,205.1716,6.7143,7.4872,9.3502
2017-06-02,2017-06-09,Premium Petrol 95R,1,final,True,202.5356,202.5356,202.5356,201.8193,202.7444,0.0,-0.7163,0.2088
2017-06-02,2017-06-16,Premium Petrol 95R,2,final,True,202.5356,195.8213,202.5356,201.4402,203.1335,6.7143,5.6189,7.3121
2017-06-02,2017-06-23,Premium Petrol 95R,3,final,True,202.5356,188.2499,202.5356,201.2871,203.6305,14.2857,13.0372,15.3806
2017-06-09,2017-06-16,Premium Petrol 95R,1,final,True,202.5356,195.8213,202.5356,200.6439,201.4189,6.7143,4.8225,5.5975
2017-06-09,2017-06-23,Premium Petrol 95R,2,final,True,202.5356,188.2499,202.5356,199.8328,200.9805,14.2857,11.5829,12.7306
2017-06-09,2017-06-30,Premium Petrol 95R,3,final,True,202.5356,186.7752,202.5356,199.6314,200.9909,15.7605,12.8563,14.2158
2017-06-16,2017-06-23,Premium Petrol 95R,1,final,True,195.8213,188.2499,195.8213,193.8424,193.8961,7.5714,5.5925,5.6462
2017-06-16,2017-06-30,Premium Petrol 95R,2,final,True,195.8213,186.7752,195.8213,193.1457,192.8825,9.0462,6.3705,6.1073
2017-06-16,2017-07-07,Premium Petrol 95R,3,final,True,195.8213,187.374,195.8213,193.0644,192.3586,8.4473,5.6904,4.9846
2017-06-23,2017-06-30,Premium Petrol 95R,1,final,True,188.2499,186.7752,188.2499,186.719,187.3367,1.4747,-0.0561,0.5615
2017-06-23,2017-07-07,Premium Petrol 95R,2,final,True,188.2499,187.374,188.2499,186.273,187.262,0.8759,-1.101,-0.112
2017-06-23,2017-07-14,Premium Petrol 95R,3,final,True,188.2499,187.374,188.2499,186.3236,187.6041,0.8759,-1.0505,0.23
2017-06-30,2017-07-07,Premium Petrol 95R,1,final,True,186.7752,187.374,186.7752,186.7046,187.8772,-0.5989,-0.6695,0.5031
2017-06-30,2017-07-14,Premium Petrol 95R,2,final,True,186.7752,187.374,186.7752,186.9204,189.2554,-0.5989,-0.4536,1.8814
2017-06-30,2017-07-21,Premium Petrol 95R,3,final,True,186.7752,187.374,186.7752,187.0706,190.5803,-0.5989,-0.3034,3.2063
2017-07-07,2017-07-14,Premium Petrol 95R,1,final,True,187.374,187.374,187.374,188.4307,189.671,0.0,1.0566,2.297
2017-07-07,2017-07-21,Premium Petrol 95R,2,final,True,187.374,187.374,187.374,188.9514,191.58,0.0,1.5774,4.2059
2017-07-07,2017-07-28,Premium Petrol 95R,3,final,True,187.374,189.374,187.374,189.2491,193.3133,-2.0,-0.1249,3.9393
2017-07-14,2017-07-21,Premium Petrol 95R,1,final,True,187.374,187.374,187.374,187.6978,189.1403,0.0,0.3238,1.7663
2017-07-14,2017-07-28,Premium Petrol 95R,2,final,True,187.374,189.374,187.374,187.9083,190.814,-2.0,-1.4657,1.44
2017-07-14,2017-08-04,Premium Petrol 95R,3,final,True,187.374,192.8026,187.374,187.9699,192.3468,-5.4286,-4.8328,-0.4558
2017-07-21,2017-07-28,Premium Petrol 95R,1,final,True,187.374,189.374,187.374,188.2897,189.4195,-2.0,-1.0844,0.0455
2017-07-21,2017-08-04,Premium Petrol 95R,2,final,True,187.374,192.8026,187.374,188.6592,191.0262,-5.4286,-4.1434,-1.7764
2017-07-21,2017-08-11,Premium Petrol 95R,3,final,True,187.374,196.6598,187.374,188.6323,192.2658,-9.2857,-8.0274,-4.3939
2017-07-28,2017-08-04,Premium Petrol 95R,1,final,True,189.374,192.8026,189.374,189.5167,191.0274,-3.4286,-3.2859,-1.7752
2017-07-28,2017-08-11,Premium Petrol 95R,2,final,True,189.374,196.6598,189.374,189.3925,192.4119,-7.2857,-7.2672,-4.2479
2017-07-28,2017-08-18,Premium Petrol 95R,3,final,True,189.374,198.374,189.374,189.5581,194.0653,-9.0,-8.816,-4.3087
2017-08-04,2017-08-11,Premium Petrol 95R,1,final,True,192.8026,196.6598,192.8026,194.0043,194.8864,-3.8571,-2.6554,-1.7733
2017-08-04,2017-08-18,Premium Petrol 95R,2,final,True,192.8026,198.374,192.8026,194.759,196.6835,-5.5714,-3.615,-1.6905
2017-08-04,2017-08-25,Premium Petrol 95R,3,final,True,192.8026,199.5169,192.8026,194.8081,197.8857,-6.7143,-4.7088,-1.6312
2017-08-11,2017-08-18,Premium Petrol 95R,1,final,True,196.6598,198.374,196.6598,198.3989,199.1955,-1.7143,0.0248,0.8215
2017-08-11,2017-08-25,Premium Petrol 95R,2,final,True,196.6598,199.5169,196.6598,198.891,200.7319,-2.8571,-0.6259,1.215
2017-08-11,2017-09-01,Premium Petrol 95R,3,final,True,196.6598,202.5169,196.6598,199.2809,202.2266,-5.8571,-3.236,-0.2903
2017-08-18,2017-08-25,Premium Petrol 95R,1,final,True,198.374,199.5169,198.374,198.9744,199.7698,-1.1429,-0.5425,0.2529
2017-08-18,2017-09-01,Premium Petrol 95R,2,final,True,198.374,202.5169,198.374,199.4107,201.0741,-4.1429,-3.1062,-1.4428
2017-08-18,2017-09-08,Premium Petrol 95R,3,final,True,198.374,205.5169,198.374,199.4015,201.9993,-7.1429,-6.1154,-3.5176
2017-08-25,2017-09-01,Premium Petrol 95R,1,final,True,199.5169,202.5169,199.5169,200.3877,200.9395,-3.0,-2.1292,-1.5774
2017-08-25,2017-09-08,Premium Petrol 95R,2,final,True,199.5169,205.5169,199.5169,200.5682,201.7975,-6.0,-4.9487,-3.7194
2017-08-25,2017-09-15,Premium Petrol 95R,3,final,True,199.5169,206.374,199.5169,200.5591,202.4758,-6.8571,-5.8149,-3.8983
2017-09-01,2017-09-08,Premium Petrol 95R,1,final,True,202.5169,205.5169,202.5169,203.481,203.9638,-3.0,-2.0359,-1.5531
2017-09-01,2017-09-15,Premium Petrol 95R,2,final,True,202.5169,206.374,202.5169,203.8172,204.9026,-3.8571,-2.5569,-1.4714
2017-09-01,2017-09-22,Premium Petrol 95R,3,final,True,202.5169,206.374,202.5169,204.0287,205.7693,-3.8571,-2.3453,-0.6047
2017-09-08,2017-09-15,Premium Petrol 95R,1,final,True,205.5169,206.374,205.5169,206.4933,206.7913,-0.8571,0.1193,0.4173
2017-09-08,2017-09-22,Premium Petrol 95R,2,final,True,205.5169,206.374,205.5169,206.9835,207.7238,-0.8571,0.6095,1.3498
2017-09-08,2017-09-29,Premium Petrol 95R,3,final,True,205.5169,206.1529,205.5169,207.1627,208.4196,-0.636,1.0098,2.2666
2017-09-15,2017-09-22,Premium Petrol 95R,1,final,True,206.374,206.374,206.374,206.8715,207.1349,0.0,0.4975,0.7608
2017-09-15,2017-09-29,Premium Petrol 95R,2,final,True,206.374,206.1529,206.374,207.0537,207.6561,0.2211,0.9008,1.5032
2017-09-15,2017-10-06,Premium Petrol 95R,3,final,True,206.374,204.8262,206.374,207.0951,208.0543,1.5478,2.2689,3.2281
2017-09-22,2017-09-29,Premium Petrol 95R,1,final,True,206.374,206.1529,206.374,206.2409,206.5379,0.2211,0.088,0.3849
2017-09-22,2017-10-06,Premium Petrol 95R,2,final,True,206.374,204.8262,206.374,206.145,206.7118,1.5478,1.3188,1.8856
2017-09-22,2017-10-13,Premium Petrol 95R,3,final,True,206.374,203.3976,206.374,206.0937,206.9102,2.9764,2.6961,3.5126
2017-09-29,2017-10-06,Premium Petrol 95R,1,final,True,206.1529,204.8262,206.1529,206.4946,206.5581,1.3267,1.6684,1.7319
2017-09-29,2017-10-13,Premium Petrol 95R,2,final,True,206.1529,203.3976,206.1529,206.6328,206.8022,2.7553,3.2352,3.4046
2017-09-29,2017-10-20,Premium Petrol 95R,3,final,True,206.1529,202.8262,206.1529,206.7143,207.0071,3.3267,3.8881,4.1809
2017-10-06,2017-10-13,Premium Petrol 95R,1,final,True,204.8262,203.3976,204.8262,204.4643,204.8669,1.4286,1.0666,1.4692
2017-10-06,2017-10-20,Premium Petrol 95R,2,final,True,204.8262,202.8262,204.8262,204.3261,205.0784,2.0,1.4999,2.2522
2017-10-06,2017-10-27,Premium Petrol 95R,3,final,True,204.8262,202.8262,204.8262,204.4425,205.5263,2.0,1.6163,2.7001
2017-10-13,2017-10-20,Premium Petrol 95R,1,final,True,203.3976,202.8262,203.3976,203.6253,203.907,0.5714,0.7991,1.0807
2017-10-13,2017-10-27,Premium Petrol 95R,2,final,True,203.3976,202.8262,203.3976,203.8975,204.4933,0.5714,1.0713,1.6671
2017-10-13,2017-11-03,Premium Petrol 95R,3,final,True,203.3976,207.6834,203.3976,203.8587,204.7987,-4.2857,-3.8246,-2.8846
2017-10-20,2017-10-27,Premium Petrol 95R,1,final,True,202.8262,202.8262,202.8262,203.5481,204.0682,0.0,0.7219,1.242
2017-10-20,2017-11-03,Premium Petrol 95R,2,final,True,202.8262,207.6834,202.8262,203.7017,204.831,-4.8571,-3.9817,-2.8524
2017-10-20,2017-11-10,Premium Petrol 95R,3,final,True,202.8262,211.9691,202.8262,203.9406,205.6863,-9.1429,-8.0285,-6.2827
2017-10-27,2017-11-03,Premium Petrol 95R,1,final,True,202.8262,207.6834,202.8262,204.1266,204.6783,-4.8571,-3.5568,-3.0051
2017-10-27,2017-11-10,Premium Petrol 95R,2,final,True,202.8262,211.9691,202.8262,204.8578,206.1159,-9.1429,-7.1112,-5.8532
2017-10-27,2017-11-17,Premium Petrol 95R,3,final,True,202.8262,212.8262,202.8262,205.0352,207.0982,-10.0,-7.791,-5.728
2017-11-03,2017-11-10,Premium Petrol 95R,1,final,True,207.6834,211.9691,207.6834,209.7501,210.5506,-4.2857,-2.219,-1.4185
2017-11-03,2017-11-17,Premium Petrol 95R,2,final,True,207.6834,212.8262,207.6834,210.5132,212.3926,-5.1429,-2.313,-0.4336
2017-11-03,2017-11-24,Premium Petrol 95R,3,final,True,207.6834,212.8262,207.6834,210.8058,213.8523,-5.1429,-2.0205,1.026
2017-11-10,2017-11-17,Premium Petrol 95R,1,final,True,211.9691,212.8262,211.9691,213.9399,214.5247,-0.8571,1.1136,1.6985
2017-11-10,2017-11-24,Premium Petrol 95R,2,final,True,211.9691,212.8262,211.9691,214.7581,216.1793,-0.8571,1.9318,3.3531
2017-11-10,2017-12-01,Premium Petrol 95R,3,final,True,211.9691,214.8262,211.9691,214.9569,217.3241,-2.8571,0.1307,2.4978
2017-11-17,2017-11-24,Premium Petrol 95R,1,final,True,212.8262,212.8262,212.8262,213.2671,213.9782,0.0,0.4409,1.152
2017-11-17,2017-12-01,Premium Petrol 95R,2,final,True,212.8262,214.8262,212.8262,213.3007,214.7816,-2.0,-1.5255,-0.0446
2017-11-17,2017-12-08,Premium Petrol 95R,3,final,True,212.8262,214.8262,212.8262,213.2806,215.5342,-2.0,-1.5456,0.708
2017-11-24,2017-12-01,Premium Petrol 95R,1,final,True,212.8262,214.8262,212.8262,213.2934,213.7222,-2.0,-1.5328,-1.104
2017-11-24,2017-12-08,Premium Petrol 95R,2,final,True,212.8262,214.8262,212.8262,213.4578,214.376,-2.0,-1.3684,-0.4503
2017-11-24,2017-12-15,Premium Petrol 95R,3,final,True,212.8262,211.9691,212.8262,213.3468,214.7805,0.8571,1.3777,2.8114
2017-12-01,2017-12-08,Premium Petrol 95R,1,final,True,214.8262,214.8262,214.8262,214.9805,215.6172,0.0,0.1543,0.791
2017-12-01,2017-12-15,Premium Petrol 95R,2,final,True,214.8262,211.9691,214.8262,214.8703,216.1676,2.8571,2.9012,4.1985
2017-12-01,2017-12-22,Premium Petrol 95R,3,final,True,214.8262,210.8262,214.8262,215.0562,217.0078,4.0,4.23,6.1816
2017-12-08,2017-12-15,Premium Petrol 95R,1,final,True,214.8262,211.9691,214.8262,214.1612,214.6648,2.8571,2.1921,2.6958
2017-12-08,2017-12-22,Premium Petrol 95R,2,final,True,214.8262,210.8262,214.8262,214.1106,215.0379,4.0,3.2844,4.2117
2017-12-08,2017-12-29,Premium Petrol 95R,3,final,True,214.8262,210.8262,214.8262,214.0347,215.3914,4.0,3.2085,4.5652
2017-12-15,2017-12-22,Premium Petrol 95R,1,final,True,211.9691,210.8262,211.9691,211.815,212.1106,1.1429,0.9888,1.2844
2017-12-15,2017-12-29,Premium Petrol 95R,2,final,True,211.9691,210.8262,211.9691,211.6937,212.2786,1.1429,0.8675,1.4524
2017-12-15,2018-01-05,Premium Petrol 95R,3,final,True,211.9691,214.2808,211.9691,211.6713,212.5132,-2.3117,-2.6095,-1.7676
2017-12-22,2017-12-29,Premium Petrol 95R,1,final,True,210.8262,210.8262,210.8262,210.0911,210.8523,0.0,-0.7352,0.0261
2017-12-22,2018-01-05,Premium Petrol 95R,2,final,True,210.8262,214.2808,210.8262,209.8057,211.2163,-3.4546,-4.4751,-3.0646
2017-12-22,2018-01-12,Premium Petrol 95R,3,final,True,210.8262,215.138,210.8262,209.8648,211.8891,-4.3117,-5.2732,-3.2488
2017-12-29,2018-01-05,Premium Petrol 95R,1,final,True,210.8262,214.2808,210.8262,210.4002,211.0427,-3.4546,-3.8806,-3.2381
2017-12-29,2018-01-12,Premium Petrol 95R,2,final,True,210.8262,215.138,210.8262,210.4007,211.6314,-4.3117,-4.7373,-3.5066
2017-12-29,2018-01-19,Premium Petrol 95R,3,final,True,210.8262,216.2808,210.8262,210.3725,212.1855,-5.4546,-5.9083,-4.0953
2018-01-05,2018-01-12,Premium Petrol 95R,1,final,True,214.2808,215.138,214.2808,214.6107,215.1036,-0.8571,-0.5273,-0.0343
2018-01-05,2018-01-19,Premium Petrol 95R,2,final,True,214.2808,216.2808,214.2808,214.7264,215.7487,-2.0,-1.5544,-0.5321
2018-01-05,2018-01-26,Premium Petrol 95R,3,final,True,214.2808,216.2808,214.2808,214.9007,216.4489,-2.0,-1.3801,0.1681
2018-01-12,2018-01-19,Premium Petrol 95R,1,final,True,215.138,216.2808,215.138,215.4709,215.7423,-1.1429,-0.8099,-0.5385
2018-01-12,2018-01-26,Premium Petrol 95R,2,final,True,215.138,216.2808,215.138,215.7378,216.3056,-1.1429,-0.543,0.0247
2018-01-12,2018-02-02,Premium Petrol 95R,3,final,True,215.138,216.2808,215.138,215.8845,216.7776,-1.1429,-0.3963,0.4967
2018-01-19,2018-01-26,Premium Petrol 95R,1,final,True,216.2808,216.2808,216.2808,216.4598,216.7468,0.0,0.179,0.4659
2018-01-19,2018-02-02,Premium Petrol 95R,2,final,True,216.2808,216.2808,216.2808,216.5706,217.1616,0.0,0.2897,0.8808
2018-01-19,2018-02-09,Premium Petrol 95R,3,final,True,216.2808,215.4237,216.2808,216.6035,217.4948,0.8571,1.1798,2.0712
2018-01-26,2018-02-02,Premium Petrol 95R,1,final,True,216.2808,216.2808,216.2808,216.6104,216.6935,0.0,0.3296,0.4127
2018-01-26,2018-02-09,Premium Petrol 95R,2,final,True,216.2808,215.4237,216.2808,216.7359,216.9274,0.8571,1.3123,1.5037
2018-01-26,2018-02-16,Premium Petrol 95R,3,final,True,216.2808,212.4237,216.2808,216.783,217.0862,3.8571,4.3593,4.6625
2018-02-02,2018-02-09,Premium Petrol 95R,1,final,True,216.2808,215.4237,216.2808,216.918,216.9931,0.8571,1.4943,1.5694
2018-02-02,2018-02-16,Premium Petrol 95R,2,final,True,216.2808,212.4237,216.2808,217.1817,217.4029,3.8571,4.7581,4.9793
2018-02-02,2018-02-23,Premium Petrol 95R,3,final,True,216.2808,210.2808,216.2808,217.3455,217.7439,6.0,7.0647,7.4631
2018-02-09,2018-02-16,Premium Petrol 95R,1,final,True,215.4237,212.4237,215.4237,214.8385,215.3249,3.0,2.4148,2.9012
2018-02-09,2018-02-23,Premium Petrol 95R,2,final,True,215.4237,210.2808,215.4237,214.6403,215.5329,5.1429,4.3595,5.252
2018-02-09,2018-03-02,Premium Petrol 95R,3,final,True,215.4237,210.2808,215.4237,214.6377,215.9084,5.1429,4.3568,5.6276
2018-02-16,2018-02-23,Premium Petrol 95R,1,final,True,212.4237,210.2808,212.4237,210.3522,210.9978,2.1429,0.0714,0.717
2018-02-16,2018-03-02,Premium Petrol 95R,2,final,True,212.4237,210.2808,212.4237,209.5537,210.5753,2.1429,-0.7271,0.2945
2018-02-16,2018-03-09,Premium Petrol 95R,3,final,True,212.4237,210.2808,212.4237,209.2184,210.5003,2.1429,-1.0624,0.2195
2018-02-23,2018-03-02,Premium Petrol 95R,1,final,True,210.2808,210.2808,210.2808,209.8188,209.9442,0.0,-0.462,-0.3366
2018-02-23,2018-03-09,Premium Petrol 95R,2,final,True,210.2808,210.2808,210.2808,209.6267,209.8066,0.0,-0.6541,-0.4742
2018-02-23,2018-03-16,Premium Petrol 95R,3,final,True,210.2808,210.2808,210.2808,209.6177,209.815,0.0,-0.6631,-0.4658
2018-03-02,2018-03-09,Premium Petrol 95R,1,final,True,210.2808,210.2808,210.2808,211.0661,211.3033,0.0,0.7853,1.0224
2018-03-02,2018-03-16,Premium Petrol 95R,2,final,True,210.2808,210.2808,210.2808,211.4737,212.0368,0.0,1.1929,1.756
2018-03-02,2018-03-23,Premium Petrol 95R,3,final,True,210.2808,210.2808,210.2808,211.964,212.907,0.0,1.6832,2.6262
2018-03-09,2018-03-16,Premium Petrol 95R,1,final,True,210.2808,210.2808,210.2808,210.1624,210.8901,0.0,-0.1184,0.6093
2018-03-09,2018-03-23,Premium Petrol 95R,2,final,True,210.2808,210.2808,210.2808,210.4302,211.8761,0.0,0.1494,1.5953
2018-03-09,2018-03-30,Premium Petrol 95R,3,final,True,210.2808,211.7725,210.2808,210.4863,212.6706,-1.4917,-1.2862,0.8981
2018-03-16,2018-03-23,Premium Petrol 95R,1,final,True,210.2808,210.2808,210.2808,210.2981,210.915,0.0,0.0173,0.6342
2018-03-16,2018-03-30,Premium Petrol 95R,2,final,True,210.2808,211.7725,210.2808,210.2456,211.4718,-1.4917,-1.5269,-0.3006
2018-03-16,2018-04-06,Premium Petrol 95R,3,final,True,210.2808,208.7224,210.2808,210.061,211.8443,1.5584,1.3386,3.1219
2018-03-23,2018-03-30,Premium Petrol 95R,1,final,True,210.2808,211.7725,210.2808,211.9885,212.1612,-1.4917,0.216,0.3887
2018-03-23,2018-04-06,Premium Petrol 95R,2,final,True,210.2808,208.7224,210.2808,212.5627,213.0727,1.5584,3.8403,4.3502
2018-03-23,2018-04-13,Premium Petrol 95R,3,final,True,210.2808,210.4367,210.2808,212.8654,213.7707,-0.1559,2.4287,3.334
2018-03-30,2018-04-06,Premium Petrol 95R,1,final,True,211.7725,208.7224,211.7725,212.3468,213.1858,3.05,3.6244,4.4634
2018-03-30,2018-04-13,Premium Petrol 95R,2,final,True,211.7725,210.4367,211.7725,212.6505,214.3887,1.3357,2.2138,3.952
2018-03-30,2018-04-20,Premium Petrol 95R,3,final,True,211.7725,211.7224,211.7725,212.9544,215.6399,0.05,1.232,3.9175
2018-04-06,2018-04-13,Premium Petrol 95R,1,final,True,208.7224,210.4367,208.7224,209.0363,209.7006,-1.7143,-1.4004,-0.7362
2018-04-06,2018-04-20,Premium Petrol 95R,2,final,True,208.7224,211.7224,208.7224,209.3449,210.7187,-3.0,-2.3776,-1.0037
2018-04-06,2018-04-27,Premium Petrol 95R,3,final,True,208.7224,217.7224,208.7224,209.1122,211.2165,-9.0,-8.6102,-6.5059
2018-04-13,2018-04-20,Premium Petrol 95R,1,final,True,210.4367,211.7224,210.4367,210.978,211.9938,-1.2857,-0.7445,0.2714
2018-04-13,2018-04-27,Premium Petrol 95R,2,final,True,210.4367,217.7224,210.4367,210.8407,212.9193,-7.2857,-6.8817,-4.8032
2018-04-13,2018-05-04,Premium Petrol 95R,3,final,True,210.4367,217.7224,210.4367,210.9391,214.0466,-7.2857,-6.7834,-3.6758
2018-04-20,2018-04-27,Premium Petrol 95R,1,final,True,211.7224,217.7224,211.7224,211.975,212.8203,-6.0,-5.7474,-4.9022
2018-04-20,2018-05-04,Premium Petrol 95R,2,final,True,211.7224,217.7224,211.7224,212.2339,213.9334,-6.0,-5.4886,-3.789
2018-04-20,2018-05-11,Premium Petrol 95R,3,final,True,211.7224,221.2939,211.7224,212.3573,214.9606,-9.5714,-8.9366,-6.3333
2018-04-27,2018-05-04,Premium Petrol 95R,1,final,True,217.7224,217.7224,217.7224,219.9507,220.4314,0.0,2.2282,2.7089
2018-04-27,2018-05-11,Premium Petrol 95R,2,final,True,217.7224,221.2939,217.7224,220.8986,222.1425,-3.5714,-0.3953,0.8487
2018-04-27,2018-05-18,Premium Petrol 95R,3,final,True,217.7224,227.4367,217.7224,221.2072,223.3204,-9.7143,-6.2295,-4.1163
2018-05-04,2018-05-11,Premium Petrol 95R,1,final,True,217.7224,221.2939,217.7224,218.7531,219.3257,-3.5714,-2.5407,-1.9682
2018-05-04,2018-05-18,Premium Petrol 95R,2,final,True,217.7224,227.4367,217.7224,219.0898,220.3481,-9.7143,-8.347,-7.0886
2018-05-04,2018-05-25,Premium Petrol 95R,3,final,True,217.7224,229.7224,217.7224,219.3391,221.32,-12.0,-10.3834,-8.4024
2018-05-11,2018-05-18,Premium Petrol 95R,1,final,True,221.2939,227.4367,221.2939,223.0679,223.5036,-6.1429,-4.3688,-3.9331
2018-05-11,2018-05-25,Premium Petrol 95R,2,final,True,221.2939,229.7224,221.2939,223.9322,225.006,-8.4286,-5.7902,-4.7165
2018-05-11,2018-06-01,Premium Petrol 95R,3,final,True,221.2939,229.7224,221.2939,223.8928,225.7049,-8.4286,-5.8296,-4.0175
2018-05-18,2018-05-25,Premium Petrol 95R,1,final,True,227.4367,229.7224,227.4367,230.4314,230.6429,-2.2857,0.7089,0.9204
2018-05-18,2018-06-01,Premium Petrol 95R,2,final,True,227.4367,229.7224,227.4367,231.3093,232.0831,-2.2857,1.5869,2.3607
2018-05-18,2018-06-08,Premium Petrol 95R,3,final,True,227.4367,225.4367,227.4367,231.8054,233.2381,2.0,6.3687,7.8014
2018-05-25,2018-06-01,Premium Petrol 95R,1,final,True,229.7224,229.7224,229.7224,231.1737,231.4927,0.0,1.4512,1.7703
2018-05-25,2018-06-08,Premium Petrol 95R,2,final,True,229.7224,225.4367,229.7224,231.9043,232.7072,4.2857,6.4676,7.2705
2018-05-25,2018-06-15,Premium Petrol 95R,3,final,True,229.7224,223.7224,229.7224,232.0875,233.4942,6.0,8.3651,9.7718
2018-06-01,2018-06-08,Premium Petrol 95R,1,final,True,229.7224,225.4367,229.7224,228.6779,229.4012,4.2857,3.2411,3.9645
2018-06-01,2018-06-15,Premium Petrol 95R,2,final,True,229.7224,223.7224,229.7224,228.1175,229.4743,6.0,4.3951,5.7518
2018-06-01,2018-06-22,Premium Petrol 95R,3,final,True,229.7224,222.5796,229.7224,227.7125,229.6251,7.1429,5.1329,7.0456
2018-06-08,2018-06-15,Premium Petrol 95R,1,final,True,225.4367,223.7224,225.4367,223.5718,223.9436,1.7143,-0.1506,0.2211
2018-06-08,2018-06-22,Premium Petrol 95R,2,final,True,225.4367,222.5796,225.4367,222.6282,223.1481,2.8571,0.0486,0.5685
2018-06-08,2018-06-29,Premium Petrol 95R,3,final,True,225.4367,222.136,225.4367,222.2186,222.7786,3.3008,0.0826,0.6427
2018-06-15,2018-06-22,Premium Petrol 95R,1,final,True,223.7224,222.5796,223.7224,222.5268,222.8622,1.1429,-0.0528,0.2826
2018-06-15,2018-06-29,Premium Petrol 95R,2,final,True,223.7224,222.136,223.7224,222.0098,222.5503,1.5865,-0.1262,0.4144
2018-06-15,2018-07-06,Premium Petrol 95R,3,final,True,223.7224,224.6172,223.7224,222.1178,222.8278,-0.8947,-2.4993,-1.7893
2018-06-22,2018-06-29,Premium Petrol 95R,1,final,True,222.5796,222.136,222.5796,220.9695,221.5135,0.4436,-1.1665,-0.6225
2018-06-22,2018-07-06,Premium Petrol 95R,2,final,True,222.5796,224.6172,222.5796,220.6198,221.5488,-2.0376,-3.9973,-3.0683
2018-06-22,2018-07-13,Premium Petrol 95R,3,final,True,222.5796,224.6172,222.5796,220.698,221.9836,-2.0376,-3.9192,-2.6335
2018-06-29,2018-07-06,Premium Petrol 95R,1,final,True,222.136,224.6172,222.136,222.9161,222.9109,-2.4812,-1.7011,-1.7063
2018-06-29,2018-07-13,Premium Petrol 95R,2,final,True,222.136,224.6172,222.136,223.461,223.5555,-2.4812,-1.1562,-1.0616
2018-06-29,2018-07-20,Premium Petrol 95R,3,final,True,222.136,224.6172,222.136,223.5748,223.7949,-2.4812,-1.0423,-0.8223
2018-07-06,2018-07-13,Premium Petrol 95R,1,final,True,224.6172,224.6172,224.6172,226.2994,226.6049,0.0,1.6823,1.9878
2018-07-06,2018-07-20,Premium Petrol 95R,2,final,True,224.6172,224.6172,224.6172,226.8832,227.6474,0.0,2.266,3.0303
2018-07-06,2018-07-27,Premium Petrol 95R,3,final,True,224.6172,226.3453,224.6172,227.344,228.6023,-1.7282,0.9987,2.2569
2018-07-13,2018-07-20,Premium Petrol 95R,1,final,True,224.6172,224.6172,224.6172,224.8126,225.7037,0.0,0.1954,1.0865
2018-07-13,2018-07-27,Premium Petrol 95R,2,final,True,224.6172,226.3453,224.6172,225.1095,226.8849,-1.7282,-1.2359,0.5396
2018-07-13,2018-08-03,Premium Petrol 95R,3,final,True,224.6172,227.6415,224.6172,225.123,227.8142,-3.0243,-2.5184,0.1727
2018-07-20,2018-07-27,Premium Petrol 95R,1,final,True,224.6172,226.3453,224.6172,224.1064,225.0247,-1.7282,-2.2389,-1.3207
2018-07-20,2018-08-03,Premium Petrol 95R,2,final,True,224.6172,227.6415,224.6172,223.7812,225.5604,-3.0243,-3.8603,-2.0811
2018-07-20,2018-08-10,Premium Petrol 95R,3,final,True,224.6172,229.1536,224.6172,223.5313,226.1034,-4.5365,-5.6223,-3.0503
2018-07-27,2018-08-03,Premium Petrol 95R,1,final,True,226.3453,227.6415,226.3453,227.2468,227.6757,-1.2961,-0.3946,0.0342
2018-07-27,2018-08-10,Premium Petrol 95R,2,final,True,226.3453,229.1536,226.3453,227.5104,228.434,-2.8083,-1.6432,-0.7197
2018-07-27,2018-08-17,Premium Petrol 95R,3,final,True,226.3453,232.682,226.3453,227.6522,229.1023,-6.3367,-5.0298,-3.5797
2018-08-03,2018-08-10,Premium Petrol 95R,1,final,True,227.6415,229.1536,227.6415,227.8613,228.4953,-1.5122,-1.2923,-0.6583
2018-08-03,2018-08-17,Premium Petrol 95R,2,final,True,227.6415,232.682,227.6415,227.9833,229.28,-5.0405,-4.6987,-3.402
2018-08-03,2018-08-24,Premium Petrol 95R,3,final,True,227.6415,232.682,227.6415,228.2821,230.2694,-5.0405,-4.3999,-2.4126
2018-08-10,2018-08-17,Premium Petrol 95R,1,final,True,229.1536,232.682,229.1536,230.0027,230.3784,-3.5284,-2.6793,-2.3036
2018-08-10,2018-08-24,Premium Petrol 95R,2,final,True,229.1536,232.682,229.1536,230.6078,231.4668,-3.5284,-2.0742,-1.2152
2018-08-10,2018-08-31,Premium Petrol 95R,3,final,True,229.1536,235.7063,229.1536,230.611,232.0111,-6.5527,-5.0953,-3.6952
2018-08-17,2018-08-24,Premium Petrol 95R,1,final,True,232.682,232.682,232.682,234.0771,234.4453,0.0,1.3951,1.7633
2018-08-17,2018-08-31,Premium Petrol 95R,2,final,True,232.682,235.7063,232.682,234.4151,235.2959,-3.0243,-1.2912,-0.4104
2018-08-17,2018-09-07,Premium Petrol 95R,3,final,True,232.682,237.4345,232.682,234.6519,236.0584,-4.7525,-2.7826,-1.3761
2018-08-24,2018-08-31,Premium Petrol 95R,1,final,True,232.682,235.7063,232.682,232.5819,233.0646,-3.0243,-3.1244,-2.6417
2018-08-24,2018-09-07,Premium Petrol 95R,2,final,True,232.682,237.4345,232.682,232.6312,233.5604,-4.7525,-4.8033,-3.8741
2018-08-24,2018-09-14,Premium Petrol 95R,3,final,True,232.682,240.8908,232.682,232.6317,234.0297,-8.2089,-8.2591,-6.8611
2018-08-31,2018-09-07,Premium Petrol 95R,1,final,True,235.7063,237.4345,235.7063,236.678,236.8411,-1.7282,-0.7565,-0.5934
2018-08-31,2018-09-14,Premium Petrol 95R,2,final,True,235.7063,240.8908,235.7063,237.0787,237.5282,-5.1845,-3.8121,-3.3626
2018-08-31,2018-09-21,Premium Petrol 95R,3,final,True,235.7063,241.7549,235.7063,237.1132,237.8827,-6.0486,-4.6417,-3.8722
2018-09-07,2018-09-14,Premium Petrol 95R,1,final,True,237.4345,240.8908,237.4345,238.9937,238.9732,-3.4564,-1.8971,-1.9177
2018-09-07,2018-09-21,Premium Petrol 95R,2,final,True,237.4345,241.7549,237.4345,239.5198,239.6403,-4.3204,-2.2351,-2.1147
2018-09-07,2018-09-28,Premium Petrol 95R,3,final,True,237.4345,243.7711,237.4345,239.8727,240.1962,-6.3367,-3.8985,-3.5749
2018-09-14,2018-09-21,Premium Petrol 95R,1,final,True,240.8908,241.7549,240.8908,242.0144,242.1628,-0.8641,0.2595,0.4078
2018-09-14,2018-09-28,Premium Petrol 95R,2,final,True,240.8908,243.7711,240.8908,242.6225,243.0472,-2.8803,-1.1487,-0.7239
2018-09-14,2018-10-05,Premium Petrol 95R,3,final,True,240.8908,253.9294,240.8908,242.7995,243.5798,-13.0386,-11.1299,-10.3496
2018-09-21,2018-09-28,Premium Petrol 95R,1,final,True,241.7549,243.7711,241.7549,242.2816,242.3446,-2.0162,-1.4896,-1.4266
2018-09-21,2018-10-05,Premium Petrol 95R,2,final,True,241.7549,253.9294,241.7549,242.4236,242.6198,-12.1745,-11.5058,-11.3096
2018-09-21,2018-10-12,Premium Petrol 95R,3,final,True,241.7549,256.2419,241.7549,242.396,242.724,-14.4869,-13.8459,-13.5178
2018-09-28,2018-10-05,Premium Petrol 95R,1,final,True,243.7711,253.9294,243.7711,244.4635,244.377,-10.1583,-9.4659,-9.5524
2018-09-28,2018-10-12,Premium Petrol 95R,2,final,True,243.7711,256.2419,243.7711,244.6718,244.5581,-12.4707,-11.57,-11.6837
2018-09-28,2018-10-19,Premium Petrol 95R,3,final,True,243.7711,252.7732,243.7711,244.7103,244.5961,-9.002,-8.0629,-8.177
2018-10-05,2018-10-12,Premium Petrol 95R,1,final,True,253.9294,256.2419,253.9294,255.9556,255.5916,-2.3124,-0.2862,-0.6502
2018-10-05,2018-10-19,Premium Petrol 95R,2,final,True,253.9294,252.7732,253.9294,256.77,256.2636,1.1562,3.9968,3.4904
2018-10-05,2018-10-26,Premium Petrol 95R,3,final,True,253.9294,248.4373,253.9294,257.1469,256.5977,5.4921,8.7095,8.1604
2018-10-12,2018-10-19,Premium Petrol 95R,1,final,True,256.2419,252.7732,256.2419,256.7341,256.404,3.4687,3.9609,3.6308
2018-10-12,2018-10-26,Premium Petrol 95R,2,final,True,256.2419,248.4373,256.2419,256.9746,256.3774,7.8045,8.5373,7.9401
2018-10-12,2018-11-02,Premium Petrol 95R,3,final,True,256.2419,242.2226,256.2419,257.1655,256.3329,14.0192,14.9429,14.1103
2018-10-19,2018-10-26,Premium Petrol 95R,1,final,True,252.7732,248.4373,252.7732,250.1229,250.0398,4.3358,1.6856,1.6025
2018-10-19,2018-11-02,Premium Petrol 95R,2,final,True,252.7732,242.2226,252.7732,249.096,248.6534,10.5506,6.8734,6.4307
2018-10-19,2018-11-09,Premium Petrol 95R,3,final,True,252.7732,232.2502,252.7732,248.5338,247.6122,20.523,16.2836,15.362
2018-10-26,2018-11-02,Premium Petrol 95R,1,final,True,248.4373,242.2226,248.4373,245.5017,245.1206,6.2147,3.2791,2.898
2018-10-26,2018-11-09,Premium Petrol 95R,2,final,True,248.4373,232.2502,248.4373,244.1341,243.0442,16.1871,11.8839,10.794
2018-10-26,2018-11-16,Premium Petrol 95R,3,final,True,248.4373,224.4457,248.4373,243.5855,241.6299,23.9917,19.1398,17.1843
2018-11-02,2018-11-09,Premium Petrol 95R,1,final,True,242.2226,232.2502,242.2226,239.4818,238.997,9.9724,7.2316,6.7468
2018-11-02,2018-11-16,Premium Petrol 95R,2,final,True,242.2226,224.4457,242.2226,238.3658,237.0854,17.777,13.9201,12.6398
2018-11-02,2018-11-23,Premium Petrol 95R,3,final,True,242.2226,220.977,242.2226,238.3354,236.1557,21.2456,17.3584,15.1787
2018-11-09,2018-11-16,Premium Petrol 95R,1,final,True,232.2502,224.4457,232.2502,227.5691,227.7454,7.8045,3.1235,3.2998
2018-11-09,2018-11-23,Premium Petrol 95R,2,final,True,232.2502,220.977,232.2502,226.0053,225.8746,11.2732,5.0283,4.8976
2018-11-09,2018-11-30,Premium Petrol 95R,3,final,True,232.2502,216.3521,232.2502,225.6535,225.0447,15.8981,9.3014,8.6926
2018-11-16,2018-11-23,Premium Petrol 95R,1,final,True,224.4457,220.977,224.4457,220.899,221.1113,3.4687,-0.078,0.1343
2018-11-16,2018-11-30,Premium Petrol 95R,2,final,True,224.4457,216.3521,224.4457,219.6868,219.7432,8.0936,3.3347,3.3911
2018-11-16,2018-12-07,Premium Petrol 95R,3,final,True,224.4457,213.7506,224.4457,219.2183,218.9436,10.6951,5.4677,5.193
2018-11-23,2018-11-30,Premium Petrol 95R,1,final,True,220.977,216.3521,220.977,218.5083,218.9148,4.6249,2.1562,2.5627
2018-11-23,2018-12-07,Premium Petrol 95R,2,final,True,220.977,213.7506,220.977,217.5094,218.0127,7.2264,3.7588,4.2621
2018-11-23,2018-12-14,Premium Petrol 95R,3,final,True,220.977,212.0163,220.977,217.5985,218.0623,8.9607,5.5822,6.046
2018-11-30,2018-12-07,Premium Petrol 95R,1,final,True,216.3521,213.7506,216.3521,212.5167,213.1553,2.6015,-1.2339,-0.5952
2018-11-30,2018-12-14,Premium Petrol 95R,2,final,True,216.3521,212.0163,216.3521,211.4064,212.2404,4.3358,-0.6099,0.2242
2018-11-30,2018-12-21,Premium Petrol 95R,3,final,True,216.3521,210.7155,216.3521,211.2231,212.1245,5.6366,0.5076,1.409
2018-12-07,2018-12-14,Premium Petrol 95R,1,final,True,213.7506,212.0163,213.7506,212.8344,212.7611,1.7343,0.8181,0.7449
2018-12-07,2018-12-21,Premium Petrol 95R,2,final,True,213.7506,210.7155,213.7506,212.752,212.4927,3.0351,2.0365,1.7772
2018-12-07,2018-12-28,Premium Petrol 95R,3,final,True,213.7506,209.8483,213.7506,212.7386,212.2363,3.9023,2.8903,2.3879
2018-12-14,2018-12-21,Premium Petrol 95R,1,final,True,212.0163,210.7155,212.0163,212.024,212.1536,1.3008,1.3085,1.4381
2018-12-14,2018-12-28,Premium Petrol 95R,2,final,True,212.0163,209.8483,212.0163,212.0426,212.2569,2.1679,2.1943,2.4085
2018-12-14,2019-01-04,Premium Petrol 95R,3,final,True,212.0163,207.2761,212.0163,212.5116,212.7888,4.7402,5.2355,5.5127
2018-12-21,2018-12-28,Premium Petrol 95R,1,final,True,210.7155,209.8483,210.7155,210.0707,210.4808,0.8672,0.2223,0.6324
2018-12-21,2019-01-04,Premium Petrol 95R,2,final,True,210.7155,207.2761,210.7155,210.2485,210.9776,3.4394,2.9724,3.7015
2018-12-21,2019-01-11,Premium Petrol 95R,3,final,True,210.7155,207.0401,210.7155,210.2756,211.3341,3.6754,3.2355,4.294
2018-12-28,2019-01-04,Premium Petrol 95R,1,final,True,209.8483,207.2761,209.8483,210.0336,210.3218,2.5722,2.7575,3.0457
2018-12-28,2019-01-11,Premium Petrol 95R,2,final,True,209.8483,207.0401,209.8483,210.0621,210.6475,2.8082,3.022,3.6074
2018-12-28,2019-01-18,Premium Petrol 95R,3,final,True,209.8483,209.0632,209.8483,210.0284,210.8785,0.7851,0.9652,1.8153
2019-01-04,2019-01-11,Premium Petrol 95R,1,final,True,207.2761,207.0401,207.2761,207.1996,207.5949,0.236,0.1595,0.5548
2019-01-04,2019-01-18,Premium Petrol 95R,2,final,True,207.2761,209.0632,207.2761,207.1239,207.8747,-1.7871,-1.9393,-1.1885
2019-01-04,2019-01-25,Premium Petrol 95R,3,final,True,207.2761,211.0863,207.2761,207.2215,208.3151,-3.8102,-3.8648,-2.7712
2019-01-11,2019-01-18,Premium Petrol 95R,1,final,True,207.0401,209.0632,207.0401,208.3915,208.852,-2.0231,-0.6717,-0.2112
2019-01-11,2019-01-25,Premium Petrol 95R,2,final,True,207.0401,211.0863,207.0401,209.1106,210.157,-4.0462,-1.9757,-0.9293
2019-01-11,2019-02-01,Premium Petrol 95R,3,final,True,207.0401,211.0863,207.0401,209.3768,211.0785,-4.0462,-1.7095,-0.0078
2019-01-18,2019-01-25,Premium Petrol 95R,1,final,True,209.0632,211.0863,209.0632,209.6181,210.6048,-2.0231,-1.4682,-0.4815
2019-01-18,2019-02-01,Premium Petrol 95R,2,final,True,209.0632,211.0863,209.0632,209.8159,211.8396,-2.0231,-1.2704,0.7533
2019-01-18,2019-02-08,Premium Petrol 95R,3,final,True,209.0632,211.0863,209.0632,210.0001,213.0757,-2.0231,-1.0862,1.9894
2019-01-25,2019-02-01,Premium Petrol 95R,1,final,True,211.0863,211.0863,211.0863,211.3379,212.132,0.0,0.2516,1.0457
2019-01-25,2019-02-08,Premium Petrol 95R,2,final,True,211.0863,211.0863,211.0863,211.5513,213.1565,0.0,0.465,2.0702
2019-01-25,2019-02-15,Premium Petrol 95R,3,final,True,211.0863,213.2539,211.0863,211.4469,213.8795,-2.1676,-1.807,0.6256
2019-02-01,2019-02-08,Premium Petrol 95R,1,final,True,211.0863,211.0863,211.0863,210.0937,210.9074,0.0,-0.9926,-0.1789
2019-02-01,2019-02-15,Premium Petrol 95R,2,final,True,211.0863,213.2539,211.0863,209.4666,210.9875,-2.1676,-3.7873,-2.2665
2019-02-01,2019-02-22,Premium Petrol 95R,3,final,True,211.0863,218.6007,211.0863,209.331,211.4896,-7.5144,-9.2697,-7.1111
2019-02-08,2019-02-15,Premium Petrol 95R,1,final,True,211.0863,213.2539,211.0863,211.9493,212.1221,-2.1676,-1.3046,-1.1318
2019-02-08,2019-02-22,Premium Petrol 95R,2,final,True,211.0863,218.6007,211.0863,212.4591,212.8759,-7.5144,-6.1416,-5.7248
2019-02-08,2019-03-01,Premium Petrol 95R,3,final,True,211.0863,220.9128,211.0863,212.6147,213.3284,-9.8265,-8.2981,-7.5844
2019-02-15,2019-02-22,Premium Petrol 95R,1,final,True,213.2539,218.6007,213.2539,214.3803,214.8788,-5.3468,-4.2204,-3.7219
2019-02-15,2019-03-01,Premium Petrol 95R,2,final,True,213.2539,220.9128,213.2539,214.8087,215.9137,-7.6589,-6.1041,-4.9991
2019-02-15,2019-03-08,Premium Petrol 95R,3,final,True,213.2539,221.2018,213.2539,215.2332,216.9858,-7.9479,-5.9687,-4.2161
2019-02-22,2019-03-01,Premium Petrol 95R,1,final,True,218.6007,220.9128,218.6007,220.4075,220.7289,-2.3121,-0.5053,-0.1839
2019-02-22,2019-03-08,Premium Petrol 95R,2,final,True,218.6007,221.2018,218.6007,221.4573,222.2789,-2.6011,0.2555,1.0771
2019-02-22,2019-03-15,Premium Petrol 95R,3,final,True,218.6007,223.3694,218.6007,221.6454,223.0703,-4.7687,-1.724,-0.2991
2019-03-01,2019-03-08,Premium Petrol 95R,1,final,True,220.9128,221.2018,220.9128,222.1131,222.3768,-0.289,0.9113,1.1749
2019-03-01,2019-03-15,Premium Petrol 95R,2,final,True,220.9128,223.3694,220.9128,222.3708,223.0155,-2.4566,-0.9986,-0.354
2019-03-01,2019-03-22,Premium Petrol 95R,3,final,True,220.9128,221.2018,220.9128,222.5244,223.566,-0.289,1.3226,2.3642
2019-03-08,2019-03-15,Premium Petrol 95R,1,final,True,221.2018,223.3694,221.2018,222.667,222.6477,-2.1676,-0.7024,-0.7218
2019-03-08,2019-03-22,Premium Petrol 95R,2,final,True,221.2018,221.2018,221.2018,223.3304,223.4283,0.0,2.1286,2.2265
2019-03-08,2019-03-29,Premium Petrol 95R,3,final,True,221.2018,224.959,221.2018,223.4421,223.7253,-3.7572,-1.517,-1.2337
2019-03-15,2019-03-22,Premium Petrol 95R,1,final,True,223.3694,221.2018,223.3694,225.4217,225.5693,2.1676,4.2199,4.3675
2019-03-15,2019-03-29,Premium Petrol 95R,2,final,True,223.3694,224.959,223.3694,226.1334,226.6341,-1.5896,1.1743,1.6751
2019-03-15,2019-04-05,Premium Petrol 95R,3,final,True,223.3694,222.4789,223.3694,226.4862,227.4117,0.8905,4.0073,4.9327
2019-03-22,2019-03-29,Premium Petrol 95R,1,final,True,221.2018,224.959,221.2018,222.4567,222.8132,-3.7572,-2.5023,-2.1458
2019-03-22,2019-04-05,Premium Petrol 95R,2,final,True,221.2018,222.4789,221.2018,223.0188,223.8559,-1.2771,0.5399,1.3769
2019-03-22,2019-04-12,Premium Petrol 95R,3,final,True,221.2018,228.5136,221.2018,223.153,224.5317,-7.3118,-5.3606,-3.982
2019-03-29,2019-04-05,Premium Petrol 95R,1,final,True,224.959,222.4789,224.959,225.6647,226.4853,2.4801,3.1858,4.0064
2019-03-29,2019-04-12,Premium Petrol 95R,2,final,True,224.959,228.5136,224.959,225.8673,227.585,-3.5546,-2.6464,-0.9286
2019-03-29,2019-04-19,Premium Petrol 95R,3,final,True,224.959,230.0941,224.959,225.8363,228.4669,-5.1351,-4.2578,-1.6272
2019-04-05,2019-04-12,Premium Petrol 95R,1,final,True,222.4789,228.5136,222.4789,223.3459,223.7515,-6.0347,-5.1677,-4.7622
2019-04-05,2019-04-19,Premium Petrol 95R,2,final,True,222.4789,230.0941,222.4789,223.592,224.4828,-7.6152,-6.5021,-5.6114
2019-04-05,2019-04-26,Premium Petrol 95R,3,final,True,222.4789,233.7581,222.4789,223.6569,225.0594,-11.2791,-10.1012,-8.6986
2019-04-12,2019-04-19,Premium Petrol 95R,1,final,True,228.5136,230.0941,228.5136,230.2837,230.9613,-1.5805,0.1895,0.8672
2019-04-12,2019-04-26,Premium Petrol 95R,2,final,True,228.5136,233.7581,228.5136,231.0117,232.549,-5.2444,-2.7463,-1.2091
2019-04-12,2019-05-03,Premium Petrol 95R,3,final,True,228.5136,227.5078,228.5136,231.3215,233.7995,1.0058,3.8137,6.2916
2019-04-19,2019-04-26,Premium Petrol 95R,1,final,True,230.0941,233.7581,230.0941,231.5033,231.9848,-3.6639,-2.2548,-1.7733
2019-04-19,2019-05-03,Premium Petrol 95R,2,final,True,230.0941,227.5078,230.0941,232.1074,233.2205,2.5863,4.5995,5.7127
2019-04-19,2019-05-10,Premium Petrol 95R,3,final,True,230.0941,224.6342,230.0941,232.3261,234.1348,5.46,7.6919,9.5006
2019-04-26,2019-05-03,Premium Petrol 95R,1,final,True,233.7581,227.5078,233.7581,235.5149,235.9579,6.2502,8.0071,8.4501
2019-04-26,2019-05-10,Premium Petrol 95R,2,final,True,233.7581,224.6342,233.7581,236.2361,237.3028,9.1239,11.6019,12.6686
2019-04-26,2019-05-17,Premium Petrol 95R,3,final,True,233.7581,227.5078,233.7581,236.3767,238.1373,6.2502,8.8689,10.6295
2019-05-03,2019-05-10,Premium Petrol 95R,1,final,True,227.5078,224.6342,227.5078,226.8321,227.5358,2.8737,2.1979,2.9016
2019-05-03,2019-05-17,Premium Petrol 95R,2,final,True,227.5078,227.5078,227.5078,226.3253,227.6651,0.0,-1.1826,0.1572
2019-05-03,2019-05-24,Premium Petrol 95R,3,final,True,227.5078,233.3989,227.5078,226.1487,228.0803,-5.891,-7.2502,-5.3186
2019-05-10,2019-05-17,Premium Petrol 95R,1,final,True,224.6342,227.5078,224.6342,222.7194,223.784,-2.8737,-4.7885,-3.7239
2019-05-10,2019-05-24,Premium Petrol 95R,2,final,True,224.6342,233.3989,224.6342,221.9134,223.8738,-8.7647,-11.4854,-9.525
2019-05-10,2019-05-31,Premium Petrol 95R,3,final,True,224.6342,230.2378,224.6342,221.5204,224.3088,-5.6037,-8.7174,-5.9291
2019-05-17,2019-05-24,Premium Petrol 95R,1,final,True,227.5078,233.3989,227.5078,227.6468,228.4025,-5.891,-5.7521,-4.9964
2019-05-17,2019-05-31,Premium Petrol 95R,2,final,True,227.5078,230.2378,227.5078,227.6697,229.1973,-2.73,-2.5681,-1.0405
2019-05-17,2019-06-07,Premium Petrol 95R,3,final,True,227.5078,221.6168,227.5078,227.8034,230.1012,5.891,6.1866,8.4844
2019-05-24,2019-05-31,Premium Petrol 95R,1,final,True,233.3989,230.2378,233.3989,233.19,234.0077,3.161,2.9521,3.7699
2019-05-24,2019-06-07,Premium Petrol 95R,2,final,True,233.3989,221.6168,233.3989,233.2228,234.8324,11.782,11.606,13.2156
2019-05-24,2019-06-14,Premium Petrol 95R,3,final,True,233.3989,220.0363,233.3989,233.4656,235.8829,13.3626,13.4293,15.8466
2019-05-31,2019-06-07,Premium Petrol 95R,1,final,True,230.2378,221.6168,230.2378,228.0853,228.5647,8.621,6.4684,6.9479
2019-05-31,2019-06-14,Premium Petrol 95R,2,final,True,230.2378,220.0363,230.2378,227.4233,228.17,10.2015,7.387,8.1337
2019-05-31,2019-06-21,Premium Petrol 95R,3,final,True,230.2378,220.0363,230.2378,227.1058,228.0276,10.2015,7.0695,7.9913
2019-06-07,2019-06-14,Premium Petrol 95R,1,final,True,221.6168,220.0363,221.6168,217.328,217.9754,1.5805,-2.7083,-2.0609
2019-06-07,2019-06-21,Premium Petrol 95R,2,final,True,221.6168,220.0363,221.6168,215.5319,216.3744,1.5805,-4.5044,-3.6619
2019-06-07,2019-06-28,Premium Petrol 95R,3,final,True,221.6168,220.0363,221.6168,214.8712,215.6873,1.5805,-5.1652,-4.349
2019-06-14,2019-06-21,Premium Petrol 95R,1,final,True,220.0363,220.0363,220.0363,218.8407,218.9209,0.0,-1.1956,-1.1155
2019-06-14,2019-06-28,Premium Petrol 95R,2,final,True,220.0363,220.0363,220.0363,218.418,218.4179,0.0,-1.6183,-1.6184
2019-06-14,2019-07-05,Premium Petrol 95R,3,final,True,220.0363,219.1299,220.0363,218.3311,218.2038,0.9064,-0.7987,-0.9261
2019-06-21,2019-06-28,Premium Petrol 95R,1,final,True,220.0363,220.0363,220.0363,219.9876,220.1614,0.0,-0.0487,0.1251
2019-06-21,2019-07-05,Premium Petrol 95R,2,final,True,220.0363,219.1299,220.0363,220.052,220.3929,0.9064,0.9221,1.263
2019-06-21,2019-07-12,Premium Petrol 95R,3,final,True,220.0363,221.2852,220.0363,220.5475,221.0633,-1.2489,-0.7376,-0.2219
2019-06-28,2019-07-05,Premium Petrol 95R,1,final,True,220.0363,219.1299,220.0363,221.428,221.4662,0.9064,2.2982,2.3363
2019-06-28,2019-07-12,Premium Petrol 95R,2,final,True,220.0363,221.2852,220.0363,222.4712,222.695,-1.2489,1.186,1.4098
2019-06-28,2019-07-19,Premium Petrol 95R,3,final,True,220.0363,223.8715,220.0363,222.8279,223.3302,-3.8352,-1.0436,-0.5413
2019-07-05,2019-07-12,Premium Petrol 95R,1,final,True,219.1299,221.2852,219.1299,220.4971,220.9383,-2.1553,-0.7881,-0.3468
2019-07-05,2019-07-19,Premium Petrol 95R,2,final,True,219.1299,223.8715,219.1299,220.9913,221.9976,-4.7417,-2.8803,-1.874
2019-07-05,2019-07-26,Premium Petrol 95R,3,final,True,219.1299,224.1589,219.1299,221.2285,222.8052,-5.029,-2.9304,-1.3538
2019-07-12,2019-07-19,Premium Petrol 95R,1,final,True,221.2852,223.8715,221.2852,223.5791,224.4142,-2.5864,-0.2925,0.5426
2019-07-12,2019-07-26,Premium Petrol 95R,2,final,True,221.2852,224.1589,221.2852,224.565,226.4088,-2.8737,0.4061,2.2498
2019-07-12,2019-08-02,Premium Petrol 95R,3,final,True,221.2852,224.1589,221.2852,224.7855,227.7378,-2.8737,0.6266,3.5789
2019-07-19,2019-07-26,Premium Petrol 95R,1,final,True,223.8715,224.1589,223.8715,223.9365,225.3125,-0.2874,-0.2225,1.1536
2019-07-19,2019-08-02,Premium Petrol 95R,2,final,True,223.8715,224.1589,223.8715,223.7886,226.54,-0.2874,-0.3703,2.3811
2019-07-19,2019-08-09,Premium Petrol 95R,3,final,True,223.8715,224.1589,223.8715,223.9077,228.0277,-0.2874,-0.2512,3.8688
2019-07-26,2019-08-02,Premium Petrol 95R,1,final,True,224.1589,224.1589,224.1589,222.8748,223.9816,0.0,-1.2841,-0.1773
2019-07-26,2019-08-09,Premium Petrol 95R,2,final,True,224.1589,224.1589,224.1589,222.5319,224.6221,0.0,-1.627,0.4632
2019-07-26,2019-08-16,Premium Petrol 95R,3,final,True,224.1589,224.1589,224.1589,222.1886,225.2262,0.0,-1.9703,1.0673
2019-08-02,2019-08-09,Premium Petrol 95R,1,final,True,224.1589,224.1589,224.1589,224.4134,225.0065,0.0,0.2545,0.8475
2019-08-02,2019-08-16,Premium Petrol 95R,2,final,True,224.1589,224.1589,224.1589,224.3227,225.5249,0.0,0.1638,1.366
2019-08-02,2019-08-23,Premium Petrol 95R,3,final,True,224.1589,224.1589,224.1589,224.2318,226.029,0.0,0.0729,1.87
2019-08-09,2019-08-16,Premium Petrol 95R,1,final,True,224.1589,224.1589,224.1589,223.4988,224.3346,0.0,-0.6601,0.1757
2019-08-09,2019-08-23,Premium Petrol 95R,2,final,True,224.1589,224.1589,224.1589,223.1711,224.7713,0.0,-0.9879,0.6124
2019-08-09,2019-08-30,Premium Petrol 95R,3,final,True,224.1589,225.4521,224.1589,223.3275,225.6679,-1.2932,-2.1246,0.2158
2019-08-16,2019-08-23,Premium Petrol 95R,1,final,True,224.1589,224.1589,224.1589,224.4722,224.9982,0.0,0.3133,0.8393
2019-08-16,2019-08-30,Premium Petrol 95R,2,final,True,224.1589,225.4521,224.1589,224.8965,225.9823,-1.2932,-0.5556,0.5302
2019-08-16,2019-09-06,Premium Petrol 95R,3,final,True,224.1589,227.1763,224.1589,224.9468,226.6218,-3.0174,-2.2296,-0.5545
2019-08-23,2019-08-30,Premium Petrol 95R,1,final,True,224.1589,225.4521,224.1589,224.6994,225.3768,-1.2932,-0.7527,-0.0753
2019-08-23,2019-09-06,Premium Petrol 95R,2,final,True,224.1589,227.1763,224.1589,224.7982,226.1913,-3.0174,-2.3781,-0.985
2019-08-23,2019-09-13,Premium Petrol 95R,3,final,True,224.1589,227.1763,224.1589,224.9529,227.0606,-3.0174,-2.2234,-0.1157
2019-08-30,2019-09-06,Premium Petrol 95R,1,final,True,225.4521,227.1763,225.4521,225.8087,226.5055,-1.7242,-1.3676,-0.6708
2019-08-30,2019-09-13,Premium Petrol 95R,2,final,True,225.4521,227.1763,225.4521,226.0736,227.4864,-1.7242,-1.1027,0.31
2019-08-30,2019-09-20,Premium Petrol 95R,3,final,True,225.4521,231.0559,225.4521,226.1574,228.3135,-5.6038,-4.8985,-2.7424
2019-09-06,2019-09-13,Premium Petrol 95R,1,final,True,227.1763,227.1763,227.1763,226.669,227.4569,0.0,-0.5074,0.2805
2019-09-06,2019-09-20,Premium Petrol 95R,2,final,True,227.1763,231.0559,227.1763,226.4427,227.9702,-3.8795,-4.6131,-3.0856
2019-09-06,2019-09-27,Premium Petrol 95R,3,final,True,227.1763,230.1938,227.1763,226.395,228.6334,-3.0174,-3.7987,-1.5603
2019-09-13,2019-09-20,Premium Petrol 95R,1,final,True,227.1763,231.0559,227.1763,228.6436,228.7763,-3.8795,-2.4123,-2.2796
2019-09-13,2019-09-27,Premium Petrol 95R,2,final,True,227.1763,230.1938,227.1763,229.2939,229.6821,-3.0174,-0.8999,-0.5117
2019-09-13,2019-10-04,Premium Petrol 95R,3,final,True,227.1763,228.0575,227.1763,229.4169,230.12,-0.8812,1.3595,2.0625
2019-09-20,2019-09-27,Premium Petrol 95R,1,final,True,231.0559,230.1938,231.0559,235.8252,235.8344,0.8621,5.6315,5.6407
2019-09-20,2019-10-04,Premium Petrol 95R,2,final,True,231.0559,228.0575,231.0559,237.6674,238.1111,2.9984,9.6099,10.0536
2019-09-20,2019-10-11,Premium Petrol 95R,3,final,True,231.0559,227.7015,231.0559,238.4882,239.5329,3.3544,10.7867,11.8314
2019-09-27,2019-10-04,Premium Petrol 95R,1,final,True,230.1938,228.0575,230.1938,230.5774,231.7162,2.1363,2.5199,3.6587
2019-09-27,2019-10-11,Premium Petrol 95R,2,final,True,230.1938,227.7015,230.1938,230.7881,233.0924,2.4923,3.0867,5.3909
2019-09-27,2019-10-18,Premium Petrol 95R,3,final,True,230.1938,227.7015,230.1938,231.1901,234.6778,2.4923,3.4887,6.9763
2019-10-04,2019-10-11,Premium Petrol 95R,1,final,True,228.0575,227.7015,228.0575,226.3736,227.5298,0.356,-1.3279,-0.1716
2019-10-04,2019-10-18,Premium Petrol 95R,2,final,True,228.0575,227.7015,228.0575,225.9706,228.1523,0.356,-1.7309,0.4509
2019-10-04,2019-10-25,Premium Petrol 95R,3,final,True,228.0575,227.7015,228.0575,225.2632,228.4005,0.356,-2.4383,0.699
2019-10-11,2019-10-18,Premium Petrol 95R,1,final,True,227.7015,227.7015,227.7015,228.813,229.3902,0.0,1.1115,1.6888
2019-10-11,2019-10-25,Premium Petrol 95R,2,final,True,227.7015,227.7015,227.7015,228.757,229.9714,0.0,1.0555,2.27
2019-10-11,2019-11-01,Premium Petrol 95R,3,final,True,227.7015,227.7015,227.7015,228.545,230.3673,0.0,0.8435,2.6658
2019-10-18,2019-10-25,Premium Petrol 95R,1,final,True,227.7015,227.7015,227.7015,227.2505,228.231,0.0,-0.451,0.5296
2019-10-18,2019-11-01,Premium Petrol 95R,2,final,True,227.7015,227.7015,227.7015,226.8842,228.8031,0.0,-0.8173,1.1016
2019-10-18,2019-11-08,Premium Petrol 95R,3,final,True,227.7015,228.9997,227.7015,227.2388,230.074,-1.2982,-1.7609,1.0743
2019-10-25,2019-11-01,Premium Petrol 95R,1,final,True,227.7015,227.7015,227.7015,225.4109,226.5724,0.0,-2.2906,-1.1291
2019-10-25,2019-11-08,Premium Petrol 95R,2,final,True,227.7015,228.9997,227.7015,224.8839,227.0473,-1.2982,-4.1158,-1.9524
2019-10-25,2019-11-15,Premium Petrol 95R,3,final,True,227.7015,231.8846,227.7015,224.6838,227.7752,-4.1832,-7.2008,-4.1095
2019-11-01,2019-11-08,Premium Petrol 95R,1,final,True,227.7015,228.9997,227.7015,226.4334,227.1863,-1.2982,-2.5663,-1.8134
2019-11-01,2019-11-15,Premium Petrol 95R,2,final,True,227.7015,231.8846,227.7015,225.843,227.2278,-4.1832,-6.0417,-4.6569
2019-11-01,2019-11-22,Premium Petrol 95R,3,final,True,227.7015,232.7501,227.7015,225.5086,227.4416,-5.0487,-7.2415,-5.3085
2019-11-08,2019-11-15,Premium Petrol 95R,1,final,True,228.9997,231.8846,228.9997,230.5099,230.6907,-2.885,-1.3747,-1.1939
2019-11-08,2019-11-22,Premium Petrol 95R,2,final,True,228.9997,232.7501,228.9997,231.0961,231.5458,-3.7504,-1.654,-1.2043
2019-11-08,2019-11-29,Premium Petrol 95R,3,final,True,228.9997,232.7501,228.9997,231.4171,232.1939,-3.7504,-1.333,-0.5562
2019-11-15,2019-11-22,Premium Petrol 95R,1,final,True,231.8846,232.7501,231.8846,233.4763,233.9417,-0.8655,0.7262,1.1916
2019-11-15,2019-11-29,Premium Petrol 95R,2,final,True,231.8846,232.7501,231.8846,234.2362,235.3095,-0.8655,1.486,2.5594
2019-11-15,2019-12-06,Premium Petrol 95R,3,final,True,231.8846,232.7501,231.8846,234.7711,236.5145,-0.8655,2.021,3.7644
2019-11-22,2019-11-29,Premium Petrol 95R,1,final,True,232.7501,232.7501,232.7501,232.6301,233.3291,0.0,-0.12,0.579
2019-11-22,2019-12-06,Premium Petrol 95R,2,final,True,232.7501,232.7501,232.7501,232.7764,234.171,0.0,0.0263,1.4209
2019-11-22,2019-12-13,Premium Petrol 95R,3,final,True,232.7501,232.7501,232.7501,232.7705,234.8498,0.0,0.0204,2.0996
2019-11-29,2019-12-06,Premium Petrol 95R,1,final,True,232.7501,232.7501,232.7501,232.6458,233.1143,0.0,-0.1044,0.3641
2019-11-29,2019-12-13,Premium Petrol 95R,2,final,True,232.7501,232.7501,232.7501,232.526,233.4369,0.0,-0.2241,0.6868
2019-11-29,2019-12-20,Premium Petrol 95R,3,final,True,232.7501,232.7501,232.7501,232.3184,233.6392,0.0,-0.4317,0.8891
2019-12-06,2019-12-13,Premium Petrol 95R,1,final,True,232.7501,232.7501,232.7501,231.6744,232.1986,0.0,-1.0758,-0.5516
2019-12-06,2019-12-20,Premium Petrol 95R,2,final,True,232.7501,232.7501,232.7501,231.0372,231.9799,0.0,-1.7129,-0.7703
2019-12-06,2019-12-27,Premium Petrol 95R,3,final,True,232.7501,233.6156,232.7501,230.9124,232.2293,-0.8655,-2.7032,-1.3863
2019-12-13,2019-12-20,Premium Petrol 95R,1,final,True,232.7501,232.7501,232.7501,231.6629,231.9407,0.0,-1.0873,-0.8094
2019-12-13,2019-12-27,Premium Petrol 95R,2,final,True,232.7501,233.6156,232.7501,231.337,231.8118,-0.8655,-2.2786,-1.8039
2019-12-13,2020-01-03,Premium Petrol 95R,3,final,True,232.7501,239.7743,232.7501,231.2346,231.8823,-7.0241,-8.5396,-7.892
2019-12-20,2019-12-27,Premium Petrol 95R,1,final,True,232.7501,233.6156,232.7501,232.1939,232.3286,-0.8655,-1.4217,-1.287
2019-12-20,2020-01-03,Premium Petrol 95R,2,final,True,232.7501,239.7743,232.7501,231.9889,232.2153,-7.0241,-7.7854,-7.559
2019-12-20,2020-01-10,Premium Petrol 95R,3,final,True,232.7501,241.1394,232.7501,231.9843,232.2747,-8.3892,-9.1551,-8.8647
2019-12-27,2020-01-03,Premium Petrol 95R,1,final,True,233.6156,239.7743,233.6156,233.3103,233.3669,-6.1587,-6.464,-6.4074
2019-12-27,2020-01-10,Premium Petrol 95R,2,final,True,233.6156,241.1394,233.6156,233.2671,233.3439,-7.5237,-7.8722,-7.7954
2019-12-27,2020-01-17,Premium Petrol 95R,3,final,True,233.6156,239.6921,233.6156,233.3182,233.4071,-6.0765,-6.3739,-6.285
2020-01-03,2020-01-10,Premium Petrol 95R,1,final,True,239.7743,241.1394,239.7743,239.9638,239.8601,-1.3651,-1.1755,-1.2793
2020-01-03,2020-01-17,Premium Petrol 95R,2,final,True,239.7743,239.6921,239.7743,240.1319,239.9343,0.0821,0.4398,0.2422
2020-01-03,2020-01-24,Premium Petrol 95R,3,final,True,239.7743,238.1002,239.7743,240.2384,239.9488,1.6741,2.1382,1.8486
2020-01-10,2020-01-17,Premium Petrol 95R,1,final,True,241.1394,239.6921,241.1394,241.41,240.8481,1.4472,1.7179,1.156
2020-01-10,2020-01-24,Premium Petrol 95R,2,final,True,241.1394,238.1002,241.1394,241.5624,240.4481,3.0392,3.4622,2.3479
2020-01-10,2020-01-31,Premium Petrol 95R,3,final,True,241.1394,233.1796,241.1394,241.6812,240.0187,7.9598,8.5016,6.8391
2020-01-17,2020-01-24,Premium Petrol 95R,1,final,True,239.6921,238.1002,239.6921,238.693,238.219,1.592,0.5929,0.1189
2020-01-17,2020-01-31,Premium Petrol 95R,2,final,True,239.6921,233.1796,239.6921,238.3095,237.2738,6.5125,5.1299,4.0942
2020-01-17,2020-02-07,Premium Petrol 95R,3,final,True,239.6921,231.4429,239.6921,238.2279,236.5911,8.2492,6.785,5.1482
2020-01-24,2020-01-31,Premium Petrol 95R,1,final,True,238.1002,233.1796,238.1002,237.2451,236.6364,4.9206,4.0655,3.4568
2020-01-24,2020-02-07,Premium Petrol 95R,2,final,True,238.1002,231.4429,238.1002,236.958,235.6636,6.6573,5.5151,4.2207
2020-01-24,2020-02-14,Premium Petrol 95R,3,final,True,238.1002,231.4429,238.1002,236.8079,234.7953,6.6573,5.365,3.3524
2020-01-31,2020-02-07,Premium Petrol 95R,1,final,True,233.1796,231.4429,233.1796,231.0963,230.6907,1.7367,-0.3466,-0.7522
2020-01-31,2020-02-14,Premium Petrol 95R,2,final,True,233.1796,231.4429,233.1796,230.153,229.1635,1.7367,-1.2899,-2.2795
2020-01-31,2020-02-21,Premium Petrol 95R,3,final,True,233.1796,230.864,233.1796,229.9502,228.2923,2.3156,-0.9139,-2.5717
2020-02-07,2020-02-14,Premium Petrol 95R,1,final,True,231.4429,231.4429,231.4429,230.2767,229.7615,0.0,-1.1662,-1.6814
2020-02-07,2020-02-21,Premium Petrol 95R,2,final,True,231.4429,230.864,231.4429,229.9782,228.8478,0.5789,-0.8858,-2.0162
2020-02-07,2020-02-28,Premium Petrol 95R,3,final,True,231.4429,229.9957,231.4429,229.8525,228.0768,1.4472,-0.1432,-1.9188
2020-02-14,2020-02-21,Premium Petrol 95R,1,final,True,231.4429,230.864,231.4429,231.8248,231.2204,0.5789,0.9608,0.3564
2020-02-14,2020-02-28,Premium Petrol 95R,2,final,True,231.4429,229.9957,231.4429,232.0015,230.8187,1.4472,2.0058,0.823
2020-02-14,2020-03-06,Premium Petrol 95R,3,final,True,231.4429,228.1143,231.4429,232.2033,230.4422,3.3286,4.089,2.328
2020-02-21,2020-02-28,Premium Petrol 95R,1,final,True,230.864,229.9957,230.864,231.5923,231.0772,0.8683,1.5966,1.0815
2020-02-21,2020-03-06,Premium Petrol 95R,2,final,True,230.864,228.1143,230.864,232.0333,231.0486,2.7497,3.919,2.9343
2020-02-21,2020-03-13,Premium Petrol 95R,3,final,True,230.864,208.7214,230.864,232.3293,230.9084,22.1426,23.6079,22.187
2020-02-28,2020-03-06,Premium Petrol 95R,1,final,True,229.9957,228.1143,229.9957,228.617,228.5784,1.8814,0.5027,0.4642
2020-02-28,2020-03-13,Premium Petrol 95R,2,final,True,229.9957,208.7214,229.9957,228.1106,227.922,21.2743,19.3892,19.2006
2020-02-28,2020-03-20,Premium Petrol 95R,3,final,True,229.9957,195.9858,229.9957,227.9747,227.5719,34.0099,31.989,31.5861
2020-03-06,2020-03-13,Premium Petrol 95R,1,final,True,228.1143,208.7214,228.1143,226.4234,226.1354,19.3929,17.702,17.414
2020-03-06,2020-03-20,Premium Petrol 95R,2,final,True,228.1143,195.9858,228.1143,225.7609,225.0257,32.1285,29.7752,29.0399
2020-03-06,2020-03-27,Premium Petrol 95R,3,final,True,228.1143,195.9858,228.1143,225.398,224.1486,32.1285,29.4122,28.1628
2020-03-13,2020-03-20,Premium Petrol 95R,1,final,True,208.7214,195.9858,208.7214,201.3321,201.7791,12.7356,5.3463,5.7934
2020-03-13,2020-03-27,Premium Petrol 95R,2,final,True,208.7214,195.9858,208.7214,197.6855,197.9451,12.7356,1.6997,1.9593
2020-03-13,2020-04-03,Premium Petrol 95R,3,final,True,208.7214,197.4688,208.7214,196.8214,196.6002,11.2526,-0.6474,-0.8686
2020-03-20,2020-03-27,Premium Petrol 95R,1,final,True,195.9858,195.9858,195.9858,187.5398,188.1886,0.0,-8.446,-7.7972
2020-03-20,2020-04-03,Premium Petrol 95R,2,final,True,195.9858,197.4688,195.9858,184.2846,184.8986,-1.483,-13.1842,-12.5702
2020-03-20,2020-04-10,Premium Petrol 95R,3,final,True,195.9858,198.062,195.9858,183.0484,183.3502,-2.0762,-15.0136,-14.7118
2020-03-27,2020-04-03,Premium Petrol 95R,1,final,True,195.9858,197.4688,195.9858,190.6308,190.9921,-1.483,-6.838,-6.4767
2020-03-27,2020-04-10,Premium Petrol 95R,2,final,True,195.9858,198.062,195.9858,188.545,188.7148,-2.0762,-9.517,-9.3472
2020-03-27,2020-04-17,Premium Petrol 95R,3,final,True,195.9858,198.062,195.9858,187.9465,187.6821,-2.0762,-10.1155,-10.3799
2020-04-03,2020-04-10,Premium Petrol 95R,1,final,True,197.4688,198.062,197.4688,194.5602,193.9298,-0.5932,-3.5018,-4.1322
2020-04-03,2020-04-17,Premium Petrol 95R,2,final,True,197.4688,198.062,197.4688,193.8679,192.2583,-0.5932,-4.1941,-5.8037
2020-04-03,2020-04-24,Premium Petrol 95R,3,final,True,197.4688,198.062,197.4688,193.7346,191.0253,-0.5932,-4.3274,-7.0367
2020-04-10,2020-04-17,Premium Petrol 95R,1,final,True,198.062,198.062,198.062,197.4217,196.1871,0.0,-0.6403,-1.8749
2020-04-10,2020-04-24,Premium Petrol 95R,2,final,True,198.062,198.062,198.062,197.4049,194.8075,0.0,-0.6571,-3.2545
2020-04-10,2020-05-01,Premium Petrol 95R,3,final,True,198.062,199.2237,198.062,197.4946,193.4332,-1.1617,-1.7291,-5.7905
2020-04-17,2020-04-24,Premium Petrol 95R,1,final,True,198.062,198.062,198.062,197.7555,196.5255,0.0,-0.3065,-1.5364
2020-04-17,2020-05-01,Premium Petrol 95R,2,final,True,198.062,199.2237,198.062,197.7472,195.1318,-1.1617,-1.4765,-4.0919
2020-04-17,2020-05-08,Premium Petrol 95R,3,final,True,198.062,200.095,198.062,197.8528,193.7689,-2.033,-2.2422,-6.3261
2020-04-24,2020-05-01,Premium Petrol 95R,1,final,True,198.062,199.2237,198.062,199.1517,197.614,-1.1617,-0.072,-1.6097
2020-04-24,2020-05-08,Premium Petrol 95R,2,final,True,198.062,200.095,198.062,199.6438,196.547,-2.033,-0.4512,-3.548
2020-04-24,2020-05-15,Premium Petrol 95R,3,final,True,198.062,201.8375,198.062,199.7567,195.0757,-3.7755,-2.0809,-6.7619
2020-05-01,2020-05-08,Premium Petrol 95R,1,final,True,199.2237,200.095,199.2237,201.3549,199.8356,-0.8713,1.2599,-0.2594
2020-05-01,2020-05-15,Premium Petrol 95R,2,final,True,199.2237,201.8375,199.2237,202.0595,199.1222,-2.6138,0.222,-2.7153
2020-05-01,2020-05-22,Premium Petrol 95R,3,final,True,199.2237,201.2567,199.2237,202.2985,197.9626,-2.033,1.0418,-3.2941
2020-05-08,2020-05-15,Premium Petrol 95R,1,final,True,200.095,201.8375,200.095,203.5072,201.8811,-1.7426,1.6697,0.0436
2020-05-08,2020-05-22,Premium Petrol 95R,2,final,True,200.095,201.2567,200.095,204.725,201.7346,-1.1617,3.4683,0.4779
2020-05-08,2020-05-29,Premium Petrol 95R,3,final,True,200.095,200.9663,200.095,204.9848,200.7316,-0.8713,4.0185,-0.2347
2020-05-15,2020-05-22,Premium Petrol 95R,1,final,True,201.8375,201.2567,201.8375,203.0531,202.3414,0.5809,1.7964,1.0847
2020-05-15,2020-05-29,Premium Petrol 95R,2,final,True,201.8375,200.9663,201.8375,203.3038,201.985,0.8713,2.3376,1.0187
2020-05-15,2020-06-05,Premium Petrol 95R,3,final,True,201.8375,203.1445,201.8375,203.5216,201.5852,-1.3069,0.3771,-1.5593
2020-05-22,2020-05-29,Premium Petrol 95R,1,final,True,201.2567,200.9663,201.2567,202.7634,201.7721,0.2904,1.7971,0.8059
2020-05-22,2020-06-05,Premium Petrol 95R,2,final,True,201.2567,203.1445,201.2567,203.3922,201.525,-1.8878,0.2478,-1.6195
2020-05-22,2020-06-12,Premium Petrol 95R,3,final,True,201.2567,203.1445,201.2567,203.5189,200.8512,-1.8878,0.3745,-2.2933
2020-05-29,2020-06-05,Premium Petrol 95R,1,final,True,200.9663,203.1445,200.9663,200.959,200.6027,-2.1782,-2.1854,-2.5417
2020-05-29,2020-06-12,Premium Petrol 95R,2,final,True,200.9663,203.1445,200.9663,200.8576,200.1655,-2.1782,-2.2869,-2.979
2020-05-29,2020-06-19,Premium Petrol 95R,3,final,True,200.9663,203.1445,200.9663,201.0982,200.0804,-2.1782,-2.0462,-3.064
2020-06-05,2020-06-12,Premium Petrol 95R,1,final,True,203.1445,203.1445,203.1445,204.4827,203.7655,0.0,1.3383,0.621
2020-06-05,2020-06-19,Premium Petrol 95R,2,final,True,203.1445,203.1445,203.1445,205.2217,203.9475,0.0,2.0772,0.803
2020-06-05,2020-06-26,Premium Petrol 95R,3,final,True,203.1445,203.1445,203.1445,205.2715,203.6077,0.0,2.127,0.4633
2020-06-12,2020-06-19,Premium Petrol 95R,1,final,True,203.1445,203.1445,203.1445,204.5733,204.0864,0.0,1.4288,0.942
2020-06-12,2020-06-26,Premium Petrol 95R,2,final,True,203.1445,203.1445,203.1445,204.8268,204.1006,0.0,1.6824,0.9561
2020-06-12,2020-07-03,Premium Petrol 95R,3,final,True,203.1445,202.6284,203.1445,205.0841,204.1166,0.516,2.4557,1.4882
2020-06-19,2020-06-26,Premium Petrol 95R,1,final,True,203.1445,203.1445,203.1445,204.2864,204.0898,0.0,1.142,0.9453
2020-06-19,2020-07-03,Premium Petrol 95R,2,final,True,203.1445,202.6284,203.1445,204.8069,204.5052,0.516,2.1785,1.8768
2020-06-19,2020-07-10,Premium Petrol 95R,3,final,True,203.1445,200.6806,203.1445,204.8467,204.5482,2.4638,4.1661,3.8676
2020-06-26,2020-07-03,Premium Petrol 95R,1,final,True,203.1445,202.6284,203.1445,203.8746,203.9815,0.516,1.2461,1.353
2020-06-26,2020-07-10,Premium Petrol 95R,2,final,True,203.1445,200.6806,203.1445,203.973,204.3148,2.4638,3.2924,3.6342
2020-06-26,2020-07-17,Premium Petrol 95R,3,final,True,203.1445,201.2611,203.1445,204.099,204.6383,1.8834,2.8379,3.3772
2020-07-03,2020-07-10,Premium Petrol 95R,1,final,True,202.6284,200.6806,202.6284,201.7869,202.2407,1.9478,1.1063,1.5601
2020-07-03,2020-07-17,Premium Petrol 95R,2,final,True,202.6284,201.2611,202.6284,201.5672,202.342,1.3673,0.3061,1.0809
2020-07-03,2020-07-24,Premium Petrol 95R,3,final,True,202.6284,202.7123,202.6284,201.5642,202.6874,-0.0838,-1.1481,-0.0248
2020-07-10,2020-07-17,Premium Petrol 95R,1,final,True,200.6806,201.2611,200.6806,200.8648,201.1766,-0.5805,-0.3963,-0.0845
2020-07-10,2020-07-24,Premium Petrol 95R,2,final,True,200.6806,202.7123,200.6806,200.9933,201.681,-2.0316,-1.719,-1.0312
2020-07-10,2020-07-31,Premium Petrol 95R,3,final,True,200.6806,204.4537,200.6806,201.0277,202.114,-3.773,-3.426,-2.3397
2020-07-17,2020-07-24,Premium Petrol 95R,1,final,True,201.2611,202.7123,201.2611,200.8762,201.7437,-1.4512,-1.8361,-0.9685
2020-07-17,2020-07-31,Premium Petrol 95R,2,final,True,201.2611,204.4537,201.2611,200.7411,202.4477,-3.1926,-3.7125,-2.0059
2020-07-17,2020-08-07,Premium Petrol 95R,3,final,True,201.2611,202.1318,201.2611,200.8234,203.3861,-0.8707,-1.3084,1.2543
2020-07-24,2020-07-31,Premium Petrol 95R,1,final,True,202.7123,204.4537,202.7123,202.4717,203.1267,-1.7414,-1.982,-1.327
2020-07-24,2020-08-07,Premium Petrol 95R,2,final,True,202.7123,202.1318,202.7123,202.5188,203.8342,0.5805,0.387,1.7024
2020-07-24,2020-08-14,Premium Petrol 95R,3,final,True,202.7123,201.2611,202.7123,202.4714,204.4697,1.4512,1.2103,3.2086
2020-07-31,2020-08-07,Premium Petrol 95R,1,final,True,204.4537,202.1318,204.4537,203.9279,204.7065,2.3219,1.7961,2.5747
2020-07-31,2020-08-14,Premium Petrol 95R,2,final,True,204.4537,201.2611,204.4537,203.6946,205.2173,3.1926,2.4335,3.9562
2020-07-31,2020-08-21,Premium Petrol 95R,3,final,True,204.4537,202.422,204.4537,203.7444,205.9402,2.0316,1.3224,3.5182
2020-08-07,2020-08-14,Premium Petrol 95R,1,final,True,202.1318,201.2611,202.1318,202.3597,202.7539,0.8707,1.0986,1.4928
2020-08-07,2020-08-21,Premium Petrol 95R,2,final,True,202.1318,202.422,202.1318,202.5503,203.3097,-0.2902,0.1283,0.8876
2020-08-07,2020-08-28,Premium Petrol 95R,3,final,True,202.1318,205.3244,202.1318,202.5716,203.7349,-3.1926,-2.7528,-1.5895
2020-08-14,2020-08-21,Premium Petrol 95R,1,final,True,201.2611,202.422,201.2611,202.3698,202.8963,-1.1609,-0.0522,0.4743
2020-08-14,2020-08-28,Premium Petrol 95R,2,final,True,201.2611,205.3244,201.2611,202.6861,203.8587,-4.0633,-2.6383,-1.4656
2020-08-14,2020-09-04,Premium Petrol 95R,3,final,True,201.2611,205.3244,201.2611,202.7957,204.6205,-4.0633,-2.5286,-0.7038
2020-08-21,2020-08-28,Premium Petrol 95R,1,final,True,202.422,205.3244,202.422,202.9881,203.9069,-2.9023,-2.3362,-1.4174
2020-08-21,2020-09-04,Premium Petrol 95R,2,final,True,202.422,205.3244,202.422,203.1806,205.0467,-2.9023,-2.1438,-0.2776
2020-08-21,2020-09-11,Premium Petrol 95R,3,final,True,202.422,203.583,202.422,203.2117,206.0446,-1.1609,-0.3713,2.4617
2020-08-28,2020-09-04,Premium Petrol 95R,1,final,True,205.3244,205.3244,205.3244,205.5812,206.4859,0.0,0.2568,1.1615
2020-08-28,2020-09-11,Premium Petrol 95R,2,final,True,205.3244,203.583,205.3244,205.6358,207.4711,1.7414,2.0529,3.8881
2020-08-28,2020-09-18,Premium Petrol 95R,3,final,True,205.3244,200.6806,205.3244,205.6654,208.4049,4.6437,4.9848,7.7242
2020-09-04,2020-09-11,Premium Petrol 95R,1,final,True,205.3244,203.583,205.3244,204.4955,205.3197,1.7414,0.9126,1.7368
2020-09-04,2020-09-18,Premium Petrol 95R,2,final,True,205.3244,200.6806,205.3244,204.2289,205.769,4.6437,3.5483,5.0884
2020-09-04,2020-09-25,Premium Petrol 95R,3,final,True,205.3244,202.1318,205.3244,204.253,206.488,3.1926,2.1212,4.3562
2020-09-11,2020-09-18,Premium Petrol 95R,1,final,True,203.583,200.6806,203.583,202.5008,203.1049,2.9023,1.8202,2.4242
2020-09-11,2020-09-25,Premium Petrol 95R,2,final,True,203.583,202.1318,203.583,202.2513,203.3641,1.4512,0.1195,1.2323
2020-09-11,2020-10-02,Premium Petrol 95R,3,final,True,203.583,205.5136,203.583,202.225,203.8521,-1.9306,-3.2886,-1.6615
2020-09-18,2020-09-25,Premium Petrol 95R,1,final,True,200.6806,202.1318,200.6806,201.0559,201.4041,-1.4512,-1.0759,-0.7277
2020-09-18,2020-10-02,Premium Petrol 95R,2,final,True,200.6806,205.5136,200.6806,201.2384,201.9972,-4.833,-4.2752,-3.5164
2020-09-18,2020-10-09,Premium Petrol 95R,3,final,True,200.6806,203.1908,200.6806,201.3146,202.5022,-2.5102,-1.8762,-0.6887
2020-09-25,2020-10-02,Premium Petrol 95R,1,final,True,202.1318,205.5136,202.1318,202.7366,203.5094,-3.3818,-2.777,-2.0042
2020-09-25,2020-10-09,Premium Petrol 95R,2,final,True,202.1318,203.1908,202.1318,202.955,204.5578,-1.059,-0.2359,1.367
2020-09-25,2020-10-16,Premium Petrol 95R,3,final,True,202.1318,204.4962,202.1318,203.0285,205.49,-2.3644,-1.4677,0.9938
2020-10-02,2020-10-09,Premium Petrol 95R,1,final,True,205.5136,203.1908,205.5136,205.9644,206.7454,2.3227,2.7735,3.5546
2020-10-02,2020-10-16,Premium Petrol 95R,2,final,True,205.5136,204.4962,205.5136,206.1141,207.7282,1.0173,1.6179,3.232
2020-10-02,2020-10-23,Premium Petrol 95R,3,final,True,205.5136,204.7863,205.5136,206.1097,208.5431,0.7273,1.3234,3.7567
2020-10-09,2020-10-16,Premium Petrol 95R,1,final,True,203.1908,204.4962,203.1908,203.1461,203.7338,-1.3054,-1.3502,-0.7624
2020-10-09,2020-10-23,Premium Petrol 95R,2,final,True,203.1908,204.7863,203.1908,203.0768,204.2228,-1.5955,-1.7095,-0.5635
2020-10-09,2020-10-30,Premium Petrol 95R,3,final,True,203.1908,204.2061,203.1908,203.1198,204.7748,-1.0153,-1.0864,0.5686
2020-10-16,2020-10-23,Premium Petrol 95R,1,final,True,204.4962,204.7863,204.4962,203.9743,204.7574,-0.2901,-0.812,-0.0289
2020-10-16,2020-10-30,Premium Petrol 95R,2,final,True,204.4962,204.2061,204.4962,203.8626,205.3387,0.2901,-0.3435,1.1325
2020-10-16,2020-11-06,Premium Petrol 95R,3,final,True,204.4962,203.771,204.4962,203.8799,206.0551,0.7252,0.1089,2.2841
2020-10-23,2020-10-30,Premium Petrol 95R,1,final,True,204.7863,204.2061,204.7863,204.5095,204.9859,0.5802,0.3033,0.7798
2020-10-23,2020-11-06,Premium Petrol 95R,2,final,True,204.7863,203.771,204.7863,204.471,205.4151,1.0153,0.7,1.6441
2020-10-23,2020-11-13,Premium Petrol 95R,3,final,True,204.7863,205.0764,204.7863,204.5007,205.9181,-0.2901,-0.5757,0.8416
2020-10-30,2020-11-06,Premium Petrol 95R,1,final,True,204.2061,203.771,204.2061,203.0336,203.602,0.4351,-0.7374,-0.169
2020-10-30,2020-11-13,Premium Petrol 95R,2,final,True,204.2061,205.0764,204.2061,202.6786,203.7171,-0.8703,-2.3978,-1.3593
2020-10-30,2020-11-20,Premium Petrol 95R,3,final,True,204.2061,203.771,204.2061,202.6778,204.1634,0.4351,-1.0932,0.3924
2020-11-06,2020-11-13,Premium Petrol 95R,1,final,True,203.771,205.0764,203.771,203.108,203.3796,-1.3054,-1.9684,-1.6968
2020-11-06,2020-11-20,Premium Petrol 95R,2,final,True,203.771,203.771,203.771,203.0042,203.4956,0.0,-0.7668,-0.2754
2020-11-06,2020-11-27,Premium Petrol 95R,3,final,True,203.771,203.4809,203.771,202.9768,203.6722,0.2901,-0.5041,0.1913
2020-11-13,2020-11-20,Premium Petrol 95R,1,final,True,205.0764,203.771,205.0764,205.9351,205.9592,1.3054,2.1641,2.1882
2020-11-13,2020-11-27,Premium Petrol 95R,2,final,True,205.0764,203.4809,205.0764,206.2366,206.3571,1.5955,2.7557,2.8761
2020-11-13,2020-12-04,Premium Petrol 95R,3,final,True,205.0764,205.8016,205.0764,206.3461,206.5673,-0.7252,0.5444,0.7657
2020-11-20,2020-11-27,Premium Petrol 95R,1,final,True,203.771,203.4809,203.771,203.7914,204.0636,0.2901,0.3105,0.5827
2020-11-20,2020-12-04,Premium Petrol 95R,2,final,True,203.771,205.8016,203.771,203.8038,204.3269,-2.0306,-1.9979,-1.4747
2020-11-20,2020-12-11,Premium Petrol 95R,3,final,True,203.771,207.5422,203.771,203.8329,204.6146,-3.7711,-3.7092,-2.9276
2020-11-27,2020-12-04,Premium Petrol 95R,1,final,True,203.4809,205.8016,203.4809,204.754,204.8606,-2.3207,-1.0476,-0.9411
2020-11-27,2020-12-11,Premium Petrol 95R,2,final,True,203.4809,207.5422,203.4809,205.2064,205.5398,-4.0612,-2.3357,-2.0023
2020-11-27,2020-12-18,Premium Petrol 95R,3,final,True,203.4809,206.0917,203.4809,205.2336,205.791,-2.6108,-0.8582,-0.3007
2020-12-04,2020-12-11,Premium Petrol 95R,1,final,True,205.8016,207.5422,205.8016,206.3328,206.892,-1.7405,-1.2093,-0.6502
2020-12-04,2020-12-18,Premium Petrol 95R,2,final,True,205.8016,206.0917,205.8016,206.389,207.5095,-0.2901,0.2973,1.4178
2020-12-04,2020-12-25,Premium Petrol 95R,3,final,True,205.8016,202.7557,205.8016,206.5359,208.1967,3.0459,3.7802,5.441
2020-12-11,2020-12-18,Premium Petrol 95R,1,final,True,207.5422,206.0917,207.5422,208.1308,208.4378,1.4504,2.0391,2.3461
2020-12-11,2020-12-25,Premium Petrol 95R,2,final,True,207.5422,202.7557,207.5422,208.4565,209.0959,4.7865,5.7008,6.3402
2020-12-11,2021-01-01,Premium Petrol 95R,3,final,True,207.5422,203.9404,207.5422,208.4551,209.4951,3.6018,4.5147,5.5548
2020-12-18,2020-12-25,Premium Petrol 95R,1,final,True,206.0917,202.7557,206.0917,207.1131,207.347,3.336,4.3574,4.5913
2020-12-18,2021-01-01,Premium Petrol 95R,2,final,True,206.0917,203.9404,206.0917,207.3239,207.9175,2.1513,3.3835,3.9771
2020-12-18,2021-01-08,Premium Petrol 95R,3,final,True,206.0917,211.4579,206.0917,207.462,208.4067,-5.3662,-3.9959,-3.0513
2020-12-25,2021-01-01,Premium Petrol 95R,1,final,True,202.7557,203.9404,202.7557,203.5477,204.0848,-1.1847,-0.3927,0.1444
2020-12-25,2021-01-08,Premium Petrol 95R,2,final,True,202.7557,211.4579,202.7557,203.8514,204.9634,-8.7022,-7.6066,-6.4945
2020-12-25,2021-01-15,Premium Petrol 95R,3,final,True,202.7557,216.3821,202.7557,203.9031,205.6616,-13.6264,-12.4791,-10.7205
2021-01-01,2021-01-08,Premium Petrol 95R,1,final,True,203.9404,211.4579,203.9404,204.4789,205.4184,-7.5176,-6.979,-6.0395
2021-01-01,2021-01-15,Premium Petrol 95R,2,final,True,203.9404,216.3821,203.9404,204.6099,206.5771,-12.4418,-11.7723,-9.805
2021-01-01,2021-01-22,Premium Petrol 95R,3,final,True,203.9404,218.6994,203.9404,204.6532,207.656,-14.759,-14.0462,-11.0434
2021-01-08,2021-01-15,Premium Petrol 95R,1,final,True,211.4579,216.3821,211.4579,211.4818,212.5701,-4.9242,-4.9003,-3.812
2021-01-08,2021-01-22,Premium Petrol 95R,2,final,True,211.4579,218.6994,211.4579,211.5045,213.6775,-7.2415,-7.1949,-5.0219
2021-01-08,2021-01-29,Premium Petrol 95R,3,final,True,211.4579,214.789,211.4579,211.5524,214.8218,-3.3311,-3.2366,0.0328
2021-01-15,2021-01-22,Premium Petrol 95R,1,final,True,216.3821,218.6994,216.3821,217.5544,217.746,-2.3173,-1.145,-0.9534
2021-01-15,2021-01-29,Premium Petrol 95R,2,final,True,216.3821,214.789,216.3821,217.9996,218.5014,1.5931,3.2106,3.7124
2021-01-15,2021-02-05,Premium Petrol 95R,3,final,True,216.3821,214.4993,216.3821,218.1135,218.9807,1.8828,3.6142,4.4813
2021-01-22,2021-01-29,Premium Petrol 95R,1,final,True,218.6994,214.789,218.6994,219.0476,219.2437,3.9104,4.2586,4.4547
2021-01-22,2021-02-05,Premium Petrol 95R,2,final,True,218.6994,214.4993,218.6994,219.1315,219.5699,4.2001,4.6322,5.0705
2021-01-22,2021-02-12,Premium Petrol 95R,3,final,True,218.6994,219.2787,218.6994,219.2365,219.9425,-0.5793,-0.0422,0.6638
2021-01-29,2021-02-05,Premium Petrol 95R,1,final,True,214.789,214.4993,214.789,214.9116,214.9125,0.2897,0.4123,0.4131
2021-01-29,2021-02-12,Premium Petrol 95R,2,final,True,214.789,219.2787,214.789,215.0193,215.0505,-4.4897,-4.2594,-4.2282
2021-01-29,2021-02-19,Premium Petrol 95R,3,final,True,214.789,220.727,214.789,214.9951,215.0755,-5.938,-5.732,-5.6515
2021-02-05,2021-02-12,Premium Petrol 95R,1,final,True,214.4993,219.2787,214.4993,215.438,215.7075,-4.7794,-3.8407,-3.5713
2021-02-05,2021-02-19,Premium Petrol 95R,2,final,True,214.4993,220.727,214.4993,215.6821,216.316,-6.2277,-5.045,-4.411
2021-02-05,2021-02-26,Premium Petrol 95R,3,final,True,214.4993,222.1753,214.4993,215.8188,216.8145,-7.676,-6.3565,-5.3609
2021-02-12,2021-02-19,Premium Petrol 95R,1,final,True,219.2787,220.727,219.2787,220.2535,220.7724,-1.4483,-0.4735,0.0454
2021-02-12,2021-02-26,Premium Petrol 95R,2,final,True,219.2787,222.1753,219.2787,220.6349,221.7378,-2.8966,-1.5404,-0.4375
2021-02-12,2021-03-05,Premium Petrol 95R,3,final,True,219.2787,224.9271,219.2787,220.7435,222.5116,-5.6483,-4.1836,-2.4154
2021-02-19,2021-02-26,Premium Petrol 95R,1,final,True,220.727,222.1753,220.727,222.3672,222.4861,-1.4483,0.1919,0.3108
2021-02-19,2021-03-05,Premium Petrol 95R,2,final,True,220.727,224.9271,220.727,222.883,223.3201,-4.2001,-2.044,-1.607
2021-02-19,2021-03-12,Premium Petrol 95R,3,final,True,220.727,226.3754,220.727,222.9756,223.7713,-5.6483,-3.3998,-2.6041
2021-02-26,2021-03-05,Premium Petrol 95R,1,final,True,222.1753,224.9271,222.1753,223.2182,223.6489,-2.7518,-1.7089,-1.2781
2021-02-26,2021-03-12,Premium Petrol 95R,2,final,True,222.1753,226.3754,222.1753,223.4803,224.4319,-4.2001,-2.895,-1.9435
2021-02-26,2021-03-19,Premium Petrol 95R,3,final,True,222.1753,225.796,222.1753,223.6069,225.0927,-3.6207,-2.1891,-0.7033
2021-03-05,2021-03-12,Premium Petrol 95R,1,final,True,224.9271,226.3754,224.9271,225.4675,225.9413,-1.4483,-0.9078,-0.434
2021-03-05,2021-03-19,Premium Petrol 95R,2,final,True,224.9271,225.796,224.9271,225.6879,226.6749,-0.869,-0.1081,0.8789
2021-03-05,2021-03-26,Premium Petrol 95R,3,final,True,224.9271,222.7546,224.9271,225.7349,227.2788,2.1724,2.9803,4.5242
2021-03-12,2021-03-19,Premium Petrol 95R,1,final,True,226.3754,225.796,226.3754,228.2668,228.3192,0.5793,2.4707,2.5232
2021-03-12,2021-03-26,Premium Petrol 95R,2,final,True,226.3754,222.7546,226.3754,228.8562,229.1606,3.6207,6.1016,6.4059
2021-03-12,2021-04-02,Premium Petrol 95R,3,final,True,226.3754,223.7042,226.3754,229.0148,229.6346,2.6712,5.3107,5.9304
2021-03-19,2021-03-26,Premium Petrol 95R,1,final,True,225.796,222.7546,225.796,226.2542,226.8221,3.0414,3.4996,4.0675
2021-03-19,2021-04-02,Premium Petrol 95R,2,final,True,225.796,223.7042,225.796,226.3624,227.5482,2.0919,2.6582,3.844
2021-03-19,2021-04-09,Premium Petrol 95R,3,final,True,225.796,224.4163,225.796,226.481,228.3403,1.3797,2.0647,3.924
2021-03-26,2021-04-02,Premium Petrol 95R,1,final,True,222.7546,223.7042,222.7546,222.0775,222.785,-0.9495,-1.6266,-0.9191
2021-03-26,2021-04-09,Premium Petrol 95R,2,final,True,222.7546,224.4163,222.7546,221.9372,223.3355,-1.6617,-2.4792,-1.0808
2021-03-26,2021-04-16,Premium Petrol 95R,3,final,True,222.7546,224.9953,222.7546,221.8349,223.9282,-2.2407,-3.1604,-1.067
2021-04-02,2021-04-09,Premium Petrol 95R,1,final,True,223.7042,224.4163,223.7042,223.9132,224.6161,-0.7122,-0.5032,0.1998
2021-04-02,2021-04-16,Premium Petrol 95R,2,final,True,223.7042,224.9953,223.7042,223.9228,225.3649,-1.2911,-1.0725,0.3696
2021-04-02,2021-04-23,Premium Petrol 95R,3,final,True,223.7042,228.0348,223.7042,224.0208,226.1851,-4.3307,-4.0141,-1.8498
2021-04-09,2021-04-16,Premium Petrol 95R,1,final,True,224.4163,224.9953,224.4163,224.3634,225.114,-0.579,-0.6319,0.1187
2021-04-09,2021-04-23,Premium Petrol 95R,2,final,True,224.4163,228.0348,224.4163,224.4419,225.9197,-3.6185,-3.593,-2.1152
2021-04-09,2021-04-30,Premium Petrol 95R,3,final,True,224.4163,228.4691,224.4163,224.5277,226.809,-4.0527,-3.9414,-1.6601
2021-04-16,2021-04-23,Premium Petrol 95R,1,final,True,224.9953,228.0348,224.9953,225.5059,226.0804,-3.0396,-2.5289,-1.9545
2021-04-16,2021-04-30,Premium Petrol 95R,2,final,True,224.9953,228.4691,224.9953,225.7298,226.994,-3.4738,-2.7392,-1.475
2021-04-16,2021-05-07,Premium Petrol 95R,3,final,True,224.9953,229.627,224.9953,225.7213,227.6969,-4.6317,-3.9057,-1.9301
2021-04-23,2021-04-30,Premium Petrol 95R,1,final,True,228.0348,228.4691,228.0348,228.349,229.1006,-0.4342,-0.1201,0.6315
2021-04-23,2021-05-07,Premium Petrol 95R,2,final,True,228.0348,229.627,228.0348,228.3674,229.9016,-1.5922,-1.2596,0.2746
2021-04-23,2021-05-14,Premium Petrol 95R,3,final,True,228.0348,230.4954,228.0348,228.4504,230.7261,-2.4606,-2.045,0.2307
2021-04-30,2021-05-07,Premium Petrol 95R,1,final,True,228.4691,229.627,228.4691,228.2038,228.7841,-1.1579,-1.4232,-0.8429
2021-04-30,2021-05-14,Premium Petrol 95R,2,final,True,228.4691,230.4954,228.4691,228.198,229.2906,-2.0264,-2.2974,-1.2048
2021-04-30,2021-05-21,Premium Petrol 95R,3,final,True,228.4691,230.4954,228.4691,228.1924,229.8112,-2.0264,-2.3031,-0.6842
2021-05-07,2021-05-14,Premium Petrol 95R,1,final,True,229.627,230.4954,229.627,230.5253,230.7832,-0.8684,0.0299,0.2878
2021-05-07,2021-05-21,Premium Petrol 95R,2,final,True,229.627,230.4954,229.627,230.8071,231.4183,-0.8684,0.3117,0.9228
2021-05-07,2021-05-28,Premium Petrol 95R,3,final,True,229.627,232.2323,229.627,230.8978,231.8739,-2.6053,-1.3346,-0.3584
2021-05-14,2021-05-21,Premium Petrol 95R,1,final,True,230.4954,230.4954,230.4954,230.137,230.722,0.0,-0.3585,0.2266
2021-05-14,2021-05-28,Premium Petrol 95R,2,final,True,230.4954,232.2323,230.4954,230.0274,231.1494,-1.7369,-2.2049,-1.0829
2021-05-14,2021-06-04,Premium Petrol 95R,3,final,True,230.4954,234.5482,230.4954,230.0962,231.7613,-4.0527,-4.452,-2.7869
2021-05-21,2021-05-28,Premium Petrol 95R,1,final,True,230.4954,232.2323,230.4954,230.2802,230.582,-1.7369,-1.9521,-1.6504
2021-05-21,2021-06-04,Premium Petrol 95R,2,final,True,230.4954,234.5482,230.4954,230.3171,230.9159,-4.0527,-4.2311,-3.6323
2021-05-21,2021-06-11,Premium Petrol 95R,3,final,True,230.4954,236.7193,230.4954,230.2485,231.1531,-6.2239,-6.4708,-5.5663
2021-05-28,2021-06-04,Premium Petrol 95R,1,final,True,232.2323,234.5482,232.2323,232.6521,232.8539,-2.3159,-1.8961,-1.6943
2021-05-28,2021-06-11,Premium Petrol 95R,2,final,True,232.2323,236.7193,232.2323,232.7075,233.1544,-4.487,-4.0119,-3.5649
2021-05-28,2021-06-18,Premium Petrol 95R,3,final,True,232.2323,239.7589,232.2323,232.8569,233.5224,-7.5265,-6.9019,-6.2365
2021-06-04,2021-06-11,Premium Petrol 95R,1,final,True,234.5482,236.7193,234.5482,234.8681,235.0173,-2.1711,-1.8512,-1.702
2021-06-04,2021-06-18,Premium Petrol 95R,2,final,True,234.5482,239.7589,234.5482,235.1037,235.3995,-5.2107,-4.6552,-4.3593
2021-06-04,2021-06-25,Premium Petrol 95R,3,final,True,234.5482,242.7984,234.5482,235.1501,235.6603,-8.2502,-7.6484,-7.1381
2021-06-11,2021-06-18,Premium Petrol 95R,1,final,True,236.7193,239.7589,236.7193,237.5355,237.4734,-3.0396,-2.2234,-2.2855
2021-06-11,2021-06-25,Premium Petrol 95R,2,final,True,236.7193,242.7984,236.7193,237.7655,237.7625,-6.0791,-5.0329,-5.036
2021-06-11,2021-07-02,Premium Petrol 95R,3,final,True,236.7193,241.4164,236.7193,237.8242,237.8705,-4.6971,-3.5922,-3.5458
2021-06-18,2021-06-25,Premium Petrol 95R,1,final,True,239.7589,242.7984,239.7589,240.8811,240.8022,-3.0396,-1.9174,-1.9963
2021-06-18,2021-07-02,Premium Petrol 95R,2,final,True,239.7589,241.4164,239.7589,241.2211,241.1356,-1.6575,-0.1953,-0.2808
2021-06-18,2021-07-09,Premium Petrol 95R,3,final,True,239.7589,241.6061,239.7589,241.3489,241.2732,-1.8472,-0.2572,-0.3328
2021-06-25,2021-07-02,Premium Petrol 95R,1,final,True,242.7984,241.4164,242.7984,244.3612,244.1372,1.3821,2.9449,2.7209
2021-06-25,2021-07-09,Premium Petrol 95R,2,final,True,242.7984,241.6061,242.7984,244.8732,244.5541,1.1924,3.2671,2.948
2021-06-25,2021-07-16,Premium Petrol 95R,3,final,True,242.7984,241.8949,242.7984,245.0063,244.6481,0.9035,3.1114,2.7531
2021-07-02,2021-07-09,Premium Petrol 95R,1,final,True,241.4164,241.6061,241.4164,242.3305,242.265,-0.1897,0.7245,0.6589
2021-07-02,2021-07-16,Premium Petrol 95R,2,final,True,241.4164,241.8949,241.4164,242.5834,242.5471,-0.4786,0.6885,0.6522
2021-07-02,2021-07-23,Premium Petrol 95R,3,final,True,241.4164,240.1618,241.4164,242.6782,242.6962,1.2546,2.5164,2.5344
2021-07-09,2021-07-16,Premium Petrol 95R,1,final,True,241.6061,241.8949,241.6061,242.6902,242.8541,-0.2889,0.7953,0.9591
2021-07-09,2021-07-23,Premium Petrol 95R,2,final,True,241.6061,240.1618,241.6061,243.0366,243.4666,1.4443,2.8748,3.3048
2021-07-09,2021-07-30,Premium Petrol 95R,3,final,True,241.6061,241.7505,241.6061,243.1045,243.8438,-0.1444,1.354,2.0933
2021-07-16,2021-07-23,Premium Petrol 95R,1,final,True,241.8949,240.1618,241.8949,241.9098,242.5182,1.7332,1.748,2.3564
2021-07-16,2021-07-30,Premium Petrol 95R,2,final,True,241.8949,241.7505,241.8949,241.8741,243.1028,0.1444,0.1236,1.3523
2021-07-16,2021-08-06,Premium Petrol 95R,3,final,True,241.8949,245.3612,241.8949,241.974,243.8408,-3.4663,-3.3872,-1.5204
2021-07-23,2021-07-30,Premium Petrol 95R,1,final,True,240.1618,241.7505,240.1618,239.3215,239.9542,-1.5887,-2.429,-1.7963
2021-07-23,2021-08-06,Premium Petrol 95R,2,final,True,240.1618,245.3612,240.1618,239.1714,240.3811,-5.1995,-6.1899,-4.9802
2021-07-23,2021-08-13,Premium Petrol 95R,3,final,True,240.1618,244.3502,240.1618,239.1164,240.9365,-4.1885,-5.2338,-3.4137
2021-07-30,2021-08-06,Premium Petrol 95R,1,final,True,241.7505,245.3612,241.7505,242.6509,243.0173,-3.6107,-2.7103,-2.344
2021-07-30,2021-08-13,Premium Petrol 95R,2,final,True,241.7505,244.3502,241.7505,242.9203,243.781,-2.5997,-1.4299,-0.5692
2021-07-30,2021-08-20,Premium Petrol 95R,3,final,True,241.7505,243.7725,241.7505,243.0461,244.4258,-2.022,-0.7264,0.6533
2021-08-06,2021-08-13,Premium Petrol 95R,1,final,True,245.3612,244.3502,245.3612,244.8485,245.6244,1.011,0.4983,1.2741
2021-08-06,2021-08-20,Premium Petrol 95R,2,final,True,245.3612,243.7725,245.3612,244.7497,246.2521,1.5887,0.9771,2.4796
2021-08-06,2021-08-27,Premium Petrol 95R,3,final,True,245.3612,245.0724,245.3612,244.8355,247.0967,0.2889,-0.2369,2.0243
2021-08-13,2021-08-20,Premium Petrol 95R,1,final,True,244.3502,243.7725,244.3502,244.1908,244.4067,0.5777,0.4183,0.6342
2021-08-13,2021-08-27,Premium Petrol 95R,2,final,True,244.3502,245.0724,244.3502,244.2575,244.7145,-0.7221,-0.8149,-0.3579
2021-08-13,2021-09-03,Premium Petrol 95R,3,final,True,244.3502,246.8055,244.3502,244.1286,244.8273,-2.4553,-2.6769,-1.9782
2021-08-20,2021-08-27,Premium Petrol 95R,1,final,True,243.7725,245.0724,243.7725,243.0522,243.5154,-1.2999,-2.0202,-1.557
2021-08-20,2021-09-03,Premium Petrol 95R,2,final,True,243.7725,246.8055,243.7725,242.6946,243.547,-3.033,-4.111,-3.2585
2021-08-20,2021-09-10,Premium Petrol 95R,3,final,True,243.7725,246.2278,243.7725,242.8152,243.9664,-2.4553,-3.4126,-2.2614
2021-08-27,2021-09-03,Premium Petrol 95R,1,final,True,245.0724,246.8055,245.0724,244.893,245.1102,-1.7332,-1.9125,-1.6953
2021-08-27,2021-09-10,Premium Petrol 95R,2,final,True,245.0724,246.2278,245.0724,245.075,245.4328,-1.1554,-1.1528,-0.7951
2021-08-27,2021-09-17,Premium Petrol 95R,3,final,True,245.0724,247.0944,245.0724,245.0367,245.6095,-2.022,-2.0577,-1.4849
2021-09-03,2021-09-10,Premium Petrol 95R,1,final,True,246.8055,246.2278,246.8055,246.9348,247.0529,0.5777,0.707,0.8251
2021-09-03,2021-09-17,Premium Petrol 95R,2,final,True,246.8055,247.0944,246.8055,246.8779,247.1816,-0.2889,-0.2165,0.0872
2021-09-03,2021-09-24,Premium Petrol 95R,3,final,True,246.8055,248.6831,246.8055,246.9799,247.4248,-1.8776,-1.7032,-1.2583
2021-09-10,2021-09-17,Premium Petrol 95R,1,final,True,246.2278,247.0944,246.2278,245.9543,246.2282,-0.8666,-1.1401,-0.8662
2021-09-10,2021-09-24,Premium Petrol 95R,2,final,True,246.2278,248.6831,246.2278,245.9856,246.4679,-2.4553,-2.6975,-2.2153
2021-09-10,2021-10-01,Premium Petrol 95R,3,final,True,246.2278,248.0869,246.2278,245.9471,246.6475,-1.8591,-2.1398,-1.4394
2021-09-17,2021-09-24,Premium Petrol 95R,1,final,True,247.0944,248.6831,247.0944,248.0463,248.23,-1.5887,-0.6368,-0.4531
2021-09-17,2021-10-01,Premium Petrol 95R,2,final,True,247.0944,248.0869,247.0944,248.279,248.7403,-0.9925,0.1921,0.6534
2021-09-17,2021-10-08,Premium Petrol 95R,3,final,True,247.0944,250.7457,247.0944,248.3705,249.0868,-3.6513,-2.3752,-1.6589
2021-09-24,2021-10-01,Premium Petrol 95R,1,final,True,248.6831,248.0869,248.6831,249.6025,249.9141,0.5962,1.5156,1.8272
2021-09-24,2021-10-08,Premium Petrol 95R,2,final,True,248.6831,250.7457,248.6831,249.8955,250.5596,-2.0626,-0.8502,-0.1861
2021-09-24,2021-10-15,Premium Petrol 95R,3,final,True,248.6831,255.5007,248.6831,250.0291,251.078,-6.8176,-5.4716,-4.4227
2021-10-01,2021-10-08,Premium Petrol 95R,1,final,True,248.0869,250.7457,248.0869,249.7839,249.961,-2.6588,-0.9618,-0.7847
2021-10-01,2021-10-15,Premium Petrol 95R,2,final,True,248.0869,255.5007,248.0869,250.3248,250.8399,-7.4138,-5.1759,-4.6608
2021-10-01,2021-10-22,Premium Petrol 95R,3,final,True,248.0869,260.3998,248.0869,250.3931,251.2941,-12.3129,-10.0067,-9.1056
2021-10-08,2021-10-15,Premium Petrol 95R,1,final,True,250.7457,255.5007,250.7457,252.9337,253.3135,-4.755,-2.567,-2.1872
2021-10-08,2021-10-22,Premium Petrol 95R,2,final,True,250.7457,260.3998,250.7457,253.4763,254.4325,-9.6541,-6.9235,-5.9673
2021-10-08,2021-10-29,Premium Petrol 95R,3,final,True,250.7457,265.4429,250.7457,253.6805,255.2368,-14.6972,-11.7624,-10.2061
2021-10-15,2021-10-22,Premium Petrol 95R,1,final,True,255.5007,260.3998,255.5007,257.915,258.483,-4.8991,-2.4848,-1.9168
2021-10-15,2021-10-29,Premium Petrol 95R,2,final,True,255.5007,265.4429,255.5007,258.6658,259.9951,-9.9422,-6.7771,-5.4478
2021-10-15,2021-11-05,Premium Petrol 95R,3,final,True,255.5007,267.6043,255.5007,258.8295,261.0189,-12.1036,-8.7748,-6.5854
2021-10-22,2021-10-29,Premium Petrol 95R,1,final,True,260.3998,265.4429,260.3998,261.7257,262.4576,-5.0432,-3.7172,-2.9854
2021-10-22,2021-11-05,Premium Petrol 95R,2,final,True,260.3998,267.6043,260.3998,262.0646,263.68,-7.2045,-5.5397,-3.9243
2021-10-22,2021-11-12,Premium Petrol 95R,3,final,True,260.3998,267.6043,260.3998,262.21,264.7512,-7.2045,-5.3943,-2.8531
2021-10-29,2021-11-05,Premium Petrol 95R,1,final,True,265.4429,267.6043,265.4429,266.5773,267.053,-2.1614,-1.027,-0.5512
2021-10-29,2021-11-12,Premium Petrol 95R,2,final,True,265.4429,267.6043,265.4429,266.9734,268.039,-2.1614,-0.6309,0.4347
2021-10-29,2021-11-19,Premium Petrol 95R,3,final,True,265.4429,267.6043,265.4429,267.0747,268.8038,-2.1614,-0.5296,1.1995
2021-11-05,2021-11-12,Premium Petrol 95R,1,final,True,267.6043,267.6043,267.6043,267.1986,267.6634,0.0,-0.4057,0.0591
2021-11-05,2021-11-19,Premium Petrol 95R,2,final,True,267.6043,267.6043,267.6043,267.0719,268.0001,0.0,-0.5324,0.3958
2021-11-05,2021-11-26,Premium Petrol 95R,3,final,True,267.6043,264.5784,267.6043,267.2035,268.6286,3.0259,2.6251,4.0502
2021-11-12,2021-11-19,Premium Petrol 95R,1,final,True,267.6043,267.6043,267.6043,266.7702,266.9486,0.0,-0.8341,-0.6557
2021-11-12,2021-11-26,Premium Petrol 95R,2,final,True,267.6043,264.5784,267.6043,266.6973,267.0211,3.0259,2.1189,2.4427
2021-11-12,2021-12-03,Premium Petrol 95R,3,final,True,267.6043,264.5784,267.6043,266.6362,267.1721,3.0259,2.0578,2.5937
2021-11-19,2021-11-26,Premium Petrol 95R,1,final,True,267.6043,264.5784,267.6043,266.3629,266.5103,3.0259,1.7845,1.9319
2021-11-19,2021-12-03,Premium Petrol 95R,2,final,True,267.6043,264.5784,267.6043,265.9593,266.2116,3.0259,1.3809,1.6332
2021-11-19,2021-12-10,Premium Petrol 95R,3,final,True,267.6043,262.417,267.6043,265.9889,266.3173,5.1873,3.5719,3.9002
2021-11-26,2021-12-03,Premium Petrol 95R,1,final,True,264.5784,264.5784,264.5784,263.086,263.0715,0.0,-1.4924,-1.5068
2021-11-26,2021-12-10,Premium Petrol 95R,2,final,True,264.5784,262.417,264.5784,262.7907,262.6326,2.1614,0.3736,0.2156
2021-11-26,2021-12-17,Premium Petrol 95R,3,final,True,264.5784,259.5352,264.5784,262.6723,262.3863,5.0432,3.1371,2.8511
2021-12-03,2021-12-10,Premium Petrol 95R,1,final,True,264.5784,262.417,264.5784,261.9848,262.22,2.1614,-0.4322,-0.1971
2021-12-03,2021-12-17,Premium Petrol 95R,2,final,True,264.5784,259.5352,264.5784,261.2003,261.4718,5.0432,1.6651,1.9366
2021-12-03,2021-12-24,Premium Petrol 95R,3,final,True,264.5784,259.5352,264.5784,261.0462,261.2508,5.0432,1.5109,1.7156
2021-12-10,2021-12-17,Premium Petrol 95R,1,final,True,262.417,259.5352,262.417,263.4357,262.6653,2.8818,3.9005,3.1301
2021-12-10,2021-12-24,Premium Petrol 95R,2,final,True,262.417,259.5352,262.417,263.7938,262.3206,2.8818,4.2586,2.7854
2021-12-10,2021-12-31,Premium Petrol 95R,3,final,True,262.417,261.1359,262.417,263.8005,261.6333,1.2811,2.6646,0.4974
2021-12-17,2021-12-24,Premium Petrol 95R,1,final,True,259.5352,259.5352,259.5352,260.6812,260.5177,0.0,1.146,0.9825
2021-12-17,2021-12-31,Premium Petrol 95R,2,final,True,259.5352,261.1359,259.5352,260.8987,260.655,-1.6007,-0.2372,-0.4809
2021-12-17,2022-01-07,Premium Petrol 95R,3,final,True,259.5352,265.374,259.5352,261.1378,260.7944,-5.8388,-4.2362,-4.5796
2021-12-24,2021-12-31,Premium Petrol 95R,1,final,True,259.5352,261.1359,259.5352,259.1375,259.633,-1.6007,-1.9984,-1.5029
2021-12-24,2022-01-07,Premium Petrol 95R,2,final,True,259.5352,265.374,259.5352,259.1795,260.0915,-5.8388,-6.1945,-5.2825
2021-12-24,2022-01-14,Premium Petrol 95R,3,final,True,259.5352,267.3942,259.5352,258.9703,260.2878,-7.8589,-8.4239,-7.1064
2021-12-31,2022-01-07,Premium Petrol 95R,1,final,True,261.1359,265.374,261.1359,262.8534,262.8294,-4.238,-2.5206,-2.5446
2021-12-31,2022-01-14,Premium Petrol 95R,2,final,True,261.1359,267.3942,261.1359,263.1772,263.2733,-6.2582,-4.2169,-4.1209
2021-12-31,2022-01-21,Premium Petrol 95R,3,final,True,261.1359,270.3365,261.1359,263.3944,263.5042,-9.2005,-6.942,-6.8323
2022-01-07,2022-01-14,Premium Petrol 95R,1,final,True,265.374,267.3942,265.374,266.3363,266.6408,-2.0202,-1.0578,-0.7534
2022-01-07,2022-01-21,Premium Petrol 95R,2,final,True,265.374,270.3365,265.374,266.7501,267.3127,-4.9625,-3.5864,-3.0237
2022-01-07,2022-01-28,Premium Petrol 95R,3,final,True,265.374,274.1491,265.374,267.0576,267.9808,-8.7751,-7.0915,-6.1683
2022-01-14,2022-01-21,Premium Petrol 95R,1,final,True,267.3942,270.3365,267.3942,268.5067,268.4212,-2.9423,-1.8297,-1.9153
2022-01-14,2022-01-28,Premium Petrol 95R,2,final,True,267.3942,274.1491,267.3942,269.0329,269.0294,-6.7549,-5.1162,-5.1197
2022-01-14,2022-02-04,Premium Petrol 95R,3,final,True,267.3942,278.2112,267.3942,269.025,269.1925,-10.8171,-9.1863,-9.0187
2022-01-21,2022-01-28,Premium Petrol 95R,1,final,True,270.3365,274.1491,270.3365,272.3476,272.2591,-3.8126,-1.8015,-1.89
2022-01-21,2022-02-04,Premium Petrol 95R,2,final,True,270.3365,278.2112,270.3365,272.7975,272.8495,-7.8748,-5.4137,-5.3617
2022-01-21,2022-02-11,Premium Petrol 95R,3,final,True,270.3365,282.1029,270.3365,273.0876,273.2661,-11.7664,-9.0153,-8.8368
2022-01-28,2022-02-04,Premium Petrol 95R,1,final,True,274.1491,278.2112,274.1491,276.2354,276.2866,-4.0621,-1.9758,-1.9247
2022-01-28,2022-02-11,Premium Petrol 95R,2,final,True,274.1491,282.1029,274.1491,277.0304,277.2723,-7.9538,-5.0726,-4.8306
2022-01-28,2022-02-18,Premium Petrol 95R,3,final,True,274.1491,286.5126,274.1491,277.3066,277.875,-12.3635,-9.206,-8.6376
2022-02-04,2022-02-11,Premium Petrol 95R,1,final,True,278.2112,282.1029,278.2112,280.6734,280.6604,-3.8917,-1.4295,-1.4425
2022-02-04,2022-02-18,Premium Petrol 95R,2,final,True,278.2112,286.5126,278.2112,281.4632,281.7302,-8.3013,-5.0494,-4.7824
2022-02-04,2022-02-25,Premium Petrol 95R,3,final,True,278.2112,289.8005,278.2112,281.7063,282.3432,-11.5892,-8.0942,-7.4573
2022-02-11,2022-02-18,Premium Petrol 95R,1,final,True,282.1029,286.5126,282.1029,283.5155,283.7944,-4.4097,-2.9971,-2.7182
2022-02-11,2022-02-25,Premium Petrol 95R,2,final,True,282.1029,289.8005,282.1029,283.9467,284.654,-7.6976,-5.8537,-5.1465
2022-02-11,2022-03-04,Premium Petrol 95R,3,final,True,282.1029,296.0215,282.1029,284.1656,285.3486,-13.9185,-11.8559,-10.6728
2022-02-18,2022-02-25,Premium Petrol 95R,1,final,True,286.5126,289.8005,286.5126,288.2079,288.3789,-3.2879,-1.5926,-1.4215
2022-02-18,2022-03-04,Premium Petrol 95R,2,final,True,286.5126,296.0215,286.5126,288.8248,289.3328,-9.5089,-7.1966,-6.6886
2022-02-18,2022-03-11,Premium Petrol 95R,3,final,True,286.5126,314.8037,286.5126,289.0261,289.9674,-28.2911,-25.7776,-24.8363
2022-02-25,2022-03-04,Premium Petrol 95R,1,final,True,289.8005,296.0215,289.8005,291.0714,291.2302,-6.221,-4.95,-4.7913
2022-02-25,2022-03-11,Premium Petrol 95R,2,final,True,289.8005,314.8037,289.8005,291.4847,291.9593,-25.0032,-23.319,-22.8444
2022-02-25,2022-03-18,Premium Petrol 95R,3,final,True,289.8005,298.2725,289.8005,291.7665,292.6392,-8.472,-6.506,-5.6333
2022-03-04,2022-03-11,Premium Petrol 95R,1,final,True,296.0215,314.8037,296.0215,300.1805,299.6388,-18.7822,-14.6232,-15.1649
2022-03-04,2022-03-18,Premium Petrol 95R,2,final,True,296.0215,298.2725,296.0215,301.6338,300.987,-2.251,3.3613,2.7145
2022-03-04,2022-03-25,Premium Petrol 95R,3,final,True,296.0215,287.6918,296.0215,301.9817,301.4227,8.3297,14.2899,13.731
2022-03-11,2022-03-18,Premium Petrol 95R,1,final,True,314.8037,298.2725,314.8037,323.2367,322.3645,16.5312,24.9642,24.092
2022-03-11,2022-03-25,Premium Petrol 95R,2,final,True,314.8037,287.6918,314.8037,325.7123,324.7726,27.1119,38.0206,37.0808
2022-03-11,2022-04-01,Premium Petrol 95R,3,final,True,314.8037,286.6554,314.8037,326.7171,325.9397,28.1483,40.0617,39.2844
2022-03-18,2022-03-25,Premium Petrol 95R,1,final,True,298.2725,287.6918,298.2725,294.0528,294.7888,10.5807,6.361,7.097
2022-03-18,2022-04-01,Premium Petrol 95R,2,final,True,298.2725,286.6554,298.2725,293.1853,294.4047,11.6171,6.53,7.7494
2022-03-18,2022-04-08,Premium Petrol 95R,3,final,True,298.2725,281.4219,298.2725,293.2403,294.9139,16.8506,11.8184,13.492
2022-03-25,2022-04-01,Premium Petrol 95R,1,final,True,287.6918,286.6554,287.6918,289.2276,287.1149,1.0364,2.5722,0.4595
2022-03-25,2022-04-08,Premium Petrol 95R,2,final,True,287.6918,281.4219,287.6918,289.763,285.8061,6.2698,8.341,4.3842
2022-03-25,2022-04-15,Premium Petrol 95R,3,final,True,287.6918,279.2039,287.6918,289.4193,283.6281,8.4878,10.2154,4.4242
2022-04-01,2022-04-08,Premium Petrol 95R,1,final,True,286.6554,281.4219,286.6554,284.1745,283.7156,5.2334,2.7526,2.2937
2022-04-01,2022-04-15,Premium Petrol 95R,2,final,True,286.6554,279.2039,286.6554,283.2032,282.1462,7.4514,3.9993,2.9423
2022-04-01,2022-04-22,Premium Petrol 95R,3,final,True,286.6554,280.6491,286.6554,284.368,282.6177,6.0063,3.7189,1.9686
2022-04-08,2022-04-15,Premium Petrol 95R,1,final,True,281.4219,279.2039,281.4219,280.0114,278.8567,2.218,0.8075,-0.3472
2022-04-08,2022-04-22,Premium Petrol 95R,2,final,True,281.4219,280.6491,281.4219,280.9579,278.6404,0.7728,0.3088,-2.0087
2022-04-08,2022-04-29,Premium Petrol 95R,3,final,True,281.4219,283.3025,281.4219,279.9843,276.8654,-1.8806,-3.3182,-6.4371
2022-04-15,2022-04-22,Premium Petrol 95R,1,final,True,279.2039,280.6491,279.2039,283.1208,281.7663,-1.4452,2.4718,1.1172
2022-04-15,2022-04-29,Premium Petrol 95R,2,final,True,279.2039,283.3025,279.2039,282.5348,280.57,-4.0985,-0.7677,-2.7325
2022-04-15,2022-05-06,Premium Petrol 95R,3,final,True,279.2039,290.913,279.2039,283.1659,280.2684,-11.7091,-7.7472,-10.6446
2022-04-22,2022-04-29,Premium Petrol 95R,1,final,True,280.6491,283.3025,280.6491,283.3363,283.0365,-2.6534,0.0339,-0.2659
2022-04-22,2022-05-06,Premium Petrol 95R,2,final,True,280.6491,290.913,280.6491,284.3299,283.7563,-10.2639,-6.5831,-7.1568
2022-04-22,2022-05-13,Premium Petrol 95R,3,final,True,280.6491,301.9547,280.6491,284.7088,284.0332,-21.3056,-17.2459,-17.9215
2022-04-29,2022-05-06,Premium Petrol 95R,1,final,True,283.3025,290.913,283.3025,285.5036,285.4958,-7.6106,-5.4094,-5.4172
2022-04-29,2022-05-13,Premium Petrol 95R,2,final,True,283.3025,301.9547,283.3025,286.1248,286.3875,-18.6522,-15.8299,-15.5672
2022-04-29,2022-05-20,Premium Petrol 95R,3,final,True,283.3025,308.5233,283.3025,286.3359,286.8463,-25.2208,-22.1874,-21.677
2022-05-06,2022-05-13,Premium Petrol 95R,1,final,True,290.913,301.9547,290.913,299.1822,298.3043,-11.0417,-2.7725,-3.6504
2022-05-06,2022-05-20,Premium Petrol 95R,2,final,True,290.913,308.5233,290.913,301.0303,299.9713,-17.6103,-7.493,-8.552
2022-05-06,2022-05-27,Premium Petrol 95R,3,final,True,290.913,311.9797,290.913,301.7919,300.6951,-21.0666,-10.1877,-11.2845
2022-05-13,2022-05-20,Premium Petrol 95R,1,final,True,301.9547,308.5233,301.9547,304.2779,305.0518,-6.5686,-4.2454,-3.4715
2022-05-13,2022-05-27,Premium Petrol 95R,2,final,True,301.9547,311.9797,301.9547,305.1577,306.8926,-10.025,-6.8219,-5.087
2022-05-13,2022-06-03,Premium Petrol 95R,3,final,True,301.9547,312.182,301.9547,305.9165,308.7401,-10.2273,-6.2655,-3.4419
2022-05-20,2022-05-27,Premium Petrol 95R,1,final,True,308.5233,311.9797,308.5233,314.8922,314.0989,-3.4564,2.9126,2.1192
2022-05-20,2022-06-03,Premium Petrol 95R,2,final,True,308.5233,312.182,308.5233,316.718,315.7944,-3.6587,4.536,3.6124
2022-05-20,2022-06-10,Premium Petrol 95R,3,final,True,308.5233,314.0683,308.5233,317.0129,316.1817,-5.545,2.9446,2.1134
2022-05-27,2022-06-03,Premium Petrol 95R,1,final,True,311.9797,312.182,311.9797,309.8746,310.9318,-0.2024,-2.3074,-1.2502
2022-05-27,2022-06-10,Premium Petrol 95R,2,final,True,311.9797,314.0683,311.9797,309.443,311.412,-2.0886,-4.6253,-2.6562
2022-05-27,2022-06-17,Premium Petrol 95R,3,final,True,311.9797,321.9158,311.9797,309.8058,312.6165,-9.9361,-12.11,-9.2993
2022-06-03,2022-06-10,Premium Petrol 95R,1,final,True,312.182,314.0683,312.182,314.6513,313.9317,-1.8863,0.583,-0.1366
2022-06-03,2022-06-17,Premium Petrol 95R,2,final,True,312.182,321.9158,312.182,315.5471,314.3379,-9.7338,-6.3687,-7.5779
2022-06-03,2022-06-24,Premium Petrol 95R,3,final,True,312.182,326.9659,312.182,315.3729,313.9411,-14.7839,-11.593,-13.0248
2022-06-10,2022-06-17,Premium Petrol 95R,1,final,True,314.0683,321.9158,314.0683,317.8418,317.5449,-7.8475,-4.074,-4.3709
2022-06-10,2022-06-24,Premium Petrol 95R,2,final,True,314.0683,326.9659,314.0683,318.0554,318.0132,-12.8977,-8.9106,-8.9527
2022-06-10,2022-07-01,Premium Petrol 95R,3,final,True,314.0683,327.3337,314.0683,318.9546,319.1761,-13.2654,-8.3791,-8.1576
2022-06-17,2022-06-24,Premium Petrol 95R,1,final,True,321.9158,326.9659,321.9158,324.5644,324.8621,-5.0501,-2.4016,-2.1038
2022-06-17,2022-07-01,Premium Petrol 95R,2,final,True,321.9158,327.3337,321.9158,326.0743,326.9152,-5.4179,-1.2594,-0.4185
2022-06-17,2022-07-08,Premium Petrol 95R,3,final,True,321.9158,326.6927,321.9158,326.1719,327.853,-4.7769,-0.5208,1.1603
2022-06-24,2022-07-01,Premium Petrol 95R,1,final,True,326.9659,327.3337,326.9659,326.954,327.5313,-0.3677,-0.3797,0.1976
2022-06-24,2022-07-08,Premium Petrol 95R,2,final,True,326.9659,326.6927,326.9659,326.7788,328.0896,0.2732,0.0861,1.3968
2022-06-24,2022-07-15,Premium Petrol 95R,3,final,True,326.9659,322.8989,326.9659,326.9156,328.8203,4.0671,4.0167,5.9215
2022-07-01,2022-07-08,Premium Petrol 95R,1,final,True,327.3337,326.6927,327.3337,326.849,326.8076,0.641,0.1563,0.1149
2022-07-01,2022-07-15,Premium Petrol 95R,2,final,True,327.3337,322.8989,327.3337,326.9253,326.6822,4.4348,4.0264,3.7834
2022-07-01,2022-07-22,Premium Petrol 95R,3,final,True,327.3337,303.7992,327.3337,326.8753,326.4845,23.5345,23.0761,22.6854
2022-07-08,2022-07-15,Premium Petrol 95R,1,final,True,326.6927,322.8989,326.6927,318.0164,319.0166,3.7938,-4.8824,-3.8823
2022-07-08,2022-07-22,Premium Petrol 95R,2,final,True,326.6927,303.7992,326.6927,316.0747,317.2813,22.8935,12.2755,13.4821
2022-07-08,2022-07-29,Premium Petrol 95R,3,final,True,326.6927,287.0552,326.6927,315.4074,316.7004,39.6375,28.3522,29.6452
2022-07-15,2022-07-22,Premium Petrol 95R,1,final,True,322.8989,303.7992,322.8989,312.4445,312.1475,19.0997,8.6453,8.3483
2022-07-15,2022-07-29,Premium Petrol 95R,2,final,True,322.8989,287.0552,322.8989,309.8711,308.3487,35.8437,22.8159,21.2935
2022-07-15,2022-08-05,Premium Petrol 95R,3,final,True,322.8989,281.4335,322.8989,308.2915,305.3889,41.4654,26.858,23.9554
2022-07-22,2022-07-29,Premium Petrol 95R,1,final,True,303.7992,287.0552,303.7992,298.9826,296.4203,16.744,11.9274,9.3651
2022-07-22,2022-08-05,Premium Petrol 95R,2,final,True,303.7992,281.4335,303.7992,296.8954,291.3089,22.3657,15.4619,9.8754
2022-07-22,2022-08-12,Premium Petrol 95R,3,final,True,303.7992,278.2263,303.7992,295.9226,287.0929,25.5729,17.6963,8.8666
2022-07-29,2022-08-05,Premium Petrol 95R,1,final,True,287.0552,281.4335,287.0552,285.2919,283.254,5.6217,3.8584,1.8205
2022-07-29,2022-08-12,Premium Petrol 95R,2,final,True,287.0552,278.2263,287.0552,284.5889,280.3172,8.8289,6.3626,2.0909
2022-07-29,2022-08-19,Premium Petrol 95R,3,final,True,287.0552,275.4232,287.0552,284.6508,278.1146,11.632,9.2276,2.6914
2022-08-05,2022-08-12,Premium Petrol 95R,1,final,True,281.4335,278.2263,281.4335,277.5726,278.2358,3.2072,-0.6537,0.0095
2022-08-05,2022-08-19,Premium Petrol 95R,2,final,True,281.4335,275.4232,281.4335,276.5097,277.4718,6.0103,1.0865,2.0487
2022-08-05,2022-08-26,Premium Petrol 95R,3,final,True,281.4335,275.6627,281.4335,276.2242,277.1854,5.7708,0.5615,1.5226
2022-08-12,2022-08-19,Premium Petrol 95R,1,final,True,278.2263,275.4232,278.2263,276.0982,276.3786,2.8031,0.675,0.9554
2022-08-12,2022-08-26,Premium Petrol 95R,2,final,True,278.2263,275.6627,278.2263,275.3838,275.5418,2.5636,-0.2789,-0.121
2022-08-12,2022-09-02,Premium Petrol 95R,3,final,True,278.2263,277.7145,278.2263,274.9511,274.6738,0.5118,-2.7634,-3.0407
2022-08-19,2022-08-26,Premium Petrol 95R,1,final,True,275.4232,275.6627,275.4232,274.859,274.7373,-0.2395,-0.8037,-0.9254
2022-08-19,2022-09-02,Premium Petrol 95R,2,final,True,275.4232,277.7145,275.4232,274.5249,274.0205,-2.2913,-3.1896,-3.6941
2022-08-19,2022-09-09,Premium Petrol 95R,3,final,True,275.4232,278.0078,275.4232,274.509,273.5365,-2.5846,-3.4987,-4.4713
2022-08-26,2022-09-02,Premium Petrol 95R,1,final,True,275.6627,277.7145,275.6627,277.8066,277.4778,-2.0518,0.0921,-0.2367
2022-08-26,2022-09-09,Premium Petrol 95R,2,final,True,275.6627,278.0078,275.6627,278.7394,278.2816,-2.345,0.7316,0.2738
2022-08-26,2022-09-16,Premium Petrol 95R,3,final,True,275.6627,277.7537,275.6627,279.1218,278.6634,-2.091,1.3681,0.9096
2022-09-02,2022-09-09,Premium Petrol 95R,1,final,True,277.7145,278.0078,277.7145,275.1212,276.3417,-0.2932,-2.8866,-1.6661
2022-09-02,2022-09-16,Premium Petrol 95R,2,final,True,277.7145,277.7537,277.7145,274.1926,276.3663,-0.0392,-3.5611,-1.3875
2022-09-02,2022-09-23,Premium Petrol 95R,3,final,True,277.7145,277.4792,277.7145,273.8936,276.8659,0.2353,-3.5856,-0.6133
2022-09-09,2022-09-16,Premium Petrol 95R,1,final,True,278.0078,277.7537,278.0078,277.3321,277.1022,0.254,-0.4216,-0.6515
2022-09-09,2022-09-23,Premium Petrol 95R,2,final,True,278.0078,277.4792,278.0078,277.1288,276.5454,0.5286,-0.3504,-0.9338
2022-09-09,2022-09-30,Premium Petrol 95R,3,final,True,278.0078,276.097,278.0078,276.9285,275.9284,1.9107,0.8315,-0.1686
2022-09-16,2022-09-23,Premium Petrol 95R,1,final,True,277.7537,277.4792,277.7537,277.6274,277.2611,0.2745,0.1482,-0.2181
2022-09-16,2022-09-30,Premium Petrol 95R,2,final,True,277.7537,276.097,277.7537,277.4576,276.6723,1.6567,1.3606,0.5752
2022-09-16,2022-10-07,Premium Petrol 95R,3,final,True,277.7537,273.3086,277.7537,277.6,276.381,4.4451,4.2913,3.0724
2022-09-23,2022-09-30,Premium Petrol 95R,1,final,True,277.4792,276.097,277.4792,275.2288,275.2035,1.3822,-0.8683,-0.8935
2022-09-23,2022-10-07,Premium Petrol 95R,2,final,True,277.4792,273.3086,277.4792,274.5784,274.2865,4.1706,1.2698,0.9779
2022-09-23,2022-10-14,Premium Petrol 95R,3,final,True,277.4792,273.1488,277.4792,274.2685,273.6987,4.3304,1.1196,0.5498
2022-09-30,2022-10-07,Premium Petrol 95R,1,final,True,276.097,273.3086,276.097,275.1459,274.4011,2.7884,1.8373,1.0924
2022-09-30,2022-10-14,Premium Petrol 95R,2,final,True,276.097,273.1488,276.097,274.7311,273.2057,2.9482,1.5823,0.0568
2022-09-30,2022-10-21,Premium Petrol 95R,3,final,True,276.097,273.7109,276.097,274.5814,272.1518,2.3861,0.8704,-1.5592
2022-10-07,2022-10-14,Premium Petrol 95R,1,final,True,273.3086,273.1488,273.3086,273.241,272.3599,0.1598,0.0921,-0.7889
2022-10-07,2022-10-21,Premium Petrol 95R,2,final,True,273.3086,273.7109,273.3086,273.2143,271.3696,-0.4023,-0.4966,-2.3413
2022-10-07,2022-10-28,Premium Petrol 95R,3,final,True,273.3086,274.2751,273.3086,273.2595,270.4549,-0.9664,-1.0155,-3.8202
2022-10-14,2022-10-21,Premium Petrol 95R,1,final,True,273.1488,273.7109,273.1488,275.1716,274.3361,-0.5621,1.4607,0.6252
2022-10-14,2022-10-28,Premium Petrol 95R,2,final,True,273.1488,274.2751,273.1488,276.0239,274.5859,-1.1262,1.7489,0.3108
2022-10-14,2022-11-04,Premium Petrol 95R,3,final,True,273.1488,273.5745,273.1488,276.3816,274.4379,-0.4257,2.8071,0.8633
2022-10-21,2022-10-28,Premium Petrol 95R,1,final,True,273.7109,274.2751,273.7109,273.6212,273.7194,-0.5641,-0.6539,-0.5556
2022-10-21,2022-11-04,Premium Petrol 95R,2,final,True,273.7109,273.5745,273.7109,273.609,273.7965,0.1364,0.0344,0.222
2022-10-21,2022-11-11,Premium Petrol 95R,3,final,True,273.7109,274.1534,273.7109,273.6726,273.9064,-0.4425,-0.4808,-0.247
2022-10-28,2022-11-04,Premium Petrol 95R,1,final,True,274.2751,273.5745,274.2751,273.2193,273.2128,0.7005,-0.3552,-0.3617
2022-10-28,2022-11-11,Premium Petrol 95R,2,final,True,274.2751,274.1534,274.2751,272.8718,272.6986,0.1217,-1.2816,-1.4548
2022-10-28,2022-11-18,Premium Petrol 95R,3,final,True,274.2751,274.0566,274.2751,272.7116,272.3162,0.2185,-1.345,-1.7404
2022-11-04,2022-11-11,Premium Petrol 95R,1,final,True,273.5745,274.1534,273.5745,274.1986,273.6086,-0.5788,0.0453,-0.5448
2022-11-04,2022-11-18,Premium Petrol 95R,2,final,True,273.5745,274.0566,273.5745,274.4227,273.2957,-0.482,0.3661,-0.7608
2022-11-04,2022-11-25,Premium Petrol 95R,3,final,True,273.5745,272.8286,273.5745,274.5448,272.9004,0.7459,1.7162,0.0718
2022-11-11,2022-11-18,Premium Petrol 95R,1,final,True,274.1534,274.0566,274.1534,275.5227,275.1055,0.0968,1.4662,1.0489
2022-11-11,2022-11-25,Premium Petrol 95R,2,final,True,274.1534,272.8286,274.1534,276.1035,275.4167,1.3248,3.2749,2.5881
2022-11-11,2022-12-02,Premium Petrol 95R,3,final,True,274.1534,269.3922,274.1534,276.3719,275.5237,4.7612,6.9796,6.1315
2022-11-18,2022-11-25,Premium Petrol 95R,1,final,True,274.0566,272.8286,274.0566,272.3467,272.8628,1.228,-0.4818,0.0342
2022-11-18,2022-12-02,Premium Petrol 95R,2,final,True,274.0566,269.3922,274.0566,271.7042,272.5869,4.6643,2.312,3.1947
2022-11-18,2022-12-09,Premium Petrol 95R,3,final,True,274.0566,263.6507,274.0566,271.4816,272.6422,10.4059,7.8309,8.9915
2022-11-25,2022-12-02,Premium Petrol 95R,1,final,True,272.8286,269.3922,272.8286,269.991,270.1998,3.4364,0.5988,0.8076
2022-11-25,2022-12-09,Premium Petrol 95R,2,final,True,272.8286,263.6507,272.8286,268.8733,268.9547,9.1779,5.2226,5.304
2022-11-25,2022-12-16,Premium Petrol 95R,3,final,True,272.8286,258.0909,272.8286,268.4386,268.2378,14.7377,10.3477,10.1468
2022-12-02,2022-12-09,Premium Petrol 95R,1,final,True,269.3922,263.6507,269.3922,265.215,265.1993,5.7415,1.5643,1.5486
2022-12-02,2022-12-16,Premium Petrol 95R,2,final,True,269.3922,258.0909,269.3922,263.539,263.0066,11.3013,5.4481,4.9157
2022-12-02,2022-12-23,Premium Petrol 95R,3,final,True,269.3922,255.31,269.3922,262.9325,261.7181,14.0822,7.6225,6.408
2022-12-09,2022-12-16,Premium Petrol 95R,1,final,True,263.6507,258.0909,263.6507,259.7376,259.0782,5.5598,1.6467,0.9872
2022-12-09,2022-12-23,Premium Petrol 95R,2,final,True,263.6507,255.31,263.6507,258.2402,256.5015,8.3407,2.9302,1.1915
2022-12-09,2022-12-30,Premium Petrol 95R,3,final,True,263.6507,256.9667,263.6507,257.6511,254.6996,6.684,0.6844,-2.2671
2022-12-16,2022-12-23,Premium Petrol 95R,1,final,True,258.0909,255.31,258.0909,256.4154,255.4809,2.7809,1.1054,0.1709
2022-12-16,2022-12-30,Premium Petrol 95R,2,final,True,258.0909,256.9667,258.0909,255.7554,253.7303,1.1242,-1.2113,-3.2364
2022-12-16,2023-01-06,Premium Petrol 95R,3,final,True,258.0909,261.2882,258.0909,255.5595,252.3316,-3.1973,-5.7287,-8.9566
2022-12-23,2022-12-30,Premium Petrol 95R,1,final,True,255.31,256.9667,255.31,255.2692,254.4554,-1.6567,-1.6975,-2.5113
2022-12-23,2023-01-06,Premium Petrol 95R,2,final,True,255.31,261.2882,255.31,255.3184,253.647,-5.9782,-5.9697,-7.6412
2022-12-23,2023-01-13,Premium Petrol 95R,3,final,True,255.31,260.8009,255.31,255.4005,252.8424,-5.4909,-5.4004,-7.9585
2022-12-30,2023-01-06,Premium Petrol 95R,1,final,True,256.9667,261.2882,256.9667,259.4027,258.5346,-4.3215,-1.8855,-2.7536
2022-12-30,2023-01-13,Premium Petrol 95R,2,final,True,256.9667,260.8009,256.9667,260.4405,258.9401,-3.8342,-0.3604,-1.8608
2022-12-30,2023-01-20,Premium Petrol 95R,3,final,True,256.9667,260.7072,256.9667,260.9002,258.8185,-3.7405,0.193,-1.8888
2023-01-06,2023-01-13,Premium Petrol 95R,1,final,True,261.2882,260.8009,261.2882,262.5763,262.3614,0.4873,1.7753,1.5605
2023-01-06,2023-01-20,Premium Petrol 95R,2,final,True,261.2882,260.7072,261.2882,263.1355,262.7794,0.581,2.4283,2.0722
2023-01-06,2023-01-27,Premium Petrol 95R,3,final,True,261.2882,265.4993,261.2882,263.4041,262.9173,-4.2111,-2.0953,-2.5821
2023-01-13,2023-01-20,Premium Petrol 95R,1,final,True,260.8009,260.7072,260.8009,261.1985,260.6769,0.0937,0.4913,-0.0303
2023-01-13,2023-01-27,Premium Petrol 95R,2,final,True,260.8009,265.4993,260.8009,261.4046,260.3511,-4.6984,-4.0948,-5.1482
2023-01-13,2023-02-03,Premium Petrol 95R,3,final,True,260.8009,266.2215,260.8009,261.4696,259.8885,-5.4206,-4.752,-6.333
2023-01-20,2023-01-27,Premium Petrol 95R,1,final,True,260.7072,265.4993,260.7072,264.1793,262.9636,-4.7921,-1.3201,-2.5357
2023-01-20,2023-02-03,Premium Petrol 95R,2,final,True,260.7072,266.2215,260.7072,265.5418,263.4827,-5.5143,-0.6798,-2.7388
2023-01-20,2023-02-10,Premium Petrol 95R,3,final,True,260.7072,265.3525,260.7072,266.1407,263.3823,-4.6453,0.7882,-1.9702
2023-01-27,2023-02-03,Premium Petrol 95R,1,final,True,265.4993,266.2215,265.4993,268.0132,267.8253,-0.7222,1.7916,1.6038
2023-01-27,2023-02-10,Premium Petrol 95R,2,final,True,265.4993,265.3525,265.4993,269.0675,268.9636,0.1468,3.715,3.6111
2023-01-27,2023-02-17,Premium Petrol 95R,3,final,True,265.4993,265.3876,265.4993,269.5428,269.6922,0.1117,4.1552,4.3046
2023-02-03,2023-02-10,Premium Petrol 95R,1,final,True,266.2215,265.3525,266.2215,265.074,265.37,0.869,-0.2785,0.0175
2023-02-03,2023-02-17,Premium Petrol 95R,2,final,True,266.2215,265.3876,266.2215,264.6794,265.1935,0.8339,-0.7082,-0.1941
2023-02-03,2023-02-24,Premium Petrol 95R,3,final,True,266.2215,264.5114,266.2215,264.4777,265.1646,1.7102,-0.0337,0.6532
2023-02-10,2023-02-17,Premium Petrol 95R,1,final,True,265.3525,265.3876,265.3525,266.1745,265.5064,-0.0351,0.7869,0.1188
2023-02-10,2023-02-24,Premium Petrol 95R,2,final,True,265.3525,264.5114,265.3525,266.4565,265.2095,0.8411,1.9451,0.6982
2023-02-10,2023-03-03,Premium Petrol 95R,3,final,True,265.3525,265.0619,265.3525,266.5922,264.7679,0.2907,1.5303,-0.294
2023-02-17,2023-02-24,Premium Petrol 95R,1,final,True,265.3876,264.5114,265.3876,265.7463,265.5693,0.8762,1.2349,1.058
2023-02-17,2023-03-03,Premium Petrol 95R,2,final,True,265.3876,265.0619,265.3876,265.9129,265.5688,0.3257,0.851,0.507
2023-02-17,2023-03-10,Premium Petrol 95R,3,final,True,265.3876,264.9704,265.3876,266.0707,265.6496,0.4172,1.1003,0.6792
2023-02-24,2023-03-03,Premium Petrol 95R,1,final,True,264.5114,265.0619,264.5114,264.3806,264.2319,-0.5505,-0.6812,-0.83
2023-02-24,2023-03-10,Premium Petrol 95R,2,final,True,264.5114,264.9704,264.5114,264.4228,264.1815,-0.459,-0.5476,-0.7889
2023-02-24,2023-03-17,Premium Petrol 95R,3,final,True,264.5114,264.2642,264.5114,264.3909,264.0894,0.2471,0.1267,-0.1749
2023-03-03,2023-03-10,Premium Petrol 95R,1,final,True,265.0619,264.9704,265.0619,265.2203,265.0701,0.0915,0.2499,0.0997
2023-03-03,2023-03-17,Premium Petrol 95R,2,final,True,265.0619,264.2642,265.0619,265.2311,264.9753,0.7976,0.9668,0.7111
2023-03-03,2023-03-24,Premium Petrol 95R,3,final,True,265.0619,262.8969,265.0619,265.2999,264.8815,2.1649,2.403,1.9846
2023-03-10,2023-03-17,Premium Petrol 95R,1,final,True,264.9704,264.2642,264.9704,265.9653,265.6132,0.7062,1.7011,1.349
2023-03-10,2023-03-24,Premium Petrol 95R,2,final,True,264.9704,262.8969,264.9704,266.4196,265.7696,2.0735,3.5227,2.8727
2023-03-10,2023-03-31,Premium Petrol 95R,3,final,True,264.9704,261.3466,264.9704,266.6278,265.7504,3.6238,5.2812,4.4038
2023-03-17,2023-03-24,Premium Petrol 95R,1,final,True,264.2642,262.8969,264.2642,262.5283,262.9206,1.3673,-0.3686,0.0237
2023-03-17,2023-03-31,Premium Petrol 95R,2,final,True,264.2642,261.3466,264.2642,261.8719,262.4817,2.9177,0.5254,1.1351
2023-03-17,2023-04-07,Premium Petrol 95R,3,final,True,264.2642,265.3593,264.2642,261.6359,262.3921,-1.0951,-3.7234,-2.9672
2023-03-24,2023-03-31,Premium Petrol 95R,1,final,True,262.8969,261.3466,262.8969,261.4606,261.3367,1.5503,0.114,-0.0098
2023-03-24,2023-04-07,Premium Petrol 95R,2,final,True,262.8969,265.3593,262.8969,260.916,260.51,-2.4624,-4.4433,-4.8493
2023-03-24,2023-04-14,Premium Petrol 95R,3,final,True,262.8969,267.6742,262.8969,260.6956,259.9312,-4.7772,-6.9786,-7.7429
2023-03-31,2023-04-07,Premium Petrol 95R,1,final,True,261.3466,265.3593,261.3466,262.963,262.1239,-4.0127,-2.3963,-3.2354
2023-03-31,2023-04-14,Premium Petrol 95R,2,final,True,261.3466,267.6742,261.3466,263.6011,262.0887,-6.3276,-4.0731,-5.5855
2023-03-31,2023-04-21,Premium Petrol 95R,3,final,True,261.3466,267.879,261.3466,263.9469,261.8295,-6.5324,-3.9322,-6.0495
2023-04-07,2023-04-14,Premium Petrol 95R,1,final,True,265.3593,267.6742,265.3593,267.4768,267.0184,-2.3149,-0.1974,-0.6558
2023-04-07,2023-04-21,Premium Petrol 95R,2,final,True,265.3593,267.879,265.3593,268.4113,267.726,-2.5197,0.5323,-0.153
2023-04-07,2023-04-28,Premium Petrol 95R,3,final,True,265.3593,267.2816,265.3593,268.7966,268.0161,-1.9223,1.5149,0.7345
2023-04-14,2023-04-21,Premium Petrol 95R,1,final,True,267.6742,267.879,267.6742,269.0702,268.8815,-0.2048,1.1912,1.0025
2023-04-14,2023-04-28,Premium Petrol 95R,2,final,True,267.6742,267.2816,267.6742,269.6433,269.4476,0.3925,2.3616,2.1659
2023-04-14,2023-05-05,Premium Petrol 95R,3,final,True,267.6742,264.4628,267.6742,269.865,269.673,3.2114,5.4021,5.2102
2023-04-21,2023-04-28,Premium Petrol 95R,1,final,True,267.879,267.2816,267.879,266.6673,266.9827,0.5974,-0.6143,-0.2989
2023-04-21,2023-05-05,Premium Petrol 95R,2,final,True,267.879,264.4628,267.879,266.1785,266.6197,3.4162,1.7157,2.1569
2023-04-21,2023-05-12,Premium Petrol 95R,3,final,True,267.879,258.6964,267.879,266.024,266.5072,9.1826,7.3275,7.8107
2023-04-28,2023-05-05,Premium Petrol 95R,1,final,True,267.2816,264.4628,267.2816,264.5951,264.6308,2.8188,0.1323,0.1679
2023-04-28,2023-05-12,Premium Petrol 95R,2,final,True,267.2816,258.6964,267.2816,263.5407,263.2803,8.5852,4.8443,4.5839
2023-04-28,2023-05-19,Premium Petrol 95R,3,final,True,267.2816,255.0728,267.2816,263.1124,262.4774,12.2088,8.0395,7.4046
2023-05-05,2023-05-12,Premium Petrol 95R,1,final,True,264.4628,258.6964,264.4628,259.7769,259.5495,5.7664,1.0805,0.853
2023-05-05,2023-05-19,Premium Petrol 95R,2,final,True,264.4628,255.0728,264.4628,257.8921,256.9551,9.39,2.8193,1.8822
2023-05-05,2023-05-26,Premium Petrol 95R,3,final,True,264.4628,255.1777,264.4628,257.1573,255.339,9.2852,1.9796,0.1613
2023-05-12,2023-05-19,Premium Petrol 95R,1,final,True,258.6964,255.0728,258.6964,256.6202,255.2768,3.6236,1.5473,0.204
2023-05-12,2023-05-26,Premium Petrol 95R,2,final,True,258.6964,255.1777,258.6964,255.8091,252.9258,3.5188,0.6315,-2.2519
2023-05-12,2023-06-02,Premium Petrol 95R,3,final,True,258.6964,257.3016,258.6964,255.5063,251.0084,1.3949,-1.7952,-6.2932
2023-05-19,2023-05-26,Premium Petrol 95R,1,final,True,255.0728,255.1777,255.0728,255.358,254.1077,-0.1048,0.1803,-1.0699
2023-05-19,2023-06-02,Premium Petrol 95R,2,final,True,255.0728,257.3016,255.0728,255.5017,253.0446,-2.2287,-1.7999,-4.257
2023-05-19,2023-06-09,Premium Petrol 95R,3,final,True,255.0728,257.0898,255.0728,255.6974,252.0234,-2.0169,-1.3924,-5.0664
2023-05-26,2023-06-02,Premium Petrol 95R,1,final,True,255.1777,257.3016,255.1777,257.2864,256.4247,-2.1239,-0.0152,-0.8768
2023-05-26,2023-06-09,Premium Petrol 95R,2,final,True,255.1777,257.0898,255.1777,258.2839,256.7665,-1.9121,1.1941,-0.3233
2023-05-26,2023-06-16,Premium Petrol 95R,3,final,True,255.1777,256.8341,255.1777,258.7522,256.6491,-1.6564,1.9181,-0.185
2023-06-02,2023-06-09,Premium Petrol 95R,1,final,True,257.3016,257.0898,257.3016,258.1473,258.0821,0.2118,1.0575,0.9923
2023-06-02,2023-06-16,Premium Petrol 95R,2,final,True,257.3016,256.8341,257.3016,258.5541,258.475,0.4675,1.72,1.6409
2023-06-02,2023-06-23,Premium Petrol 95R,3,final,True,257.3016,256.5135,257.3016,258.7546,258.6245,0.7881,2.2411,2.111
2023-06-09,2023-06-16,Premium Petrol 95R,1,final,True,257.0898,256.8341,257.0898,258.0226,257.6634,0.2557,1.1885,0.8294
2023-06-09,2023-06-23,Premium Petrol 95R,2,final,True,257.0898,256.5135,257.0898,258.441,257.7428,0.5763,1.9275,1.2293
2023-06-09,2023-06-30,Premium Petrol 95R,3,final,True,257.0898,260.8131,257.0898,258.5979,257.5866,-3.7234,-2.2152,-3.2265
2023-06-16,2023-06-23,Premium Petrol 95R,1,final,True,256.8341,256.5135,256.8341,255.8232,255.9514,0.3206,-0.6903,-0.5621
2023-06-16,2023-06-30,Premium Petrol 95R,2,final,True,256.8341,260.8131,256.8341,255.4048,255.5277,-3.979,-5.4084,-5.2854
2023-06-16,2023-07-07,Premium Petrol 95R,3,final,True,256.8341,281.5675,256.8341,255.2731,255.3589,-24.7334,-26.2944,-26.2086
2023-06-23,2023-06-30,Premium Petrol 95R,1,final,True,256.5135,260.8131,256.5135,256.0706,255.8395,-4.2996,-4.7425,-4.9736
2023-06-23,2023-07-07,Premium Petrol 95R,2,final,True,256.5135,281.5675,256.5135,255.937,255.4402,-25.054,-25.6305,-26.1273
2023-06-23,2023-07-14,Premium Petrol 95R,3,final,True,256.5135,281.6019,256.5135,255.8596,255.1158,-25.0884,-25.7423,-26.4861
2023-06-30,2023-07-07,Premium Petrol 95R,1,final,True,260.8131,281.5675,260.8131,259.9941,259.4201,-20.7543,-21.5734,-22.1474
2023-06-30,2023-07-14,Premium Petrol 95R,2,final,True,260.8131,281.6019,260.8131,259.627,258.4226,-20.7888,-21.9749,-23.1793
2023-06-30,2023-07-21,Premium Petrol 95R,3,final,True,260.8131,284.3922,260.8131,259.55,257.6678,-23.5791,-24.8423,-26.7244
2023-07-07,2023-07-14,Premium Petrol 95R,1,final,True,281.5675,281.6019,281.5675,282.1137,281.5022,-0.0345,0.5118,-0.0997
2023-07-07,2023-07-21,Premium Petrol 95R,2,final,True,281.5675,284.3922,281.5675,282.4183,281.252,-2.8248,-1.9739,-3.1402
2023-07-07,2023-07-28,Premium Petrol 95R,3,final,True,281.5675,290.0488,281.5675,282.5456,280.8662,-8.4814,-7.5032,-9.1827
2023-07-14,2023-07-21,Premium Petrol 95R,1,final,True,281.6019,284.3922,281.6019,282.6362,282.1125,-2.7903,-1.756,-2.2797
2023-07-14,2023-07-28,Premium Petrol 95R,2,final,True,281.6019,290.0488,281.6019,283.0599,282.1379,-8.4469,-6.9889,-7.911
2023-07-14,2023-08-04,Premium Petrol 95R,3,final,True,281.6019,295.6046,281.6019,283.3149,282.0082,-14.0026,-12.2897,-13.5963
2023-07-21,2023-07-28,Premium Petrol 95R,1,final,True,284.3922,290.0488,284.3922,285.6207,285.4435,-5.6566,-4.4282,-4.6053
2023-07-21,2023-08-04,Premium Petrol 95R,2,final,True,284.3922,295.6046,284.3922,286.2127,285.9628,-11.2123,-9.3919,-9.6417
2023-07-21,2023-08-11,Premium Petrol 95R,3,final,True,284.3922,299.0593,284.3922,286.4673,286.2037,-14.6671,-12.5921,-12.8556
2023-07-28,2023-08-04,Premium Petrol 95R,1,final,True,290.0488,295.6046,290.0488,292.6854,292.1773,-5.5557,-2.9192,-3.4273
2023-07-28,2023-08-11,Premium Petrol 95R,2,final,True,290.0488,299.0593,290.0488,293.7915,293.0648,-9.0105,-5.2678,-5.9945
2023-07-28,2023-08-18,Premium Petrol 95R,3,final,True,290.0488,304.0992,290.0488,294.274,293.4237,-14.0503,-9.8252,-10.6755
2023-08-04,2023-08-11,Premium Petrol 95R,1,final,True,295.6046,299.0593,295.6046,298.518,298.2692,-3.4548,-0.5413,-0.7901
2023-08-04,2023-08-18,Premium Petrol 95R,2,final,True,295.6046,304.0992,295.6046,299.7557,299.5542,-8.4946,-4.3435,-4.545
2023-08-04,2023-08-25,Premium Petrol 95R,3,final,True,295.6046,306.2636,295.6046,300.3252,300.316,-10.659,-5.9384,-5.9475
2023-08-11,2023-08-18,Premium Petrol 95R,1,final,True,299.0593,304.0992,299.0593,301.9672,301.5147,-5.0398,-2.132,-2.5845
2023-08-11,2023-08-25,Premium Petrol 95R,2,final,True,299.0593,306.2636,299.0593,303.2291,302.6569,-7.2042,-3.0344,-3.6066
2023-08-11,2023-09-01,Premium Petrol 95R,3,final,True,299.0593,308.2394,299.0593,303.755,303.2032,-9.1801,-4.4844,-5.0362
2023-08-18,2023-08-25,Premium Petrol 95R,1,final,True,304.0992,306.2636,304.0992,306.8373,306.5747,-2.1644,0.5737,0.3111
2023-08-18,2023-09-01,Premium Petrol 95R,2,final,True,304.0992,308.2394,304.0992,307.975,307.7554,-4.1403,-0.2644,-0.4841
2023-08-18,2023-09-08,Premium Petrol 95R,3,final,True,304.0992,310.8622,304.0992,308.4673,308.4143,-6.7631,-2.395,-2.4479
2023-08-25,2023-09-01,Premium Petrol 95R,1,final,True,306.2636,308.2394,306.2636,308.2398,308.116,-1.9759,0.0003,-0.1234
2023-08-25,2023-09-08,Premium Petrol 95R,2,final,True,306.2636,310.8622,306.2636,309.0746,309.0467,-4.5987,-1.7876,-1.8155
2023-08-25,2023-09-15,Premium Petrol 95R,3,final,True,306.2636,314.0282,306.2636,309.4316,309.6193,-7.7646,-4.5966,-4.4088
2023-09-01,2023-09-08,Premium Petrol 95R,1,final,True,308.2394,310.8622,308.2394,309.534,309.5952,-2.6228,-1.3282,-1.267
2023-09-01,2023-09-15,Premium Petrol 95R,2,final,True,308.2394,314.0282,308.2394,310.0774,310.3726,-5.7888,-3.9508,-3.6556
2023-09-01,2023-09-22,Premium Petrol 95R,3,final,True,308.2394,318.3005,308.2394,310.3015,310.9146,-10.0611,-7.999,-7.3859
2023-09-08,2023-09-15,Premium Petrol 95R,1,final,True,310.8622,314.0282,310.8622,311.5625,311.8005,-3.166,-2.4657,-2.2277
2023-09-08,2023-09-22,Premium Petrol 95R,2,final,True,310.8622,318.3005,310.8622,311.8532,312.4305,-7.4383,-6.4474,-5.87
2023-09-08,2023-09-29,Premium Petrol 95R,3,final,True,310.8622,319.2996,310.8622,311.9878,312.9598,-8.4373,-7.3118,-6.3398
2023-09-15,2023-09-22,Premium Petrol 95R,1,final,True,314.0282,318.3005,314.0282,317.0858,316.6826,-4.2724,-1.2147,-1.6179
2023-09-15,2023-09-29,Premium Petrol 95R,2,final,True,314.0282,319.2996,314.0282,318.3673,317.9282,-5.2714,-0.9322,-1.3714
2023-09-15,2023-10-06,Premium Petrol 95R,3,final,True,314.0282,313.5584,314.0282,318.8975,318.5824,0.4697,5.3391,5.024
2023-09-22,2023-09-29,Premium Petrol 95R,1,final,True,318.3005,319.2996,318.3005,318.9237,319.3489,-0.999,-0.3759,0.0493
2023-09-22,2023-10-06,Premium Petrol 95R,2,final,True,318.3005,313.5584,318.3005,319.1895,320.1255,4.7421,5.6311,6.567
2023-09-22,2023-10-13,Premium Petrol 95R,3,final,True,318.3005,309.4152,318.3005,319.4147,320.905,8.8854,9.9996,11.4898
2023-09-29,2023-10-06,Premium Petrol 95R,1,final,True,319.2996,313.5584,319.2996,316.0835,316.528,5.7411,2.5251,2.9695
2023-09-29,2023-10-13,Premium Petrol 95R,2,final,True,319.2996,309.4152,319.2996,314.8659,315.4093,9.8844,5.4507,5.9941
2023-09-29,2023-10-20,Premium Petrol 95R,3,final,True,319.2996,306.6823,319.2996,314.3042,314.8155,12.6173,7.6219,8.1332
2023-10-06,2023-10-13,Premium Petrol 95R,1,final,True,313.5584,309.4152,313.5584,307.8977,307.8882,4.1433,-1.5175,-1.5269
2023-10-06,2023-10-20,Premium Petrol 95R,2,final,True,313.5584,306.6823,313.5584,305.4786,304.8262,6.8761,-1.2037,-1.8561
2023-10-06,2023-10-27,Premium Petrol 95R,3,final,True,313.5584,304.9623,313.5584,304.505,302.9386,8.5961,-0.4573,-2.0237
2023-10-13,2023-10-20,Premium Petrol 95R,1,final,True,309.4152,306.6823,309.4152,307.1094,305.9231,2.7329,0.4272,-0.7592
2023-10-13,2023-10-27,Premium Petrol 95R,2,final,True,309.4152,304.9623,309.4152,306.172,303.5339,4.4529,1.2097,-1.4284
2023-10-13,2023-11-03,Premium Petrol 95R,3,final,True,309.4152,304.1123,309.4152,305.7629,301.6299,5.3028,1.6506,-2.4824
2023-10-20,2023-10-27,Premium Petrol 95R,1,final,True,306.6823,304.9623,306.6823,307.4949,306.2114,1.72,2.5326,1.2491
2023-10-20,2023-11-03,Premium Petrol 95R,2,final,True,306.6823,304.1123,306.6823,307.8419,305.4173,2.57,3.7296,1.305
2023-10-20,2023-11-10,Premium Petrol 95R,3,final,True,306.6823,302.5971,306.6823,308.1375,304.6196,4.0851,5.5403,2.0224
2023-10-27,2023-11-03,Premium Petrol 95R,1,final,True,304.9623,304.1123,304.9623,306.3293,305.7749,0.85,2.217,1.6625
2023-10-27,2023-11-10,Premium Petrol 95R,2,final,True,304.9623,302.5971,304.9623,307.1156,306.1636,2.3652,4.5184,3.5664
2023-10-27,2023-11-17,Premium Petrol 95R,3,final,True,304.9623,300.2629,304.9623,307.5085,306.1891,4.6994,7.2456,5.9261
2023-11-03,2023-11-10,Premium Petrol 95R,1,final,True,304.1123,302.5971,304.1123,303.7571,304.145,1.5152,1.16,1.5479
2023-11-03,2023-11-17,Premium Petrol 95R,2,final,True,304.1123,300.2629,304.1123,303.6827,304.3624,3.8494,3.4198,4.0995
2023-11-03,2023-11-24,Premium Petrol 95R,3,final,True,304.1123,297.4475,304.1123,303.6567,304.5235,6.6648,6.2092,7.0761
2023-11-10,2023-11-17,Premium Petrol 95R,1,final,True,302.5971,300.2629,302.5971,300.8457,301.2706,2.3342,0.5828,1.0077
2023-11-10,2023-11-24,Premium Petrol 95R,2,final,True,302.5971,297.4475,302.5971,300.1157,300.6764,5.1497,2.6682,3.2289
2023-11-10,2023-12-01,Premium Petrol 95R,3,final,True,302.5971,294.5025,302.5971,299.7516,300.3541,8.0946,5.2491,5.8516
2023-11-17,2023-11-24,Premium Petrol 95R,1,final,True,300.2629,297.4475,300.2629,298.7129,298.7553,2.8154,1.2655,1.3078
2023-11-17,2023-12-01,Premium Petrol 95R,2,final,True,300.2629,294.5025,300.2629,298.0014,297.902,5.7604,3.4989,3.3995
2023-11-17,2023-12-08,Premium Petrol 95R,3,final,True,300.2629,290.1381,300.2629,297.7099,297.4153,10.1248,7.5717,7.2772
2023-11-24,2023-12-01,Premium Petrol 95R,1,final,True,297.4475,294.5025,297.4475,295.7564,295.819,2.945,1.2539,1.3165
2023-11-24,2023-12-08,Premium Petrol 95R,2,final,True,297.4475,290.1381,297.4475,295.0543,295.017,7.3093,4.9161,4.8789
2023-11-24,2023-12-15,Premium Petrol 95R,3,final,True,297.4475,285.3281,297.4475,294.812,294.6206,12.1194,9.484,9.2925
2023-12-01,2023-12-08,Premium Petrol 95R,1,final,True,294.5025,290.1381,294.5025,293.0282,293.1691,4.3644,2.8901,3.031
2023-12-01,2023-12-15,Premium Petrol 95R,2,final,True,294.5025,285.3281,294.5025,292.4628,292.6056,9.1744,7.1348,7.2775
2023-12-01,2023-12-22,Premium Petrol 95R,3,final,True,294.5025,283.2544,294.5025,292.2383,292.3014,11.2481,8.9839,9.0471
2023-12-08,2023-12-15,Premium Petrol 95R,1,final,True,290.1381,285.3281,290.1381,286.5988,287.4344,4.8101,1.2707,2.1063
2023-12-08,2023-12-22,Premium Petrol 95R,2,final,True,290.1381,283.2544,290.1381,285.1233,286.3797,6.8838,1.8689,3.1253
2023-12-08,2023-12-29,Premium Petrol 95R,3,final,True,290.1381,282.4298,290.1381,284.527,286.0123,7.7083,2.0971,3.5825
2023-12-15,2023-12-22,Premium Petrol 95R,1,final,True,285.3281,283.2544,285.3281,283.7584,283.6689,2.0737,0.504,0.4145
2023-12-15,2023-12-29,Premium Petrol 95R,2,final,True,285.3281,282.4298,285.3281,283.1176,282.7377,2.8983,0.6878,0.3079
2023-12-15,2024-01-05,Premium Petrol 95R,3,final,True,285.3281,282.76,285.3281,282.7867,282.0266,2.568,0.0267,-0.7334
2023-12-22,2023-12-29,Premium Petrol 95R,1,final,True,283.2544,282.4298,283.2544,282.6587,282.9364,0.8246,0.2289,0.5065
2023-12-22,2024-01-05,Premium Petrol 95R,2,final,True,283.2544,282.76,283.2544,282.3458,282.8161,0.4943,-0.4143,0.0561
2023-12-22,2024-01-12,Premium Petrol 95R,3,final,True,283.2544,282.368,283.2544,282.3702,282.9858,0.8864,0.0022,0.6178
2023-12-29,2024-01-05,Premium Petrol 95R,1,final,True,282.4298,282.76,282.4298,282.1894,282.5893,-0.3302,-0.5707,-0.1707
2023-12-29,2024-01-12,Premium Petrol 95R,2,final,True,282.4298,282.368,282.4298,282.2441,283.0042,0.0618,-0.1239,0.6362
2023-12-29,2024-01-19,Premium Petrol 95R,3,final,True,282.4298,282.2342,282.4298,282.2742,283.3936,0.1957,0.04,1.1594
2024-01-05,2024-01-12,Premium Petrol 95R,1,final,True,282.76,282.368,282.76,282.4411,282.969,0.3921,0.0731,0.601
2024-01-05,2024-01-19,Premium Petrol 95R,2,final,True,282.76,282.2342,282.76,282.3167,283.3292,0.5259,0.0825,1.0951
2024-01-05,2024-01-26,Premium Petrol 95R,3,final,True,282.76,284.0459,282.76,282.2986,283.7235,-1.2858,-1.7473,-0.3224
2024-01-12,2024-01-19,Premium Petrol 95R,1,final,True,282.368,282.2342,282.368,282.5027,282.7829,0.1338,0.2686,0.5488
2024-01-12,2024-01-26,Premium Petrol 95R,2,final,True,282.368,284.0459,282.368,282.5936,283.1105,-1.6779,-1.4522,-0.9354
2024-01-12,2024-02-02,Premium Petrol 95R,3,final,True,282.368,289.3025,282.368,282.6428,283.3985,-6.9346,-6.6597,-5.9041
2024-01-19,2024-01-26,Premium Petrol 95R,1,final,True,282.2342,284.0459,282.2342,284.6394,284.4591,-1.8117,0.5936,0.4133
2024-01-19,2024-02-02,Premium Petrol 95R,2,final,True,282.2342,289.3025,282.2342,285.6594,285.5566,-7.0684,-3.6431,-3.7459
2024-01-19,2024-02-09,Premium Petrol 95R,3,final,True,282.2342,292.4662,282.2342,286.155,286.2343,-10.232,-6.3112,-6.2319
2024-01-26,2024-02-02,Premium Petrol 95R,1,final,True,284.0459,289.3025,284.0459,288.6766,288.6919,-5.2567,-0.6259,-0.6107
2024-01-26,2024-02-09,Premium Petrol 95R,2,final,True,284.0459,292.4662,284.0459,290.6994,291.2299,-8.4203,-1.7668,-1.2363
2024-01-26,2024-02-16,Premium Petrol 95R,3,final,True,284.0459,294.9928,284.0459,291.6623,292.9205,-10.9469,-3.3305,-2.0723
2024-02-02,2024-02-09,Premium Petrol 95R,1,final,True,289.3025,292.4662,289.3025,291.7588,293.0297,-3.1637,-0.7074,0.5635
2024-02-02,2024-02-16,Premium Petrol 95R,2,final,True,289.3025,294.9928,289.3025,292.9061,295.7109,-5.6903,-2.0867,0.7181
2024-02-02,2024-02-23,Premium Petrol 95R,3,final,True,289.3025,297.0111,289.3025,293.4373,297.887,-7.7086,-3.5738,0.8759
2024-02-09,2024-02-16,Premium Petrol 95R,1,final,True,292.4662,294.9928,292.4662,292.8417,294.1712,-2.5266,-2.1511,-0.8216
2024-02-09,2024-02-23,Premium Petrol 95R,2,final,True,292.4662,297.0111,292.4662,293.0397,295.731,-4.5449,-3.9714,-1.2801
2024-02-09,2024-03-01,Premium Petrol 95R,3,final,True,292.4662,297.1697,292.4662,293.0123,297.0713,-4.7035,-4.1575,-0.0985
2024-02-16,2024-02-23,Premium Petrol 95R,1,final,True,294.9928,297.0111,294.9928,296.1823,296.7855,-2.0183,-0.8288,-0.2257
2024-02-16,2024-03-01,Premium Petrol 95R,2,final,True,294.9928,297.1697,294.9928,296.5688,297.8931,-2.1769,-0.6009,0.7234
2024-02-16,2024-03-08,Premium Petrol 95R,3,final,True,294.9928,297.8134,294.9928,296.7579,298.8624,-2.8206,-1.0555,1.049
2024-02-23,2024-03-01,Premium Petrol 95R,1,final,True,297.0111,297.1697,297.0111,296.0393,296.9552,-0.1586,-1.1304,-0.2145
2024-02-23,2024-03-08,Premium Petrol 95R,2,final,True,297.0111,297.8134,297.0111,295.6447,297.3881,-0.8023,-2.1687,-0.4254
2024-02-23,2024-03-15,Premium Petrol 95R,3,final,True,297.0111,297.1082,297.0111,295.5487,298.1368,-0.097,-1.5595,1.0286
2024-03-01,2024-03-08,Premium Petrol 95R,1,final,True,297.1697,297.8134,297.1697,297.4287,297.4906,-0.6437,-0.3847,-0.3228
2024-03-01,2024-03-15,Premium Petrol 95R,2,final,True,297.1697,297.1082,297.1697,297.6101,297.8234,0.0616,0.5019,0.7152
2024-03-01,2024-03-22,Premium Petrol 95R,3,final,True,297.1697,297.1854,297.1697,297.6052,297.9895,-0.0157,0.4198,0.8041
2024-03-08,2024-03-15,Premium Petrol 95R,1,final,True,297.8134,297.1082,297.8134,297.1576,297.6183,0.7052,0.0494,0.5102
2024-03-08,2024-03-22,Premium Petrol 95R,2,final,True,297.8134,297.1854,297.8134,296.7969,297.6449,0.628,-0.3886,0.4595
2024-03-08,2024-03-29,Premium Petrol 95R,3,final,True,297.8134,299.4997,297.8134,296.769,297.949,-1.6863,-2.7307,-1.5506
2024-03-15,2024-03-22,Premium Petrol 95R,1,final,True,297.1082,297.1854,297.1082,296.5083,296.7554,-0.0772,-0.6771,-0.43
2024-03-15,2024-03-29,Premium Petrol 95R,2,final,True,297.1082,299.4997,297.1082,296.3873,296.798,-2.3915,-3.1124,-2.7017
2024-03-15,2024-04-05,Premium Petrol 95R,3,final,True,297.1082,300.6807,297.1082,296.2668,296.8432,-3.5725,-4.4139,-3.8375
2024-03-22,2024-03-29,Premium Petrol 95R,1,final,True,297.1854,299.4997,297.1854,299.9199,299.3501,-2.3143,0.4202,-0.1496
2024-03-22,2024-04-05,Premium Petrol 95R,2,final,True,297.1854,300.6807,297.1854,301.0237,300.2019,-3.4953,0.3429,-0.4788
2024-03-22,2024-04-12,Premium Petrol 95R,3,final,True,297.1854,302.535,297.1854,301.5955,300.6073,-5.3496,-0.9396,-1.9277
2024-03-29,2024-04-05,Premium Petrol 95R,1,final,True,299.4997,300.6807,299.4997,301.6425,301.6712,-1.181,0.9618,0.9905
2024-03-29,2024-04-12,Premium Petrol 95R,2,final,True,299.4997,302.535,299.4997,302.6559,302.9139,-3.0354,0.1209,0.3789
2024-03-29,2024-04-19,Premium Petrol 95R,3,final,True,299.4997,302.2482,299.4997,303.231,303.8422,-2.7486,0.9827,1.594
2024-04-05,2024-04-12,Premium Petrol 95R,1,final,True,300.6807,302.535,300.6807,302.9019,303.0083,-1.8543,0.3668,0.4732
2024-04-05,2024-04-19,Premium Petrol 95R,2,final,True,300.6807,302.2482,300.6807,303.9935,304.4637,-1.5675,1.7452,2.2155
2024-04-05,2024-04-26,Premium Petrol 95R,3,final,True,300.6807,301.8507,300.6807,304.4088,305.3375,-1.17,2.5581,3.4867
2024-04-12,2024-04-19,Premium Petrol 95R,1,final,True,302.535,302.2482,302.535,303.3614,303.9709,0.2868,1.1132,1.7227
2024-04-12,2024-04-26,Premium Petrol 95R,2,final,True,302.535,301.8507,302.535,303.6637,304.9481,0.6843,1.813,3.0974
2024-04-12,2024-05-03,Premium Petrol 95R,3,final,True,302.535,300.899,302.535,303.8484,305.8214,1.6361,2.9495,4.9225
2024-04-19,2024-04-26,Premium Petrol 95R,1,final,True,302.2482,301.8507,302.2482,303.4178,303.5542,0.3975,1.5671,1.7035
2024-04-19,2024-05-03,Premium Petrol 95R,2,final,True,302.2482,300.899,302.2482,303.9694,304.3519,1.3493,3.0705,3.453
2024-04-19,2024-05-10,Premium Petrol 95R,3,final,True,302.2482,299.2204,302.2482,304.1735,304.9004,3.0279,4.9531,5.68
2024-04-26,2024-05-03,Premium Petrol 95R,1,final,True,301.8507,300.899,301.8507,301.1733,301.9673,0.9518,0.2744,1.0683
2024-04-26,2024-05-10,Premium Petrol 95R,2,final,True,301.8507,299.2204,301.8507,300.8536,302.4028,2.6303,1.6332,3.1825
2024-04-26,2024-05-17,Premium Petrol 95R,3,final,True,301.8507,296.0582,301.8507,300.7742,303.0586,5.7925,4.716,7.0003
2024-05-03,2024-05-10,Premium Petrol 95R,1,final,True,300.899,299.2204,300.899,300.0861,300.6553,1.6786,0.8658,1.4349
2024-05-03,2024-05-17,Premium Petrol 95R,2,final,True,300.899,296.0582,300.899,299.7988,300.8613,4.8407,3.7406,4.803
2024-05-03,2024-05-24,Premium Petrol 95R,3,final,True,300.899,292.6675,300.899,299.5983,301.1385,8.2314,6.9308,8.471
2024-05-10,2024-05-17,Premium Petrol 95R,1,final,True,299.2204,296.0582,299.2204,296.5497,297.4895,3.1621,0.4914,1.4312
2024-05-10,2024-05-24,Premium Petrol 95R,2,final,True,299.2204,292.6675,299.2204,295.3399,296.9409,6.5528,2.6724,4.2734
2024-05-10,2024-05-31,Premium Petrol 95R,3,final,True,299.2204,290.5897,299.2204,294.8658,296.9908,8.6307,4.2761,6.4011
2024-05-17,2024-05-24,Premium Petrol 95R,1,final,True,296.0582,292.6675,296.0582,292.6129,293.2841,3.3907,-0.0546,0.6166
2024-05-17,2024-05-31,Premium Petrol 95R,2,final,True,296.0582,290.5897,296.0582,291.1991,292.1538,5.4686,0.6094,1.5641
2024-05-17,2024-06-07,Premium Petrol 95R,3,final,True,296.0582,286.3223,296.0582,290.5002,291.6009,9.736,4.178,5.2786
2024-05-24,2024-05-31,Premium Petrol 95R,1,final,True,292.6675,290.5897,292.6675,290.4984,290.5381,2.0779,-0.0912,-0.0516
2024-05-24,2024-06-07,Premium Petrol 95R,2,final,True,292.6675,286.3223,292.6675,289.4827,289.3395,6.3453,3.1605,3.0172
2024-05-24,2024-06-14,Premium Petrol 95R,3,final,True,292.6675,281.806,292.6675,289.0972,288.6362,10.8615,7.2912,6.8302
2024-05-31,2024-06-07,Premium Petrol 95R,1,final,True,290.5897,286.3223,290.5897,288.1553,288.2935,4.2674,1.833,1.9712
2024-05-31,2024-06-14,Premium Petrol 95R,2,final,True,290.5897,281.806,290.5897,287.1668,287.1506,8.7836,5.3608,5.3446
2024-05-31,2024-06-21,Premium Petrol 95R,3,final,True,290.5897,280.6205,290.5897,286.7898,286.5119,9.9691,6.1692,5.8913
2024-06-07,2024-06-14,Premium Petrol 95R,1,final,True,286.3223,281.806,286.3223,284.0064,284.1125,4.5162,2.2003,2.3065
2024-06-07,2024-06-21,Premium Petrol 95R,2,final,True,286.3223,280.6205,286.3223,283.0613,283.0201,5.7017,2.4407,2.3996
2024-06-07,2024-06-28,Premium Petrol 95R,3,final,True,286.3223,283.1589,286.3223,282.6269,282.2968,3.1634,-0.532,-0.862
2024-06-14,2024-06-21,Premium Petrol 95R,1,final,True,281.806,280.6205,281.806,282.0727,281.8691,1.1855,1.4521,1.2486
2024-06-14,2024-06-28,Premium Petrol 95R,2,final,True,281.806,283.1589,281.806,282.1502,281.7374,-1.3528,-1.0087,-1.4215
2024-06-14,2024-07-05,Premium Petrol 95R,3,final,True,281.806,279.3651,281.806,282.2438,281.5875,2.4409,2.8786,2.2224
2024-06-21,2024-06-28,Premium Petrol 95R,1,final,True,280.6205,283.1589,280.6205,281.9605,282.2398,-2.5383,-1.1983,-0.9191
2024-06-21,2024-07-05,Premium Petrol 95R,2,final,True,280.6205,279.3651,280.6205,282.593,283.2586,1.2554,3.2278,3.8935
2024-06-21,2024-07-12,Premium Petrol 95R,3,final,True,280.6205,281.6026,280.6205,282.9853,284.096,-0.9821,1.3827,2.4934
2024-06-28,2024-07-05,Premium Petrol 95R,1,final,True,283.1589,279.3651,283.1589,284.562,285.3003,3.7938,5.1969,5.9352
2024-06-28,2024-07-12,Premium Petrol 95R,2,final,True,283.1589,281.6026,283.1589,285.285,286.906,1.5563,3.6824,5.3034
2024-06-28,2024-07-19,Premium Petrol 95R,3,final,True,283.1589,282.0122,283.1589,285.6157,288.1722,1.1467,3.6035,6.16
2024-07-05,2024-07-12,Premium Petrol 95R,1,final,True,279.3651,281.6026,279.3651,281.3065,281.8554,-2.2375,-0.2961,0.2528
2024-07-05,2024-07-19,Premium Petrol 95R,2,final,True,279.3651,282.0122,279.3651,282.1613,283.4448,-2.6471,0.1491,1.4326
2024-07-05,2024-07-26,Premium Petrol 95R,3,final,True,279.3651,281.5744,279.3651,282.5777,284.6542,-2.2093,1.0033,3.0797
2024-07-12,2024-07-19,Premium Petrol 95R,1,final,True,281.6026,282.0122,281.6026,281.4165,282.6709,-0.4096,-0.5957,0.6587
2024-07-12,2024-07-26,Premium Petrol 95R,2,final,True,281.6026,281.5744,281.6026,281.3872,283.8438,0.0282,-0.1872,2.2694
2024-07-12,2024-08-02,Premium Petrol 95R,3,final,True,281.6026,280.5179,281.6026,281.4122,285.0795,1.0847,0.8943,4.5616
2024-07-19,2024-07-26,Premium Petrol 95R,1,final,True,282.0122,281.5744,282.0122,282.0492,282.7283,0.4378,0.4747,1.1538
2024-07-19,2024-08-02,Premium Petrol 95R,2,final,True,282.0122,280.5179,282.0122,282.103,283.4764,1.4943,1.5851,2.9584
2024-07-19,2024-08-09,Premium Petrol 95R,3,final,True,282.0122,279.5091,282.0122,282.0563,284.1379,2.5031,2.5472,4.6288
2024-07-26,2024-08-02,Premium Petrol 95R,1,final,True,281.5744,280.5179,281.5744,281.0328,281.7984,1.0565,0.5149,1.2805
2024-07-26,2024-08-09,Premium Petrol 95R,2,final,True,281.5744,279.5091,281.5744,280.7326,282.2135,2.0653,1.2235,2.7044
2024-07-26,2024-08-16,Premium Petrol 95R,3,final,True,281.5744,277.4156,281.5744,280.6763,282.8474,4.1588,3.2607,5.4318
2024-08-02,2024-08-09,Premium Petrol 95R,1,final,True,280.5179,279.5091,280.5179,279.4508,280.1226,1.0088,-0.0583,0.6135
2024-08-02,2024-08-16,Premium Petrol 95R,2,final,True,280.5179,277.4156,280.5179,279.0653,280.3013,3.1023,1.6497,2.8857
2024-08-02,2024-08-23,Premium Petrol 95R,3,final,True,280.5179,275.6669,280.5179,278.856,280.6329,4.851,3.1891,4.966
2024-08-09,2024-08-16,Premium Petrol 95R,1,final,True,279.5091,277.4156,279.5091,276.1287,277.2626,2.0935,-1.287,-0.153
2024-08-09,2024-08-23,Premium Petrol 95R,2,final,True,279.5091,275.6669,279.5091,274.6426,276.5653,3.8422,-1.0243,0.8984
2024-08-09,2024-08-30,Premium Petrol 95R,3,final,True,279.5091,272.7988,279.5091,273.99,276.5275,6.7103,1.1912,3.7287
2024-08-16,2024-08-23,Premium Petrol 95R,1,final,True,277.4156,275.6669,277.4156,276.7628,276.7184,1.7487,1.0959,1.0515
2024-08-16,2024-08-30,Premium Petrol 95R,2,final,True,277.4156,272.7988,277.4156,276.4675,276.2926,4.6169,3.6688,3.4939
2024-08-16,2024-09-06,Premium Petrol 95R,3,final,True,277.4156,271.019,277.4156,276.2808,275.939,6.3966,5.2618,4.9201
2024-08-23,2024-08-30,Premium Petrol 95R,1,final,True,275.6669,272.7988,275.6669,273.1254,273.9047,2.8681,0.3266,1.106
2024-08-23,2024-09-06,Premium Petrol 95R,2,final,True,275.6669,271.019,275.6669,271.9702,273.2492,4.6479,0.9512,2.2302
2024-08-23,2024-09-13,Premium Petrol 95R,3,final,True,275.6669,268.5332,275.6669,271.6065,273.2649,7.1337,3.0734,4.7317
2024-08-30,2024-09-06,Premium Petrol 95R,1,final,True,272.7988,271.019,272.7988,271.0148,271.3914,1.7798,-0.0042,0.3724
2024-08-30,2024-09-13,Premium Petrol 95R,2,final,True,272.7988,268.5332,272.7988,270.378,270.9387,4.2656,1.8449,2.4055
2024-08-30,2024-09-20,Premium Petrol 95R,3,final,True,272.7988,266.1713,272.7988,269.956,270.6263,6.6275,3.7847,4.455
2024-09-06,2024-09-13,Premium Petrol 95R,1,final,True,271.019,268.5332,271.019,268.4877,269.2336,2.4858,-0.0454,0.7005
2024-09-06,2024-09-20,Premium Petrol 95R,2,final,True,271.019,266.1713,271.019,267.2655,268.4753,4.8477,1.0942,2.304
2024-09-06,2024-09-27,Premium Petrol 95R,3,final,True,271.019,264.8405,271.019,266.8392,268.3405,6.1785,1.9986,3.5
2024-09-13,2024-09-20,Premium Petrol 95R,1,final,True,268.5332,266.1713,268.5332,266.5252,266.8389,2.3618,0.3539,0.6676
2024-09-13,2024-09-27,Premium Petrol 95R,2,final,True,268.5332,264.8405,268.5332,265.7376,266.1055,3.6927,0.8971,1.265
2024-09-13,2024-10-04,Premium Petrol 95R,3,final,True,268.5332,264.6947,268.5332,265.3268,265.6868,3.8385,0.6321,0.9921
2024-09-20,2024-09-27,Premium Petrol 95R,1,final,True,266.1713,264.8405,266.1713,266.5633,266.7829,1.3308,1.7227,1.9424
2024-09-20,2024-10-04,Premium Petrol 95R,2,final,True,266.1713,264.6947,266.1713,266.675,267.1696,1.4766,1.9802,2.4749
2024-09-20,2024-10-11,Premium Petrol 95R,3,final,True,266.1713,266.8502,266.1713,266.8132,267.5624,-0.6789,-0.037,0.7122
2024-09-27,2024-10-04,Premium Petrol 95R,1,final,True,264.8405,264.6947,264.8405,264.3669,264.9449,0.1458,-0.3278,0.2502
2024-09-27,2024-10-11,Premium Petrol 95R,2,final,True,264.8405,266.8502,264.8405,264.2522,265.3242,-2.0097,-2.5979,-1.5259
2024-09-27,2024-10-18,Premium Petrol 95R,3,final,True,264.8405,269.9858,264.8405,264.2473,265.7987,-5.1453,-5.7385,-4.1872
2024-10-04,2024-10-11,Premium Petrol 95R,1,final,True,264.6947,266.8502,264.6947,264.4681,264.9777,-2.1555,-2.3821,-1.8725
2024-10-04,2024-10-18,Premium Petrol 95R,2,final,True,264.6947,269.9858,264.6947,264.4162,265.408,-5.2911,-5.5696,-4.5778
2024-10-04,2024-10-25,Premium Petrol 95R,3,final,True,264.6947,271.0404,264.6947,264.3869,265.8246,-6.3457,-6.6535,-5.2158
2024-10-11,2024-10-18,Premium Petrol 95R,1,final,True,266.8502,269.9858,266.8502,270.5366,270.2791,-3.1357,0.5507,0.2933
2024-10-11,2024-10-25,Premium Petrol 95R,2,final,True,266.8502,271.0404,266.8502,272.101,271.9429,-4.1902,1.0606,0.9025
2024-10-11,2024-11-01,Premium Petrol 95R,3,final,True,266.8502,270.1572,266.8502,272.9033,272.9843,-3.307,2.7462,2.8272
2024-10-18,2024-10-25,Premium Petrol 95R,1,final,True,269.9858,271.0404,269.9858,270.3848,271.51,-1.0546,-0.6557,0.4696
2024-10-18,2024-11-01,Premium Petrol 95R,2,final,True,269.9858,270.1572,269.9858,270.6904,272.9567,-0.1713,0.5332,2.7995
2024-10-18,2024-11-08,Premium Petrol 95R,3,final,True,269.9858,271.2261,269.9858,270.896,274.3532,-1.2402,-0.3301,3.1271
2024-10-25,2024-11-01,Premium Petrol 95R,1,final,True,271.0404,270.1572,271.0404,271.226,271.7444,0.8833,1.0689,1.5873
2024-10-25,2024-11-08,Premium Petrol 95R,2,final,True,271.0404,271.2261,271.0404,271.3818,272.4533,-0.1857,0.1558,1.2272
2024-10-25,2024-11-15,Premium Petrol 95R,3,final,True,271.0404,273.2817,271.0404,271.3747,272.995,-2.2413,-1.907,-0.2867
2024-11-01,2024-11-08,Premium Petrol 95R,1,final,True,270.1572,271.2261,270.1572,269.6088,270.1731,-1.0689,-1.6172,-1.053
2024-11-01,2024-11-15,Premium Petrol 95R,2,final,True,270.1572,273.2817,270.1572,269.2995,270.3482,-3.1245,-3.9821,-2.9334
2024-11-01,2024-11-22,Premium Petrol 95R,3,final,True,270.1572,273.3833,270.1572,269.2033,270.6909,-3.2262,-4.18,-2.6925
2024-11-08,2024-11-15,Premium Petrol 95R,1,final,True,271.2261,273.2817,271.2261,271.9537,272.1481,-2.0556,-1.3279,-1.1335
2024-11-08,2024-11-22,Premium Petrol 95R,2,final,True,271.2261,273.3833,271.2261,272.3038,272.754,-2.1573,-1.0796,-0.6293
2024-11-08,2024-11-29,Premium Petrol 95R,3,final,True,271.2261,273.3781,271.2261,272.4543,273.2421,-2.152,-0.9238,-0.1359
2024-11-15,2024-11-22,Premium Petrol 95R,1,final,True,273.2817,273.3833,273.2817,272.8517,273.449,-0.1017,-0.5317,0.0657
2024-11-15,2024-11-29,Premium Petrol 95R,2,final,True,273.2817,273.3781,273.2817,272.6786,273.8707,-0.0964,-0.6995,0.4927
2024-11-15,2024-12-06,Premium Petrol 95R,3,final,True,273.2817,272.767,273.2817,272.6547,274.4082,0.5147,-0.1123,1.6413
2024-11-22,2024-11-29,Premium Petrol 95R,1,final,True,273.3833,273.3781,273.3833,274.3967,274.3477,0.0053,1.0187,0.9696
2024-11-22,2024-12-06,Premium Petrol 95R,2,final,True,273.3833,272.767,273.3833,274.8776,274.8702,0.6164,2.1107,2.1033
2024-11-22,2024-12-13,Premium Petrol 95R,3,final,True,273.3833,273.0097,273.3833,275.103,275.1798,0.3736,2.0933,2.1701
2024-11-29,2024-12-06,Premium Petrol 95R,1,final,True,273.3781,272.767,273.3781,273.7165,274.0884,0.6111,0.9495,1.3214
2024-11-29,2024-12-13,Premium Petrol 95R,2,final,True,273.3781,273.0097,273.3781,273.877,274.6468,0.3683,0.8673,1.6371
2024-11-29,2024-12-20,Premium Petrol 95R,3,final,True,273.3781,275.6806,273.3781,274.0073,275.1793,-2.3025,-1.6732,-0.5012
2024-12-06,2024-12-13,Premium Petrol 95R,1,final,True,272.767,273.0097,272.767,272.7161,273.1105,-0.2428,-0.2936,0.1007
2024-12-06,2024-12-20,Premium Petrol 95R,2,final,True,272.767,275.6806,272.767,272.7541,273.5232,-2.9136,-2.9265,-2.1573
2024-12-06,2024-12-27,Premium Petrol 95R,3,final,True,272.767,278.9891,272.767,272.7677,273.9254,-6.2221,-6.2213,-5.0637
2024-12-13,2024-12-20,Premium Petrol 95R,1,final,True,273.0097,275.6806,273.0097,274.2653,274.3745,-2.6708,-1.4152,-1.306
2024-12-13,2024-12-27,Premium Petrol 95R,2,final,True,273.0097,278.9891,273.0097,274.7976,275.1554,-5.9793,-4.1915,-3.8336
2024-12-13,2025-01-03,Premium Petrol 95R,3,final,True,273.0097,280.5825,273.0097,275.0698,275.7138,-7.5728,-5.5127,-4.8688
2024-12-20,2024-12-27,Premium Petrol 95R,1,final,True,275.6806,278.9891,275.6806,277.0355,277.3996,-3.3085,-1.9535,-1.5894
2024-12-20,2025-01-03,Premium Petrol 95R,2,final,True,275.6806,280.5825,275.6806,277.6615,278.5128,-4.902,-2.9211,-2.0697
2024-12-20,2025-01-10,Premium Petrol 95R,3,final,True,275.6806,281.5052,275.6806,277.9967,279.4125,-5.8246,-3.5085,-2.0926
2024-12-27,2025-01-03,Premium Petrol 95R,1,final,True,278.9891,280.5825,278.9891,279.4482,279.874,-1.5935,-1.1344,-0.7085
2024-12-27,2025-01-10,Premium Petrol 95R,2,final,True,278.9891,281.5052,278.9891,279.7126,280.6241,-2.5161,-1.7926,-0.8811
2024-12-27,2025-01-17,Premium Petrol 95R,3,final,True,278.9891,283.5769,278.9891,279.8564,281.2741,-4.5879,-3.7206,-2.3028
2025-01-03,2025-01-10,Premium Petrol 95R,1,final,True,280.5825,281.5052,280.5825,281.5292,281.5007,-0.9226,0.0241,-0.0045
2025-01-03,2025-01-17,Premium Petrol 95R,2,final,True,280.5825,283.5769,280.5825,281.965,282.0005,-2.9944,-1.6119,-1.5764
2025-01-03,2025-01-24,Premium Petrol 95R,3,final,True,280.5825,285.7869,280.5825,282.1733,282.3053,-5.2044,-3.6137,-3.4817
2025-01-10,2025-01-17,Premium Petrol 95R,1,final,True,281.5052,283.5769,281.5052,282.1555,282.1942,-2.0717,-1.4215,-1.3827
2025-01-10,2025-01-24,Premium Petrol 95R,2,final,True,281.5052,285.7869,281.5052,282.4555,282.5882,-4.2818,-3.3315,-3.1988
2025-01-10,2025-01-31,Premium Petrol 95R,3,final,True,281.5052,285.6764,281.5052,282.6237,282.8915,-4.1712,-3.0527,-2.7849
2025-01-17,2025-01-24,Premium Petrol 95R,1,final,True,283.5769,285.7869,283.5769,285.6941,285.3929,-2.21,-0.0928,-0.3941
2025-01-17,2025-01-31,Premium Petrol 95R,2,final,True,283.5769,285.6764,283.5769,286.6408,286.2714,-2.0995,0.9644,0.595
2025-01-17,2025-02-07,Premium Petrol 95R,3,final,True,283.5769,284.6284,283.5769,287.0965,286.7612,-1.0515,2.4681,2.1328
2025-01-24,2025-01-31,Premium Petrol 95R,1,final,True,285.7869,285.6764,285.7869,284.9735,285.5257,0.1105,-0.7029,-0.1507
2025-01-24,2025-02-07,Premium Petrol 95R,2,final,True,285.7869,284.6284,285.7869,284.6768,285.6975,1.1585,0.0484,1.0691
2025-01-24,2025-02-14,Premium Petrol 95R,3,final,True,285.7869,283.8576,285.7869,284.5874,286.0409,1.9294,0.7298,2.1833
2025-01-31,2025-02-07,Premium Petrol 95R,1,final,True,285.6764,284.6284,285.6764,285.8664,285.6488,1.048,1.238,1.0204
2025-01-31,2025-02-14,Premium Petrol 95R,2,final,True,285.6764,283.8576,285.6764,285.9881,285.5689,1.8188,2.1305,1.7113
2025-01-31,2025-02-21,Premium Petrol 95R,3,final,True,285.6764,283.356,285.6764,286.0039,285.3927,2.3204,2.6478,2.0367
2025-02-07,2025-02-14,Premium Petrol 95R,1,final,True,284.6284,283.8576,284.6284,284.3431,284.3351,0.7708,0.4856,0.4776
2025-02-07,2025-02-21,Premium Petrol 95R,2,final,True,284.6284,283.356,284.6284,284.1799,284.1308,1.2724,0.8238,0.7748
2025-02-07,2025-02-28,Premium Petrol 95R,3,final,True,284.6284,283.0164,284.6284,284.1598,284.0505,1.612,1.1434,1.0341
2025-02-14,2025-02-21,Premium Petrol 95R,1,final,True,283.8576,283.356,283.8576,284.197,284.0571,0.5015,0.841,0.7011
2025-02-14,2025-02-28,Premium Petrol 95R,2,final,True,283.8576,283.0164,283.8576,284.3898,284.1437,0.8412,1.3734,1.1273
2025-02-14,2025-03-07,Premium Petrol 95R,3,final,True,283.8576,281.4728,283.8576,284.4823,284.1714,2.3848,3.0095,2.6986
2025-02-21,2025-02-28,Premium Petrol 95R,1,final,True,283.356,283.0164,283.356,283.7645,283.8209,0.3396,0.7481,0.8045
2025-02-21,2025-03-07,Premium Petrol 95R,2,final,True,283.356,281.4728,283.356,283.946,284.1222,1.8832,2.4732,2.6494
2025-02-21,2025-03-14,Premium Petrol 95R,3,final,True,283.356,279.2257,283.356,284.0801,284.3684,4.1304,4.8544,5.1428
2025-02-28,2025-03-07,Premium Petrol 95R,1,final,True,283.0164,281.4728,283.0164,281.7128,282.2232,1.5436,0.24,0.7504
2025-02-28,2025-03-14,Premium Petrol 95R,2,final,True,283.0164,279.2257,283.0164,281.2079,282.0631,3.7908,1.9823,2.8375
2025-02-28,2025-03-21,Premium Petrol 95R,3,final,True,283.0164,277.2499,283.0164,280.9886,282.1399,5.7665,3.7388,4.89
2025-03-07,2025-03-14,Premium Petrol 95R,1,final,True,281.4728,279.2257,281.4728,279.2012,279.5527,2.2472,-0.0245,0.3271
2025-03-07,2025-03-21,Premium Petrol 95R,2,final,True,281.4728,277.2499,281.4728,278.2207,278.6877,4.2229,0.9708,1.4379
2025-03-07,2025-03-28,Premium Petrol 95R,3,final,True,281.4728,276.2807,281.4728,277.7578,278.2262,5.1921,1.4771,1.9455
2025-03-14,2025-03-21,Premium Petrol 95R,1,final,True,279.2257,277.2499,279.2257,277.2525,277.2258,1.9758,0.0027,-0.024
2025-03-14,2025-03-28,Premium Petrol 95R,2,final,True,279.2257,276.2807,279.2257,276.36,276.0871,2.945,0.0794,-0.1935
2025-03-14,2025-04-04,Premium Petrol 95R,3,final,True,279.2257,277.3753,279.2257,275.9586,275.3489,1.8503,-1.4167,-2.0264
2025-03-21,2025-03-28,Premium Petrol 95R,1,final,True,277.2499,276.2807,277.2499,276.8517,276.4317,0.9692,0.5711,0.151
2025-03-21,2025-04-04,Premium Petrol 95R,2,final,True,277.2499,277.3753,277.2499,276.6639,275.7852,-0.1255,-0.7114,-1.5901
2025-03-21,2025-04-11,Premium Petrol 95R,3,final,True,277.2499,276.4452,277.2499,276.6189,275.2653,0.8047,0.1737,-1.1799
2025-03-28,2025-04-04,Premium Petrol 95R,1,final,True,276.2807,277.3753,276.2807,277.5475,277.1167,-1.0947,0.1721,-0.2586
2025-03-28,2025-04-11,Premium Petrol 95R,2,final,True,276.2807,276.4452,276.2807,278.1336,277.41,-0.1645,1.6885,0.9648
2025-03-28,2025-04-18,Premium Petrol 95R,3,final,True,276.2807,273.7871,276.2807,278.4767,277.503,2.4936,4.6897,3.7159
2025-04-04,2025-04-11,Premium Petrol 95R,1,final,True,277.3753,276.4452,277.3753,277.4832,277.7702,0.9302,1.038,1.3251
2025-04-04,2025-04-18,Premium Petrol 95R,2,final,True,277.3753,273.7871,277.3753,277.6175,278.1836,3.5883,3.8304,4.3965
2025-04-04,2025-04-25,Premium Petrol 95R,3,final,True,277.3753,272.1404,277.3753,277.7336,278.5692,5.2349,5.5932,6.4288
2025-04-11,2025-04-18,Premium Petrol 95R,1,final,True,276.4452,273.7871,276.4452,271.8914,272.752,2.6581,-1.8957,-1.0351
2025-04-11,2025-04-25,Premium Petrol 95R,2,final,True,276.4452,272.1404,276.4452,269.962,271.1766,4.3047,-2.1784,-0.9638
2025-04-11,2025-05-02,Premium Petrol 95R,3,final,True,276.4452,271.0366,276.4452,269.0512,270.4024,5.4086,-1.9854,-0.6342
2025-04-18,2025-04-25,Premium Petrol 95R,1,final,True,273.7871,272.1404,273.7871,271.3226,270.6376,1.6466,-0.8178,-1.5028
2025-04-18,2025-05-02,Premium Petrol 95R,2,final,True,273.7871,271.0366,273.7871,270.1518,268.506,2.7505,-0.8848,-2.5306
2025-04-18,2025-05-09,Premium Petrol 95R,3,final,True,273.7871,269.7093,273.7871,269.5594,266.8284,4.0778,-0.1499,-2.8809
2025-04-25,2025-05-02,Premium Petrol 95R,1,final,True,272.1404,271.0366,272.1404,271.6523,270.5779,1.1038,0.6157,-0.4587
2025-04-25,2025-05-09,Premium Petrol 95R,2,final,True,272.1404,269.7093,272.1404,271.3597,269.1529,2.4312,1.6504,-0.5564
2025-04-25,2025-05-16,Premium Petrol 95R,3,final,True,272.1404,268.6942,272.1404,271.3605,268.0206,3.4463,2.6664,-0.6735
2025-05-02,2025-05-09,Premium Petrol 95R,1,final,True,271.0366,269.7093,271.0366,270.3082,269.6271,1.3273,0.5989,-0.0822
2025-05-02,2025-05-16,Premium Petrol 95R,2,final,True,271.0366,268.6942,271.0366,270.1187,268.7042,2.3424,1.4245,0.01
2025-05-02,2025-05-23,Premium Petrol 95R,3,final,True,271.0366,268.0962,271.0366,270.1139,267.956,2.9404,2.0177,-0.1402
2025-05-09,2025-05-16,Premium Petrol 95R,1,final,True,269.7093,268.6942,269.7093,268.8823,268.2647,1.0151,0.1881,-0.4294
2025-05-09,2025-05-23,Premium Petrol 95R,2,final,True,269.7093,268.0962,269.7093,268.599,267.2814,1.6131,0.5028,-0.8148
2025-05-09,2025-05-30,Premium Petrol 95R,3,final,True,269.7093,267.3857,269.7093,268.4835,266.3706,2.3236,1.0978,-1.0151
2025-05-16,2025-05-23,Premium Petrol 95R,1,final,True,268.6942,268.0962,268.6942,270.0196,268.9801,0.598,1.9234,0.8839
2025-05-16,2025-05-30,Premium Petrol 95R,2,final,True,268.6942,267.3857,268.6942,270.6201,268.6127,1.3084,3.2344,1.227
2025-05-16,2025-06-06,Premium Petrol 95R,3,final,True,268.6942,265.954,268.6942,270.9204,267.9927,2.7401,4.9663,2.0386
2025-05-23,2025-05-30,Premium Petrol 95R,1,final,True,268.0962,267.3857,268.0962,268.4189,268.1528,0.7105,1.0331,0.7671
2025-05-23,2025-06-06,Premium Petrol 95R,2,final,True,268.0962,265.954,268.0962,268.6024,268.0877,2.1421,2.6484,2.1336
2025-05-23,2025-06-13,Premium Petrol 95R,3,final,True,268.0962,265.7875,268.0962,268.7463,268.0116,2.3087,2.9587,2.2241
2025-05-30,2025-06-06,Premium Petrol 95R,1,final,True,267.3857,265.954,267.3857,267.3083,267.1336,1.4317,1.3542,1.1796
2025-05-30,2025-06-13,Premium Petrol 95R,2,final,True,267.3857,265.7875,267.3857,267.336,266.9883,1.5982,1.5485,1.2007
2025-05-30,2025-06-20,Premium Petrol 95R,3,final,True,267.3857,267.9807,267.3857,267.3467,266.8168,-0.5949,-0.6339,-1.1638
2025-06-06,2025-06-13,Premium Petrol 95R,1,final,True,265.954,265.7875,265.954,265.8082,265.6487,0.1665,0.0207,-0.1388
2025-06-06,2025-06-20,Premium Petrol 95R,2,final,True,265.954,267.9807,265.954,265.7418,265.3955,-2.0266,-2.2388,-2.5852
2025-06-06,2025-06-27,Premium Petrol 95R,3,final,True,265.954,272.3289,265.954,265.7281,265.1699,-6.3748,-6.6007,-7.159
2025-06-13,2025-06-20,Premium Petrol 95R,1,final,True,265.7875,267.9807,265.7875,267.2595,266.8693,-2.1931,-0.7212,-1.1113
2025-06-13,2025-06-27,Premium Petrol 95R,2,final,True,265.7875,272.3289,265.7875,267.9269,267.2845,-6.5413,-4.402,-5.0444
2025-06-13,2025-07-04,Premium Petrol 95R,3,final,True,265.7875,271.955,265.7875,268.2597,267.4525,-6.1675,-3.6953,-4.5025
2025-06-20,2025-06-27,Premium Petrol 95R,1,final,True,267.9807,272.3289,267.9807,271.7545,271.3654,-4.3482,-0.5744,-0.9635
2025-06-20,2025-07-04,Premium Petrol 95R,2,final,True,267.9807,271.955,267.9807,273.4662,273.1042,-3.9744,1.5112,1.1492
2025-06-20,2025-07-11,Premium Petrol 95R,3,final,True,267.9807,270.7596,267.9807,274.3222,274.1571,-2.7789,3.5626,3.3975
2025-06-27,2025-07-04,Premium Petrol 95R,1,final,True,272.3289,271.955,272.3289,271.7817,272.8883,0.3739,-0.1733,0.9333
2025-06-27,2025-07-11,Premium Petrol 95R,2,final,True,272.3289,270.7596,272.3289,271.6325,273.7764,1.5693,0.8729,3.0168
2025-06-27,2025-07-18,Premium Petrol 95R,3,final,True,272.3289,270.3199,272.3289,271.6027,274.7646,2.009,1.2828,4.4447
2025-07-04,2025-07-11,Premium Petrol 95R,1,final,True,271.955,270.7596,271.955,270.2712,270.5907,1.1954,-0.4884,-0.1688
2025-07-04,2025-07-18,Premium Petrol 95R,2,final,True,271.955,270.3199,271.955,269.5499,270.0069,1.6351,-0.77,-0.313
2025-07-04,2025-07-25,Premium Petrol 95R,3,final,True,271.955,270.6665,271.955,269.1474,269.6487,1.2885,-1.5191,-1.0178
2025-07-11,2025-07-18,Premium Petrol 95R,1,final,True,270.7596,270.3199,270.7596,270.6386,270.2281,0.4397,0.3187,-0.0918
2025-07-11,2025-07-25,Premium Petrol 95R,2,final,True,270.7596,270.6665,270.7596,270.5069,269.6558,0.093,-0.1597,-1.0107
2025-07-11,2025-08-01,Premium Petrol 95R,3,final,True,270.7596,270.4971,270.7596,270.478,269.1824,0.2625,-0.0191,-1.3147
2025-07-18,2025-07-25,Premium Petrol 95R,1,final,True,270.3199,270.6665,270.3199,270.2116,270.0721,-0.3466,-0.455,-0.5944
2025-07-18,2025-08-01,Premium Petrol 95R,2,final,True,270.3199,270.4971,270.3199,270.1964,269.9152,-0.1772,-0.3007,-0.5819
2025-07-18,2025-08-08,Premium Petrol 95R,3,final,True,270.3199,270.3007,270.3199,270.2296,269.8551,0.0192,-0.0711,-0.4456
2025-07-25,2025-08-01,Premium Petrol 95R,1,final,True,270.6665,270.4971,270.6665,269.7844,269.8883,0.1694,-0.7128,-0.6088
2025-07-25,2025-08-08,Premium Petrol 95R,2,final,True,270.6665,270.3007,270.6665,269.4185,269.5825,0.3658,-0.8822,-0.7182
2025-07-25,2025-08-15,Premium Petrol 95R,3,final,True,270.6665,269.177,270.6665,269.2845,269.439,1.4895,0.1074,0.262
2025-08-01,2025-08-08,Premium Petrol 95R,1,final,True,270.4971,270.3007,270.4971,271.5842,271.0537,0.1964,1.2835,0.753
2025-08-01,2025-08-15,Premium Petrol 95R,2,final,True,270.4971,269.177,270.4971,272.1082,271.1314,1.3201,2.9311,1.9543
2025-08-01,2025-08-22,Premium Petrol 95R,3,final,True,270.4971,267.8528,270.4971,272.3735,270.9754,2.6443,4.5207,3.1225
2025-08-08,2025-08-15,Premium Petrol 95R,1,final,True,270.3007,269.177,270.3007,270.0133,270.1551,1.1237,0.8363,0.9781
2025-08-08,2025-08-22,Premium Petrol 95R,2,final,True,270.3007,267.8528,270.3007,269.9119,270.1344,2.4479,2.059,2.2815
2025-08-08,2025-08-29,Premium Petrol 95R,3,final,True,270.3007,268.7872,270.3007,269.9109,270.2109,1.5135,1.1236,1.4236
2025-08-15,2025-08-22,Premium Petrol 95R,1,final,True,269.177,267.8528,269.177,269.4538,269.2671,1.3242,1.601,1.4143
2025-08-15,2025-08-29,Premium Petrol 95R,2,final,True,269.177,268.7872,269.177,269.6221,269.2857,0.3898,0.8349,0.4985
2025-08-15,2025-09-05,Premium Petrol 95R,3,final,True,269.177,269.6748,269.177,269.6987,269.2247,-0.4978,0.0239,-0.4501
2025-08-22,2025-08-29,Premium Petrol 95R,1,final,True,267.8528,268.7872,267.8528,269.0431,268.8681,-0.9344,0.2558,0.0809
2025-08-22,2025-09-05,Premium Petrol 95R,2,final,True,267.8528,269.6748,267.8528,269.5772,269.3476,-1.8219,-0.0976,-0.3272
2025-08-22,2025-09-12,Premium Petrol 95R,3,final,True,267.8528,270.1589,267.8528,269.8618,269.6142,-2.3061,-0.2971,-0.5447
2025-08-29,2025-09-05,Premium Petrol 95R,1,final,True,268.7872,269.6748,268.7872,269.812,270.0611,-0.8875,0.1372,0.3863
2025-08-29,2025-09-12,Premium Petrol 95R,2,final,True,268.7872,270.1589,268.7872,270.3172,270.9031,-1.3717,0.1583,0.7442
2025-08-29,2025-09-19,Premium Petrol 95R,3,final,True,268.7872,270.3679,268.7872,270.5717,271.5657,-1.5806,0.2038,1.1979
2025-09-05,2025-09-12,Premium Petrol 95R,1,final,True,269.6748,270.1589,269.6748,270.5051,270.8426,-0.4841,0.3462,0.6837
2025-09-05,2025-09-19,Premium Petrol 95R,2,final,True,269.6748,270.3679,269.6748,270.9063,271.6862,-0.6931,0.5384,1.3183
2025-09-05,2025-09-26,Premium Petrol 95R,3,final,True,269.6748,270.5399,269.6748,271.1106,272.3574,-0.8651,0.5706,1.8174
2025-09-12,2025-09-19,Premium Petrol 95R,1,final,True,270.1589,270.3679,270.1589,269.8152,270.405,-0.209,-0.5527,0.0371
2025-09-12,2025-09-26,Premium Petrol 95R,2,final,True,270.1589,270.5399,270.1589,269.6816,270.8065,-0.381,-0.8584,0.2665
2025-09-12,2025-10-03,Premium Petrol 95R,3,final,True,270.1589,270.8184,270.1589,269.6359,271.2805,-0.6595,-1.1825,0.4621
2025-09-19,2025-09-26,Premium Petrol 95R,1,final,True,270.3679,270.5399,270.3679,270.5508,270.8047,-0.1721,0.0108,0.2648
2025-09-19,2025-10-03,Premium Petrol 95R,2,final,True,270.3679,270.8184,270.3679,270.6489,271.1749,-0.4505,-0.1695,0.3565
2025-09-19,2025-10-10,Premium Petrol 95R,3,final,True,270.3679,270.8171,270.3679,270.6935,271.5086,-0.4492,-0.1235,0.6916
2025-09-26,2025-10-03,Premium Petrol 95R,1,final,True,270.5399,270.8184,270.5399,270.31,270.6904,-0.2785,-0.5084,-0.128
2025-09-26,2025-10-10,Premium Petrol 95R,2,final,True,270.5399,270.8171,270.5399,270.2061,270.949,-0.2771,-0.611,0.132
2025-09-26,2025-10-17,Premium Petrol 95R,3,final,True,270.5399,270.6928,270.5399,270.1899,271.2881,-0.1529,-0.5029,0.5953
2025-10-03,2025-10-10,Premium Petrol 95R,1,final,True,270.8184,270.8171,270.8184,271.3456,271.4574,0.0014,0.5286,0.6403
2025-10-03,2025-10-17,Premium Petrol 95R,2,final,True,270.8184,270.6928,270.8184,271.6161,271.8988,0.1256,0.9233,1.206
2025-10-03,2025-10-24,Premium Petrol 95R,3,final,True,270.8184,270.6688,270.8184,271.7535,272.2363,0.1496,1.0847,1.5674
2025-10-10,2025-10-17,Premium Petrol 95R,1,final,True,270.8171,270.6928,270.8171,271.0276,271.3226,0.1243,0.3348,0.6297
2025-10-10,2025-10-24,Premium Petrol 95R,2,final,True,270.8171,270.6688,270.8171,271.1376,271.7499,0.1482,0.4687,1.0811
2025-10-10,2025-10-31,Premium Petrol 95R,3,final,True,270.8171,271.1568,270.8171,271.2272,272.1544,-0.3397,0.0704,0.9976
2025-10-17,2025-10-24,Premium Petrol 95R,1,final,True,270.6928,270.6688,270.6928,270.9704,271.1992,0.024,0.3016,0.5304
2025-10-17,2025-10-31,Premium Petrol 95R,2,final,True,270.6928,271.1568,270.6928,271.1352,271.6075,-0.464,-0.0216,0.4508
2025-10-17,2025-11-07,Premium Petrol 95R,3,final,True,270.6928,272.8344,270.6928,271.2232,271.9564,-2.1416,-1.6112,-0.878
2025-10-24,2025-10-31,Premium Petrol 95R,1,final,True,270.6688,271.1568,270.6688,271.3832,271.5803,-0.4879,0.2264,0.4236
2025-10-24,2025-11-07,Premium Petrol 95R,2,final,True,270.6688,272.8344,270.6688,271.7198,272.189,-2.1656,-1.1146,-0.6454
2025-10-24,2025-11-14,Premium Petrol 95R,3,final,True,270.6688,273.9829,270.6688,271.8989,272.6647,-3.3141,-2.084,-1.3182
2025-10-31,2025-11-07,Premium Petrol 95R,1,final,True,271.1568,272.8344,271.1568,272.3436,272.5694,-1.6776,-0.4908,-0.265
2025-10-31,2025-11-14,Premium Petrol 95R,2,final,True,271.1568,273.9829,271.1568,272.9083,273.4736,-2.8262,-1.0747,-0.5093
2025-10-31,2025-11-21,Premium Petrol 95R,3,final,True,271.1568,275.5592,271.1568,273.1895,274.1575,-4.4024,-2.3697,-1.4017
2025-11-07,2025-11-14,Premium Petrol 95R,1,final,True,272.8344,273.9829,272.8344,274.0009,274.3406,-1.1485,0.0179,0.3576
2025-11-07,2025-11-21,Premium Petrol 95R,2,final,True,272.8344,275.5592,272.8344,274.557,275.3633,-2.7248,-1.0022,-0.1959
2025-11-07,2025-11-28,Premium Petrol 95R,3,final,True,272.8344,276.6512,272.8344,274.8397,276.1647,-3.8168,-1.8115,-0.4865
2025-11-14,2025-11-21,Premium Petrol 95R,1,final,True,273.9829,275.5592,273.9829,275.5294,275.5272,-1.5763,-0.0298,-0.032
2025-11-14,2025-11-28,Premium Petrol 95R,2,final,True,273.9829,276.6512,273.9829,276.2612,276.4138,-2.6683,-0.3901,-0.2374
2025-11-14,2025-12-05,Premium Petrol 95R,3,final,True,273.9829,276.2436,273.9829,276.6142,276.9931,-2.2606,0.3706,0.7495
2025-11-21,2025-11-28,Premium Petrol 95R,1,final,True,275.5592,276.6512,275.5592,275.3482,275.8172,-1.092,-1.303,-0.834
2025-11-21,2025-12-05,Premium Petrol 95R,2,final,True,275.5592,276.2436,275.5592,275.274,276.1835,-0.6844,-0.9696,-0.0601
2025-11-21,2025-12-12,Premium Petrol 95R,3,final,True,275.5592,276.443,275.5592,275.2634,276.6079,-0.8838,-1.1796,0.1649
2025-11-28,2025-12-05,Premium Petrol 95R,1,final,True,276.6512,276.2436,276.6512,276.3735,276.4652,0.4076,0.1299,0.2216
2025-11-28,2025-12-12,Premium Petrol 95R,2,final,True,276.6512,276.443,276.6512,276.2727,276.4287,0.2082,-0.1703,-0.0143
2025-11-28,2025-12-19,Premium Petrol 95R,3,final,True,276.6512,275.6096,276.6512,276.2198,276.4326,1.0416,0.6102,0.8231
2025-12-05,2025-12-12,Premium Petrol 95R,1,final,True,276.2436,276.443,276.2436,276.2359,276.0064,-0.1994,-0.2071,-0.4366
2025-12-05,2025-12-19,Premium Petrol 95R,2,final,True,276.2436,275.6096,276.2436,276.225,275.7684,0.634,0.6154,0.1588
2025-12-05,2025-12-26,Premium Petrol 95R,3,final,True,276.2436,274.1809,276.2436,276.2418,275.5591,2.0627,2.0609,1.3782
2025-12-12,2025-12-19,Premium Petrol 95R,1,final,True,276.443,275.6096,276.443,275.2585,275.3905,0.8334,-0.3511,-0.2191
2025-12-12,2025-12-26,Premium Petrol 95R,2,final,True,276.443,274.1809,276.443,274.7407,274.8812,2.2621,0.5598,0.7003
2025-12-12,2026-01-02,Premium Petrol 95R,3,final,True,276.443,272.7174,276.443,274.5342,274.6422,3.7256,1.8168,1.9249
2025-12-19,2025-12-26,Premium Petrol 95R,1,final,True,275.6096,274.1809,275.6096,273.3826,273.3389,1.4287,-0.7983,-0.842
2025-12-19,2026-01-02,Premium Petrol 95R,2,final,True,275.6096,272.7174,275.6096,272.3944,272.0851,2.8922,-0.323,-0.6323
2025-12-19,2026-01-09,Premium Petrol 95R,3,final,True,275.6096,271.548,275.6096,271.9625,271.2675,4.0616,0.4146,-0.2805
2025-12-26,2026-01-02,Premium Petrol 95R,1,final,True,274.1809,272.7174,274.1809,272.1913,271.7804,1.4636,-0.5261,-0.9369
2025-12-26,2026-01-09,Premium Petrol 95R,2,final,True,274.1809,271.548,274.1809,271.3009,270.2534,2.6329,-0.2471,-1.2945
2025-12-26,2026-01-16,Premium Petrol 95R,3,final,True,274.1809,269.8352,274.1809,270.9106,269.1265,4.3457,1.0754,-0.7087
2026-01-02,2026-01-09,Premium Petrol 95R,1,final,True,272.7174,271.548,272.7174,271.3344,270.694,1.1694,-0.2136,-0.8539
2026-01-02,2026-01-16,Premium Petrol 95R,2,final,True,272.7174,269.8352,272.7174,270.7188,269.286,2.8822,0.8837,-0.5492
2026-01-02,2026-01-23,Premium Petrol 95R,3,final,True,272.7174,268.409,272.7174,270.4716,268.1832,4.3084,2.0626,-0.2258
2026-01-09,2026-01-16,Premium Petrol 95R,1,final,True,271.548,269.8352,271.548,270.1225,269.5077,1.7128,0.2873,-0.3275
2026-01-09,2026-01-23,Premium Petrol 95R,2,final,True,271.548,268.409,271.548,269.5062,268.1293,3.139,1.0972,-0.2797
2026-01-09,2026-01-30,Premium Petrol 95R,3,final,True,271.548,267.1442,271.548,269.2722,267.0542,4.4038,2.128,-0.09
2026-01-16,2026-01-23,Premium Petrol 95R,1,final,True,269.8352,268.409,269.8352,269.8976,268.8789,1.4262,1.4886,0.47
2026-01-16,2026-01-30,Premium Petrol 95R,2,final,True,269.8352,267.1442,269.8352,269.9732,267.927,2.691,2.829,0.7828
2026-01-16,2026-02-06,Premium Petrol 95R,3,final,True,269.8352,266.2252,269.8352,270.0412,266.948,3.61,3.8161,0.7229
2026-01-23,2026-01-30,Premium Petrol 95R,1,final,True,268.409,267.1442,268.409,268.0312,267.3958,1.2648,0.887,0.2516
2026-01-23,2026-02-06,Premium Petrol 95R,2,final,True,268.409,266.2252,268.409,267.8904,266.5533,2.1838,1.6653,0.3281
2026-01-23,2026-02-13,Premium Petrol 95R,3,final,True,268.409,265.7274,268.409,267.8825,265.8136,2.6816,2.1552,0.0862
2026-01-30,2026-02-06,Premium Petrol 95R,1,final,True,267.1442,266.2252,267.1442,266.4457,265.917,0.919,0.2205,-0.3082
2026-01-30,2026-02-13,Premium Petrol 95R,2,final,True,267.1442,265.7274,267.1442,266.1819,265.0371,1.4168,0.4546,-0.6903
2026-01-30,2026-02-20,Premium Petrol 95R,3,final,True,267.1442,265.3824,267.1442,266.0838,264.2847,1.7618,0.7014,-1.0978
2026-02-06,2026-02-13,Premium Petrol 95R,1,final,True,266.2252,265.7274,266.2252,265.6197,265.0883,0.4978,-0.1076,-0.6391
2026-02-06,2026-02-20,Premium Petrol 95R,2,final,True,266.2252,265.3824,266.2252,265.3642,264.2278,0.8427,-0.0183,-1.1546
2026-02-06,2026-02-27,Premium Petrol 95R,3,final,True,266.2252,265.6966,266.2252,265.2743,263.4885,0.5285,-0.4223,-2.2082
2026-02-13,2026-02-20,Premium Petrol 95R,1,final,True,265.7274,265.3824,265.7274,266.4084,265.7597,0.345,1.026,0.3773
2026-02-13,2026-02-27,Premium Petrol 95R,2,final,True,265.7274,265.6966,265.7274,266.7459,265.5019,0.0307,1.0493,-0.1948
2026-02-13,2026-03-06,Premium Petrol 95R,3,final,True,265.7274,271.0671,265.7274,266.9163,265.1175,-5.3398,-4.1508,-5.9496
2026-02-20,2026-02-27,Premium Petrol 95R,1,final,True,265.3824,265.6966,265.3824,266.3412,266.0721,-0.3142,0.6446,0.3754
2026-02-20,2026-03-06,Premium Petrol 95R,2,final,True,265.3824,271.0671,265.3824,266.7954,266.3629,-5.6847,-4.2717,-4.7042
2026-02-20,2026-03-13,Premium Petrol 95R,3,final,True,265.3824,293.8901,265.3824,267.0474,266.4899,-28.5077,-26.8428,-27.4002
2026-02-27,2026-03-06,Premium Petrol 95R,1,final,True,265.6966,271.0671,265.6966,268.1094,267.7272,-5.3705,-2.9577,-3.3399
2026-02-27,2026-03-13,Premium Petrol 95R,2,final,True,265.6966,293.8901,265.6966,269.2555,268.7352,-28.1935,-24.6346,-25.1549
2026-02-27,2026-03-20,Premium Petrol 95R,3,final,True,265.6966,327.0188,265.6966,269.8071,269.2532,-61.3221,-57.2117,-57.7655
2026-03-06,2026-03-13,Premium Petrol 95R,1,final,True,271.0671,293.8901,271.0671,284.2862,282.3492,-22.823,-9.604,-11.5409
2026-03-06,2026-03-20,Premium Petrol 95R,2,final,True,271.0671,327.0188,271.0671,290.334,287.8222,-55.9516,-36.6847,-39.1965
2026-03-06,2026-03-27,Premium Petrol 95R,3,final,True,271.0671,350.4917,271.0671,293.0849,290.5991,-79.4245,-57.4067,-59.8926
2026-03-13,2026-03-20,Premium Petrol 95R,1,final,True,293.8901,327.0188,293.8901,315.9787,314.7066,-33.1286,-11.04,-12.3122
2026-03-13,2026-03-27,Premium Petrol 95R,2,final,True,293.8901,350.4917,293.8901,326.1075,325.8693,-56.6015,-24.3842,-24.6224
2026-03-13,2026-04-03,Premium Petrol 95R,3,final,True,293.8901,355.5906,293.8901,330.8803,332.7143,-61.7004,-24.7103,-22.8762
2026-03-20,2026-03-27,Premium Petrol 95R,1,final,True,327.0188,350.4917,327.0188,346.864,347.9355,-23.4729,-3.6277,-2.5561
2026-03-20,2026-04-03,Premium Petrol 95R,2,final,True,327.0188,355.5906,327.0188,355.9352,360.1539,-28.5718,0.3446,4.5633
2026-03-20,2026-04-10,Premium Petrol 95R,3,final,True,327.0188,362.3154,327.0188,360.1415,368.4407,-35.2967,-2.1739,6.1253
2026-03-27,2026-04-03,Premium Petrol 95R,1,final,True,350.4917,355.5906,350.4917,354.669,357.8471,-5.0989,-0.9216,2.2565
2026-03-27,2026-04-10,Premium Petrol 95R,2,final,True,350.4917,362.3154,350.4917,356.1601,362.8644,-11.8238,-6.1553,0.5489
2026-03-27,2026-04-17,Premium Petrol 95R,3,final,True,350.4917,358.8171,350.4917,356.8197,367.196,-8.3254,-1.9974,8.3789
2026-04-03,2026-04-10,Premium Petrol 95R,1,final,True,355.5906,362.3154,355.5906,359.1452,358.4657,-6.7249,-3.1702,-3.8497
2026-04-03,2026-04-17,Premium Petrol 95R,2,final,True,355.5906,358.8171,355.5906,360.8707,359.8059,-3.2265,2.0536,0.9889
2026-04-03,2026-04-24,Premium Petrol 95R,3,final,True,355.5906,346.7443,355.5906,361.4992,360.3236,8.8463,14.7549,13.5793
2026-04-10,2026-04-17,Premium Petrol 95R,1,final,True,362.3154,358.8171,362.3154,363.436,363.3263,3.4983,4.6189,4.5093
2026-04-10,2026-04-24,Premium Petrol 95R,2,final,True,362.3154,346.7443,362.3154,363.6428,363.5462,15.5711,16.8985,16.8019
2026-04-10,2026-05-01,Premium Petrol 95R,3,final,True,362.3154,338.9034,362.3154,363.623,363.7762,23.412,24.7197,24.8728
2026-04-17,2026-04-24,Premium Petrol 95R,1,final,True,358.8171,346.7443,358.8171,358.1549,357.5022,12.0728,11.4107,10.758
2026-04-17,2026-05-01,Premium Petrol 95R,2,final,True,358.8171,338.9034,358.8171,357.8864,356.7033,19.9137,18.983,17.7999
2026-04-17,2026-05-08,Premium Petrol 95R,3,final,True,358.8171,339.4442,358.8171,357.8004,356.1999,19.3729,18.3562,16.7558
2026-04-24,2026-05-01,Premium Petrol 95R,1,final,True,346.7443,338.9034,346.7443,337.3709,338.974,7.8409,-1.5325,0.0706
2026-04-24,2026-05-08,Premium Petrol 95R,2,final,True,346.7443,339.4442,346.7443,333.2515,335.6093,7.3001,-6.1926,-3.8349
2026-04-24,2026-05-15,Premium Petrol 95R,3,final,True,346.7443,337.7888,346.7443,331.0903,333.6858,8.9555,-6.6985,-4.103
2026-05-01,2026-05-08,Premium Petrol 95R,1,final,True,338.9034,339.4442,338.9034,338.3973,337.5587,-0.5408,-1.0469,-1.8855
2026-05-01,2026-05-15,Premium Petrol 95R,2,final,True,338.9034,337.7888,338.9034,337.9052,336.0403,1.1146,0.1164,-1.7485
2026-05-01,2026-05-22,Premium Petrol 95R,3,final,True,338.9034,339.901,338.9034,337.6329,334.7085,-0.9976,-2.2681,-5.1925
2026-05-08,2026-05-15,Premium Petrol 95R,1,final,True,339.4442,337.7888,339.4442,337.1305,338.2829,1.6554,-0.6584,0.4941
2026-05-08,2026-05-22,Premium Petrol 95R,2,final,True,339.4442,339.901,339.4442,336.068,338.1043,-0.4568,-3.833,-1.7967
2026-05-08,2026-05-29,Premium Petrol 95R,3,final,True,339.4442,340.5792,339.4442,336.0855,338.9254,-1.135,-4.4938,-1.6538
2026-05-15,2026-05-22,Premium Petrol 95R,1,final,True,337.7888,339.901,337.7888,338.1566,338.2574,-2.1122,-1.7444,-1.6436
2026-05-15,2026-05-29,Premium Petrol 95R,2,final,True,337.7888,340.5792,337.7888,338.8396,339.0861,-2.7904,-1.7396,-1.4931
2026-05-15,2026-06-05,Premium Petrol 95R,3,final,True,337.7888,337.8408,337.7888,339.583,340.0827,-0.052,1.7422,2.2419
2026-05-22,2026-05-29,Premium Petrol 95R,1,final,True,339.901,340.5792,339.901,341.2234,341.7568,-0.6782,0.6442,1.1776
2026-05-22,2026-06-05,Premium Petrol 95R,2,final,True,339.901,337.8408,339.901,342.3002,343.5159,2.0602,4.4594,5.6751
2026-05-22,2026-06-12,Premium Petrol 95R,3,final,True,339.901,332.9106,339.901,342.4306,344.2596,6.9904,9.52,11.3491
2026-05-29,2026-06-05,Premium Petrol 95R,1,final,True,340.5792,337.8408,340.5792,333.6341,335.9119,2.7384,-4.2067,-1.9289
2026-05-29,2026-06-12,Premium Petrol 95R,2,final,True,340.5792,332.9106,340.5792,330.2148,333.7947,7.6686,-2.6958,0.8841
2026-05-29,2026-06-19,Premium Petrol 95R,3,final,True,340.5792,325.6671,340.5792,328.665,333.2829,14.9122,2.9979,7.6159
2026-06-05,2026-06-12,Premium Petrol 95R,1,final,True,337.8408,332.9106,337.8408,331.934,331.6224,4.9302,-0.9766,-1.2882
2026-06-05,2026-06-19,Premium Petrol 95R,2,final,True,337.8408,325.6671,337.8408,329.3555,328.2011,12.1737,3.6884,2.534
2026-06-05,2026-06-26,Premium Petrol 95R,3,final,True,337.8408,316.8427,337.8408,327.7442,325.4024,20.9981,10.9015,8.5597
2026-06-12,2026-06-19,Premium Petrol 95R,1,final,True,332.9106,325.6671,332.9106,331.6137,330.1478,7.2435,5.9467,4.4807
2026-06-12,2026-06-26,Premium Petrol 95R,2,final,True,332.9106,316.8427,332.9106,330.6288,327.4931,16.0679,13.7861,10.6504
2026-06-12,2026-07-03,Premium Petrol 95R,3,final,True,332.9106,311.2469,332.9106,330.5125,325.6373,21.6637,19.2656,14.3904
2026-06-19,2026-06-26,Premium Petrol 95R,1,final,True,325.6671,316.8427,325.6671,319.1055,319.5666,8.8244,2.2628,2.7239
2026-06-19,2026-07-03,Premium Petrol 95R,2,final,True,325.6671,311.2469,325.6671,316.2898,316.5197,14.4202,5.0429,5.2728
2026-06-19,2026-07-10,Premium Petrol 95R,3,final,True,325.6671,308.3979,325.6671,315.7805,315.5536,17.2692,7.3826,7.1557
2026-06-26,2026-07-03,Premium Petrol 95R,1,final,True,316.8427,311.2469,316.8427,312.7887,312.1456,5.5958,1.5419,0.8987
2026-06-26,2026-07-10,Premium Petrol 95R,2,final,True,316.8427,308.3979,316.8427,311.6828,310.0317,8.4448,3.2849,1.6338
2026-06-26,2026-07-17,Premium Petrol 95R,3,final,True,316.8427,306.0331,316.8427,310.8865,307.9377,10.8096,4.8533,1.9046
2026-07-03,2026-07-10,Premium Petrol 95R,1,provisional,True,311.2469,308.3979,311.2469,309.9833,309.6395,2.849,1.5854,1.2416
2026-07-03,2026-07-17,Premium Petrol 95R,2,provisional,True,311.2469,306.0331,311.2469,309.1105,308.1159,5.2138,3.0773,2.0828
2026-07-03,2026-07-24,Premium Petrol 95R,3,provisional,True,311.2469,307.467,311.2469,308.7783,306.9874,3.7798,1.3112,-0.4796
2026-07-10,2026-07-17,Premium Petrol 95R,1,provisional,True,308.3979,306.0331,308.3979,306.6759,306.7693,2.3648,0.6428,0.7361
2026-07-10,2026-07-24,Premium Petrol 95R,2,provisional,True,308.3979,307.467,308.3979,305.932,305.8787,0.9309,-1.535,-1.5883
2026-07-10,2026-07-31,Premium Petrol 95R,3,provisional,True,308.3979,314.2866,308.3979,306.2376,306.0189,-5.8887,-8.049,-8.2677
2026-07-17,2026-07-24,Premium Petrol 95R,1,provisional,True,306.0331,307.467,306.0331,309.2426,308.3553,-1.4339,1.7755,0.8883
2026-07-17,2026-07-31,Premium Petrol 95R,2,provisional,True,306.0331,314.2866,306.0331,311.465,310.1115,-8.2535,-2.8216,-4.1752
2026-07-17,2026-08-07,Premium Petrol 95R,3,provisional,True,306.0331,316.4679,306.0331,312.4794,310.773,-10.4348,-3.9886,-5.695
2026-07-24,2026-07-31,Premium Petrol 95R,1,provisional,True,307.467,314.2866,307.467,316.4235,315.8693,-6.8196,2.1369,1.5826
2026-07-24,2026-08-07,Premium Petrol 95R,2,provisional,True,307.467,316.4679,307.467,320.703,320.457,-9.0009,4.235,3.9891
2026-07-24,2026-08-14,Premium Petrol 95R,3,provisional,True,307.467,314.3871,307.467,322.9364,323.4292,-6.9201,8.5492,9.0421
2026-07-31,2026-08-07,Premium Petrol 95R,1,provisional,True,314.2866,316.4679,314.2866,317.4216,319.6595,-2.1813,0.9536,3.1915
2026-07-31,2026-08-14,Premium Petrol 95R,2,provisional,True,314.2866,314.3871,314.2866,319.1,323.879,-0.1005,4.7128,9.4919
2026-07-31,2026-08-21,Premium Petrol 95R,3,provisional,True,314.2866,313.6982,314.2866,319.8841,327.3938,0.5884,6.1858,13.6956
2026-08-07,2026-08-14,Premium Petrol 95R,1,provisional,True,316.4679,314.3871,316.4679,312.1767,314.9106,2.0808,-2.2105,0.5235
2026-08-07,2026-08-21,Premium Petrol 95R,2,provisional,True,316.4679,313.6982,316.4679,310.0663,315.0597,2.7697,-3.6319,1.3614
2026-08-07,2026-08-28,Premium Petrol 95R,3,provisional,True,316.4679,313.2652,316.4679,308.2135,315.1836,3.2028,-5.0517,1.9185
2026-08-14,2026-08-21,Premium Petrol 95R,1,provisional,True,314.3871,313.6982,314.3871,315.5126,315.2288,0.6889,1.8144,1.5306
2026-08-14,2026-08-28,Premium Petrol 95R,2,provisional,True,314.3871,313.2652,314.3871,315.2288,314.7385,1.122,1.9636,1.4733
2026-08-14,2026-09-04,Premium Petrol 95R,3,provisional,False,314.3871,,314.3871,314.6587,313.9481,,,
2026-08-21,2026-08-28,Premium Petrol 95R,1,provisional,True,313.6982,313.2652,313.6982,314.1177,314.8229,0.433,0.8525,1.5578
2026-08-21,2026-09-04,Premium Petrol 95R,2,provisional,False,313.6982,,313.6982,313.8886,315.3636,,,
2026-08-21,2026-09-11,Premium Petrol 95R,3,provisional,False,313.6982,,313.6982,314.5805,316.9673,,,
2026-08-28,2026-09-04,Premium Petrol 95R,1,provisional,False,313.2652,,313.2652,312.1302,313.3313,,,
2026-08-28,2026-09-11,Premium Petrol 95R,2,provisional,False,313.2652,,313.2652,312.3829,314.8263,,,
2026-08-28,2026-09-18,Premium Petrol 95R,3,provisional,False,313.2652,,313.2652,312.8692,316.5865,,,
