week_date,fuel,crude_vol_regime,crude_vol_9w,crude_vol_window_full,crude_episode_id,crude_move_8w,tax_step_cpl,tax_step_window,data_regime,identity_holds,supply_chain,ets_auction_quarter
2004-04-23,Diesel,normal,,False,,,0.0,False,pre2010_unreconciled,False,domestic_refinery,False
2004-04-30,Diesel,normal,0.0385,False,,,0.0,False,pre2010_unreconciled,False,domestic_refinery,False
2004-05-07,Diesel,normal,0.0381,False,,,0.0,False,pre2010_unreconciled,False,domestic_refinery,False
2004-05-14,Diesel,normal,0.0439,False,,,0.0,False,pre2010_unreconciled,False,domestic_refinery,False
2004-05-21,Diesel,normal,0.0407,True,,,0.0,False,pre2010_unreconciled,False,domestic_refinery,False
2004-05-28,Diesel,normal,0.0381,True,,,0.0,False,pre2010_unreconciled,False,domestic_refinery,False
2004-06-04,Diesel,normal,0.04,True,,,0.0,False,pre2010_unreconciled,False,domestic_refinery,False
2004-06-11,Diesel,normal,0.0418,True,,,0.0,False,pre2010_unreconciled,False,domestic_refinery,False
2004-06-18,Diesel,normal,0.0318,True,,0.0385,0.0,False,pre2010_unreconciled,False,domestic_refinery,False
2004-06-25,Diesel,normal,0.0279,True,,0.019,0.0,False,pre2010_unreconciled,False,domestic_refinery,False
2004-07-02,Diesel,normal,0.0341,True,,-0.0385,0.0,False,pre2010_unreconciled,False,domestic_refinery,False
2004-07-09,Diesel,normal,0.0356,True,,-0.0728,0.0,False,pre2010_unreconciled,False,domestic_refinery,False
2004-07-16,Diesel,normal,0.0281,True,,-0.1072,0.0,False,pre2010_unreconciled,False,domestic_refinery,False
2004-07-23,Diesel,normal,0.0289,True,,-0.0728,0.0,False,pre2010_unreconciled,False,domestic_refinery,False
2004-07-30,Diesel,normal,0.0289,True,,0.0,0.0,False,pre2010_unreconciled,False,domestic_refinery,False
2004-08-06,Diesel,normal,0.0365,True,,0.0902,0.0,False,pre2010_unreconciled,False,domestic_refinery,False
2004-08-13,Diesel,normal,0.0378,True,,0.0902,0.0,False,pre2010_unreconciled,False,domestic_refinery,False
2004-08-20,Diesel,normal,0.0401,True,,0.1241,0.0,False,pre2010_unreconciled,False,domestic_refinery,False
2004-08-27,Diesel,normal,0.0407,True,,0.1625,0.0,False,pre2010_unreconciled,False,domestic_refinery,False
2004-09-03,Diesel,normal,0.0407,True,,0.0551,0.0,False,pre2010_unreconciled,False,domestic_refinery,False
2004-09-10,Diesel,normal,0.0386,True,,0.0187,0.0,False,pre2010_unreconciled,False,domestic_refinery,False
2004-09-17,Diesel,normal,0.0388,True,,-0.019,0.0,False,pre2010_unreconciled,False,domestic_refinery,False
2004-09-24,Diesel,normal,0.036,True,,-0.0551,0.0,False,pre2010_unreconciled,False,domestic_refinery,False
2004-10-01,Diesel,normal,0.0359,True,,-0.0351,0.0,False,pre2010_unreconciled,False,domestic_refinery,False
2004-10-08,Diesel,normal,0.0292,True,,-0.0351,0.0,False,pre2010_unreconciled,False,domestic_refinery,False
2004-10-15,Diesel,normal,0.0295,True,,-0.087,0.0,False,pre2010_unreconciled,False,domestic_refinery,False
2004-10-22,Diesel,normal,0.0378,True,,-0.087,0.0,False,pre2010_unreconciled,False,domestic_refinery,False
2004-10-29,Diesel,normal,0.0364,True,,-0.0364,0.0,False,pre2010_unreconciled,False,domestic_refinery,False
2004-11-05,Diesel,normal,0.038,True,,-0.0187,0.0,False,pre2010_unreconciled,False,domestic_refinery,False
2004-11-12,Diesel,normal,0.0442,True,,-0.0194,0.0,False,pre2010_unreconciled,False,domestic_refinery,False
2004-11-19,Diesel,high,0.0492,True,2004_run_up,-0.1201,0.0,False,pre2010_unreconciled,False,domestic_refinery,False
2004-11-26,Diesel,high,0.0525,True,2004_run_up,-0.1752,0.0,False,pre2010_unreconciled,False,domestic_refinery,False
2004-12-03,Diesel,high,0.0553,True,2004_run_up,-0.1133,0.0,False,pre2010_unreconciled,False,domestic_refinery,False
2004-12-10,Diesel,high,0.0584,True,2004_run_up,-0.1787,0.0,False,pre2010_unreconciled,False,domestic_refinery,False
2004-12-17,Diesel,high,0.0637,True,2004_run_up,-0.1361,0.0,False,pre2010_unreconciled,False,domestic_refinery,False
2004-12-24,Diesel,high,0.0566,True,2004_run_up,-0.077,0.0,False,pre2010_unreconciled,False,domestic_refinery,False
2004-12-31,Diesel,high,0.0566,True,2004_run_up,-0.1201,0.0,False,pre2010_unreconciled,False,domestic_refinery,False
2005-01-07,Diesel,high,0.0553,True,2004_run_up,-0.04,0.0,False,pre2010_unreconciled,False,domestic_refinery,False
2005-01-14,Diesel,normal,0.0448,True,,0.1201,0.0,False,pre2010_unreconciled,False,domestic_refinery,False
2005-01-21,Diesel,normal,0.0438,True,,0.1752,0.0,False,pre2010_unreconciled,False,domestic_refinery,False
2005-01-28,Diesel,normal,0.0435,True,,0.1133,0.0,False,pre2010_unreconciled,False,domestic_refinery,False
2005-02-04,Diesel,normal,0.0329,True,,0.1787,0.0,False,pre2010_unreconciled,False,domestic_refinery,False
2005-02-11,Diesel,normal,0.0325,True,,0.1178,0.0,False,pre2010_unreconciled,False,domestic_refinery,False
2005-02-18,Diesel,normal,0.0253,True,,0.0953,0.0,False,pre2010_unreconciled,False,domestic_refinery,False
2005-02-25,Diesel,normal,0.024,True,,0.1929,0.0,False,pre2010_unreconciled,False,domestic_refinery,False
2005-03-04,Diesel,normal,0.0232,True,,0.1857,0.0,False,pre2010_unreconciled,False,domestic_refinery,False
2005-03-11,Diesel,normal,0.0223,True,,0.1406,0.0,False,pre2010_unreconciled,False,domestic_refinery,False
2005-03-18,Diesel,normal,0.0384,True,,0.1018,0.0,False,pre2010_unreconciled,False,domestic_refinery,False
2005-03-25,Diesel,normal,0.0421,True,,0.149,0.0,False,pre2010_unreconciled,False,domestic_refinery,False
2005-04-01,Diesel,normal,0.0419,True,,0.1823,0.0,False,pre2010_unreconciled,False,domestic_refinery,False
2005-04-08,Diesel,normal,0.0437,True,,0.2595,0.0,False,pre2010_unreconciled,False,domestic_refinery,False
2005-04-15,Diesel,normal,0.0426,True,,0.1671,0.0,False,pre2010_unreconciled,False,domestic_refinery,False
2005-04-22,Diesel,normal,0.0423,True,,0.1001,0.0,False,pre2010_unreconciled,False,domestic_refinery,False
2005-04-29,Diesel,normal,0.0393,True,,0.0968,0.0,False,pre2010_unreconciled,False,domestic_refinery,False
2005-05-06,Diesel,normal,0.0421,True,,0.0323,0.0,False,pre2010_unreconciled,False,domestic_refinery,False
2005-05-13,Diesel,normal,0.0381,True,,0.016,0.0,False,pre2010_unreconciled,False,domestic_refinery,False
2005-05-20,Diesel,normal,0.0276,True,,-0.0313,0.0,False,pre2010_unreconciled,False,domestic_refinery,False
2005-05-27,Diesel,normal,0.0234,True,,-0.0308,0.0,False,pre2010_unreconciled,False,domestic_refinery,False
2005-06-03,Diesel,normal,0.0294,True,,-0.0438,0.0,False,pre2010_unreconciled,False,domestic_refinery,False
2005-06-10,Diesel,normal,0.0236,True,,0.0597,0.0,False,pre2010_unreconciled,False,domestic_refinery,False
2005-06-17,Diesel,normal,0.0223,True,,0.1195,0.0,False,pre2010_unreconciled,False,domestic_refinery,False
2005-06-24,Diesel,normal,0.0336,True,,0.0883,0.0,False,pre2010_unreconciled,False,domestic_refinery,False
2005-07-01,Diesel,normal,0.0343,True,,0.1876,0.0,False,pre2010_unreconciled,False,domestic_refinery,False
2005-07-08,Diesel,normal,0.0349,True,,0.2263,0.0,False,pre2010_unreconciled,False,domestic_refinery,False
2005-07-15,Diesel,normal,0.0352,True,,0.2389,0.0,False,pre2010_unreconciled,False,domestic_refinery,False
2005-07-22,Diesel,normal,0.035,True,,0.1719,0.0,False,pre2010_unreconciled,False,domestic_refinery,False
2005-07-29,Diesel,normal,0.035,True,,0.126,0.0,False,pre2010_unreconciled,False,domestic_refinery,False
2005-08-05,Diesel,normal,0.0302,True,,0.1479,0.0,False,pre2010_unreconciled,False,domestic_refinery,False
2005-08-12,Diesel,normal,0.0319,True,,0.1193,0.0,False,pre2010_unreconciled,False,domestic_refinery,False
2005-08-19,Diesel,normal,0.0329,True,,0.1318,0.0,False,pre2010_unreconciled,False,domestic_refinery,False
2005-08-26,Diesel,normal,0.0279,True,,0.0637,0.0,False,pre2010_unreconciled,False,domestic_refinery,False
2005-09-02,Diesel,normal,0.0278,True,,0.0614,0.0,False,pre2010_unreconciled,False,domestic_refinery,False
2005-09-09,Diesel,normal,0.0233,True,,0.0124,0.0,False,pre2010_unreconciled,False,domestic_refinery,False
2005-09-16,Diesel,normal,0.0267,True,,0.0387,0.0,False,pre2010_unreconciled,False,domestic_refinery,False
2005-09-23,Diesel,normal,0.0262,True,,0.0637,0.0,False,pre2010_unreconciled,False,domestic_refinery,False
2005-09-30,Diesel,normal,0.027,True,,0.0247,0.0,False,pre2010_unreconciled,False,domestic_refinery,False
2005-10-07,Diesel,normal,0.023,True,,0.0124,0.0,False,pre2010_unreconciled,False,domestic_refinery,False
2005-10-14,Diesel,normal,0.0238,True,,-0.0377,0.0,False,pre2010_unreconciled,False,domestic_refinery,False
2005-10-21,Diesel,normal,0.0282,True,,-0.0506,0.0,False,pre2010_unreconciled,False,domestic_refinery,False
2005-10-28,Diesel,normal,0.0255,True,,-0.1133,0.0,False,pre2010_unreconciled,False,domestic_refinery,False
2005-11-04,Diesel,normal,0.0239,True,,-0.0637,0.0,False,pre2010_unreconciled,False,domestic_refinery,False
2005-11-11,Diesel,normal,0.0302,True,,-0.0127,0.0,False,pre2010_unreconciled,False,domestic_refinery,False
2005-11-18,Diesel,normal,0.0317,True,,-0.0904,0.0,False,pre2010_unreconciled,False,domestic_refinery,False
2005-11-25,Diesel,normal,0.0317,True,,-0.1163,0.0,False,pre2010_unreconciled,False,domestic_refinery,False
2005-12-02,Diesel,normal,0.0302,True,,-0.1178,0.0,False,pre2010_unreconciled,False,domestic_refinery,False
2005-12-09,Diesel,normal,0.0341,True,,-0.0392,0.0,False,pre2010_unreconciled,False,domestic_refinery,False
2005-12-16,Diesel,normal,0.034,True,,0.0129,0.0,False,pre2010_unreconciled,False,domestic_refinery,False
2005-12-23,Diesel,normal,0.0258,True,,0.0263,0.0,False,pre2010_unreconciled,False,domestic_refinery,False
2005-12-30,Diesel,normal,0.024,True,,0.0131,0.0,False,pre2010_unreconciled,False,domestic_refinery,False
2006-01-06,Diesel,normal,0.0219,True,,0.0377,0.0,False,pre2010_unreconciled,False,domestic_refinery,False
2006-01-13,Diesel,normal,0.0232,True,,0.1148,0.0,False,pre2010_unreconciled,False,domestic_refinery,False
2006-01-20,Diesel,normal,0.027,True,,0.1522,0.0,False,pre2010_unreconciled,False,domestic_refinery,False
2006-01-27,Diesel,normal,0.0261,True,,0.2007,0.0,False,pre2010_unreconciled,False,domestic_refinery,False
2006-02-03,Diesel,normal,0.0271,True,,0.1598,0.0,False,pre2010_unreconciled,False,domestic_refinery,False
2006-02-10,Diesel,normal,0.0237,True,,0.1092,0.0,False,pre2010_unreconciled,False,domestic_refinery,False
2006-02-17,Diesel,normal,0.0233,True,,0.087,0.0,False,pre2010_unreconciled,False,domestic_refinery,False
2006-02-24,Diesel,normal,0.0232,True,,0.087,0.0,False,pre2010_unreconciled,False,domestic_refinery,False
2006-03-03,Diesel,normal,0.0265,True,,0.0715,0.0,False,pre2010_unreconciled,False,domestic_refinery,False
2006-03-10,Diesel,normal,0.0281,True,,0.0698,0.0,False,pre2010_unreconciled,False,domestic_refinery,False
2006-03-17,Diesel,normal,0.0264,True,,0.046,0.0,False,pre2010_unreconciled,False,domestic_refinery,False
2006-03-24,Diesel,normal,0.0176,True,,0.0335,0.0,False,pre2010_unreconciled,False,domestic_refinery,False
2006-03-31,Diesel,normal,0.0176,True,,0.087,0.0,False,pre2010_unreconciled,False,domestic_refinery,False
2006-04-07,Diesel,normal,0.0188,True,,0.1393,0.0,False,pre2010_unreconciled,False,domestic_refinery,False
2006-04-14,Diesel,normal,0.0214,True,,0.1942,0.0,False,pre2010_unreconciled,False,domestic_refinery,False
2006-04-21,Diesel,normal,0.0241,True,,0.2231,0.0,False,pre2010_unreconciled,False,domestic_refinery,False
2006-04-28,Diesel,normal,0.0244,True,,0.1881,0.0,False,pre2010_unreconciled,False,domestic_refinery,False
2006-05-05,Diesel,normal,0.0191,True,,0.1653,0.0,False,pre2010_unreconciled,False,domestic_refinery,False
2006-05-12,Diesel,normal,0.0154,True,,0.1558,0.0,False,pre2010_unreconciled,False,domestic_refinery,False
2006-05-19,Diesel,normal,0.0181,True,,0.1141,0.0,False,pre2010_unreconciled,False,domestic_refinery,False
2006-05-26,Diesel,normal,0.0164,True,,0.0606,0.0,False,pre2010_unreconciled,False,domestic_refinery,False
2006-06-02,Diesel,normal,0.0275,True,,0.0296,0.0,False,pre2010_unreconciled,False,domestic_refinery,False
2006-06-09,Diesel,normal,0.0276,True,,0.029,0.0,False,pre2010_unreconciled,False,domestic_refinery,False
2006-06-16,Diesel,normal,0.0271,True,,-0.029,0.0,False,pre2010_unreconciled,False,domestic_refinery,False
2006-06-23,Diesel,normal,0.0269,True,,-0.0096,0.0,False,pre2010_unreconciled,False,domestic_refinery,False
2006-06-30,Diesel,normal,0.0274,True,,0.0556,0.0,False,pre2010_unreconciled,False,domestic_refinery,False
2006-07-07,Diesel,normal,0.0281,True,,0.083,0.0,False,pre2010_unreconciled,False,domestic_refinery,False
2006-07-14,Diesel,normal,0.0281,True,,0.1024,0.0,False,pre2010_unreconciled,False,domestic_refinery,False
2006-07-21,Diesel,normal,0.0331,True,,0.0846,0.0,False,pre2010_unreconciled,False,domestic_refinery,False
2006-07-28,Diesel,normal,0.0327,True,,0.0658,0.0,False,pre2010_unreconciled,False,domestic_refinery,False
2006-08-04,Diesel,normal,0.0291,True,,0.0734,0.0,False,pre2010_unreconciled,False,domestic_refinery,False
2006-08-11,Diesel,normal,0.0276,True,,0.1024,0.0,False,pre2010_unreconciled,False,domestic_refinery,False
2006-08-18,Diesel,normal,0.0293,True,,0.0284,0.0,False,pre2010_unreconciled,False,domestic_refinery,False
2006-08-25,Diesel,normal,0.0328,True,,-0.0367,0.0,False,pre2010_unreconciled,False,domestic_refinery,False
2006-09-01,Diesel,normal,0.0327,True,,-0.1123,0.0,False,pre2010_unreconciled,False,domestic_refinery,False
2006-09-08,Diesel,normal,0.0266,True,,-0.1424,0.0,False,pre2010_unreconciled,False,domestic_refinery,False
2006-09-15,Diesel,normal,0.0266,True,,-0.1769,0.0,False,pre2010_unreconciled,False,domestic_refinery,False
2006-09-22,Diesel,normal,0.0286,True,,-0.2346,0.0,False,pre2010_unreconciled,False,domestic_refinery,False
2006-09-29,Diesel,normal,0.0286,True,,-0.273,0.0,False,pre2010_unreconciled,False,domestic_refinery,False
2006-10-06,Diesel,normal,0.0262,True,,-0.2847,0.0,False,pre2010_unreconciled,False,domestic_refinery,False
2006-10-13,Diesel,normal,0.0321,True,,-0.2302,0.0,False,pre2010_unreconciled,False,domestic_refinery,False
2006-10-20,Diesel,normal,0.0288,True,,-0.2185,0.0,False,pre2010_unreconciled,False,domestic_refinery,False
2006-10-27,Diesel,normal,0.0196,True,,-0.1608,0.0,False,pre2010_unreconciled,False,domestic_refinery,False
2006-11-03,Diesel,normal,0.0232,True,,-0.1661,0.0,False,pre2010_unreconciled,False,domestic_refinery,False
2006-11-10,Diesel,normal,0.0227,True,,-0.0783,0.0,False,pre2010_unreconciled,False,domestic_refinery,False
2006-11-17,Diesel,normal,0.0259,True,,-0.0233,0.0,False,pre2010_unreconciled,False,domestic_refinery,False
2006-11-24,Diesel,normal,0.0255,True,,-0.0235,0.0,False,pre2010_unreconciled,False,domestic_refinery,False
2006-12-01,Diesel,normal,0.0278,True,,0.0233,0.0,False,pre2010_unreconciled,False,domestic_refinery,False
2006-12-08,Diesel,normal,0.0326,True,,0.0233,0.0,False,pre2010_unreconciled,False,domestic_refinery,False
2006-12-15,Diesel,normal,0.0281,True,,-0.0235,0.0,False,pre2010_unreconciled,False,domestic_refinery,False
2006-12-22,Diesel,normal,0.0292,True,,-0.0235,0.0,False,pre2010_unreconciled,False,domestic_refinery,False
2006-12-29,Diesel,normal,0.0357,True,,-0.0244,0.0,False,pre2010_unreconciled,False,domestic_refinery,False
2007-01-05,Diesel,normal,0.0365,True,,-0.1236,0.0,False,pre2010_unreconciled,False,domestic_refinery,False
2007-01-12,Diesel,normal,0.0423,True,,-0.1386,0.0,False,pre2010_unreconciled,False,domestic_refinery,False
2007-01-19,Diesel,normal,0.0416,True,,-0.1681,0.0,False,pre2010_unreconciled,False,domestic_refinery,False
2007-01-26,Diesel,normal,0.043,True,,-0.1618,0.0,False,pre2010_unreconciled,False,domestic_refinery,False
2007-02-02,Diesel,normal,0.043,True,,-0.1221,0.0,False,pre2010_unreconciled,False,domestic_refinery,False
2007-02-09,Diesel,normal,0.0348,True,,-0.0364,0.0,False,pre2010_unreconciled,False,domestic_refinery,False
2007-02-16,Diesel,normal,0.0362,True,,-0.0614,0.0,False,pre2010_unreconciled,False,domestic_refinery,False
2007-02-23,Diesel,normal,0.0318,True,,0.0,0.0,False,pre2010_unreconciled,False,domestic_refinery,False
2007-03-02,Diesel,normal,0.034,True,,0.1001,0.0,False,pre2010_unreconciled,False,domestic_refinery,False
2007-03-09,Diesel,normal,0.0331,True,,0.1503,0.0,False,pre2010_unreconciled,False,domestic_refinery,False
2007-03-16,Diesel,normal,0.0315,True,,0.1562,0.0,False,pre2010_unreconciled,False,domestic_refinery,False
2007-03-23,Diesel,normal,0.035,True,,0.1027,0.0,False,pre2010_unreconciled,False,domestic_refinery,False
2007-03-30,Diesel,normal,0.0349,True,,0.1221,0.0,False,pre2010_unreconciled,False,domestic_refinery,False
2007-04-06,Diesel,normal,0.0331,True,,0.0942,0.0,False,pre2010_unreconciled,False,domestic_refinery,False
2007-04-13,Diesel,normal,0.0324,True,,0.1079,0.0,False,pre2010_unreconciled,False,domestic_refinery,False
2007-04-20,Diesel,normal,0.0316,True,,0.0364,0.0,False,pre2010_unreconciled,False,domestic_refinery,False
2007-04-27,Diesel,normal,0.0319,True,,0.0235,0.0,False,pre2010_unreconciled,False,domestic_refinery,False
2007-05-04,Diesel,normal,0.0294,True,,0.0,0.0,False,pre2010_unreconciled,False,domestic_refinery,False
2007-05-11,Diesel,normal,0.0283,True,,0.0238,0.0,False,pre2010_unreconciled,False,domestic_refinery,False
2007-05-18,Diesel,normal,0.0283,True,,0.0706,0.0,False,pre2010_unreconciled,False,domestic_refinery,False
2007-05-25,Diesel,normal,0.0228,True,,0.045,0.0,False,pre2010_unreconciled,False,domestic_refinery,False
2007-06-01,Diesel,normal,0.0223,True,,-0.0113,0.0,False,pre2010_unreconciled,False,domestic_refinery,False
2007-06-08,Diesel,normal,0.0225,True,,0.0,0.0,False,pre2010_unreconciled,False,domestic_refinery,False
2007-06-15,Diesel,normal,0.0227,True,,0.0351,0.0,False,pre2010_unreconciled,False,domestic_refinery,False
2007-06-22,Diesel,normal,0.0206,True,,0.023,0.0,False,pre2010_unreconciled,False,domestic_refinery,False
2007-06-29,Diesel,normal,0.0169,True,,0.0116,0.0,False,pre2010_unreconciled,False,domestic_refinery,False
2007-07-06,Diesel,normal,0.0195,True,,0.0347,0.0,False,pre2010_unreconciled,False,domestic_refinery,False
2007-07-13,Diesel,normal,0.0282,True,,0.0225,0.0,False,pre2010_unreconciled,False,domestic_refinery,False
2007-07-20,Diesel,normal,0.0357,True,,-0.0222,0.0,False,pre2010_unreconciled,False,domestic_refinery,False
2007-07-27,Diesel,normal,0.0357,True,,0.0,0.0,False,pre2010_unreconciled,False,domestic_refinery,False
2007-08-03,Diesel,normal,0.0352,True,,0.0445,0.0,False,pre2010_unreconciled,False,domestic_refinery,False
2007-08-10,Diesel,normal,0.0376,True,,0.0,0.0,False,pre2010_unreconciled,False,domestic_refinery,False
2007-08-17,Diesel,normal,0.0379,True,,0.0553,0.0,False,pre2010_unreconciled,False,domestic_refinery,False
2007-08-24,Diesel,normal,0.037,True,,0.0774,0.0,False,pre2010_unreconciled,False,domestic_refinery,False
2007-08-31,Diesel,normal,0.0392,True,,0.087,0.0,False,pre2010_unreconciled,False,domestic_refinery,False
2007-09-07,Diesel,normal,0.043,True,,0.1153,0.0,False,pre2010_unreconciled,False,domestic_refinery,False
2007-09-14,Diesel,normal,0.0365,True,,0.1558,0.0,False,pre2010_unreconciled,False,domestic_refinery,False
2007-09-21,Diesel,normal,0.0371,True,,0.1671,0.0,False,pre2010_unreconciled,False,domestic_refinery,False
2007-09-28,Diesel,normal,0.0371,True,,0.0933,0.0,False,pre2010_unreconciled,False,domestic_refinery,False
2007-10-05,Diesel,normal,0.0379,True,,0.0984,0.0,False,pre2010_unreconciled,False,domestic_refinery,False
2007-10-12,Diesel,normal,0.0365,True,,0.0421,0.0,False,pre2010_unreconciled,False,domestic_refinery,False
2007-10-19,Diesel,normal,0.0366,True,,0.1011,0.0,False,pre2010_unreconciled,False,domestic_refinery,False
2007-10-26,Diesel,normal,0.0373,True,,0.0991,0.0,False,pre2010_unreconciled,False,domestic_refinery,False
2007-11-02,Diesel,normal,0.0382,True,,0.0854,0.0,False,pre2010_unreconciled,False,domestic_refinery,False
2007-11-09,Diesel,normal,0.0338,True,,0.0918,0.0,False,pre2010_unreconciled,False,domestic_refinery,False
2007-11-16,Diesel,normal,0.0342,True,,0.083,0.0,False,pre2010_unreconciled,False,domestic_refinery,False
2007-11-23,Diesel,normal,0.0278,True,,0.1471,0.0,False,pre2010_unreconciled,False,domestic_refinery,False
2007-11-30,Diesel,normal,0.029,True,,0.163,0.0,False,pre2010_unreconciled,False,domestic_refinery,False
2007-12-07,Diesel,normal,0.0273,True,,0.1258,0.0,False,pre2010_unreconciled,False,domestic_refinery,False
2007-12-14,Diesel,normal,0.0271,True,,0.0561,0.0,False,pre2010_unreconciled,False,domestic_refinery,False
2007-12-21,Diesel,normal,0.031,True,,0.0639,0.0,False,pre2010_unreconciled,False,domestic_refinery,False
2007-12-28,Diesel,normal,0.0276,True,,0.0617,0.0,False,pre2010_unreconciled,False,domestic_refinery,False
2008-01-04,Diesel,normal,0.0268,True,,0.0345,0.0,False,pre2010_unreconciled,False,domestic_refinery,False
2008-01-11,Diesel,normal,0.0281,True,,0.0175,0.0,False,pre2010_unreconciled,False,domestic_refinery,False
2008-01-18,Diesel,normal,0.0358,True,,-0.0617,0.0,False,pre2010_unreconciled,False,domestic_refinery,False
2008-01-25,Diesel,normal,0.0352,True,,-0.036,0.0,False,pre2010_unreconciled,False,domestic_refinery,False
2008-02-01,Diesel,normal,0.0332,True,,0.009,0.0,False,pre2010_unreconciled,False,domestic_refinery,False
2008-02-08,Diesel,normal,0.0353,True,,-0.0277,0.0,False,pre2010_unreconciled,False,domestic_refinery,False
2008-02-15,Diesel,normal,0.0352,True,,0.0088,0.0,False,pre2010_unreconciled,False,domestic_refinery,False
2008-02-22,Diesel,normal,0.032,True,,-0.0086,0.0,False,pre2010_unreconciled,False,domestic_refinery,False
2008-02-29,Diesel,normal,0.0312,True,,-0.0258,0.0,False,pre2010_unreconciled,False,domestic_refinery,False
2008-03-07,Diesel,normal,0.0311,True,,0.0342,0.0,False,pre2010_unreconciled,False,domestic_refinery,False
2008-03-14,Diesel,normal,0.0268,True,,0.1117,0.0,False,pre2010_unreconciled,False,domestic_refinery,False
2008-03-21,Diesel,normal,0.0237,True,,0.0961,0.0,False,pre2010_unreconciled,False,domestic_refinery,False
2008-03-28,Diesel,normal,0.0241,True,,0.0863,0.0,False,pre2010_unreconciled,False,domestic_refinery,False
2008-04-04,Diesel,normal,0.0223,True,,0.1312,0.0,False,pre2010_unreconciled,False,domestic_refinery,False
2008-04-11,Diesel,normal,0.0291,True,,0.108,0.0,False,pre2010_unreconciled,False,domestic_refinery,False
2008-04-18,Diesel,normal,0.0305,True,,0.1368,0.0,False,pre2010_unreconciled,False,domestic_refinery,False
2008-04-25,Diesel,normal,0.0236,True,,0.175,0.0,False,pre2010_unreconciled,False,domestic_refinery,False
2008-05-02,Diesel,normal,0.0298,True,,0.1481,0.0,False,pre2010_unreconciled,False,domestic_refinery,False
2008-05-09,Diesel,normal,0.0306,True,,0.1918,0.0,False,pre2010_unreconciled,False,domestic_refinery,False
2008-05-16,Diesel,normal,0.0361,True,,0.2688,0.0,False,pre2010_unreconciled,False,domestic_refinery,False
2008-05-23,Diesel,normal,0.0372,True,,0.2856,0.0,False,pre2010_unreconciled,False,domestic_refinery,False
2008-05-30,Diesel,normal,0.0376,True,,0.2522,0.0,False,pre2010_unreconciled,False,domestic_refinery,False
2008-06-06,Diesel,normal,0.0374,True,,0.2121,0.0,False,pre2010_unreconciled,False,domestic_refinery,False
2008-06-13,Diesel,normal,0.0351,True,,0.2513,0.0,False,pre2010_unreconciled,False,domestic_refinery,False
2008-06-20,Diesel,normal,0.038,True,,0.2217,0.0,False,pre2010_unreconciled,False,domestic_refinery,False
2008-06-27,Diesel,normal,0.0429,True,,0.226,0.0,False,pre2010_unreconciled,False,domestic_refinery,False
2008-07-04,Diesel,normal,0.0417,True,,0.1946,0.0,False,pre2010_unreconciled,False,domestic_refinery,False
2008-07-11,Diesel,normal,0.0428,True,,0.1311,0.0,False,pre2010_unreconciled,False,domestic_refinery,False
2008-07-18,Diesel,normal,0.0295,True,,0.0661,0.0,False,pre2010_unreconciled,False,domestic_refinery,False
2008-07-25,Diesel,normal,0.0294,True,,0.0375,0.0,False,pre2010_unreconciled,False,domestic_refinery,False
2008-08-01,Diesel,normal,0.0309,True,,0.0436,0.0,False,pre2010_unreconciled,False,domestic_refinery,False
2008-08-08,Diesel,normal,0.0274,True,,-0.0665,0.0,False,pre2010_unreconciled,False,domestic_refinery,False
2008-08-15,Diesel,normal,0.0275,True,,-0.0854,0.0,False,pre2010_unreconciled,False,domestic_refinery,False
2008-08-22,Diesel,normal,0.0378,True,,-0.1034,0.0,False,pre2010_unreconciled,False,domestic_refinery,False
2008-08-29,Diesel,high,0.0479,True,2008_gfc_crash,-0.1233,0.0,False,pre2010_unreconciled,False,domestic_refinery,False
2008-09-05,Diesel,high,0.0506,True,2008_gfc_crash,-0.1701,0.0,False,pre2010_unreconciled,False,domestic_refinery,False
2008-09-12,Diesel,high,0.0547,True,2008_gfc_crash,-0.1639,0.0,False,pre2010_unreconciled,False,domestic_refinery,False
2008-09-19,Diesel,high,0.0608,True,2008_gfc_crash,-0.2109,0.0,False,pre2010_unreconciled,False,domestic_refinery,False
2008-09-26,Diesel,high,0.0608,True,2008_gfc_crash,-0.1511,0.0,False,pre2010_unreconciled,False,domestic_refinery,False
2008-10-03,Diesel,high,0.0562,True,2008_gfc_crash,-0.2,0.0,False,pre2010_unreconciled,False,domestic_refinery,False
2008-10-10,Diesel,high,0.0562,True,2008_gfc_crash,-0.2688,0.0,False,pre2010_unreconciled,False,domestic_refinery,False
2008-10-17,Diesel,high,0.0561,True,2008_gfc_crash,-0.377,0.0,False,pre2010_unreconciled,False,domestic_refinery,False
2008-10-24,Diesel,high,0.0549,True,2008_gfc_crash,-0.4902,0.0,False,pre2010_unreconciled,False,domestic_refinery,False
2008-10-31,Diesel,normal,0.0356,True,,-0.4426,0.0,False,pre2010_unreconciled,False,domestic_refinery,False
2008-11-07,Diesel,normal,0.0358,True,,-0.4618,0.0,False,pre2010_unreconciled,False,domestic_refinery,False
2008-11-14,Diesel,normal,0.0345,True,,-0.4402,0.0,False,pre2010_unreconciled,False,domestic_refinery,False
2008-11-21,Diesel,normal,0.0322,True,,-0.5299,0.0,False,pre2010_unreconciled,False,domestic_refinery,False
2008-11-28,Diesel,normal,0.0351,True,,-0.4807,0.0,False,pre2010_unreconciled,False,domestic_refinery,False
2008-12-05,Diesel,normal,0.0393,True,,-0.47,0.0,False,pre2010_unreconciled,False,domestic_refinery,False
2008-12-12,Diesel,high,0.0773,True,2009_rebound,-0.4101,0.0,False,pre2010_unreconciled,False,domestic_refinery,False
2008-12-19,Diesel,high,0.0743,True,2009_rebound,-0.3223,0.0,False,pre2010_unreconciled,False,domestic_refinery,False
2008-12-26,Diesel,high,0.0752,True,2009_rebound,-0.4158,0.0,False,pre2010_unreconciled,False,domestic_refinery,False
2009-01-02,Diesel,high,0.0762,True,2009_rebound,-0.3474,0.0,False,pre2010_unreconciled,False,domestic_refinery,False
2009-01-09,Diesel,high,0.0725,True,2009_rebound,-0.1119,0.0,False,pre2010_unreconciled,False,domestic_refinery,False
2009-01-16,Diesel,high,0.0694,True,2009_rebound,-0.0881,0.0,False,pre2010_unreconciled,False,domestic_refinery,False
2009-01-23,Diesel,high,0.0743,True,2009_rebound,-0.0377,0.0,False,pre2010_unreconciled,False,domestic_refinery,False
2009-01-30,Diesel,high,0.0605,True,2009_rebound,0.077,0.0,False,pre2010_unreconciled,False,domestic_refinery,False
2009-02-06,Diesel,high,0.0603,True,2009_rebound,0.1917,0.0,False,pre2010_unreconciled,False,domestic_refinery,False
2009-02-13,Diesel,normal,0.0376,True,,0.1681,0.0,False,pre2010_unreconciled,False,domestic_refinery,False
2009-02-20,Diesel,normal,0.0394,True,,0.2106,0.0,False,pre2010_unreconciled,False,domestic_refinery,False
2009-02-27,Diesel,normal,0.044,True,,0.2323,0.0,False,pre2010_unreconciled,False,domestic_refinery,False
2009-03-06,Diesel,normal,0.051,True,,0.1119,0.0,False,pre2010_unreconciled,False,domestic_refinery,False
2009-03-13,Diesel,normal,0.0508,True,,0.1119,0.0,False,pre2010_unreconciled,False,domestic_refinery,False
2009-03-20,Diesel,normal,0.0502,True,,0.0621,0.0,False,pre2010_unreconciled,False,domestic_refinery,False
2009-03-27,Diesel,normal,0.044,True,,0.0942,0.0,False,pre2010_unreconciled,False,domestic_refinery,False
2009-04-03,Diesel,normal,0.043,True,,-0.0355,0.0,False,pre2010_unreconciled,False,domestic_refinery,False
2009-04-10,Diesel,normal,0.0484,True,,0.0465,0.0,False,pre2010_unreconciled,False,domestic_refinery,False
2009-04-17,Diesel,normal,0.0482,True,,0.0965,0.0,False,pre2010_unreconciled,False,domestic_refinery,False
2009-04-24,Diesel,normal,0.0463,True,,0.0592,0.0,False,pre2010_unreconciled,False,domestic_refinery,False
2009-05-01,Diesel,normal,0.0424,True,,0.0233,0.0,False,pre2010_unreconciled,False,domestic_refinery,False
2009-05-08,Diesel,normal,0.0294,True,,0.1006,0.0,False,pre2010_unreconciled,False,domestic_refinery,False
2009-05-15,Diesel,normal,0.0319,True,,0.135,0.0,False,pre2010_unreconciled,False,domestic_refinery,False
2009-05-22,Diesel,normal,0.0316,True,,0.0861,0.0,False,pre2010_unreconciled,False,domestic_refinery,False
2009-05-29,Diesel,normal,0.0356,True,,0.1863,0.0,False,pre2010_unreconciled,False,domestic_refinery,False
2009-06-05,Diesel,normal,0.0365,True,,0.1671,0.0,False,pre2010_unreconciled,False,domestic_refinery,False
2009-06-12,Diesel,normal,0.046,True,,0.2526,0.0,False,pre2010_unreconciled,False,domestic_refinery,False
2009-06-19,Diesel,normal,0.0462,True,,0.2436,0.0,False,pre2010_unreconciled,False,domestic_refinery,False
2009-06-26,Diesel,normal,0.0476,True,,0.2162,0.0,False,pre2010_unreconciled,False,domestic_refinery,False
2009-07-03,Diesel,normal,0.047,True,,0.1295,0.0,False,pre2010_unreconciled,False,domestic_refinery,False
2009-07-10,Diesel,normal,0.0479,True,,0.0311,0.0,False,pre2010_unreconciled,False,domestic_refinery,False
2009-07-17,Diesel,normal,0.0408,True,,0.0,0.0,False,pre2010_unreconciled,False,domestic_refinery,False
2009-07-24,Diesel,normal,0.0409,True,,0.01,0.0,False,pre2010_unreconciled,False,domestic_refinery,False
2009-07-31,Diesel,normal,0.0402,True,,-0.0097,0.0,False,pre2010_unreconciled,False,domestic_refinery,False
2009-08-07,Diesel,normal,0.0442,True,,-0.0364,0.0,False,pre2010_unreconciled,False,domestic_refinery,False
2009-08-14,Diesel,normal,0.0333,True,,-0.0556,0.0,False,pre2010_unreconciled,False,domestic_refinery,False
2009-08-21,Diesel,normal,0.0339,True,,-0.0282,0.0,False,pre2010_unreconciled,False,domestic_refinery,False
2009-08-28,Diesel,normal,0.0328,True,,-0.0284,0.0,False,pre2010_unreconciled,False,domestic_refinery,False
2009-09-04,Diesel,normal,0.0309,True,,0.0,0.0,False,pre2010_unreconciled,False,domestic_refinery,False
2009-09-11,Diesel,normal,0.0236,True,,0.0204,0.0,False,pre2010_unreconciled,False,domestic_refinery,False
2009-09-18,Diesel,normal,0.0323,True,,-0.0404,0.0,False,pre2010_unreconciled,False,domestic_refinery,False
2009-09-25,Diesel,normal,0.0361,True,,-0.1021,0.0,False,pre2010_unreconciled,False,domestic_refinery,False
2009-10-02,Diesel,normal,0.0367,True,,-0.1603,0.0,False,pre2010_unreconciled,False,domestic_refinery,False
2009-10-09,Diesel,normal,0.03,True,,-0.1214,0.0,False,pre2010_unreconciled,False,domestic_refinery,False
2009-10-16,Diesel,normal,0.0326,True,,-0.069,0.0,False,pre2010_unreconciled,False,domestic_refinery,False
2009-10-23,Diesel,normal,0.0311,True,,-0.0194,0.0,False,pre2010_unreconciled,False,domestic_refinery,False
2009-10-30,Diesel,normal,0.0246,True,,0.0594,0.0,False,pre2010_unreconciled,False,domestic_refinery,False
2009-11-06,Diesel,normal,0.0236,True,,0.0777,0.0,False,pre2010_unreconciled,False,domestic_refinery,False
2009-11-13,Diesel,normal,0.0347,True,,0.0697,0.0,False,pre2010_unreconciled,False,domestic_refinery,False
2009-11-20,Diesel,normal,0.0336,True,,0.1214,0.0,False,pre2010_unreconciled,False,domestic_refinery,False
2009-11-27,Diesel,normal,0.0323,True,,0.1417,0.0,False,pre2010_unreconciled,False,domestic_refinery,False
2009-12-04,Diesel,normal,0.0341,True,,0.1679,0.0,False,pre2010_unreconciled,False,domestic_refinery,False
2009-12-11,Diesel,normal,0.033,True,,0.0594,0.0,False,pre2010_unreconciled,False,domestic_refinery,False
2009-12-18,Diesel,normal,0.0329,True,,-0.0099,0.0,False,pre2010_unreconciled,False,domestic_refinery,False
2009-12-25,Diesel,normal,0.0335,True,,0.0,0.0,False,pre2010_unreconciled,False,domestic_refinery,False
2010-01-01,Diesel,normal,0.0337,True,,0.0093,0.0,False,pre2010_unreconciled,False,domestic_refinery,False
2010-01-08,Diesel,normal,0.0315,True,,0.047,0.0,False,envisory,True,domestic_refinery,False
2010-01-15,Diesel,normal,0.0255,True,,0.0095,0.0,False,envisory,True,domestic_refinery,False
2010-01-22,Diesel,normal,0.0276,True,,-0.019,0.0,False,envisory,True,domestic_refinery,False
2010-01-29,Diesel,normal,0.0264,True,,-0.0755,0.0,False,envisory,True,domestic_refinery,False
2010-02-05,Diesel,normal,0.0241,True,,0.0,0.0,False,envisory,True,domestic_refinery,False
2010-02-12,Diesel,normal,0.024,True,,0.0196,0.0,False,envisory,True,domestic_refinery,False
2010-02-19,Diesel,normal,0.0227,True,,0.0377,0.0,False,envisory,True,domestic_refinery,False
2010-02-26,Diesel,normal,0.0211,True,,0.0092,0.0,False,envisory,True,domestic_refinery,False
2010-03-05,Diesel,normal,0.019,True,,0.0182,0.0,False,envisory,True,domestic_refinery,False
2010-03-12,Diesel,normal,0.022,True,,0.0461,0.0,False,envisory,True,domestic_refinery,False
2010-03-19,Diesel,normal,0.0209,True,,0.047,0.0,False,envisory,True,domestic_refinery,False
2010-03-26,Diesel,normal,0.0171,True,,0.0755,0.0,False,envisory,True,domestic_refinery,False
2010-04-02,Diesel,normal,0.0171,True,,0.0741,0.0,False,envisory,True,domestic_refinery,False
2010-04-09,Diesel,normal,0.0261,True,,0.1274,0.0,False,envisory,True,domestic_refinery,False
2010-04-16,Diesel,normal,0.0263,True,,0.08,0.0,False,envisory,True,domestic_refinery,False
2010-04-23,Diesel,normal,0.0319,True,,0.0708,0.0,False,envisory,True,domestic_refinery,False
2010-04-30,Diesel,normal,0.0315,True,,0.0612,0.0,False,envisory,True,domestic_refinery,False
2010-05-07,Diesel,normal,0.034,True,,0.009,0.0,False,envisory,True,domestic_refinery,False
2010-05-14,Diesel,normal,0.0291,True,,0.0182,0.0,False,envisory,True,domestic_refinery,False
2010-05-21,Diesel,normal,0.0291,True,,-0.0465,0.0,False,envisory,True,domestic_refinery,False
2010-05-28,Diesel,normal,0.029,True,,-0.0741,0.0,False,envisory,True,domestic_refinery,False
2010-06-04,Diesel,normal,0.0282,True,,-0.08,0.0,False,envisory,True,domestic_refinery,False
2010-06-11,Diesel,normal,0.0243,True,,-0.08,0.0,False,envisory,True,domestic_refinery,False
2010-06-18,Diesel,normal,0.0243,True,,-0.08,0.0,False,envisory,True,domestic_refinery,False
2010-06-25,Diesel,normal,0.0176,True,,-0.1072,0.0,False,envisory,True,domestic_refinery,False
2010-07-02,Diesel,normal,0.0176,True,,-0.0741,0.0,False,envisory,True,domestic_refinery,False
2010-07-09,Diesel,normal,0.0233,True,,-0.0748,0.0,False,envisory,True,domestic_refinery,False
2010-07-16,Diesel,normal,0.0282,True,,-0.029,0.0,False,envisory,True,domestic_refinery,False
2010-07-23,Diesel,normal,0.0281,True,,-0.0097,0.0,False,envisory,True,domestic_refinery,False
2010-07-30,Diesel,normal,0.0278,True,,-0.0572,0.0,False,envisory,True,domestic_refinery,False
2010-08-06,Diesel,normal,0.0295,True,,0.0,0.0,False,envisory,True,domestic_refinery,False
2010-08-13,Diesel,normal,0.0292,True,,-0.0474,0.0,False,envisory,True,domestic_refinery,False
2010-08-20,Diesel,normal,0.029,True,,-0.0385,0.0,False,envisory,True,domestic_refinery,False
2010-08-27,Diesel,normal,0.0288,True,,-0.0293,0.0,False,envisory,True,domestic_refinery,False
2010-09-03,Diesel,normal,0.0286,True,,0.0097,0.0,False,envisory,True,domestic_refinery,False
2010-09-10,Diesel,normal,0.0244,True,,0.0194,0.0,False,envisory,True,domestic_refinery,False
2010-09-17,Diesel,normal,0.0184,True,,0.0097,0.0,False,envisory,True,domestic_refinery,False
2010-09-24,Diesel,normal,0.0184,True,,0.0194,0.0,False,envisory,True,domestic_refinery,False
2010-10-01,Diesel,normal,0.0177,True,,-0.0282,0.0,False,envisory,True,domestic_refinery,False
2010-10-08,Diesel,normal,0.0155,True,,0.0566,0.0,False,envisory,True,domestic_refinery,False
2010-10-15,Diesel,normal,0.0162,True,,0.0479,0.0,False,envisory,True,domestic_refinery,False
2010-10-22,Diesel,normal,0.018,True,,0.0483,0.0,False,envisory,True,domestic_refinery,False
2010-10-29,Diesel,normal,0.018,True,,0.0284,0.0,False,envisory,True,domestic_refinery,False
2010-11-05,Diesel,normal,0.0271,True,,0.0284,0.0,False,envisory,True,domestic_refinery,False
2010-11-12,Diesel,normal,0.0258,True,,0.047,0.0,False,envisory,True,domestic_refinery,False
2010-11-19,Diesel,normal,0.0243,True,,0.0284,0.0,False,envisory,True,domestic_refinery,False
2010-11-26,Diesel,normal,0.0229,True,,0.0189,0.0,False,envisory,True,domestic_refinery,False
2010-12-03,Diesel,normal,0.0299,True,,0.0449,0.0,False,envisory,True,domestic_refinery,False
2010-12-10,Diesel,normal,0.03,True,,0.0893,0.0,False,envisory,True,domestic_refinery,False
2010-12-17,Diesel,normal,0.0303,True,,0.1241,0.0,False,envisory,True,domestic_refinery,False
2010-12-24,Diesel,normal,0.03,True,,0.1312,0.0,False,envisory,True,domestic_refinery,False
2010-12-31,Diesel,normal,0.03,True,,0.0893,0.0,False,envisory,True,domestic_refinery,False
2011-01-07,Diesel,normal,0.0249,True,,0.0961,0.0,False,envisory,True,domestic_refinery,False
2011-01-14,Diesel,normal,0.0244,True,,0.1394,0.0,False,envisory,True,domestic_refinery,False
2011-01-21,Diesel,normal,0.0273,True,,0.123,0.0,False,envisory,True,domestic_refinery,False
2011-01-28,Diesel,normal,0.0347,True,,0.0596,0.0,False,envisory,True,domestic_refinery,False
2011-02-04,Diesel,normal,0.0273,True,,0.0661,0.0,False,envisory,True,domestic_refinery,False
2011-02-11,Diesel,normal,0.0273,True,,0.0408,0.0,False,envisory,True,domestic_refinery,False
2011-02-18,Diesel,normal,0.03,True,,0.0712,0.0,False,envisory,True,domestic_refinery,False
2011-02-25,Diesel,normal,0.027,True,,0.1866,0.0,False,envisory,True,domestic_refinery,False
2011-03-04,Diesel,normal,0.0299,True,,0.1961,0.0,False,envisory,True,domestic_refinery,False
2011-03-11,Diesel,normal,0.0296,True,,0.1918,0.0,False,envisory,True,domestic_refinery,False
2011-03-18,Diesel,normal,0.0302,True,,0.1946,0.0,False,envisory,True,domestic_refinery,False
2011-03-25,Diesel,normal,0.0299,True,,0.2082,0.0,False,envisory,True,domestic_refinery,False
2011-04-01,Diesel,normal,0.0193,True,,0.1553,0.0,False,envisory,True,domestic_refinery,False
2011-04-08,Diesel,normal,0.0248,True,,0.1756,0.0,False,envisory,True,domestic_refinery,False
2011-04-15,Diesel,normal,0.024,True,,0.122,0.0,False,envisory,True,domestic_refinery,False
2011-04-22,Diesel,normal,0.0242,True,,0.0348,0.0,False,envisory,True,domestic_refinery,False
2011-04-29,Diesel,normal,0.0228,True,,0.0136,0.0,False,envisory,True,domestic_refinery,False
2011-05-06,Diesel,normal,0.0226,True,,-0.0623,0.0,False,envisory,True,domestic_refinery,False
2011-05-13,Diesel,normal,0.0217,True,,-0.0778,0.0,False,envisory,True,domestic_refinery,False
2011-05-20,Diesel,normal,0.0225,True,,-0.0913,0.0,False,envisory,True,domestic_refinery,False
2011-05-27,Diesel,normal,0.0268,True,,-0.0783,0.0,False,envisory,True,domestic_refinery,False
2011-06-03,Diesel,normal,0.0254,True,,-0.1136,0.0,False,envisory,True,domestic_refinery,False
2011-06-10,Diesel,normal,0.0222,True,,-0.0919,0.0,False,envisory,True,domestic_refinery,False
2011-06-17,Diesel,normal,0.0217,True,,-0.071,0.0,False,envisory,True,domestic_refinery,False
2011-06-24,Diesel,normal,0.022,True,,-0.1374,0.0,False,envisory,True,domestic_refinery,False
2011-07-01,Diesel,normal,0.0223,True,,-0.0818,0.0,False,envisory,True,domestic_refinery,False
2011-07-08,Diesel,normal,0.025,True,,-0.0375,0.0,False,envisory,True,domestic_refinery,False
2011-07-15,Diesel,normal,0.0236,True,,-0.0223,0.0,False,envisory,True,domestic_refinery,False
2011-07-22,Diesel,normal,0.0259,True,,-0.0301,0.0,False,envisory,True,domestic_refinery,False
2011-07-29,Diesel,normal,0.0211,True,,-0.0305,0.0,False,envisory,True,domestic_refinery,False
2011-08-05,Diesel,normal,0.0219,True,,-0.085,0.0,False,envisory,True,domestic_refinery,False
2011-08-12,Diesel,normal,0.0214,True,,-0.1086,0.0,False,envisory,True,domestic_refinery,False
2011-08-19,Diesel,normal,0.0208,True,,-0.0315,0.0,False,envisory,True,domestic_refinery,False
2011-08-26,Diesel,normal,0.0202,True,,-0.0156,0.0,False,envisory,True,domestic_refinery,False
2011-09-02,Diesel,normal,0.0195,True,,-0.0154,0.0,False,envisory,True,domestic_refinery,False
2011-09-09,Diesel,normal,0.0137,True,,-0.0228,0.0,False,envisory,True,domestic_refinery,False
2011-09-16,Diesel,normal,0.0134,True,,0.0,0.0,False,envisory,True,domestic_refinery,False
2011-09-23,Diesel,normal,0.0127,True,,0.0154,0.0,False,envisory,True,domestic_refinery,False
2011-09-30,Diesel,normal,0.0132,True,,0.0625,0.0,False,envisory,True,domestic_refinery,False
2011-10-07,Diesel,normal,0.0131,True,,0.0635,0.0,False,envisory,True,domestic_refinery,False
2011-10-14,Diesel,normal,0.025,True,,0.0695,0.0,False,envisory,True,domestic_refinery,False
2011-10-21,Diesel,normal,0.025,True,,0.0537,0.0,False,envisory,True,domestic_refinery,False
2011-10-28,Diesel,normal,0.0248,True,,0.0305,0.0,False,envisory,True,domestic_refinery,False
2011-11-04,Diesel,normal,0.0254,True,,0.0153,0.0,False,envisory,True,domestic_refinery,False
2011-11-11,Diesel,normal,0.0262,True,,0.0736,0.0,False,envisory,True,domestic_refinery,False
2011-11-18,Diesel,normal,0.0251,True,,0.0806,0.0,False,envisory,True,domestic_refinery,False
2011-11-25,Diesel,normal,0.0253,True,,0.08,0.0,False,envisory,True,domestic_refinery,False
2011-12-02,Diesel,normal,0.0253,True,,0.0883,0.0,False,envisory,True,domestic_refinery,False
2011-12-09,Diesel,normal,0.0253,True,,0.0366,0.0,False,envisory,True,domestic_refinery,False
2011-12-16,Diesel,normal,0.0112,True,,0.0294,0.0,False,envisory,True,domestic_refinery,False
2011-12-23,Diesel,normal,0.0114,True,,0.0296,0.0,False,envisory,True,domestic_refinery,False
2011-12-30,Diesel,normal,0.012,True,,0.0299,0.0,False,envisory,True,domestic_refinery,False
2012-01-06,Diesel,normal,0.012,True,,-0.0215,0.0,False,envisory,True,domestic_refinery,False
2012-01-13,Diesel,normal,0.0159,True,,-0.0214,0.0,False,envisory,True,domestic_refinery,False
2012-01-20,Diesel,normal,0.0175,True,,-0.0429,0.0,False,envisory,True,domestic_refinery,False
2012-01-27,Diesel,normal,0.0183,True,,-0.058,0.0,False,envisory,True,domestic_refinery,False
2012-02-03,Diesel,normal,0.0177,True,,-0.0441,0.0,False,envisory,True,domestic_refinery,False
2012-02-10,Diesel,normal,0.0199,True,,-0.0073,0.0,False,envisory,True,domestic_refinery,False
2012-02-17,Diesel,normal,0.0199,True,,0.0217,0.0,False,envisory,True,domestic_refinery,False
2012-02-24,Diesel,normal,0.0189,True,,0.0502,0.0,False,envisory,True,domestic_refinery,False
2012-03-02,Diesel,normal,0.0172,True,,0.0426,0.0,False,envisory,True,domestic_refinery,False
2012-03-09,Diesel,normal,0.0164,True,,0.0695,0.0,False,envisory,True,domestic_refinery,False
2012-03-16,Diesel,normal,0.0194,True,,0.0973,0.0,False,envisory,True,domestic_refinery,False
2012-03-23,Diesel,normal,0.0212,True,,0.1128,0.0,False,envisory,True,domestic_refinery,False
2012-03-30,Diesel,normal,0.02,True,,0.1069,0.0,False,envisory,True,domestic_refinery,False
2012-04-06,Diesel,normal,0.0198,True,,0.0772,0.0,False,envisory,True,domestic_refinery,False
2012-04-13,Diesel,normal,0.0141,True,,0.0282,0.0,False,envisory,True,domestic_refinery,False
2012-04-20,Diesel,normal,0.0131,True,,-0.0212,0.0,False,envisory,True,domestic_refinery,False
2012-04-27,Diesel,normal,0.0131,True,,-0.0211,0.0,False,envisory,True,domestic_refinery,False
2012-05-04,Diesel,normal,0.0147,True,,-0.0623,0.0,False,envisory,True,domestic_refinery,False
2012-05-11,Diesel,normal,0.0197,True,,-0.09,0.0,False,envisory,True,domestic_refinery,False
2012-05-18,Diesel,normal,0.0195,True,,-0.0762,0.0,False,envisory,True,domestic_refinery,False
2012-05-25,Diesel,normal,0.0256,True,,-0.07,0.0,False,envisory,True,domestic_refinery,False
2012-06-01,Diesel,normal,0.0247,True,,-0.0994,0.0,False,envisory,True,domestic_refinery,False
2012-06-08,Diesel,normal,0.0308,True,,-0.1256,0.0,False,envisory,True,domestic_refinery,False
2012-06-15,Diesel,normal,0.0328,True,,-0.1214,0.0,False,envisory,True,domestic_refinery,False
2012-06-22,Diesel,normal,0.0384,True,,-0.1952,0.0,False,envisory,True,domestic_refinery,False
2012-06-29,Diesel,normal,0.0384,True,,-0.1881,0.0,False,envisory,True,domestic_refinery,False
2012-07-06,Diesel,normal,0.0377,True,,-0.1398,0.0,False,envisory,True,domestic_refinery,False
2012-07-13,Diesel,normal,0.0348,True,,-0.1305,0.0,False,envisory,True,domestic_refinery,False
2012-07-20,Diesel,normal,0.0347,True,,-0.0752,0.0,False,envisory,True,domestic_refinery,False
2012-07-27,Diesel,normal,0.0193,True,,-0.0537,0.0,False,envisory,True,domestic_refinery,False
2012-08-03,Diesel,normal,0.0217,True,,0.0,0.0,False,envisory,True,domestic_refinery,False
2012-08-10,Diesel,normal,0.0213,True,,0.0549,0.0,False,envisory,True,domestic_refinery,False
2012-08-17,Diesel,normal,0.0239,True,,0.1591,0.0,False,envisory,True,domestic_refinery,False
2012-08-24,Diesel,normal,0.029,True,,0.1809,0.0,False,envisory,True,domestic_refinery,False
2012-08-31,Diesel,normal,0.0289,True,,0.1325,0.0,False,envisory,True,domestic_refinery,False
2012-09-07,Diesel,normal,0.0289,True,,0.1447,0.0,False,envisory,True,domestic_refinery,False
2012-09-14,Diesel,normal,0.0288,True,,0.0824,0.0,False,envisory,True,domestic_refinery,False
2012-09-21,Diesel,normal,0.0259,True,,0.0386,0.0,False,envisory,True,domestic_refinery,False
2012-09-28,Diesel,normal,0.0259,True,,0.031,0.0,False,envisory,True,domestic_refinery,False
2012-10-05,Diesel,normal,0.0257,True,,0.0,0.0,False,envisory,True,domestic_refinery,False
2012-10-12,Diesel,normal,0.0221,True,,-0.0074,0.0,False,envisory,True,domestic_refinery,False
2012-10-19,Diesel,normal,0.0247,True,,-0.0366,0.0,False,envisory,True,domestic_refinery,False
2012-10-26,Diesel,normal,0.0188,True,,-0.0524,0.0,False,envisory,True,domestic_refinery,False
2012-11-02,Diesel,normal,0.0193,True,,-0.0889,0.0,False,envisory,True,domestic_refinery,False
2012-11-09,Diesel,normal,0.0208,True,,-0.0824,0.0,False,envisory,True,domestic_refinery,False
2012-11-16,Diesel,normal,0.0178,True,,-0.0076,0.0,False,envisory,True,domestic_refinery,False
2012-11-23,Diesel,normal,0.0196,True,,0.0152,0.0,False,envisory,True,domestic_refinery,False
2012-11-30,Diesel,normal,0.0194,True,,0.0,0.0,False,envisory,True,domestic_refinery,False
2012-12-07,Diesel,normal,0.0192,True,,-0.0532,0.0,False,envisory,True,domestic_refinery,False
2012-12-14,Diesel,normal,0.0198,True,,-0.0695,0.0,False,envisory,True,domestic_refinery,False
2012-12-21,Diesel,normal,0.0178,True,,-0.0233,0.0,False,envisory,True,domestic_refinery,False
2012-12-28,Diesel,normal,0.0178,True,,0.0077,0.0,False,envisory,True,domestic_refinery,False
2013-01-04,Diesel,normal,0.018,True,,0.0155,0.0,False,envisory,True,domestic_refinery,False
2013-01-11,Diesel,normal,0.0157,True,,-0.0232,0.0,False,envisory,True,domestic_refinery,False
2013-01-18,Diesel,normal,0.0117,True,,-0.0383,0.0,False,envisory,True,domestic_refinery,False
2013-01-25,Diesel,normal,0.0134,True,,-0.0077,0.0,False,envisory,True,domestic_refinery,False
2013-02-01,Diesel,normal,0.0127,True,,0.0308,0.0,False,envisory,True,domestic_refinery,False
2013-02-08,Diesel,normal,0.0137,True,,0.062,0.0,False,envisory,True,domestic_refinery,False
2013-02-15,Diesel,normal,0.0127,True,,0.0537,0.0,False,envisory,True,domestic_refinery,False
2013-02-22,Diesel,normal,0.0137,True,,0.0153,0.0,False,envisory,True,domestic_refinery,False
2013-03-01,Diesel,normal,0.0122,True,,0.0,0.0,False,envisory,True,domestic_refinery,False
2013-03-08,Diesel,normal,0.0101,True,,0.0,0.0,False,envisory,True,domestic_refinery,False
2013-03-15,Diesel,normal,0.0166,True,,0.0,0.0,False,envisory,True,domestic_refinery,False
2013-03-22,Diesel,normal,0.0178,True,,-0.0313,0.0,False,envisory,True,domestic_refinery,False
2013-03-29,Diesel,normal,0.0229,True,,-0.0465,0.0,False,envisory,True,domestic_refinery,False
2013-04-05,Diesel,normal,0.0232,True,,-0.0541,0.0,False,envisory,True,domestic_refinery,False
2013-04-12,Diesel,normal,0.0239,True,,-0.1103,0.0,False,envisory,True,domestic_refinery,False
2013-04-19,Diesel,normal,0.0263,True,,-0.1379,0.0,False,envisory,True,domestic_refinery,False
2013-04-26,Diesel,normal,0.0269,True,,-0.0968,0.0,False,envisory,True,domestic_refinery,False
2013-05-03,Diesel,normal,0.027,True,,-0.0813,0.0,False,envisory,True,domestic_refinery,False
2013-05-10,Diesel,normal,0.0277,True,,-0.0729,0.0,False,envisory,True,domestic_refinery,False
2013-05-17,Diesel,normal,0.0214,True,,-0.0323,0.0,False,envisory,True,domestic_refinery,False
2013-05-24,Diesel,normal,0.0111,True,,-0.016,0.0,False,envisory,True,domestic_refinery,False
2013-05-31,Diesel,normal,0.0115,True,,-0.0241,0.0,False,envisory,True,domestic_refinery,False
2013-06-07,Diesel,normal,0.012,True,,0.0408,0.0,False,envisory,True,domestic_refinery,False
2013-06-14,Diesel,normal,0.0126,True,,0.0993,0.0,False,envisory,True,domestic_refinery,False
2013-06-21,Diesel,normal,0.0123,True,,0.0813,0.0,False,envisory,True,domestic_refinery,False
2013-06-28,Diesel,normal,0.0144,True,,0.0735,0.0,False,envisory,True,domestic_refinery,False
2013-07-05,Diesel,normal,0.0136,True,,0.0884,0.0,False,envisory,True,domestic_refinery,False
2013-07-12,Diesel,normal,0.0132,True,,0.0863,0.0,False,envisory,True,domestic_refinery,False
2013-07-19,Diesel,normal,0.0128,True,,0.0701,0.0,False,envisory,True,domestic_refinery,False
2013-07-26,Diesel,normal,0.0142,True,,0.063,0.0,False,envisory,True,domestic_refinery,False
2013-08-02,Diesel,normal,0.0212,True,,0.0469,0.0,False,envisory,True,domestic_refinery,False
2013-08-09,Diesel,normal,0.0226,True,,0.0386,0.0,False,envisory,True,domestic_refinery,False
2013-08-16,Diesel,normal,0.0278,True,,0.0308,0.0,False,envisory,True,domestic_refinery,False
2013-08-23,Diesel,normal,0.0307,True,,0.0611,0.0,False,envisory,True,domestic_refinery,False
2013-08-30,Diesel,normal,0.0308,True,,0.0953,0.0,False,envisory,True,domestic_refinery,False
2013-09-06,Diesel,normal,0.0308,True,,0.0584,0.0,False,envisory,True,domestic_refinery,False
2013-09-13,Diesel,normal,0.0313,True,,0.0149,0.0,False,envisory,True,domestic_refinery,False
2013-09-20,Diesel,normal,0.0313,True,,-0.0077,0.0,False,envisory,True,domestic_refinery,False
2013-09-27,Diesel,normal,0.0299,True,,-0.0232,0.0,False,envisory,True,domestic_refinery,False
2013-10-04,Diesel,normal,0.0202,True,,-0.0386,0.0,False,envisory,True,domestic_refinery,False
2013-10-11,Diesel,normal,0.0205,True,,-0.023,0.0,False,envisory,True,domestic_refinery,False
2013-10-18,Diesel,normal,0.0204,True,,-0.0532,0.0,False,envisory,True,domestic_refinery,False
2013-10-25,Diesel,normal,0.0169,True,,-0.1266,0.0,False,envisory,True,domestic_refinery,False
2013-11-01,Diesel,normal,0.0188,True,,-0.0967,0.0,False,envisory,True,domestic_refinery,False
2013-11-08,Diesel,normal,0.0187,True,,-0.077,0.0,False,envisory,True,domestic_refinery,False
2013-11-15,Diesel,normal,0.0202,True,,-0.0155,0.0,False,envisory,True,domestic_refinery,False
2013-11-22,Diesel,normal,0.0205,True,,0.0078,0.0,False,envisory,True,domestic_refinery,False
2013-11-29,Diesel,normal,0.0197,True,,0.0462,0.0,False,envisory,True,domestic_refinery,False
2013-12-06,Diesel,normal,0.0214,True,,0.023,0.0,False,envisory,True,domestic_refinery,False
2013-12-13,Diesel,normal,0.0242,True,,0.0078,0.0,False,envisory,True,domestic_refinery,False
2013-12-20,Diesel,normal,0.0225,True,,0.0389,0.0,False,envisory,True,domestic_refinery,False
2013-12-27,Diesel,normal,0.0225,True,,0.0383,0.0,False,envisory,True,domestic_refinery,False
2014-01-03,Diesel,normal,0.0202,True,,0.0392,0.0,False,envisory,True,domestic_refinery,False
2014-01-10,Diesel,normal,0.0202,True,,-0.0237,0.0,False,envisory,True,domestic_refinery,False
2014-01-17,Diesel,normal,0.0194,True,,-0.0395,0.0,False,envisory,True,domestic_refinery,False
2014-01-24,Diesel,normal,0.0187,True,,-0.062,0.0,False,envisory,True,domestic_refinery,False
2014-01-31,Diesel,normal,0.0175,True,,-0.0386,0.0,False,envisory,True,domestic_refinery,False
2014-02-07,Diesel,normal,0.0168,True,,-0.0235,0.0,False,envisory,True,domestic_refinery,False
2014-02-14,Diesel,normal,0.0118,True,,-0.031,0.0,False,envisory,True,domestic_refinery,False
2014-02-21,Diesel,normal,0.0126,True,,-0.0383,0.0,False,envisory,True,domestic_refinery,False
2014-02-28,Diesel,normal,0.0121,True,,-0.0233,0.0,False,envisory,True,domestic_refinery,False
2014-03-07,Diesel,normal,0.0102,True,,0.0,0.0,False,envisory,True,domestic_refinery,False
2014-03-14,Diesel,normal,0.0115,True,,-0.0081,0.0,False,envisory,True,domestic_refinery,False
2014-03-21,Diesel,normal,0.013,True,,-0.0325,0.0,False,envisory,True,domestic_refinery,False
2014-03-28,Diesel,normal,0.013,True,,-0.0484,0.0,False,envisory,True,domestic_refinery,False
2014-04-04,Diesel,normal,0.013,True,,-0.0572,0.0,False,envisory,True,domestic_refinery,False
2014-04-11,Diesel,normal,0.0131,True,,-0.0567,0.0,False,envisory,True,domestic_refinery,False
2014-04-18,Diesel,normal,0.014,True,,-0.048,0.0,False,envisory,True,domestic_refinery,False
2014-04-25,Diesel,normal,0.0137,True,,-0.032,0.0,False,envisory,True,domestic_refinery,False
2014-05-02,Diesel,normal,0.0137,True,,-0.0243,0.0,False,envisory,True,domestic_refinery,False
2014-05-09,Diesel,normal,0.0116,True,,-0.0247,0.0,False,envisory,True,domestic_refinery,False
2014-05-16,Diesel,normal,0.0117,True,,0.0082,0.0,False,envisory,True,domestic_refinery,False
2014-05-23,Diesel,normal,0.0116,True,,0.0245,0.0,False,envisory,True,domestic_refinery,False
2014-05-30,Diesel,normal,0.0122,True,,0.0492,0.0,False,envisory,True,domestic_refinery,False
2014-06-06,Diesel,normal,0.0148,True,,0.0408,0.0,False,envisory,True,domestic_refinery,False
2014-06-13,Diesel,normal,0.0148,True,,0.0243,0.0,False,envisory,True,domestic_refinery,False
2014-06-20,Diesel,normal,0.0138,True,,0.032,0.0,False,envisory,True,domestic_refinery,False
2014-06-27,Diesel,normal,0.0139,True,,0.0323,0.0,False,envisory,True,domestic_refinery,False
2014-07-04,Diesel,normal,0.0139,True,,0.0247,0.0,False,envisory,True,domestic_refinery,False
2014-07-11,Diesel,normal,0.014,True,,-0.0082,0.0,False,envisory,True,domestic_refinery,False
2014-07-18,Diesel,normal,0.0141,True,,-0.0328,0.0,False,envisory,True,domestic_refinery,False
2014-07-25,Diesel,normal,0.0136,True,,-0.0243,0.0,False,envisory,True,domestic_refinery,False
2014-08-01,Diesel,normal,0.016,True,,-0.0161,0.0,False,envisory,True,domestic_refinery,False
2014-08-08,Diesel,normal,0.0144,True,,-0.0243,0.0,False,envisory,True,domestic_refinery,False
2014-08-15,Diesel,normal,0.0157,True,,-0.0484,0.0,False,envisory,True,domestic_refinery,False
2014-08-22,Diesel,normal,0.0161,True,,-0.0656,0.0,False,envisory,True,domestic_refinery,False
2014-08-29,Diesel,normal,0.0146,True,,-0.0247,0.0,False,envisory,True,domestic_refinery,False
2014-09-05,Diesel,normal,0.0158,True,,-0.0083,0.0,False,envisory,True,domestic_refinery,False
2014-09-12,Diesel,normal,0.0206,True,,-0.0253,0.0,False,envisory,True,domestic_refinery,False
2014-09-19,Diesel,normal,0.0258,True,,-0.0333,0.0,False,envisory,True,domestic_refinery,False
2014-09-26,Diesel,normal,0.0255,True,,-0.05,0.0,False,envisory,True,domestic_refinery,False
2014-10-03,Diesel,normal,0.0245,True,,-0.0249,0.0,False,envisory,True,domestic_refinery,False
2014-10-10,Diesel,normal,0.0245,True,,-0.0596,0.0,False,envisory,True,domestic_refinery,False
2014-10-17,Diesel,normal,0.0269,True,,-0.0886,0.0,False,envisory,True,domestic_refinery,False
2014-10-24,Diesel,normal,0.0257,True,,-0.1241,0.0,False,envisory,True,domestic_refinery,False
2014-10-31,Diesel,normal,0.0251,True,,-0.1147,0.0,False,envisory,True,domestic_refinery,False
2014-11-07,Diesel,normal,0.0206,True,,-0.1178,0.0,False,envisory,True,domestic_refinery,False
2014-11-14,Diesel,normal,0.0263,True,,-0.1756,0.0,False,envisory,True,domestic_refinery,False
2014-11-21,Diesel,normal,0.0291,True,,-0.2083,0.0,False,envisory,True,domestic_refinery,False
2014-11-28,Diesel,normal,0.0296,True,,-0.2573,0.0,False,envisory,True,domestic_refinery,False
2014-12-05,Diesel,normal,0.0229,True,,-0.2703,0.0,False,envisory,True,domestic_refinery,False
2014-12-12,Diesel,normal,0.0322,True,,-0.3001,0.0,False,envisory,True,domestic_refinery,False
2014-12-19,Diesel,normal,0.0331,True,,-0.3594,0.0,False,envisory,True,domestic_refinery,False
2014-12-26,Diesel,high,0.0465,True,2015_glut_onset,-0.3824,0.0,False,envisory,True,domestic_refinery,False
2015-01-02,Diesel,high,0.055,True,2015_glut_onset,-0.4103,0.0,False,envisory,True,domestic_refinery,False
2015-01-09,Diesel,high,0.1015,True,2015_glut_onset,-0.4842,0.0,False,envisory,True,domestic_refinery,False
2015-01-16,Diesel,high,0.0988,True,2015_glut_onset,-0.5285,0.0,False,envisory,True,domestic_refinery,False
2015-01-23,Diesel,high,0.0955,True,2015_glut_onset,-0.4613,0.0,False,envisory,True,domestic_refinery,False
2015-01-30,Diesel,high,0.0955,True,2015_glut_onset,-0.3716,0.0,False,envisory,True,domestic_refinery,False
2015-02-06,Diesel,high,0.0927,True,2015_glut_onset,-0.078,0.0,False,envisory,True,domestic_refinery,False
2015-02-13,Diesel,high,0.0809,True,2015_glut_onset,0.0134,0.0,False,envisory,True,domestic_refinery,False
2015-02-20,Diesel,high,0.0764,True,2015_glut_onset,0.0533,0.0,False,envisory,True,domestic_refinery,False
2015-02-27,Diesel,high,0.0764,True,2015_glut_onset,0.0966,0.0,False,envisory,True,domestic_refinery,False
2015-03-06,Diesel,high,0.0766,True,2015_glut_onset,0.2329,0.0,False,envisory,True,domestic_refinery,False
2015-03-13,Diesel,normal,0.0312,True,,0.2787,0.0,False,envisory,True,domestic_refinery,False
2015-03-20,Diesel,normal,0.0357,True,,0.1881,0.0,False,envisory,True,domestic_refinery,False
2015-03-27,Diesel,normal,0.0357,True,,0.1683,0.0,False,envisory,True,domestic_refinery,False
2015-04-03,Diesel,normal,0.0356,True,,-0.0414,0.0,False,envisory,True,domestic_refinery,False
2015-04-10,Diesel,normal,0.0394,True,,-0.0134,0.0,False,envisory,True,domestic_refinery,False
2015-04-17,Diesel,normal,0.0356,True,,0.0129,0.0,False,envisory,True,domestic_refinery,False
2015-04-24,Diesel,normal,0.0263,True,,0.0513,0.0,False,envisory,True,domestic_refinery,False
2015-05-01,Diesel,normal,0.0272,True,,0.0629,0.0,False,envisory,True,domestic_refinery,False
2015-05-08,Diesel,normal,0.0264,True,,0.1618,0.0,False,envisory,True,domestic_refinery,False
2015-05-15,Diesel,normal,0.0253,True,,0.2059,0.0,False,envisory,True,domestic_refinery,False
2015-05-22,Diesel,normal,0.0226,True,,0.18,0.0,False,envisory,True,domestic_refinery,False
2015-05-29,Diesel,normal,0.0225,True,,0.18,0.0,False,envisory,True,domestic_refinery,False
2015-06-05,Diesel,normal,0.0223,True,,0.1503,0.0,False,envisory,True,domestic_refinery,False
2015-06-12,Diesel,normal,0.0241,True,,0.1206,0.0,False,envisory,True,domestic_refinery,False
2015-06-19,Diesel,normal,0.0243,True,,0.0953,0.0,False,envisory,True,domestic_refinery,False
2015-06-26,Diesel,normal,0.0253,True,,0.0706,0.0,False,envisory,True,domestic_refinery,False
2015-07-03,Diesel,normal,0.0278,True,,0.0339,0.0,False,envisory,True,domestic_refinery,False
2015-07-10,Diesel,normal,0.0329,True,,-0.0117,0.0,False,envisory,True,domestic_refinery,False
2015-07-17,Diesel,normal,0.03,True,,0.0117,0.0,False,envisory,True,domestic_refinery,False
2015-07-24,Diesel,normal,0.0314,True,,-0.0118,0.0,False,envisory,True,domestic_refinery,False
2015-07-31,Diesel,normal,0.0306,True,,-0.0599,0.0,False,envisory,True,domestic_refinery,False
2015-08-07,Diesel,normal,0.0504,True,,-0.1466,0.0,False,envisory,True,domestic_refinery,False
2015-08-14,Diesel,normal,0.0486,True,,-0.1598,0.0,False,envisory,True,domestic_refinery,False
2015-08-21,Diesel,normal,0.0479,True,,-0.2147,0.0,False,envisory,True,domestic_refinery,False
2015-08-28,Diesel,normal,0.0485,True,,-0.2803,0.0,False,envisory,True,domestic_refinery,False
2015-09-04,Diesel,normal,0.0481,True,,-0.1252,0.0,False,envisory,True,domestic_refinery,False
2015-09-11,Diesel,normal,0.0526,True,,-0.1639,0.0,False,envisory,True,domestic_refinery,False
2015-09-18,Diesel,normal,0.0572,True,,-0.1823,0.0,False,envisory,True,domestic_refinery,False
2015-09-25,Diesel,normal,0.0577,True,,-0.146,0.0,False,envisory,True,domestic_refinery,False
2015-10-02,Diesel,normal,0.0568,True,,-0.0966,0.0,False,envisory,True,domestic_refinery,False
2015-10-09,Diesel,normal,0.0449,True,,-0.0134,0.0,False,envisory,True,domestic_refinery,False
2015-10-16,Diesel,high,0.0477,True,2016_glut_trough,-0.0286,0.0,False,envisory,True,domestic_refinery,False
2015-10-23,Diesel,high,0.0499,True,2016_glut_trough,-0.0451,0.0,False,envisory,True,domestic_refinery,False
2015-10-30,Diesel,high,0.0509,True,2016_glut_trough,-0.1278,0.0,False,envisory,True,domestic_refinery,False
2015-11-06,Diesel,high,0.0509,True,2016_glut_trough,-0.071,0.0,False,envisory,True,domestic_refinery,False
2015-11-13,Diesel,high,0.0555,True,2016_glut_trough,-0.0896,0.0,False,envisory,True,domestic_refinery,False
2015-11-20,Diesel,high,0.0549,True,2016_glut_trough,-0.1542,0.0,False,envisory,True,domestic_refinery,False
2015-11-27,Diesel,high,0.0543,True,2016_glut_trough,-0.1232,0.0,False,envisory,True,domestic_refinery,False
2015-12-04,Diesel,high,0.0512,True,2016_glut_trough,-0.2097,0.0,False,envisory,True,domestic_refinery,False
2015-12-11,Diesel,high,0.0469,True,2016_glut_trough,-0.2829,0.0,False,envisory,True,domestic_refinery,False
2015-12-18,Diesel,high,0.0569,True,2016_glut_trough,-0.2826,0.0,False,envisory,True,domestic_refinery,False
2015-12-25,Diesel,high,0.0574,True,2016_glut_trough,-0.3395,0.0,False,envisory,True,domestic_refinery,False
2016-01-01,Diesel,high,0.0874,True,2016_glut_trough,-0.3909,0.0,False,envisory,True,domestic_refinery,False
2016-01-08,Diesel,high,0.0943,True,2016_glut_trough,-0.3302,0.0,False,envisory,True,domestic_refinery,False
2016-01-15,Diesel,high,0.0904,True,2016_glut_trough,-0.4055,0.0,False,envisory,True,domestic_refinery,False
2016-01-22,Diesel,high,0.0975,True,2016_glut_trough,-0.5,0.0,False,envisory,True,domestic_refinery,False
2016-01-29,Diesel,high,0.0968,True,2016_glut_trough,-0.3331,0.0,False,envisory,True,domestic_refinery,False
2016-02-05,Diesel,high,0.0991,True,2016_glut_trough,-0.1226,0.0,False,envisory,True,domestic_refinery,False
2016-02-12,Diesel,high,0.1039,True,2016_glut_trough,-0.1782,0.0,False,envisory,True,domestic_refinery,False
2016-02-19,Diesel,high,0.0868,True,2016_glut_trough,-0.0435,0.0,False,envisory,True,domestic_refinery,False
2016-02-26,Diesel,high,0.0766,True,2016_glut_trough,-0.022,0.0,False,envisory,True,domestic_refinery,False
2016-03-04,Diesel,high,0.0744,True,2016_glut_trough,0.0426,0.0,False,envisory,True,domestic_refinery,False
2016-03-11,Diesel,high,0.0723,True,2016_glut_trough,0.2814,0.0,False,envisory,True,domestic_refinery,False
2016-03-18,Diesel,high,0.0641,True,2016_glut_trough,0.3594,0.0,False,envisory,True,domestic_refinery,False
2016-03-25,Diesel,high,0.0617,True,2016_glut_trough,0.2461,0.0,False,envisory,True,domestic_refinery,False
2016-04-01,Diesel,high,0.0611,True,2016_glut_trough,0.1032,0.0,False,envisory,True,domestic_refinery,False
2016-04-08,Diesel,high,0.0608,True,2016_glut_trough,0.2183,0.0,False,envisory,True,domestic_refinery,False
2016-04-15,Diesel,high,0.0546,True,2016_glut_trough,0.2538,0.0,False,envisory,True,domestic_refinery,False
2016-04-22,Diesel,high,0.0558,True,2016_glut_trough,0.2538,0.0,False,envisory,True,domestic_refinery,False
2016-04-29,Diesel,high,0.0557,True,2016_glut_trough,0.2397,0.0,False,envisory,True,domestic_refinery,False
2016-05-06,Diesel,normal,0.0432,True,,0.1406,0.0,False,envisory,True,domestic_refinery,False
2016-05-13,Diesel,normal,0.0432,True,,0.1728,0.0,False,envisory,True,domestic_refinery,False
2016-05-20,Diesel,normal,0.032,True,,0.1974,0.0,False,envisory,True,domestic_refinery,False
2016-05-27,Diesel,normal,0.032,True,,0.2877,0.0,False,envisory,True,domestic_refinery,False
2016-06-03,Diesel,normal,0.0297,True,,0.2877,0.0,False,envisory,True,domestic_refinery,False
2016-06-10,Diesel,normal,0.0347,True,,0.1591,0.0,False,envisory,True,domestic_refinery,False
2016-06-17,Diesel,normal,0.034,True,,0.1139,0.0,False,envisory,True,domestic_refinery,False
2016-06-24,Diesel,normal,0.0246,True,,0.0635,0.0,False,envisory,True,domestic_refinery,False
2016-07-01,Diesel,normal,0.0254,True,,0.048,0.0,False,envisory,True,domestic_refinery,False
2016-07-08,Diesel,normal,0.0247,True,,-0.0323,0.0,False,envisory,True,domestic_refinery,False
2016-07-15,Diesel,normal,0.0396,True,,-0.1272,0.0,False,envisory,True,domestic_refinery,False
2016-07-22,Diesel,normal,0.0492,True,,-0.1252,0.0,False,envisory,True,domestic_refinery,False
2016-07-29,Diesel,normal,0.0494,True,,-0.1765,0.0,False,envisory,True,domestic_refinery,False
2016-08-05,Diesel,normal,0.0516,True,,-0.2122,0.0,False,envisory,True,domestic_refinery,False
2016-08-12,Diesel,normal,0.0493,True,,-0.0968,0.0,False,envisory,True,domestic_refinery,False
2016-08-19,Diesel,normal,0.0483,True,,-0.0155,0.0,False,envisory,True,domestic_refinery,False
2016-08-26,Diesel,normal,0.0483,True,,-0.0157,0.0,False,envisory,True,domestic_refinery,False
2016-09-02,Diesel,normal,0.0444,True,,-0.0165,0.0,False,envisory,True,domestic_refinery,False
2016-09-09,Diesel,high,0.0522,True,2016_opec_cuts,0.0168,0.0,False,envisory,True,domestic_refinery,False
2016-09-16,Diesel,high,0.0493,True,2016_opec_cuts,-0.0168,0.0,False,envisory,True,domestic_refinery,False
2016-09-23,Diesel,high,0.0455,True,2016_opec_cuts,0.0513,0.0,False,envisory,True,domestic_refinery,False
2016-09-30,Diesel,high,0.0454,True,2016_opec_cuts,0.1035,0.0,False,envisory,True,domestic_refinery,False
2016-10-07,Diesel,high,0.0578,True,2016_opec_cuts,0.142,0.0,False,envisory,True,domestic_refinery,False
2016-10-14,Diesel,high,0.0589,True,2016_opec_cuts,0.0896,0.0,False,envisory,True,domestic_refinery,False
2016-10-21,Diesel,high,0.0612,True,2016_opec_cuts,0.0764,0.0,False,envisory,True,domestic_refinery,False
2016-10-28,Diesel,high,0.0644,True,2016_opec_cuts,0.1103,0.0,False,envisory,True,domestic_refinery,False
2016-11-04,Diesel,high,0.0648,True,2016_opec_cuts,0.0,0.0,False,envisory,True,domestic_refinery,False
2016-11-11,Diesel,high,0.0587,True,2016_opec_cuts,-0.0171,0.0,False,envisory,True,domestic_refinery,False
2016-11-18,Diesel,high,0.0582,True,2016_opec_cuts,0.0165,0.0,False,envisory,True,domestic_refinery,False
2016-11-25,Diesel,high,0.0571,True,2016_opec_cuts,0.0635,0.0,False,envisory,True,domestic_refinery,False
2016-12-02,Diesel,high,0.0564,True,2016_opec_cuts,-0.0148,0.0,False,envisory,True,domestic_refinery,False
2016-12-09,Diesel,normal,0.0315,True,,0.0282,0.0,False,envisory,True,domestic_refinery,False
2016-12-16,Diesel,normal,0.0296,True,,0.071,0.0,False,envisory,True,domestic_refinery,False
2016-12-23,Diesel,normal,0.0317,True,,0.1128,0.0,False,envisory,True,domestic_refinery,False
2016-12-30,Diesel,normal,0.0297,True,,0.2495,0.0,False,envisory,True,domestic_refinery,False
2017-01-06,Diesel,normal,0.0291,True,,0.2963,0.0,False,envisory,True,domestic_refinery,False
2017-01-13,Diesel,normal,0.0187,True,,0.2199,0.0,False,envisory,True,domestic_refinery,False
2017-01-20,Diesel,normal,0.0184,True,,0.1431,0.0,False,envisory,True,domestic_refinery,False
2017-01-27,Diesel,normal,0.0167,True,,0.0994,0.0,False,envisory,True,domestic_refinery,False
2017-02-03,Diesel,normal,0.0138,True,,0.0408,0.0,False,envisory,True,domestic_refinery,False
2017-02-10,Diesel,normal,0.0128,True,,0.027,0.0,False,envisory,True,domestic_refinery,False
2017-02-17,Diesel,normal,0.0203,True,,0.0,0.0,False,envisory,True,domestic_refinery,False
2017-02-24,Diesel,normal,0.0216,True,,-0.0131,0.0,False,envisory,True,domestic_refinery,False
2017-03-03,Diesel,normal,0.0245,True,,-0.026,0.0,False,envisory,True,domestic_refinery,False
2017-03-10,Diesel,normal,0.0282,True,,0.0,0.0,False,envisory,True,domestic_refinery,False
2017-03-17,Diesel,normal,0.0311,True,,-0.0408,0.0,False,envisory,True,domestic_refinery,False
2017-03-24,Diesel,normal,0.0365,True,,-0.0556,0.0,False,envisory,True,domestic_refinery,False
2017-03-31,Diesel,normal,0.0369,True,,-0.0408,0.0,False,envisory,True,domestic_refinery,False
2017-04-07,Diesel,normal,0.0369,True,,0.0,0.0,False,envisory,True,domestic_refinery,False
2017-04-14,Diesel,normal,0.0369,True,,0.0392,0.0,False,envisory,True,domestic_refinery,False
2017-04-21,Diesel,normal,0.0356,True,,-0.0267,0.0,False,envisory,True,domestic_refinery,False
2017-04-28,Diesel,normal,0.0337,True,,-0.0541,0.0,False,envisory,True,domestic_refinery,False
2017-05-05,Diesel,normal,0.0381,True,,-0.0681,0.0,False,envisory,True,domestic_refinery,False
2017-05-12,Diesel,normal,0.0382,True,,-0.014,0.0,False,envisory,True,domestic_refinery,False
2017-05-19,Diesel,normal,0.0327,True,,0.0556,0.0,False,envisory,True,domestic_refinery,False
2017-05-26,Diesel,normal,0.0322,True,,0.0274,0.0,False,envisory,True,domestic_refinery,False
2017-06-02,Diesel,normal,0.0367,True,,-0.069,0.0,False,envisory,True,domestic_refinery,False
2017-06-09,Diesel,normal,0.0398,True,,-0.1671,0.0,False,envisory,True,domestic_refinery,False
2017-06-16,Diesel,normal,0.0396,True,,-0.1452,0.0,False,envisory,True,domestic_refinery,False
2017-06-23,Diesel,normal,0.0361,True,,-0.1658,0.0,False,envisory,True,domestic_refinery,False
2017-06-30,Diesel,normal,0.0372,True,,-0.1195,0.0,False,envisory,True,domestic_refinery,False
2017-07-07,Diesel,normal,0.0358,True,,-0.0883,0.0,False,envisory,True,domestic_refinery,False
2017-07-14,Diesel,normal,0.0293,True,,-0.1452,0.0,False,envisory,True,domestic_refinery,False
2017-07-21,Diesel,normal,0.0273,True,,-0.1297,0.0,False,envisory,True,domestic_refinery,False
2017-07-28,Diesel,normal,0.0179,True,,-0.0588,0.0,False,envisory,True,domestic_refinery,False
2017-08-04,Diesel,normal,0.0166,True,,0.0299,0.0,False,envisory,True,domestic_refinery,False
2017-08-11,Diesel,normal,0.0184,True,,0.0752,0.0,False,envisory,True,domestic_refinery,False
2017-08-18,Diesel,normal,0.0151,True,,0.1086,0.0,False,envisory,True,domestic_refinery,False
2017-08-25,Diesel,normal,0.016,True,,0.091,0.0,False,envisory,True,domestic_refinery,False
2017-09-01,Diesel,normal,0.0181,True,,0.0741,0.0,False,envisory,True,domestic_refinery,False
2017-09-08,Diesel,normal,0.0199,True,,0.1316,0.0,False,envisory,True,domestic_refinery,False
2017-09-15,Diesel,normal,0.0199,True,,0.1297,0.0,False,envisory,True,domestic_refinery,False
2017-09-22,Diesel,normal,0.0172,True,,0.1144,0.0,False,envisory,True,domestic_refinery,False
2017-09-29,Diesel,normal,0.0207,True,,0.1243,0.0,False,envisory,True,domestic_refinery,False
2017-10-06,Diesel,normal,0.0213,True,,0.0966,0.0,False,envisory,True,domestic_refinery,False
2017-10-13,Diesel,normal,0.0218,True,,0.1243,0.0,False,envisory,True,domestic_refinery,False
2017-10-20,Diesel,normal,0.0245,True,,0.1226,0.0,False,envisory,True,domestic_refinery,False
2017-10-27,Diesel,normal,0.0236,True,,0.1582,0.0,False,envisory,True,domestic_refinery,False
2017-11-03,Diesel,normal,0.0233,True,,0.1522,0.0,False,envisory,True,domestic_refinery,False
2017-11-10,Diesel,normal,0.023,True,,0.1846,0.0,False,envisory,True,domestic_refinery,False
2017-11-17,Diesel,normal,0.0237,True,,0.1733,0.0,False,envisory,True,domestic_refinery,False
2017-11-24,Diesel,normal,0.0242,True,,0.1448,0.0,False,envisory,True,domestic_refinery,False
2017-12-01,Diesel,normal,0.0199,True,,0.1579,0.0,False,envisory,True,domestic_refinery,False
2017-12-08,Diesel,normal,0.018,True,,0.1335,0.0,False,envisory,True,domestic_refinery,False
2017-12-15,Diesel,normal,0.0112,True,,0.1206,0.0,False,envisory,True,domestic_refinery,False
2017-12-22,Diesel,normal,0.0111,True,,0.0706,0.0,False,envisory,True,domestic_refinery,False
2017-12-29,Diesel,normal,0.0111,True,,0.046,0.0,False,envisory,True,domestic_refinery,False
2018-01-05,Diesel,normal,0.014,True,,0.0222,0.0,False,envisory,True,domestic_refinery,False
2018-01-12,Diesel,normal,0.0208,True,,0.0445,0.0,False,envisory,True,domestic_refinery,False
2018-01-19,Diesel,normal,0.0256,True,,0.0222,0.0,False,envisory,True,domestic_refinery,False
2018-01-26,Diesel,normal,0.0295,True,,0.0332,0.0,False,envisory,True,domestic_refinery,False
2018-02-02,Diesel,normal,0.0295,True,,0.0225,0.0,False,envisory,True,domestic_refinery,False
2018-02-09,Diesel,normal,0.0279,True,,-0.023,0.0,False,envisory,True,domestic_refinery,False
2018-02-16,Diesel,normal,0.027,True,,-0.0706,0.0,False,envisory,True,domestic_refinery,False
2018-02-23,Diesel,normal,0.0377,True,,-0.046,0.0,False,envisory,True,domestic_refinery,False
2018-03-02,Diesel,normal,0.0376,True,,-0.0565,0.0,False,envisory,True,domestic_refinery,False
2018-03-09,Diesel,normal,0.0369,True,,-0.0791,0.0,False,envisory,True,domestic_refinery,False
2018-03-16,Diesel,normal,0.0356,True,,-0.08,0.0,False,envisory,True,domestic_refinery,False
2018-03-23,Diesel,normal,0.0287,True,,-0.022,0.0,False,envisory,True,domestic_refinery,False
2018-03-30,Diesel,normal,0.0292,True,,-0.0112,0.0,False,envisory,True,domestic_refinery,False
2018-04-06,Diesel,normal,0.0292,True,,0.0343,0.0,False,envisory,True,domestic_refinery,False
2018-04-13,Diesel,normal,0.0288,True,,0.1259,0.0,False,envisory,True,domestic_refinery,False
2018-04-20,Diesel,normal,0.0263,True,,0.1112,0.0,False,envisory,True,domestic_refinery,False
2018-04-27,Diesel,normal,0.0234,True,,0.1408,0.0,False,envisory,True,domestic_refinery,False
2018-05-04,Diesel,normal,0.0248,True,,0.1625,0.0,False,envisory,True,domestic_refinery,False
2018-05-11,Diesel,normal,0.0312,True,,0.2231,0.0,False,envisory,True,domestic_refinery,False
2018-05-18,Diesel,normal,0.0296,True,,0.2007,0.0,False,envisory,True,domestic_refinery,False
2018-05-25,Diesel,normal,0.0315,True,,0.2118,0.0,False,envisory,True,domestic_refinery,False
2018-06-01,Diesel,normal,0.0322,True,,0.1935,0.0,False,envisory,True,domestic_refinery,False
2018-06-08,Diesel,normal,0.0322,True,,0.1118,0.0,False,envisory,True,domestic_refinery,False
2018-06-15,Diesel,normal,0.0293,True,,0.1096,0.0,False,envisory,True,domestic_refinery,False
2018-06-22,Diesel,normal,0.029,True,,0.0493,0.0,False,envisory,True,domestic_refinery,False
2018-06-29,Diesel,normal,0.0312,True,,0.0862,0.4824,True,envisory,True,domestic_refinery,False
2018-07-06,Diesel,normal,0.0307,True,,0.0465,2.8943,True,envisory,True,domestic_refinery,False
2018-07-13,Diesel,normal,0.0275,True,,-0.0091,0.0,True,envisory,True,domestic_refinery,False
2018-07-20,Diesel,normal,0.0272,True,,-0.0561,0.0,False,envisory,True,domestic_refinery,False
2018-07-27,Diesel,normal,0.0266,True,,-0.0093,0.0,False,envisory,True,domestic_refinery,False
2018-08-03,Diesel,normal,0.0246,True,,0.0284,0.0,False,envisory,True,domestic_refinery,False
2018-08-10,Diesel,normal,0.025,True,,0.0187,0.0,False,envisory,True,domestic_refinery,False
2018-08-17,Diesel,normal,0.0247,True,,0.0284,0.0,False,envisory,True,domestic_refinery,False
2018-08-24,Diesel,normal,0.0157,True,,0.0,0.0,False,envisory,True,domestic_refinery,False
2018-08-31,Diesel,normal,0.0165,True,,0.0269,0.0,False,envisory,True,domestic_refinery,False
2018-09-07,Diesel,normal,0.0212,True,,0.0536,0.0,False,envisory,True,domestic_refinery,False
2018-09-14,Diesel,normal,0.0229,True,,0.1178,0.0,False,envisory,True,domestic_refinery,False
2018-09-21,Diesel,normal,0.031,True,,0.0808,0.0,False,envisory,True,domestic_refinery,False
2018-09-28,Diesel,normal,0.0333,True,,0.1147,0.0,False,envisory,True,domestic_refinery,False
2018-10-05,Diesel,normal,0.0354,True,,0.1621,0.0,False,envisory,True,domestic_refinery,False
2018-10-12,Diesel,normal,0.0403,True,,0.1635,0.0,False,envisory,True,domestic_refinery,False
2018-10-19,Diesel,normal,0.0431,True,,0.0961,0.0,False,envisory,True,domestic_refinery,False
2018-10-26,Diesel,normal,0.0464,True,,0.0348,0.0,False,envisory,True,domestic_refinery,False
2018-11-02,Diesel,normal,0.0405,True,,-0.0264,0.0,False,envisory,True,domestic_refinery,False
2018-11-09,Diesel,normal,0.0263,True,,-0.1082,0.0,False,envisory,True,domestic_refinery,False
2018-11-16,Diesel,normal,0.0257,True,,-0.1686,0.0,False,envisory,True,domestic_refinery,False
2018-11-23,Diesel,normal,0.0263,True,,-0.2766,0.0,False,envisory,True,domestic_refinery,False
2018-11-30,Diesel,normal,0.032,True,,-0.3783,0.0,False,envisory,True,domestic_refinery,False
2018-12-07,Diesel,normal,0.0345,True,,-0.3704,0.0,False,envisory,True,domestic_refinery,False
2018-12-14,Diesel,normal,0.0443,True,,-0.3331,0.0,False,envisory,True,domestic_refinery,False
2018-12-21,Diesel,normal,0.0414,True,,-0.3677,0.0,False,envisory,True,domestic_refinery,False
2018-12-28,Diesel,normal,0.0354,True,,-0.3118,0.0,False,envisory,True,domestic_refinery,False
2019-01-04,Diesel,normal,0.0318,True,,-0.2472,0.0,False,envisory,True,domestic_refinery,False
2019-01-11,Diesel,normal,0.0324,True,,-0.1191,0.0,False,envisory,True,domestic_refinery,False
2019-01-18,Diesel,normal,0.0329,True,,-0.0335,0.0,False,envisory,True,domestic_refinery,False
2019-01-25,Diesel,normal,0.0204,True,,0.0339,0.0,False,envisory,True,domestic_refinery,False
2019-02-01,Diesel,normal,0.0246,True,,0.0227,0.0,False,envisory,True,domestic_refinery,False
2019-02-08,Diesel,normal,0.0238,True,,0.0565,0.0,False,envisory,True,domestic_refinery,False
2019-02-15,Diesel,normal,0.0183,True,,0.1488,0.0,False,envisory,True,domestic_refinery,False
2019-02-22,Diesel,normal,0.0189,True,,0.168,0.0,False,envisory,True,domestic_refinery,False
2019-03-01,Diesel,normal,0.0188,True,,0.1472,0.0,False,envisory,True,domestic_refinery,False
2019-03-08,Diesel,normal,0.0195,True,,0.1088,0.0,False,envisory,True,domestic_refinery,False
2019-03-15,Diesel,normal,0.0194,True,,0.1076,0.0,False,envisory,True,domestic_refinery,False
2019-03-22,Diesel,normal,0.0183,True,,0.0852,0.0,False,envisory,True,domestic_refinery,False
2019-03-29,Diesel,normal,0.0208,True,,0.0963,0.0,False,envisory,True,domestic_refinery,False
2019-04-05,Diesel,normal,0.0223,True,,0.1141,0.0,False,envisory,True,domestic_refinery,False
2019-04-12,Diesel,normal,0.0232,True,,0.1011,0.0,False,envisory,True,domestic_refinery,False
2019-04-19,Diesel,normal,0.024,True,,0.0792,0.0,False,envisory,True,domestic_refinery,False
2019-04-26,Diesel,normal,0.029,True,,0.1466,0.0,False,envisory,True,domestic_refinery,False
2019-05-03,Diesel,normal,0.0329,True,,0.0981,0.0,False,envisory,True,domestic_refinery,False
2019-05-10,Diesel,normal,0.0455,True,,0.0785,0.0,False,envisory,True,domestic_refinery,False
2019-05-17,Diesel,normal,0.0449,True,,0.1064,0.0,False,envisory,True,domestic_refinery,False
2019-05-24,Diesel,normal,0.0469,True,,0.069,0.0,False,envisory,True,domestic_refinery,False
2019-05-31,Diesel,normal,0.0436,True,,-0.0099,0.0,False,envisory,True,domestic_refinery,False
2019-06-07,Diesel,normal,0.0445,True,,-0.1335,0.0,False,envisory,True,domestic_refinery,False
2019-06-14,Diesel,normal,0.0485,True,,-0.1322,0.0,False,envisory,True,domestic_refinery,False
2019-06-21,Diesel,normal,0.0473,True,,-0.1466,0.0,False,envisory,True,domestic_refinery,False
2019-06-28,Diesel,normal,0.047,True,,-0.0981,0.0,False,envisory,True,domestic_refinery,False
2019-07-05,Diesel,normal,0.0472,True,,-0.1308,0.3009,True,envisory,True,domestic_refinery,False
2019-07-12,Diesel,normal,0.0404,True,,-0.1166,0.0,True,envisory,True,domestic_refinery,False
2019-07-19,Diesel,normal,0.0411,True,,-0.1214,0.0,False,envisory,True,domestic_refinery,False
2019-07-26,Diesel,normal,0.0402,True,,-0.0825,0.0,False,envisory,True,domestic_refinery,False
2019-08-02,Diesel,normal,0.0396,True,,0.043,0.0,False,envisory,True,domestic_refinery,False
2019-08-09,Diesel,normal,0.0372,True,,-0.0445,0.0,False,envisory,True,domestic_refinery,False
2019-08-16,Diesel,normal,0.034,True,,-0.0541,0.0,False,envisory,True,domestic_refinery,False
2019-08-23,Diesel,normal,0.0436,True,,-0.0529,0.0,False,envisory,True,domestic_refinery,False
2019-08-30,Diesel,normal,0.0456,True,,0.0,0.0,False,envisory,True,domestic_refinery,False
2019-09-06,Diesel,normal,0.0506,True,,-0.0529,0.0,False,envisory,True,domestic_refinery,False
2019-09-13,Diesel,normal,0.0423,True,,0.0,0.0,False,envisory,True,domestic_refinery,False
2019-09-20,Diesel,normal,0.0419,True,,0.0924,0.0,False,envisory,True,domestic_refinery,False
2019-09-27,Diesel,normal,0.0415,True,,0.0412,0.0,False,envisory,True,domestic_refinery,False
2019-10-04,Diesel,normal,0.0414,True,,0.0553,0.0,False,envisory,True,domestic_refinery,False
2019-10-11,Diesel,normal,0.0412,True,,0.0328,0.0,False,envisory,True,domestic_refinery,False
2019-10-18,Diesel,normal,0.0412,True,,0.0215,0.0,False,envisory,True,domestic_refinery,False
2019-10-25,Diesel,normal,0.0249,True,,0.0213,0.0,False,envisory,True,domestic_refinery,False
2019-11-01,Diesel,normal,0.0236,True,,0.0321,0.0,False,envisory,True,domestic_refinery,False
2019-11-08,Diesel,normal,0.0104,True,,0.0317,0.0,False,envisory,True,domestic_refinery,False
2019-11-15,Diesel,normal,0.0117,True,,-0.0503,0.0,False,envisory,True,domestic_refinery,False
2019-11-22,Diesel,normal,0.0142,True,,-0.0204,0.0,False,envisory,True,domestic_refinery,False
2019-11-29,Diesel,normal,0.0154,True,,0.0524,0.0,False,envisory,True,domestic_refinery,False
2019-12-06,Diesel,normal,0.0162,True,,0.0317,0.0,False,envisory,True,domestic_refinery,False
2019-12-13,Diesel,normal,0.0169,True,,0.0417,0.0,False,envisory,True,domestic_refinery,False
2019-12-20,Diesel,normal,0.0205,True,,0.0612,0.0,False,envisory,True,domestic_refinery,False
2019-12-27,Diesel,normal,0.0232,True,,0.0513,0.0,False,envisory,True,domestic_refinery,False
2020-01-03,Diesel,normal,0.0305,True,,0.0308,0.0,False,envisory,True,domestic_refinery,False
2020-01-10,Diesel,normal,0.0343,True,,0.0404,0.0,False,envisory,True,domestic_refinery,False
2020-01-17,Diesel,normal,0.0333,True,,0.0103,0.0,False,envisory,True,domestic_refinery,False
2020-01-24,Diesel,normal,0.0341,True,,-0.0311,0.0,False,envisory,True,domestic_refinery,False
2020-01-31,Diesel,normal,0.0386,True,,-0.0757,0.0,False,envisory,True,domestic_refinery,False
2020-02-07,Diesel,normal,0.0386,True,,-0.1542,0.0,False,envisory,True,domestic_refinery,False
2020-02-14,Diesel,high,0.1276,True,2020_covid_crash,-0.1725,0.0,False,envisory,True,domestic_refinery,False
2020-02-21,Diesel,high,0.1275,True,2020_covid_crash,-0.1278,0.0,False,envisory,True,domestic_refinery,False
2020-02-28,Diesel,high,0.1261,True,2020_covid_crash,-0.1884,0.0,False,envisory,True,domestic_refinery,False
2020-03-06,Diesel,high,0.1266,True,2020_covid_crash,-0.2457,0.0,False,envisory,True,domestic_refinery,False
2020-03-13,Diesel,high,0.1263,True,2020_covid_crash,-0.6147,0.0,False,envisory,True,domestic_refinery,False
2020-03-20,Diesel,high,0.1207,True,2020_covid_crash,-0.7037,0.0,False,envisory,True,domestic_refinery,False
2020-03-27,Diesel,high,0.1125,True,2020_covid_crash,-0.7274,0.0,False,envisory,True,domestic_refinery,False
2020-04-03,Diesel,high,0.1235,True,2020_covid_crash,-0.7172,0.0,False,envisory,True,domestic_refinery,False
2020-04-10,Diesel,high,0.2066,True,2020_covid_crash,-0.8051,0.0,False,envisory,True,domestic_refinery,False
2020-04-17,Diesel,high,0.1684,True,2020_covid_crash,-0.922,0.0,False,envisory,True,domestic_refinery,False
2020-04-24,Diesel,high,0.171,True,2020_covid_crash,-1.0394,0.0,False,envisory,True,domestic_refinery,False
2020-05-01,Diesel,high,0.1669,True,2020_covid_crash,-0.9683,0.0,False,envisory,True,domestic_refinery,False
2020-05-08,Diesel,high,0.166,True,2020_covid_crash,-0.1861,0.0,False,envisory,True,domestic_refinery,False
2020-05-15,Diesel,high,0.1605,True,2020_covid_crash,0.0211,0.0,False,envisory,True,domestic_refinery,False
2020-05-22,Diesel,high,0.1532,True,2020_covid_crash,0.2642,0.0,False,envisory,True,domestic_refinery,False
2020-05-29,Diesel,high,0.1221,True,2020_covid_crash,0.2938,0.0,False,envisory,True,domestic_refinery,False
2020-06-05,Diesel,high,0.1246,True,2020_covid_crash,0.4733,0.0,False,envisory,True,domestic_refinery,False
2020-06-12,Diesel,high,0.0568,True,2020_covid_crash,0.5718,0.0,False,envisory,True,domestic_refinery,False
2020-06-19,Diesel,high,0.0562,True,2020_covid_crash,0.7758,0.0,False,envisory,True,domestic_refinery,False
2020-06-26,Diesel,normal,0.035,True,,0.7732,0.0,False,envisory,True,domestic_refinery,False
2020-07-03,Diesel,normal,0.0368,True,,0.3902,0.0,False,envisory,True,domestic_refinery,False
2020-07-10,Diesel,normal,0.0192,True,,0.3185,0.0,False,envisory,True,domestic_refinery,False
2020-07-17,Diesel,normal,0.0191,True,,0.1643,0.0,False,envisory,True,domestic_refinery,False
2020-07-24,Diesel,normal,0.0191,True,,0.1823,0.0,False,envisory,True,domestic_refinery,False
2020-07-31,Diesel,normal,0.0168,True,,0.048,0.0,False,envisory,True,domestic_refinery,False
2020-08-07,Diesel,normal,0.0235,True,,0.0625,0.0,False,envisory,True,domestic_refinery,False
2020-08-14,Diesel,normal,0.0343,True,,0.0616,0.0,False,envisory,True,domestic_refinery,False
2020-08-21,Diesel,normal,0.0375,True,,0.0303,0.0,False,envisory,True,domestic_refinery,False
2020-08-28,Diesel,normal,0.0384,True,,0.0303,0.0,False,envisory,True,domestic_refinery,False
2020-09-04,Diesel,normal,0.0375,True,,-0.0308,0.0,False,envisory,True,domestic_refinery,False
2020-09-11,Diesel,normal,0.0377,True,,-0.1121,0.0,False,envisory,True,domestic_refinery,False
2020-09-18,Diesel,normal,0.037,True,,-0.0788,0.0,False,envisory,True,domestic_refinery,False
2020-09-25,Diesel,normal,0.037,True,,-0.0317,0.0,False,envisory,True,domestic_refinery,False
2020-10-02,Diesel,normal,0.0446,True,,-0.0788,0.0,False,envisory,True,domestic_refinery,False
2020-10-09,Diesel,normal,0.0443,True,,-0.0616,0.0,False,envisory,True,domestic_refinery,False
2020-10-16,Diesel,normal,0.0413,True,,-0.0616,0.0,False,envisory,True,domestic_refinery,False
2020-10-23,Diesel,normal,0.0403,True,,-0.0616,0.0,False,envisory,True,domestic_refinery,False
2020-10-30,Diesel,normal,0.0425,True,,-0.0984,0.0,False,envisory,True,domestic_refinery,False
2020-11-06,Diesel,normal,0.0416,True,,0.0,0.0,False,envisory,True,domestic_refinery,False
2020-11-13,Diesel,normal,0.0425,True,,0.0323,0.0,False,envisory,True,domestic_refinery,False
2020-11-20,Diesel,normal,0.0426,True,,0.0317,0.0,False,envisory,True,domestic_refinery,False
2020-11-27,Diesel,normal,0.0422,True,,0.0938,0.0,False,envisory,True,domestic_refinery,False
2020-12-04,Diesel,normal,0.0223,True,,0.0616,0.0,False,envisory,True,domestic_refinery,False
2020-12-11,Diesel,normal,0.0225,True,,0.1054,0.0,False,envisory,True,domestic_refinery,False
2020-12-18,Diesel,normal,0.0178,True,,0.1335,0.0,False,envisory,True,domestic_refinery,False
2020-12-25,Diesel,normal,0.018,True,,0.23,0.0,False,envisory,True,domestic_refinery,False
2021-01-01,Diesel,normal,0.0189,True,,0.2129,0.0,False,envisory,True,domestic_refinery,False
2021-01-08,Diesel,normal,0.0193,True,,0.1609,0.0,False,envisory,True,domestic_refinery,False
2021-01-15,Diesel,normal,0.0201,True,,0.1849,0.0,False,envisory,True,domestic_refinery,False
2021-01-22,Diesel,normal,0.0206,True,,0.152,0.0,False,envisory,True,domestic_refinery,False
2021-01-29,Diesel,normal,0.0217,True,,0.1391,0.0,False,envisory,True,domestic_refinery,False
2021-02-05,Diesel,normal,0.0204,True,,0.1335,0.0,False,envisory,True,domestic_refinery,False
2021-02-12,Diesel,normal,0.0213,True,,0.1542,0.0,False,envisory,True,domestic_refinery,False
2021-02-19,Diesel,normal,0.0279,True,,0.1754,0.0,False,envisory,True,domestic_refinery,False
2021-02-26,Diesel,normal,0.0295,True,,0.1754,0.0,False,envisory,True,domestic_refinery,False
2021-03-05,Diesel,normal,0.0293,True,,0.1846,0.0,False,envisory,True,domestic_refinery,True
2021-03-12,Diesel,normal,0.029,True,,0.1888,0.0,False,envisory,True,domestic_refinery,True
2021-03-19,Diesel,normal,0.0268,True,,0.1431,0.0,False,envisory,True,domestic_refinery,True
2021-03-26,Diesel,normal,0.0253,True,,0.1448,0.0,False,envisory,True,domestic_refinery,True
2021-04-02,Diesel,normal,0.0253,True,,0.0953,0.0,False,envisory,True,domestic_refinery,False
2021-04-09,Diesel,normal,0.0282,True,,0.0351,0.0,False,envisory,True,domestic_refinery,False
2021-04-16,Diesel,normal,0.0244,True,,0.0339,0.0,False,envisory,True,domestic_refinery,False
2021-04-23,Diesel,normal,0.0218,True,,0.0227,0.0,False,envisory,True,domestic_refinery,False
2021-04-30,Diesel,normal,0.0222,True,,0.0,0.0,False,envisory,True,domestic_refinery,False
2021-05-07,Diesel,normal,0.0219,True,,0.0,0.0,False,envisory,True,domestic_refinery,False
2021-05-14,Diesel,normal,0.0217,True,,0.022,0.0,False,envisory,True,domestic_refinery,False
2021-05-21,Diesel,normal,0.0213,True,,0.0222,0.0,False,envisory,True,domestic_refinery,False
2021-05-28,Diesel,normal,0.0198,True,,0.0553,0.0,False,envisory,True,domestic_refinery,False
2021-06-04,Diesel,normal,0.019,True,,0.088,0.0,False,envisory,True,domestic_refinery,True
2021-06-11,Diesel,normal,0.0183,True,,0.0852,0.0,False,envisory,True,domestic_refinery,True
2021-06-18,Diesel,normal,0.0162,True,,0.1265,0.0,False,envisory,True,domestic_refinery,True
2021-06-25,Diesel,normal,0.023,True,,0.1558,0.0,False,envisory,True,domestic_refinery,True
2021-07-02,Diesel,normal,0.0246,True,,0.1214,0.0,False,envisory,True,domestic_refinery,False
2021-07-09,Diesel,normal,0.0318,True,,0.1226,0.0,False,envisory,True,domestic_refinery,False
2021-07-16,Diesel,normal,0.0304,True,,0.1431,0.0,False,envisory,True,domestic_refinery,False
2021-07-23,Diesel,normal,0.0302,True,,0.0825,0.0,False,envisory,True,domestic_refinery,False
2021-07-30,Diesel,normal,0.0319,True,,0.1001,0.0,False,envisory,True,domestic_refinery,False
2021-08-06,Diesel,normal,0.0316,True,,0.0202,0.0,False,envisory,True,domestic_refinery,False
2021-08-13,Diesel,normal,0.0316,True,,-0.01,0.0,False,envisory,True,domestic_refinery,False
2021-08-20,Diesel,normal,0.0335,True,,-0.0697,0.0,False,envisory,True,domestic_refinery,False
2021-08-27,Diesel,normal,0.032,True,,-0.0388,0.0,False,envisory,True,domestic_refinery,False
2021-09-03,Diesel,normal,0.0332,True,,-0.0392,0.0,False,envisory,True,domestic_refinery,True
2021-09-10,Diesel,normal,0.0284,True,,-0.0588,0.0,False,envisory,True,domestic_refinery,True
2021-09-17,Diesel,normal,0.0278,True,,0.0099,0.0,False,envisory,True,domestic_refinery,True
2021-09-24,Diesel,normal,0.0238,True,,0.0,0.0,False,envisory,True,domestic_refinery,True
2021-10-01,Diesel,normal,0.0232,True,,0.0953,0.0,False,envisory,True,domestic_refinery,False
2021-10-08,Diesel,normal,0.0243,True,,0.1398,0.0,False,envisory,True,domestic_refinery,False
2021-10-15,Diesel,normal,0.0227,True,,0.1875,0.0,False,envisory,True,domestic_refinery,False
2021-10-22,Diesel,normal,0.0235,True,,0.1385,0.0,False,envisory,True,domestic_refinery,False
2021-10-29,Diesel,normal,0.0227,True,,0.1484,0.0,False,envisory,True,domestic_refinery,False
2021-11-05,Diesel,normal,0.0397,True,,0.1411,0.0,False,envisory,True,domestic_refinery,False
2021-11-12,Diesel,normal,0.0402,True,,0.12,0.0,False,envisory,True,domestic_refinery,False
2021-11-19,Diesel,normal,0.0392,True,,0.0822,0.0,False,envisory,True,domestic_refinery,False
2021-11-26,Diesel,normal,0.0392,True,,0.0445,0.0,False,envisory,True,domestic_refinery,False
2021-12-03,Diesel,normal,0.0446,True,,-0.1005,0.0,False,envisory,True,domestic_refinery,True
2021-12-10,Diesel,normal,0.0459,True,,-0.0708,0.0,False,envisory,True,domestic_refinery,True
2021-12-17,Diesel,normal,0.0465,True,,-0.0715,0.0,False,envisory,True,domestic_refinery,True
2021-12-24,Diesel,normal,0.0501,True,,-0.0808,0.0,False,envisory,True,domestic_refinery,True
2021-12-31,Diesel,normal,0.0502,True,,-0.0088,0.0,False,envisory,True,domestic_refinery,True
2022-01-07,Diesel,normal,0.0256,True,,0.0172,0.0,False,datamine,True,domestic_refinery,False
2022-01-14,Diesel,normal,0.0255,True,,0.0513,0.0,False,datamine,True,domestic_refinery,False
2022-01-21,Diesel,normal,0.0227,True,,0.1071,0.0,False,datamine,True,domestic_refinery,False
2022-01-28,Diesel,normal,0.0184,True,,0.2308,0.0,False,datamine,True,domestic_refinery,False
2022-02-04,Diesel,normal,0.0293,True,,0.2139,0.0,False,datamine,True,domestic_refinery,False
2022-02-11,Diesel,normal,0.0369,True,,0.2305,0.0,False,datamine,True,domestic_refinery,False
2022-02-18,Diesel,high,0.0706,True,2022_ukraine,0.2544,0.0,False,datamine,True,domestic_refinery,False
2022-02-25,Diesel,high,0.0727,True,2022_ukraine,0.2214,0.0,False,datamine,True,domestic_refinery,False
2022-03-04,Diesel,high,0.0797,True,2022_ukraine,0.2877,0.0,False,datamine,True,domestic_refinery,True
2022-03-11,Diesel,high,0.0823,True,2022_ukraine,0.3658,0.0,False,datamine,True,domestic_refinery,True
2022-03-18,Diesel,high,0.0825,True,2022_ukraine,0.1652,0.0,False,datamine,True,domestic_refinery,True
2022-03-25,Diesel,high,0.0826,True,2022_ukraine,0.2307,0.0,False,datamine,True,domestic_refinery,True
2022-04-01,Diesel,high,0.0825,True,2022_ukraine,0.1317,0.0,False,datamine,True,import_only,False
2022-04-08,Diesel,high,0.0776,True,2022_ukraine,0.0778,0.0,False,datamine,True,import_only,False
2022-04-15,Diesel,high,0.0686,True,2022_ukraine,0.09,0.0,False,datamine,True,import_only,False
2022-04-22,Diesel,high,0.0486,True,2022_ukraine,0.0947,0.0,False,datamine,True,import_only,False
2022-04-29,Diesel,normal,0.0399,True,,0.0,0.0,False,datamine,True,import_only,False
2022-05-06,Diesel,normal,0.0298,True,,-0.0473,0.0,False,datamine,True,import_only,False
2022-05-13,Diesel,normal,0.0196,True,,0.0887,0.0,False,datamine,True,import_only,False
2022-05-20,Diesel,normal,0.0199,True,,0.0357,0.0,False,datamine,True,import_only,False
2022-05-27,Diesel,normal,0.0324,True,,0.0988,0.0,False,datamine,True,import_only,False
2022-06-03,Diesel,normal,0.0328,True,,0.1744,0.0,False,datamine,True,import_only,True
2022-06-10,Diesel,normal,0.0405,True,,0.1812,0.0,False,datamine,True,import_only,True
2022-06-17,Diesel,normal,0.0424,True,,0.1661,0.0,False,datamine,True,import_only,True
2022-06-24,Diesel,normal,0.045,True,,0.1034,0.0,False,datamine,True,import_only,True
2022-07-01,Diesel,normal,0.045,True,,0.0758,0.0,False,datamine,True,import_only,False
2022-07-08,Diesel,normal,0.0526,True,,0.0,0.0,False,datamine,True,import_only,False
2022-07-15,Diesel,normal,0.0496,True,,-0.0728,0.0,False,datamine,True,import_only,False
2022-07-22,Diesel,normal,0.0484,True,,-0.0118,0.0,False,datamine,True,import_only,False
2022-07-29,Diesel,normal,0.0561,True,,-0.0408,0.0,False,datamine,True,import_only,False
2022-08-05,Diesel,normal,0.0542,True,,-0.1681,0.0,False,datamine,True,import_only,False
2022-08-12,Diesel,normal,0.0496,True,,-0.1856,0.0,False,datamine,True,import_only,False
2022-08-19,Diesel,normal,0.049,True,,-0.1629,0.0,False,datamine,True,import_only,False
2022-08-26,Diesel,normal,0.0437,True,,-0.1192,0.0,False,datamine,True,import_only,False
2022-09-02,Diesel,normal,0.044,True,,-0.0625,0.0,False,datamine,True,import_only,True
2022-09-09,Diesel,normal,0.0364,True,,-0.0516,0.0,False,datamine,True,import_only,True
2022-09-16,Diesel,normal,0.0362,True,,-0.0935,0.0,False,datamine,True,import_only,True
2022-09-23,Diesel,normal,0.0389,True,,-0.1001,0.0,False,datamine,True,import_only,True
2022-09-30,Diesel,normal,0.0307,True,,0.0,0.0,False,datamine,True,import_only,True
2022-10-07,Diesel,normal,0.0302,True,,0.0637,0.0,False,datamine,True,import_only,False
2022-10-14,Diesel,normal,0.0302,True,,0.1155,0.0,False,datamine,True,import_only,False
2022-10-21,Diesel,normal,0.0404,True,,-0.0063,0.0,False,datamine,True,import_only,False
2022-10-28,Diesel,normal,0.0514,True,,0.0255,0.0,False,datamine,True,import_only,False
2022-11-04,Diesel,normal,0.0515,True,,0.039,0.0,False,datamine,True,import_only,False
2022-11-11,Diesel,normal,0.0471,True,,0.0,0.0,False,datamine,True,import_only,False
2022-11-18,Diesel,normal,0.0469,True,,-0.0751,0.0,False,datamine,True,import_only,False
2022-11-25,Diesel,normal,0.0497,True,,-0.1863,0.0,False,datamine,True,import_only,False
2022-12-02,Diesel,normal,0.0522,True,,-0.2356,0.0,False,datamine,True,import_only,True
2022-12-09,Diesel,normal,0.0519,True,,-0.3438,0.0,False,datamine,True,import_only,True
2022-12-16,Diesel,normal,0.0549,True,,-0.2771,0.0,False,datamine,True,import_only,True
2022-12-23,Diesel,normal,0.0546,True,,-0.2731,0.0,False,datamine,True,import_only,True
2022-12-30,Diesel,normal,0.0412,True,,-0.2279,0.0,False,datamine,True,import_only,True
2023-01-06,Diesel,normal,0.0434,True,,-0.2346,0.0,False,datamine,True,import_only,False
2023-01-13,Diesel,normal,0.0295,True,,-0.1285,0.0,False,datamine,True,import_only,False
2023-01-20,Diesel,normal,0.0298,True,,0.0233,0.0,False,datamine,True,import_only,False
2023-01-27,Diesel,normal,0.0303,True,,0.0155,0.0,False,datamine,True,import_only,False
2023-02-03,Diesel,normal,0.0292,True,,0.0661,0.0,False,datamine,True,import_only,False
2023-02-10,Diesel,normal,0.0252,True,,0.0807,0.0,False,datamine,True,import_only,False
2023-02-17,Diesel,normal,0.0424,True,,0.087,0.0,False,datamine,True,import_only,False
2023-02-24,Diesel,normal,0.0383,True,,0.0469,0.0,False,datamine,True,import_only,False
2023-03-03,Diesel,normal,0.0408,True,,0.0946,0.0,False,datamine,True,import_only,True
2023-03-10,Diesel,normal,0.0468,True,,0.0776,0.0,False,datamine,True,import_only,True
2023-03-17,Diesel,normal,0.0466,True,,-0.0635,0.0,False,datamine,True,import_only,True
2023-03-24,Diesel,normal,0.0472,True,,-0.08,0.0,False,datamine,True,import_only,True
2023-03-31,Diesel,normal,0.0484,True,,-0.008,0.0,False,datamine,True,import_only,True
2023-04-07,Diesel,normal,0.059,True,,0.038,0.0,False,datamine,True,import_only,False
2023-04-14,Diesel,normal,0.059,True,,0.0445,0.0,False,datamine,True,import_only,False
2023-04-21,Diesel,normal,0.0507,True,,0.0301,0.0,False,datamine,True,import_only,False
2023-04-28,Diesel,normal,0.0511,True,,-0.0152,0.0,False,datamine,True,import_only,False
2023-05-05,Diesel,normal,0.05,True,,-0.1272,0.0,False,datamine,True,import_only,False
2023-05-12,Diesel,normal,0.0437,True,,-0.0249,0.0,False,datamine,True,import_only,False
2023-05-19,Diesel,normal,0.0425,True,,-0.0084,0.0,False,datamine,True,import_only,False
2023-05-26,Diesel,normal,0.0437,True,,-0.0163,0.0,False,datamine,True,import_only,False
2023-06-02,Diesel,normal,0.0432,True,,-0.1103,0.0,False,datamine,True,import_only,True
2023-06-09,Diesel,normal,0.0245,True,,-0.0989,0.0,False,datamine,True,import_only,True
2023-06-16,Diesel,normal,0.0247,True,,-0.1178,0.0,False,datamine,True,import_only,True
2023-06-23,Diesel,normal,0.0247,True,,-0.0712,0.0,False,datamine,True,import_only,True
2023-06-30,Diesel,normal,0.0271,True,,0.0333,0.0,False,datamine,True,import_only,True
2023-07-07,Diesel,normal,0.0261,True,,0.0492,0.0,False,datamine,True,import_only,False
2023-07-14,Diesel,normal,0.0255,True,,0.0651,0.0,False,datamine,True,import_only,False
2023-07-21,Diesel,normal,0.0158,True,,0.0558,0.0,False,datamine,True,import_only,False
2023-07-28,Diesel,normal,0.0173,True,,0.1178,0.0,False,datamine,True,import_only,False
2023-08-04,Diesel,normal,0.0159,True,,0.1133,0.0,False,datamine,True,import_only,False
2023-08-11,Diesel,normal,0.0193,True,,0.1892,0.0,False,datamine,True,import_only,False
2023-08-18,Diesel,normal,0.0191,True,,0.1727,0.0,False,datamine,True,import_only,False
2023-08-25,Diesel,normal,0.019,True,,0.1727,0.0,False,datamine,True,import_only,False
2023-09-01,Diesel,normal,0.0208,True,,0.1621,0.0,False,datamine,True,import_only,True
2023-09-08,Diesel,normal,0.0352,True,,0.1992,0.0,False,datamine,True,import_only,True
2023-09-15,Diesel,normal,0.0339,True,,0.2028,0.0,False,datamine,True,import_only,True
2023-09-22,Diesel,normal,0.0415,True,,0.1761,0.0,False,datamine,True,import_only,True
2023-09-29,Diesel,normal,0.0425,True,,0.1273,0.0,False,datamine,True,import_only,True
2023-10-06,Diesel,normal,0.0443,True,,0.0205,0.0,False,datamine,True,import_only,False
2023-10-13,Diesel,normal,0.0443,True,,0.0069,0.0,False,datamine,True,import_only,False
2023-10-20,Diesel,normal,0.0428,True,,0.0795,0.0,False,datamine,True,import_only,False
2023-10-27,Diesel,normal,0.0418,True,,0.0465,0.0,False,datamine,True,import_only,False
2023-11-03,Diesel,normal,0.042,True,,-0.0395,0.0,False,datamine,True,import_only,False
2023-11-10,Diesel,normal,0.0429,True,,-0.121,0.0,False,datamine,True,import_only,False
2023-11-17,Diesel,normal,0.0429,True,,-0.1614,0.0,False,datamine,True,import_only,False
2023-11-24,Diesel,normal,0.0284,True,,-0.1417,0.0,False,datamine,True,import_only,False
2023-12-01,Diesel,normal,0.0298,True,,-0.0994,0.0,False,datamine,True,import_only,True
2023-12-08,Diesel,normal,0.0315,True,,-0.1633,0.0,False,datamine,True,import_only,True
2023-12-15,Diesel,normal,0.0278,True,,-0.2522,0.0,False,datamine,True,import_only,True
2023-12-22,Diesel,normal,0.0292,True,,-0.2248,0.0,False,datamine,True,import_only,True
2023-12-29,Diesel,normal,0.0344,True,,-0.1918,0.0,False,datamine,True,import_only,True
2024-01-05,Diesel,normal,0.0332,True,,-0.1214,0.0,False,datamine,True,import_only,False
2024-01-12,Diesel,normal,0.0187,True,,-0.0997,0.0,False,datamine,True,import_only,False
2024-01-19,Diesel,normal,0.0196,True,,-0.091,0.0,False,datamine,True,import_only,False
2024-01-26,Diesel,normal,0.0215,True,,-0.015,0.0,False,datamine,True,import_only,False
2024-02-02,Diesel,normal,0.0213,True,,0.0625,0.0,False,datamine,True,import_only,False
2024-02-09,Diesel,normal,0.0216,True,,0.0635,0.0,False,datamine,True,import_only,False
2024-02-16,Diesel,normal,0.0213,True,,0.0931,0.0,False,datamine,True,import_only,False
2024-02-23,Diesel,normal,0.024,True,,0.0782,0.0,False,datamine,True,import_only,False
2024-03-01,Diesel,normal,0.0205,True,,0.085,0.0,False,datamine,True,import_only,True
2024-03-08,Diesel,normal,0.0225,True,,0.085,0.0,False,datamine,True,import_only,True
2024-03-15,Diesel,normal,0.0205,True,,0.0764,0.0,False,datamine,True,import_only,True
2024-03-22,Diesel,normal,0.0193,True,,0.073,0.0,False,datamine,True,import_only,True
2024-03-29,Diesel,normal,0.0191,True,,0.087,0.0,False,datamine,True,import_only,True
2024-04-05,Diesel,normal,0.0208,True,,0.1431,0.0,False,datamine,True,import_only,False
2024-04-12,Diesel,normal,0.0241,True,,0.1054,0.0,False,datamine,True,import_only,False
2024-04-19,Diesel,normal,0.0266,True,,0.1203,0.0,False,datamine,True,import_only,False
2024-04-26,Diesel,normal,0.0216,True,,0.0919,0.0,False,datamine,True,import_only,False
2024-05-03,Diesel,normal,0.0206,True,,0.0783,0.0,False,datamine,True,import_only,False
2024-05-10,Diesel,normal,0.0219,True,,0.0432,0.0,False,datamine,True,import_only,False
2024-05-17,Diesel,normal,0.0302,True,,-0.0286,0.0,False,datamine,True,import_only,False
2024-05-24,Diesel,normal,0.0343,True,,-0.0498,0.0,False,datamine,True,import_only,False
2024-05-31,Diesel,normal,0.0344,True,,-0.0907,0.0,False,datamine,True,import_only,False
2024-06-07,Diesel,normal,0.0362,True,,-0.1586,0.0,False,datamine,True,import_only,True
2024-06-14,Diesel,normal,0.0356,True,,-0.1128,0.0,False,datamine,True,import_only,True
2024-06-21,Diesel,normal,0.0343,True,,-0.0627,0.0,False,datamine,True,import_only,True
2024-06-28,Diesel,normal,0.0357,True,,-0.0491,0.0,False,datamine,True,import_only,True
2024-07-05,Diesel,normal,0.0363,True,,0.007,-3.4241,True,datamine,True,import_only,False
2024-07-12,Diesel,normal,0.0308,True,,0.0144,0.0,True,datamine,True,import_only,False
2024-07-19,Diesel,normal,0.0295,True,,0.0145,0.0,False,datamine,True,import_only,False
2024-07-26,Diesel,normal,0.029,True,,-0.0147,0.0,False,datamine,True,import_only,False
2024-08-02,Diesel,normal,0.0288,True,,0.0308,0.0,False,datamine,True,import_only,False
2024-08-09,Diesel,normal,0.0268,True,,-0.0537,0.0,False,datamine,True,import_only,False
2024-08-16,Diesel,normal,0.0268,True,,-0.0517,0.0,False,datamine,True,import_only,False
2024-08-23,Diesel,normal,0.0324,True,,-0.0982,0.0,False,datamine,True,import_only,False
2024-08-30,Diesel,normal,0.0322,True,,-0.1345,0.0,False,datamine,True,import_only,False
2024-09-06,Diesel,normal,0.0338,True,,-0.1625,0.0,False,datamine,True,import_only,True
2024-09-13,Diesel,normal,0.0405,True,,-0.1809,0.0,False,datamine,True,import_only,True
2024-09-20,Diesel,normal,0.0396,True,,-0.1178,0.0,False,datamine,True,import_only,True
2024-09-27,Diesel,normal,0.0372,True,,-0.1206,0.0,False,datamine,True,import_only,True
2024-10-04,Diesel,normal,0.0379,True,,-0.0651,0.0,False,datamine,True,import_only,False
2024-10-11,Diesel,normal,0.0356,True,,-0.0386,0.0,False,datamine,True,import_only,False
2024-10-18,Diesel,normal,0.0355,True,,-0.0323,0.0,False,datamine,True,import_only,False
2024-10-25,Diesel,normal,0.0347,True,,-0.0161,0.0,False,datamine,True,import_only,False
2024-11-01,Diesel,normal,0.0333,True,,0.0084,0.0,False,datamine,True,import_only,False
2024-11-08,Diesel,normal,0.0331,True,,0.0667,0.0,False,datamine,True,import_only,False
2024-11-15,Diesel,normal,0.0247,True,,0.0083,0.0,False,datamine,True,import_only,False
2024-11-22,Diesel,normal,0.0212,True,,0.0581,0.0,False,datamine,True,import_only,False
2024-11-29,Diesel,normal,0.0214,True,,0.0331,0.0,False,datamine,True,import_only,False
2024-12-06,Diesel,normal,0.0203,True,,-0.032,0.0,False,datamine,True,import_only,True
2024-12-13,Diesel,normal,0.0192,True,,0.0243,0.0,False,datamine,True,import_only,True
2024-12-20,Diesel,normal,0.0207,True,,0.0398,0.0,False,datamine,True,import_only,True
2024-12-27,Diesel,normal,0.0227,True,,0.08,0.0,False,datamine,True,import_only,True
2025-01-03,Diesel,normal,0.0248,True,,0.085,0.0,False,datamine,True,import_only,False
2025-01-10,Diesel,normal,0.0301,True,,0.1315,0.0,False,datamine,True,import_only,False
2025-01-17,Diesel,normal,0.0303,True,,0.1702,0.0,False,datamine,True,import_only,False
2025-01-24,Diesel,normal,0.0305,True,,0.1714,0.0,False,datamine,True,import_only,False
2025-01-31,Diesel,normal,0.0318,True,,0.1507,0.0,False,datamine,True,import_only,False
2025-02-07,Diesel,normal,0.037,True,,0.0989,0.0,False,datamine,True,import_only,False
2025-02-14,Diesel,normal,0.0354,True,,0.0752,0.0,False,datamine,True,import_only,False
2025-02-21,Diesel,normal,0.0238,True,,0.0524,0.0,False,datamine,True,import_only,False
2025-02-28,Diesel,normal,0.0303,True,,-0.0074,0.0,False,datamine,True,import_only,False
2025-03-07,Diesel,normal,0.0304,True,,-0.0989,0.0,False,datamine,True,import_only,True
2025-03-14,Diesel,normal,0.0459,True,,-0.1621,0.0,False,datamine,True,import_only,True
2025-03-21,Diesel,normal,0.0459,True,,-0.1473,0.0,False,datamine,True,import_only,True
2025-03-28,Diesel,normal,0.0458,True,,-0.0876,0.0,False,datamine,True,import_only,True
2025-04-04,Diesel,normal,0.0472,True,,-0.0752,0.0,False,datamine,True,import_only,False
2025-04-11,Diesel,normal,0.0442,True,,-0.1911,0.0,False,datamine,True,import_only,False
2025-04-18,Diesel,normal,0.0477,True,,-0.1838,0.0,False,datamine,True,import_only,False
2025-04-25,Diesel,normal,0.0471,True,,-0.1705,0.0,False,datamine,True,import_only,False
2025-05-02,Diesel,normal,0.0423,True,,-0.1555,0.0,False,datamine,True,import_only,False
2025-05-09,Diesel,normal,0.0438,True,,-0.1649,0.0,False,datamine,True,import_only,False
2025-05-16,Diesel,normal,0.0344,True,,-0.1358,0.0,False,datamine,True,import_only,False
2025-05-23,Diesel,normal,0.0444,True,,-0.1838,0.0,False,datamine,True,import_only,False
2025-05-30,Diesel,normal,0.051,True,,-0.1886,0.0,False,datamine,True,import_only,False
2025-06-06,Diesel,normal,0.0478,True,,-0.0634,0.0,False,datamine,True,import_only,True
2025-06-13,Diesel,normal,0.0489,True,,0.0,0.0,False,datamine,True,import_only,True
2025-06-20,Diesel,normal,0.0481,True,,0.0929,0.0,False,datamine,True,import_only,True
2025-06-27,Diesel,normal,0.0478,True,,0.0808,0.0,False,datamine,True,import_only,True
2025-07-04,Diesel,normal,0.0473,True,,0.0639,0.0,False,datamine,True,import_only,False
2025-07-11,Diesel,normal,0.0537,True,,0.0702,0.0,False,datamine,True,import_only,False
2025-07-18,Diesel,normal,0.0503,True,,0.0793,0.0,False,datamine,True,import_only,False
2025-07-25,Diesel,normal,0.0404,True,,0.1072,0.0,False,datamine,True,import_only,False
2025-08-01,Diesel,normal,0.0345,True,,0.1475,0.0,False,datamine,True,import_only,False
2025-08-08,Diesel,normal,0.0336,True,,0.026,0.0,False,datamine,True,import_only,False
2025-08-15,Diesel,normal,0.0303,True,,-0.0753,0.0,False,datamine,True,import_only,False
2025-08-22,Diesel,normal,0.0305,True,,0.0086,0.0,False,datamine,True,import_only,False
2025-08-29,Diesel,normal,0.0309,True,,0.0601,0.0,False,datamine,True,import_only,False
2025-09-05,Diesel,normal,0.03,True,,0.0,0.0,False,datamine,True,import_only,True
2025-09-12,Diesel,normal,0.024,True,,0.0,0.0,False,datamine,True,import_only,True
2025-09-19,Diesel,normal,0.0261,True,,0.0084,0.0,False,datamine,True,import_only,True
2025-09-26,Diesel,normal,0.0304,True,,-0.0245,0.0,False,datamine,True,import_only,True
2025-10-03,Diesel,normal,0.0296,True,,-0.0172,0.0,False,datamine,True,import_only,False
2025-10-10,Diesel,normal,0.0293,True,,-0.0175,0.0,False,datamine,True,import_only,False
2025-10-17,Diesel,normal,0.0293,True,,-0.0708,0.0,False,datamine,True,import_only,False
2025-10-24,Diesel,normal,0.029,True,,-0.0513,0.0,False,datamine,True,import_only,False
2025-10-31,Diesel,normal,0.0281,True,,-0.0171,0.0,False,datamine,True,import_only,False
2025-11-07,Diesel,normal,0.0233,True,,-0.0258,0.0,False,datamine,True,import_only,False
2025-11-14,Diesel,normal,0.0254,True,,-0.0342,0.0,False,datamine,True,import_only,False
2025-11-21,Diesel,normal,0.0244,True,,-0.0596,0.0,False,datamine,True,import_only,False
2025-11-28,Diesel,normal,0.0205,True,,-0.0264,0.0,False,datamine,True,import_only,False
2025-12-05,Diesel,normal,0.0186,True,,-0.0179,0.0,False,datamine,True,import_only,True
2025-12-12,Diesel,normal,0.0186,True,,-0.0185,0.0,False,datamine,True,import_only,True
2025-12-19,Diesel,normal,0.0269,True,,-0.0918,0.0,False,datamine,True,import_only,True
2025-12-26,Diesel,normal,0.0269,True,,-0.0808,0.0,False,datamine,True,import_only,True
2026-01-02,Diesel,normal,0.0276,True,,-0.091,0.0,False,datamine,True,import_only,False
2026-01-09,Diesel,normal,0.0275,True,,-0.1005,0.0,False,datamine,True,import_only,False
2026-01-16,Diesel,normal,0.0245,True,,-0.0449,0.0,False,datamine,True,import_only,False
2026-01-23,Diesel,normal,0.0227,True,,-0.0364,0.0,False,datamine,True,import_only,False
2026-01-30,Diesel,normal,0.0224,True,,-0.009,0.0,False,datamine,True,import_only,False
2026-02-06,Diesel,high,0.0658,True,2026_iran_us,0.0277,0.0,False,datamine,True,import_only,False
2026-02-13,Diesel,high,0.1163,True,2026_iran_us,0.0741,0.0,False,datamine,True,import_only,False
2026-02-20,Diesel,high,0.1321,True,2026_iran_us,0.0808,0.0,False,datamine,True,import_only,False
2026-02-27,Diesel,high,0.1364,True,2026_iran_us,0.1252,0.0,False,datamine,True,import_only,False
2026-03-06,Diesel,high,0.1655,True,2026_iran_us,0.3392,0.0,False,datamine,True,import_only,True
2026-03-13,Diesel,high,0.1766,True,2026_iran_us,0.6268,0.0,False,datamine,True,import_only,True
2026-03-20,Diesel,high,0.1838,True,2026_iran_us,0.9051,0.0,False,datamine,True,import_only,True
2026-03-27,Diesel,high,0.1845,True,2026_iran_us,0.8408,0.0,False,datamine,True,import_only,True
2026-04-03,Diesel,high,0.1846,True,2026_iran_us,0.6514,0.0,False,datamine,True,import_only,False
2026-04-10,Diesel,high,0.18,True,2026_iran_us,0.5126,0.0,False,datamine,True,import_only,False
2026-04-17,Diesel,high,0.1359,True,2026_iran_us,0.3822,0.0,False,datamine,True,import_only,False
2026-04-24,Diesel,high,0.0878,True,2026_iran_us,0.3567,0.0,False,datamine,True,import_only,False
2026-05-01,Diesel,high,0.0907,True,2026_iran_us,0.2259,0.0,False,datamine,True,import_only,False
2026-05-08,Diesel,high,0.0749,True,2026_iran_us,-0.2061,0.0,False,datamine,True,import_only,False
2026-05-15,Diesel,high,0.0676,True,2026_iran_us,-0.434,0.0,False,datamine,True,import_only,False
2026-05-22,Diesel,high,0.0798,True,2026_iran_us,-0.3539,0.0,False,datamine,True,import_only,False
2026-05-29,Diesel,high,0.0795,True,2026_iran_us,-0.2767,0.0,False,datamine,True,import_only,False
2026-06-05,Diesel,high,0.0677,True,2026_iran_us,-0.1685,0.0,False,datamine,True,import_only,True
2026-06-12,Diesel,high,0.0727,True,2026_iran_us,-0.1185,0.0,False,datamine,True,import_only,True
2026-06-19,Diesel,high,0.0798,True,2026_iran_us,-0.2838,0.0,False,datamine,True,import_only,True
2026-06-26,Diesel,high,0.0938,True,2026_iran_us,-0.422,0.0,False,datamine,True,import_only,True
2026-07-03,Diesel,high,0.0888,True,2026_iran_us,-0.3584,0.0,False,datamine,True,import_only,False
2026-07-10,Diesel,high,0.0916,True,2026_iran_us,-0.3493,0.0,False,datamine,True,import_only,False
2026-07-17,Diesel,high,0.0975,False,2026_iran_us,-0.297,0.0,False,datamine,True,import_only,False
2026-07-24,Diesel,high,0.0833,False,2026_iran_us,-0.0579,0.0,False,datamine,True,import_only,False
2026-07-31,Diesel,high,0.0851,False,2026_iran_us,-0.1068,0.0,False,datamine,True,import_only,False
2026-08-07,Diesel,high,0.0914,False,2026_iran_us,-0.1421,0.0,False,datamine,True,import_only,False
2004-04-23,Regular Petrol,normal,,False,,,0.0,False,pre2010_unreconciled,False,domestic_refinery,False
2004-04-30,Regular Petrol,normal,0.0385,False,,,0.0,False,pre2010_unreconciled,False,domestic_refinery,False
2004-05-07,Regular Petrol,normal,0.0381,False,,,0.0,False,pre2010_unreconciled,False,domestic_refinery,False
2004-05-14,Regular Petrol,normal,0.0439,False,,,0.0,False,pre2010_unreconciled,False,domestic_refinery,False
2004-05-21,Regular Petrol,normal,0.0407,True,,,0.0,False,pre2010_unreconciled,False,domestic_refinery,False
2004-05-28,Regular Petrol,normal,0.0381,True,,,0.0,False,pre2010_unreconciled,False,domestic_refinery,False
2004-06-04,Regular Petrol,normal,0.04,True,,,0.0,False,pre2010_unreconciled,False,domestic_refinery,False
2004-06-11,Regular Petrol,normal,0.0418,True,,,0.0,False,pre2010_unreconciled,False,domestic_refinery,False
2004-06-18,Regular Petrol,normal,0.0318,True,,0.0385,0.0,False,pre2010_unreconciled,False,domestic_refinery,False
2004-06-25,Regular Petrol,normal,0.0279,True,,0.019,0.0,False,pre2010_unreconciled,False,domestic_refinery,False
2004-07-02,Regular Petrol,normal,0.0341,True,,-0.0385,0.0,False,pre2010_unreconciled,False,domestic_refinery,False
2004-07-09,Regular Petrol,normal,0.0356,True,,-0.0728,0.0,False,pre2010_unreconciled,False,domestic_refinery,False
2004-07-16,Regular Petrol,normal,0.0281,True,,-0.1072,0.0,False,pre2010_unreconciled,False,domestic_refinery,False
2004-07-23,Regular Petrol,normal,0.0289,True,,-0.0728,0.0,False,pre2010_unreconciled,False,domestic_refinery,False
2004-07-30,Regular Petrol,normal,0.0289,True,,0.0,0.0,False,pre2010_unreconciled,False,domestic_refinery,False
2004-08-06,Regular Petrol,normal,0.0365,True,,0.0902,0.0,False,pre2010_unreconciled,False,domestic_refinery,False
2004-08-13,Regular Petrol,normal,0.0378,True,,0.0902,0.0,False,pre2010_unreconciled,False,domestic_refinery,False
2004-08-20,Regular Petrol,normal,0.0401,True,,0.1241,0.0,False,pre2010_unreconciled,False,domestic_refinery,False
2004-08-27,Regular Petrol,normal,0.0407,True,,0.1625,0.0,False,pre2010_unreconciled,False,domestic_refinery,False
2004-09-03,Regular Petrol,normal,0.0407,True,,0.0551,0.0,False,pre2010_unreconciled,False,domestic_refinery,False
2004-09-10,Regular Petrol,normal,0.0386,True,,0.0187,0.0,False,pre2010_unreconciled,False,domestic_refinery,False
2004-09-17,Regular Petrol,normal,0.0388,True,,-0.019,0.0,False,pre2010_unreconciled,False,domestic_refinery,False
2004-09-24,Regular Petrol,normal,0.036,True,,-0.0551,0.0,False,pre2010_unreconciled,False,domestic_refinery,False
2004-10-01,Regular Petrol,normal,0.0359,True,,-0.0351,0.0,False,pre2010_unreconciled,False,domestic_refinery,False
2004-10-08,Regular Petrol,normal,0.0292,True,,-0.0351,0.0,False,pre2010_unreconciled,False,domestic_refinery,False
2004-10-15,Regular Petrol,normal,0.0295,True,,-0.087,0.0,False,pre2010_unreconciled,False,domestic_refinery,False
2004-10-22,Regular Petrol,normal,0.0378,True,,-0.087,0.0,False,pre2010_unreconciled,False,domestic_refinery,False
2004-10-29,Regular Petrol,normal,0.0364,True,,-0.0364,0.0,False,pre2010_unreconciled,False,domestic_refinery,False
2004-11-05,Regular Petrol,normal,0.038,True,,-0.0187,0.0,False,pre2010_unreconciled,False,domestic_refinery,False
2004-11-12,Regular Petrol,normal,0.0442,True,,-0.0194,0.0,False,pre2010_unreconciled,False,domestic_refinery,False
2004-11-19,Regular Petrol,high,0.0492,True,2004_run_up,-0.1201,0.0,False,pre2010_unreconciled,False,domestic_refinery,False
2004-11-26,Regular Petrol,high,0.0525,True,2004_run_up,-0.1752,0.0,False,pre2010_unreconciled,False,domestic_refinery,False
2004-12-03,Regular Petrol,high,0.0553,True,2004_run_up,-0.1133,0.0,False,pre2010_unreconciled,False,domestic_refinery,False
2004-12-10,Regular Petrol,high,0.0584,True,2004_run_up,-0.1787,0.0,False,pre2010_unreconciled,False,domestic_refinery,False
2004-12-17,Regular Petrol,high,0.0637,True,2004_run_up,-0.1361,0.0,False,pre2010_unreconciled,False,domestic_refinery,False
2004-12-24,Regular Petrol,high,0.0566,True,2004_run_up,-0.077,0.0,False,pre2010_unreconciled,False,domestic_refinery,False
2004-12-31,Regular Petrol,high,0.0566,True,2004_run_up,-0.1201,0.0,False,pre2010_unreconciled,False,domestic_refinery,False
2005-01-07,Regular Petrol,high,0.0553,True,2004_run_up,-0.04,0.0,False,pre2010_unreconciled,False,domestic_refinery,False
2005-01-14,Regular Petrol,normal,0.0448,True,,0.1201,0.0,False,pre2010_unreconciled,False,domestic_refinery,False
2005-01-21,Regular Petrol,normal,0.0438,True,,0.1752,0.0,False,pre2010_unreconciled,False,domestic_refinery,False
2005-01-28,Regular Petrol,normal,0.0435,True,,0.1133,0.0,False,pre2010_unreconciled,False,domestic_refinery,False
2005-02-04,Regular Petrol,normal,0.0329,True,,0.1787,0.0,False,pre2010_unreconciled,False,domestic_refinery,False
2005-02-11,Regular Petrol,normal,0.0325,True,,0.1178,0.0,False,pre2010_unreconciled,False,domestic_refinery,False
2005-02-18,Regular Petrol,normal,0.0253,True,,0.0953,0.0,False,pre2010_unreconciled,False,domestic_refinery,False
2005-02-25,Regular Petrol,normal,0.024,True,,0.1929,0.0,False,pre2010_unreconciled,False,domestic_refinery,False
2005-03-04,Regular Petrol,normal,0.0232,True,,0.1857,0.0,False,pre2010_unreconciled,False,domestic_refinery,False
2005-03-11,Regular Petrol,normal,0.0223,True,,0.1406,0.0,False,pre2010_unreconciled,False,domestic_refinery,False
2005-03-18,Regular Petrol,normal,0.0384,True,,0.1018,0.0,False,pre2010_unreconciled,False,domestic_refinery,False
2005-03-25,Regular Petrol,normal,0.0421,True,,0.149,0.0,False,pre2010_unreconciled,False,domestic_refinery,False
2005-04-01,Regular Petrol,normal,0.0419,True,,0.1823,0.0,False,pre2010_unreconciled,False,domestic_refinery,False
2005-04-08,Regular Petrol,normal,0.0437,True,,0.2595,5.1,True,pre2010_unreconciled,False,domestic_refinery,False
2005-04-15,Regular Petrol,normal,0.0426,True,,0.1671,0.0,True,pre2010_unreconciled,False,domestic_refinery,False
2005-04-22,Regular Petrol,normal,0.0423,True,,0.1001,0.0,False,pre2010_unreconciled,False,domestic_refinery,False
2005-04-29,Regular Petrol,normal,0.0393,True,,0.0968,0.0,False,pre2010_unreconciled,False,domestic_refinery,False
2005-05-06,Regular Petrol,normal,0.0421,True,,0.0323,0.0,False,pre2010_unreconciled,False,domestic_refinery,False
2005-05-13,Regular Petrol,normal,0.0381,True,,0.016,0.0,False,pre2010_unreconciled,False,domestic_refinery,False
2005-05-20,Regular Petrol,normal,0.0276,True,,-0.0313,0.0,False,pre2010_unreconciled,False,domestic_refinery,False
2005-05-27,Regular Petrol,normal,0.0234,True,,-0.0308,0.0,False,pre2010_unreconciled,False,domestic_refinery,False
2005-06-03,Regular Petrol,normal,0.0294,True,,-0.0438,0.0,False,pre2010_unreconciled,False,domestic_refinery,False
2005-06-10,Regular Petrol,normal,0.0236,True,,0.0597,0.0,False,pre2010_unreconciled,False,domestic_refinery,False
2005-06-17,Regular Petrol,normal,0.0223,True,,0.1195,0.0,False,pre2010_unreconciled,False,domestic_refinery,False
2005-06-24,Regular Petrol,normal,0.0336,True,,0.0883,0.0,False,pre2010_unreconciled,False,domestic_refinery,False
2005-07-01,Regular Petrol,normal,0.0343,True,,0.1876,0.0,False,pre2010_unreconciled,False,domestic_refinery,False
2005-07-08,Regular Petrol,normal,0.0349,True,,0.2263,0.7,True,pre2010_unreconciled,False,domestic_refinery,False
2005-07-15,Regular Petrol,normal,0.0352,True,,0.2389,0.0,True,pre2010_unreconciled,False,domestic_refinery,False
2005-07-22,Regular Petrol,normal,0.035,True,,0.1719,0.0,False,pre2010_unreconciled,False,domestic_refinery,False
2005-07-29,Regular Petrol,normal,0.035,True,,0.126,0.0,False,pre2010_unreconciled,False,domestic_refinery,False
2005-08-05,Regular Petrol,normal,0.0302,True,,0.1479,0.0,False,pre2010_unreconciled,False,domestic_refinery,False
2005-08-12,Regular Petrol,normal,0.0319,True,,0.1193,0.0,False,pre2010_unreconciled,False,domestic_refinery,False
2005-08-19,Regular Petrol,normal,0.0329,True,,0.1318,0.0,False,pre2010_unreconciled,False,domestic_refinery,False
2005-08-26,Regular Petrol,normal,0.0279,True,,0.0637,0.0,False,pre2010_unreconciled,False,domestic_refinery,False
2005-09-02,Regular Petrol,normal,0.0278,True,,0.0614,0.0,False,pre2010_unreconciled,False,domestic_refinery,False
2005-09-09,Regular Petrol,normal,0.0233,True,,0.0124,0.0,False,pre2010_unreconciled,False,domestic_refinery,False
2005-09-16,Regular Petrol,normal,0.0267,True,,0.0387,0.0,False,pre2010_unreconciled,False,domestic_refinery,False
2005-09-23,Regular Petrol,normal,0.0262,True,,0.0637,0.0,False,pre2010_unreconciled,False,domestic_refinery,False
2005-09-30,Regular Petrol,normal,0.027,True,,0.0247,0.0,False,pre2010_unreconciled,False,domestic_refinery,False
2005-10-07,Regular Petrol,normal,0.023,True,,0.0124,0.0,False,pre2010_unreconciled,False,domestic_refinery,False
2005-10-14,Regular Petrol,normal,0.0238,True,,-0.0377,0.0,False,pre2010_unreconciled,False,domestic_refinery,False
2005-10-21,Regular Petrol,normal,0.0282,True,,-0.0506,0.0,False,pre2010_unreconciled,False,domestic_refinery,False
2005-10-28,Regular Petrol,normal,0.0255,True,,-0.1133,0.0,False,pre2010_unreconciled,False,domestic_refinery,False
2005-11-04,Regular Petrol,normal,0.0239,True,,-0.0637,0.0,False,pre2010_unreconciled,False,domestic_refinery,False
2005-11-11,Regular Petrol,normal,0.0302,True,,-0.0127,0.0,False,pre2010_unreconciled,False,domestic_refinery,False
2005-11-18,Regular Petrol,normal,0.0317,True,,-0.0904,0.0,False,pre2010_unreconciled,False,domestic_refinery,False
2005-11-25,Regular Petrol,normal,0.0317,True,,-0.1163,0.0,False,pre2010_unreconciled,False,domestic_refinery,False
2005-12-02,Regular Petrol,normal,0.0302,True,,-0.1178,0.0,False,pre2010_unreconciled,False,domestic_refinery,False
2005-12-09,Regular Petrol,normal,0.0341,True,,-0.0392,0.0,False,pre2010_unreconciled,False,domestic_refinery,False
2005-12-16,Regular Petrol,normal,0.034,True,,0.0129,0.0,False,pre2010_unreconciled,False,domestic_refinery,False
2005-12-23,Regular Petrol,normal,0.0258,True,,0.0263,0.0,False,pre2010_unreconciled,False,domestic_refinery,False
2005-12-30,Regular Petrol,normal,0.024,True,,0.0131,0.0,False,pre2010_unreconciled,False,domestic_refinery,False
2006-01-06,Regular Petrol,normal,0.0219,True,,0.0377,0.0,False,pre2010_unreconciled,False,domestic_refinery,False
2006-01-13,Regular Petrol,normal,0.0232,True,,0.1148,0.0,False,pre2010_unreconciled,False,domestic_refinery,False
2006-01-20,Regular Petrol,normal,0.027,True,,0.1522,0.0,False,pre2010_unreconciled,False,domestic_refinery,False
2006-01-27,Regular Petrol,normal,0.0261,True,,0.2007,0.0,False,pre2010_unreconciled,False,domestic_refinery,False
2006-02-03,Regular Petrol,normal,0.0271,True,,0.1598,0.0,False,pre2010_unreconciled,False,domestic_refinery,False
2006-02-10,Regular Petrol,normal,0.0237,True,,0.1092,0.0,False,pre2010_unreconciled,False,domestic_refinery,False
2006-02-17,Regular Petrol,normal,0.0233,True,,0.087,0.0,False,pre2010_unreconciled,False,domestic_refinery,False
2006-02-24,Regular Petrol,normal,0.0232,True,,0.087,0.0,False,pre2010_unreconciled,False,domestic_refinery,False
2006-03-03,Regular Petrol,normal,0.0265,True,,0.0715,0.0,False,pre2010_unreconciled,False,domestic_refinery,False
2006-03-10,Regular Petrol,normal,0.0281,True,,0.0698,0.0,False,pre2010_unreconciled,False,domestic_refinery,False
2006-03-17,Regular Petrol,normal,0.0264,True,,0.046,0.0,False,pre2010_unreconciled,False,domestic_refinery,False
2006-03-24,Regular Petrol,normal,0.0176,True,,0.0335,0.0,False,pre2010_unreconciled,False,domestic_refinery,False
2006-03-31,Regular Petrol,normal,0.0176,True,,0.087,0.0,False,pre2010_unreconciled,False,domestic_refinery,False
2006-04-07,Regular Petrol,normal,0.0188,True,,0.1393,0.6,True,pre2010_unreconciled,False,domestic_refinery,False
2006-04-14,Regular Petrol,normal,0.0214,True,,0.1942,0.0,True,pre2010_unreconciled,False,domestic_refinery,False
2006-04-21,Regular Petrol,normal,0.0241,True,,0.2231,0.0,False,pre2010_unreconciled,False,domestic_refinery,False
2006-04-28,Regular Petrol,normal,0.0244,True,,0.1881,0.0,False,pre2010_unreconciled,False,domestic_refinery,False
2006-05-05,Regular Petrol,normal,0.0191,True,,0.1653,0.0,False,pre2010_unreconciled,False,domestic_refinery,False
2006-05-12,Regular Petrol,normal,0.0154,True,,0.1558,0.0,False,pre2010_unreconciled,False,domestic_refinery,False
2006-05-19,Regular Petrol,normal,0.0181,True,,0.1141,0.0,False,pre2010_unreconciled,False,domestic_refinery,False
2006-05-26,Regular Petrol,normal,0.0164,True,,0.0606,0.0,False,pre2010_unreconciled,False,domestic_refinery,False
2006-06-02,Regular Petrol,normal,0.0275,True,,0.0296,0.0,False,pre2010_unreconciled,False,domestic_refinery,False
2006-06-09,Regular Petrol,normal,0.0276,True,,0.029,0.0,False,pre2010_unreconciled,False,domestic_refinery,False
2006-06-16,Regular Petrol,normal,0.0271,True,,-0.029,0.0,False,pre2010_unreconciled,False,domestic_refinery,False
2006-06-23,Regular Petrol,normal,0.0269,True,,-0.0096,0.0,False,pre2010_unreconciled,False,domestic_refinery,False
2006-06-30,Regular Petrol,normal,0.0274,True,,0.0556,0.0,False,pre2010_unreconciled,False,domestic_refinery,False
2006-07-07,Regular Petrol,normal,0.0281,True,,0.083,0.0,False,pre2010_unreconciled,False,domestic_refinery,False
2006-07-14,Regular Petrol,normal,0.0281,True,,0.1024,0.0,False,pre2010_unreconciled,False,domestic_refinery,False
2006-07-21,Regular Petrol,normal,0.0331,True,,0.0846,0.0,False,pre2010_unreconciled,False,domestic_refinery,False
2006-07-28,Regular Petrol,normal,0.0327,True,,0.0658,0.0,False,pre2010_unreconciled,False,domestic_refinery,False
2006-08-04,Regular Petrol,normal,0.0291,True,,0.0734,0.0,False,pre2010_unreconciled,False,domestic_refinery,False
2006-08-11,Regular Petrol,normal,0.0276,True,,0.1024,0.0,False,pre2010_unreconciled,False,domestic_refinery,False
2006-08-18,Regular Petrol,normal,0.0293,True,,0.0284,0.0,False,pre2010_unreconciled,False,domestic_refinery,False
2006-08-25,Regular Petrol,normal,0.0328,True,,-0.0367,0.0,False,pre2010_unreconciled,False,domestic_refinery,False
2006-09-01,Regular Petrol,normal,0.0327,True,,-0.1123,0.0,False,pre2010_unreconciled,False,domestic_refinery,False
2006-09-08,Regular Petrol,normal,0.0266,True,,-0.1424,0.0,False,pre2010_unreconciled,False,domestic_refinery,False
2006-09-15,Regular Petrol,normal,0.0266,True,,-0.1769,0.0,False,pre2010_unreconciled,False,domestic_refinery,False
2006-09-22,Regular Petrol,normal,0.0286,True,,-0.2346,0.0,False,pre2010_unreconciled,False,domestic_refinery,False
2006-09-29,Regular Petrol,normal,0.0286,True,,-0.273,0.0,False,pre2010_unreconciled,False,domestic_refinery,False
2006-10-06,Regular Petrol,normal,0.0262,True,,-0.2847,0.0,False,pre2010_unreconciled,False,domestic_refinery,False
2006-10-13,Regular Petrol,normal,0.0321,True,,-0.2302,0.0,False,pre2010_unreconciled,False,domestic_refinery,False
2006-10-20,Regular Petrol,normal,0.0288,True,,-0.2185,0.0,False,pre2010_unreconciled,False,domestic_refinery,False
2006-10-27,Regular Petrol,normal,0.0196,True,,-0.1608,0.0,False,pre2010_unreconciled,False,domestic_refinery,False
2006-11-03,Regular Petrol,normal,0.0232,True,,-0.1661,0.0,False,pre2010_unreconciled,False,domestic_refinery,False
2006-11-10,Regular Petrol,normal,0.0227,True,,-0.0783,0.0,False,pre2010_unreconciled,False,domestic_refinery,False
2006-11-17,Regular Petrol,normal,0.0259,True,,-0.0233,0.0,False,pre2010_unreconciled,False,domestic_refinery,False
2006-11-24,Regular Petrol,normal,0.0255,True,,-0.0235,0.0,False,pre2010_unreconciled,False,domestic_refinery,False
2006-12-01,Regular Petrol,normal,0.0278,True,,0.0233,0.0,False,pre2010_unreconciled,False,domestic_refinery,False
2006-12-08,Regular Petrol,normal,0.0326,True,,0.0233,0.0,False,pre2010_unreconciled,False,domestic_refinery,False
2006-12-15,Regular Petrol,normal,0.0281,True,,-0.0235,0.0,False,pre2010_unreconciled,False,domestic_refinery,False
2006-12-22,Regular Petrol,normal,0.0292,True,,-0.0235,0.0,False,pre2010_unreconciled,False,domestic_refinery,False
2006-12-29,Regular Petrol,normal,0.0357,True,,-0.0244,0.0,False,pre2010_unreconciled,False,domestic_refinery,False
2007-01-05,Regular Petrol,normal,0.0365,True,,-0.1236,0.0,False,pre2010_unreconciled,False,domestic_refinery,False
2007-01-12,Regular Petrol,normal,0.0423,True,,-0.1386,0.0,False,pre2010_unreconciled,False,domestic_refinery,False
2007-01-19,Regular Petrol,normal,0.0416,True,,-0.1681,0.0,False,pre2010_unreconciled,False,domestic_refinery,False
2007-01-26,Regular Petrol,normal,0.043,True,,-0.1618,0.0,False,pre2010_unreconciled,False,domestic_refinery,False
2007-02-02,Regular Petrol,normal,0.043,True,,-0.1221,0.0,False,pre2010_unreconciled,False,domestic_refinery,False
2007-02-09,Regular Petrol,normal,0.0348,True,,-0.0364,0.0,False,pre2010_unreconciled,False,domestic_refinery,False
2007-02-16,Regular Petrol,normal,0.0362,True,,-0.0614,0.0,False,pre2010_unreconciled,False,domestic_refinery,False
2007-02-23,Regular Petrol,normal,0.0318,True,,0.0,0.0,False,pre2010_unreconciled,False,domestic_refinery,False
2007-03-02,Regular Petrol,normal,0.034,True,,0.1001,0.0,False,pre2010_unreconciled,False,domestic_refinery,False
2007-03-09,Regular Petrol,normal,0.0331,True,,0.1503,0.0,False,pre2010_unreconciled,False,domestic_refinery,False
2007-03-16,Regular Petrol,normal,0.0315,True,,0.1562,0.0,False,pre2010_unreconciled,False,domestic_refinery,False
2007-03-23,Regular Petrol,normal,0.035,True,,0.1027,0.0,False,pre2010_unreconciled,False,domestic_refinery,False
2007-03-30,Regular Petrol,normal,0.0349,True,,0.1221,0.0,False,pre2010_unreconciled,False,domestic_refinery,False
2007-04-06,Regular Petrol,normal,0.0331,True,,0.0942,0.5,True,pre2010_unreconciled,False,domestic_refinery,False
2007-04-13,Regular Petrol,normal,0.0324,True,,0.1079,0.0,True,pre2010_unreconciled,False,domestic_refinery,False
2007-04-20,Regular Petrol,normal,0.0316,True,,0.0364,0.0,False,pre2010_unreconciled,False,domestic_refinery,False
2007-04-27,Regular Petrol,normal,0.0319,True,,0.0235,0.0,False,pre2010_unreconciled,False,domestic_refinery,False
2007-05-04,Regular Petrol,normal,0.0294,True,,0.0,0.0,False,pre2010_unreconciled,False,domestic_refinery,False
2007-05-11,Regular Petrol,normal,0.0283,True,,0.0238,0.0,False,pre2010_unreconciled,False,domestic_refinery,False
2007-05-18,Regular Petrol,normal,0.0283,True,,0.0706,0.0,False,pre2010_unreconciled,False,domestic_refinery,False
2007-05-25,Regular Petrol,normal,0.0228,True,,0.045,0.0,False,pre2010_unreconciled,False,domestic_refinery,False
2007-06-01,Regular Petrol,normal,0.0223,True,,-0.0113,0.0,False,pre2010_unreconciled,False,domestic_refinery,False
2007-06-08,Regular Petrol,normal,0.0225,True,,0.0,0.0,False,pre2010_unreconciled,False,domestic_refinery,False
2007-06-15,Regular Petrol,normal,0.0227,True,,0.0351,0.0,False,pre2010_unreconciled,False,domestic_refinery,False
2007-06-22,Regular Petrol,normal,0.0206,True,,0.023,0.0,False,pre2010_unreconciled,False,domestic_refinery,False
2007-06-29,Regular Petrol,normal,0.0169,True,,0.0116,0.0,False,pre2010_unreconciled,False,domestic_refinery,False
2007-07-06,Regular Petrol,normal,0.0195,True,,0.0347,1.5,True,pre2010_unreconciled,False,domestic_refinery,False
2007-07-13,Regular Petrol,normal,0.0282,True,,0.0225,0.0,True,pre2010_unreconciled,False,domestic_refinery,False
2007-07-20,Regular Petrol,normal,0.0357,True,,-0.0222,0.0,False,pre2010_unreconciled,False,domestic_refinery,False
2007-07-27,Regular Petrol,normal,0.0357,True,,0.0,0.0,False,pre2010_unreconciled,False,domestic_refinery,False
2007-08-03,Regular Petrol,normal,0.0352,True,,0.0445,0.0,False,pre2010_unreconciled,False,domestic_refinery,False
2007-08-10,Regular Petrol,normal,0.0376,True,,0.0,0.0,False,pre2010_unreconciled,False,domestic_refinery,False
2007-08-17,Regular Petrol,normal,0.0379,True,,0.0553,0.0,False,pre2010_unreconciled,False,domestic_refinery,False
2007-08-24,Regular Petrol,normal,0.037,True,,0.0774,0.0,False,pre2010_unreconciled,False,domestic_refinery,False
2007-08-31,Regular Petrol,normal,0.0392,True,,0.087,0.0,False,pre2010_unreconciled,False,domestic_refinery,False
2007-09-07,Regular Petrol,normal,0.043,True,,0.1153,0.0,False,pre2010_unreconciled,False,domestic_refinery,False
2007-09-14,Regular Petrol,normal,0.0365,True,,0.1558,0.0,False,pre2010_unreconciled,False,domestic_refinery,False
2007-09-21,Regular Petrol,normal,0.0371,True,,0.1671,0.0,False,pre2010_unreconciled,False,domestic_refinery,False
2007-09-28,Regular Petrol,normal,0.0371,True,,0.0933,0.0,False,pre2010_unreconciled,False,domestic_refinery,False
2007-10-05,Regular Petrol,normal,0.0379,True,,0.0984,0.0,False,pre2010_unreconciled,False,domestic_refinery,False
2007-10-12,Regular Petrol,normal,0.0365,True,,0.0421,0.0,False,pre2010_unreconciled,False,domestic_refinery,False
2007-10-19,Regular Petrol,normal,0.0366,True,,0.1011,0.0,False,pre2010_unreconciled,False,domestic_refinery,False
2007-10-26,Regular Petrol,normal,0.0373,True,,0.0991,0.0,False,pre2010_unreconciled,False,domestic_refinery,False
2007-11-02,Regular Petrol,normal,0.0382,True,,0.0854,0.0,False,pre2010_unreconciled,False,domestic_refinery,False
2007-11-09,Regular Petrol,normal,0.0338,True,,0.0918,0.0,False,pre2010_unreconciled,False,domestic_refinery,False
2007-11-16,Regular Petrol,normal,0.0342,True,,0.083,0.0,False,pre2010_unreconciled,False,domestic_refinery,False
2007-11-23,Regular Petrol,normal,0.0278,True,,0.1471,0.0,False,pre2010_unreconciled,False,domestic_refinery,False
2007-11-30,Regular Petrol,normal,0.029,True,,0.163,0.0,False,pre2010_unreconciled,False,domestic_refinery,False
2007-12-07,Regular Petrol,normal,0.0273,True,,0.1258,0.0,False,pre2010_unreconciled,False,domestic_refinery,False
2007-12-14,Regular Petrol,normal,0.0271,True,,0.0561,0.0,False,pre2010_unreconciled,False,domestic_refinery,False
2007-12-21,Regular Petrol,normal,0.031,True,,0.0639,0.0,False,pre2010_unreconciled,False,domestic_refinery,False
2007-12-28,Regular Petrol,normal,0.0276,True,,0.0617,0.0,False,pre2010_unreconciled,False,domestic_refinery,False
2008-01-04,Regular Petrol,normal,0.0268,True,,0.0345,0.0,False,pre2010_unreconciled,False,domestic_refinery,False
2008-01-11,Regular Petrol,normal,0.0281,True,,0.0175,0.0,False,pre2010_unreconciled,False,domestic_refinery,False
2008-01-18,Regular Petrol,normal,0.0358,True,,-0.0617,0.0,False,pre2010_unreconciled,False,domestic_refinery,False
2008-01-25,Regular Petrol,normal,0.0352,True,,-0.036,0.0,False,pre2010_unreconciled,False,domestic_refinery,False
2008-02-01,Regular Petrol,normal,0.0332,True,,0.009,0.0,False,pre2010_unreconciled,False,domestic_refinery,False
2008-02-08,Regular Petrol,normal,0.0353,True,,-0.0277,0.0,False,pre2010_unreconciled,False,domestic_refinery,False
2008-02-15,Regular Petrol,normal,0.0352,True,,0.0088,0.0,False,pre2010_unreconciled,False,domestic_refinery,False
2008-02-22,Regular Petrol,normal,0.032,True,,-0.0086,0.0,False,pre2010_unreconciled,False,domestic_refinery,False
2008-02-29,Regular Petrol,normal,0.0312,True,,-0.0258,0.0,False,pre2010_unreconciled,False,domestic_refinery,False
2008-03-07,Regular Petrol,normal,0.0311,True,,0.0342,0.0,False,pre2010_unreconciled,False,domestic_refinery,False
2008-03-14,Regular Petrol,normal,0.0268,True,,0.1117,0.0,False,pre2010_unreconciled,False,domestic_refinery,False
2008-03-21,Regular Petrol,normal,0.0237,True,,0.0961,0.0,False,pre2010_unreconciled,False,domestic_refinery,False
2008-03-28,Regular Petrol,normal,0.0241,True,,0.0863,0.0,False,pre2010_unreconciled,False,domestic_refinery,False
2008-04-04,Regular Petrol,normal,0.0223,True,,0.1312,0.0,False,pre2010_unreconciled,False,domestic_refinery,False
2008-04-11,Regular Petrol,normal,0.0291,True,,0.108,0.0,False,pre2010_unreconciled,False,domestic_refinery,False
2008-04-18,Regular Petrol,normal,0.0305,True,,0.1368,0.0,False,pre2010_unreconciled,False,domestic_refinery,False
2008-04-25,Regular Petrol,normal,0.0236,True,,0.175,0.0,False,pre2010_unreconciled,False,domestic_refinery,False
2008-05-02,Regular Petrol,normal,0.0298,True,,0.1481,0.0,False,pre2010_unreconciled,False,domestic_refinery,False
2008-05-09,Regular Petrol,normal,0.0306,True,,0.1918,0.0,False,pre2010_unreconciled,False,domestic_refinery,False
2008-05-16,Regular Petrol,normal,0.0361,True,,0.2688,0.0,False,pre2010_unreconciled,False,domestic_refinery,False
2008-05-23,Regular Petrol,normal,0.0372,True,,0.2856,0.0,False,pre2010_unreconciled,False,domestic_refinery,False
2008-05-30,Regular Petrol,normal,0.0376,True,,0.2522,0.0,False,pre2010_unreconciled,False,domestic_refinery,False
2008-06-06,Regular Petrol,normal,0.0374,True,,0.2121,0.0,False,pre2010_unreconciled,False,domestic_refinery,False
2008-06-13,Regular Petrol,normal,0.0351,True,,0.2513,0.0,False,pre2010_unreconciled,False,domestic_refinery,False
2008-06-20,Regular Petrol,normal,0.038,True,,0.2217,0.0,False,pre2010_unreconciled,False,domestic_refinery,False
2008-06-27,Regular Petrol,normal,0.0429,True,,0.226,0.0,False,pre2010_unreconciled,False,domestic_refinery,False
2008-07-04,Regular Petrol,normal,0.0417,True,,0.1946,2.1,True,pre2010_unreconciled,False,domestic_refinery,False
2008-07-11,Regular Petrol,normal,0.0428,True,,0.1311,0.0,True,pre2010_unreconciled,False,domestic_refinery,False
2008-07-18,Regular Petrol,normal,0.0295,True,,0.0661,0.0,False,pre2010_unreconciled,False,domestic_refinery,False
2008-07-25,Regular Petrol,normal,0.0294,True,,0.0375,0.0,False,pre2010_unreconciled,False,domestic_refinery,False
2008-08-01,Regular Petrol,normal,0.0309,True,,0.0436,0.0,False,pre2010_unreconciled,False,domestic_refinery,False
2008-08-08,Regular Petrol,normal,0.0274,True,,-0.0665,0.0,False,pre2010_unreconciled,False,domestic_refinery,False
2008-08-15,Regular Petrol,normal,0.0275,True,,-0.0854,0.0,False,pre2010_unreconciled,False,domestic_refinery,False
2008-08-22,Regular Petrol,normal,0.0378,True,,-0.1034,0.0,False,pre2010_unreconciled,False,domestic_refinery,False
2008-08-29,Regular Petrol,high,0.0479,True,2008_gfc_crash,-0.1233,0.0,False,pre2010_unreconciled,False,domestic_refinery,False
2008-09-05,Regular Petrol,high,0.0506,True,2008_gfc_crash,-0.1701,0.0,False,pre2010_unreconciled,False,domestic_refinery,False
2008-09-12,Regular Petrol,high,0.0547,True,2008_gfc_crash,-0.1639,0.0,False,pre2010_unreconciled,False,domestic_refinery,False
2008-09-19,Regular Petrol,high,0.0608,True,2008_gfc_crash,-0.2109,0.0,False,pre2010_unreconciled,False,domestic_refinery,False
2008-09-26,Regular Petrol,high,0.0608,True,2008_gfc_crash,-0.1511,0.0,False,pre2010_unreconciled,False,domestic_refinery,False
2008-10-03,Regular Petrol,high,0.0562,True,2008_gfc_crash,-0.2,0.0,False,pre2010_unreconciled,False,domestic_refinery,False
2008-10-10,Regular Petrol,high,0.0562,True,2008_gfc_crash,-0.2688,0.0,False,pre2010_unreconciled,False,domestic_refinery,False
2008-10-17,Regular Petrol,high,0.0561,True,2008_gfc_crash,-0.377,0.0,False,pre2010_unreconciled,False,domestic_refinery,False
2008-10-24,Regular Petrol,high,0.0549,True,2008_gfc_crash,-0.4902,0.0,False,pre2010_unreconciled,False,domestic_refinery,False
2008-10-31,Regular Petrol,normal,0.0356,True,,-0.4426,0.0,False,pre2010_unreconciled,False,domestic_refinery,False
2008-11-07,Regular Petrol,normal,0.0358,True,,-0.4618,0.0,False,pre2010_unreconciled,False,domestic_refinery,False
2008-11-14,Regular Petrol,normal,0.0345,True,,-0.4402,0.0,False,pre2010_unreconciled,False,domestic_refinery,False
2008-11-21,Regular Petrol,normal,0.0322,True,,-0.5299,0.0,False,pre2010_unreconciled,False,domestic_refinery,False
2008-11-28,Regular Petrol,normal,0.0351,True,,-0.4807,0.0,False,pre2010_unreconciled,False,domestic_refinery,False
2008-12-05,Regular Petrol,normal,0.0393,True,,-0.47,0.0,False,pre2010_unreconciled,False,domestic_refinery,False
2008-12-12,Regular Petrol,high,0.0773,True,2009_rebound,-0.4101,0.0,False,pre2010_unreconciled,False,domestic_refinery,False
2008-12-19,Regular Petrol,high,0.0743,True,2009_rebound,-0.3223,0.0,False,pre2010_unreconciled,False,domestic_refinery,False
2008-12-26,Regular Petrol,high,0.0752,True,2009_rebound,-0.4158,0.0,False,pre2010_unreconciled,False,domestic_refinery,False
2009-01-02,Regular Petrol,high,0.0762,True,2009_rebound,-0.3474,0.0,False,pre2010_unreconciled,False,domestic_refinery,False
2009-01-09,Regular Petrol,high,0.0725,True,2009_rebound,-0.1119,0.0,False,pre2010_unreconciled,False,domestic_refinery,False
2009-01-16,Regular Petrol,high,0.0694,True,2009_rebound,-0.0881,0.0,False,pre2010_unreconciled,False,domestic_refinery,False
2009-01-23,Regular Petrol,high,0.0743,True,2009_rebound,-0.0377,0.0,False,pre2010_unreconciled,False,domestic_refinery,False
2009-01-30,Regular Petrol,high,0.0605,True,2009_rebound,0.077,0.0,False,pre2010_unreconciled,False,domestic_refinery,False
2009-02-06,Regular Petrol,high,0.0603,True,2009_rebound,0.1917,0.0,False,pre2010_unreconciled,False,domestic_refinery,False
2009-02-13,Regular Petrol,normal,0.0376,True,,0.1681,0.0,False,pre2010_unreconciled,False,domestic_refinery,False
2009-02-20,Regular Petrol,normal,0.0394,True,,0.2106,0.0,False,pre2010_unreconciled,False,domestic_refinery,False
2009-02-27,Regular Petrol,normal,0.044,True,,0.2323,0.0,False,pre2010_unreconciled,False,domestic_refinery,False
2009-03-06,Regular Petrol,normal,0.051,True,,0.1119,0.0,False,pre2010_unreconciled,False,domestic_refinery,False
2009-03-13,Regular Petrol,normal,0.0508,True,,0.1119,0.0,False,pre2010_unreconciled,False,domestic_refinery,False
2009-03-20,Regular Petrol,normal,0.0502,True,,0.0621,0.0,False,pre2010_unreconciled,False,domestic_refinery,False
2009-03-27,Regular Petrol,normal,0.044,True,,0.0942,0.0,False,pre2010_unreconciled,False,domestic_refinery,False
2009-04-03,Regular Petrol,normal,0.043,True,,-0.0355,0.0,False,pre2010_unreconciled,False,domestic_refinery,False
2009-04-10,Regular Petrol,normal,0.0484,True,,0.0465,0.0,False,pre2010_unreconciled,False,domestic_refinery,False
2009-04-17,Regular Petrol,normal,0.0482,True,,0.0965,0.0,False,pre2010_unreconciled,False,domestic_refinery,False
2009-04-24,Regular Petrol,normal,0.0463,True,,0.0592,0.0,False,pre2010_unreconciled,False,domestic_refinery,False
2009-05-01,Regular Petrol,normal,0.0424,True,,0.0233,0.0,False,pre2010_unreconciled,False,domestic_refinery,False
2009-05-08,Regular Petrol,normal,0.0294,True,,0.1006,0.0,False,pre2010_unreconciled,False,domestic_refinery,False
2009-05-15,Regular Petrol,normal,0.0319,True,,0.135,0.0,False,pre2010_unreconciled,False,domestic_refinery,False
2009-05-22,Regular Petrol,normal,0.0316,True,,0.0861,0.0,False,pre2010_unreconciled,False,domestic_refinery,False
2009-05-29,Regular Petrol,normal,0.0356,True,,0.1863,0.0,False,pre2010_unreconciled,False,domestic_refinery,False
2009-06-05,Regular Petrol,normal,0.0365,True,,0.1671,0.0,False,pre2010_unreconciled,False,domestic_refinery,False
2009-06-12,Regular Petrol,normal,0.046,True,,0.2526,0.0,False,pre2010_unreconciled,False,domestic_refinery,False
2009-06-19,Regular Petrol,normal,0.0462,True,,0.2436,0.0,False,pre2010_unreconciled,False,domestic_refinery,False
2009-06-26,Regular Petrol,normal,0.0476,True,,0.2162,0.0,False,pre2010_unreconciled,False,domestic_refinery,False
2009-07-03,Regular Petrol,normal,0.047,True,,0.1295,0.5,True,pre2010_unreconciled,False,domestic_refinery,False
2009-07-10,Regular Petrol,normal,0.0479,True,,0.0311,0.0,True,pre2010_unreconciled,False,domestic_refinery,False
2009-07-17,Regular Petrol,normal,0.0408,True,,0.0,0.0,False,pre2010_unreconciled,False,domestic_refinery,False
2009-07-24,Regular Petrol,normal,0.0409,True,,0.01,0.0,False,pre2010_unreconciled,False,domestic_refinery,False
2009-07-31,Regular Petrol,normal,0.0402,True,,-0.0097,0.0,False,pre2010_unreconciled,False,domestic_refinery,False
2009-08-07,Regular Petrol,normal,0.0442,True,,-0.0364,0.0,False,pre2010_unreconciled,False,domestic_refinery,False
2009-08-14,Regular Petrol,normal,0.0333,True,,-0.0556,0.0,False,pre2010_unreconciled,False,domestic_refinery,False
2009-08-21,Regular Petrol,normal,0.0339,True,,-0.0282,0.0,False,pre2010_unreconciled,False,domestic_refinery,False
2009-08-28,Regular Petrol,normal,0.0328,True,,-0.0284,0.0,False,pre2010_unreconciled,False,domestic_refinery,False
2009-09-04,Regular Petrol,normal,0.0309,True,,0.0,0.0,False,pre2010_unreconciled,False,domestic_refinery,False
2009-09-11,Regular Petrol,normal,0.0236,True,,0.0204,0.0,False,pre2010_unreconciled,False,domestic_refinery,False
2009-09-18,Regular Petrol,normal,0.0323,True,,-0.0404,0.0,False,pre2010_unreconciled,False,domestic_refinery,False
2009-09-25,Regular Petrol,normal,0.0361,True,,-0.1021,0.0,False,pre2010_unreconciled,False,domestic_refinery,False
2009-10-02,Regular Petrol,normal,0.0367,True,,-0.1603,0.9,True,pre2010_unreconciled,False,domestic_refinery,False
2009-10-09,Regular Petrol,normal,0.03,True,,-0.1214,2.1,True,pre2010_unreconciled,False,domestic_refinery,False
2009-10-16,Regular Petrol,normal,0.0326,True,,-0.069,0.0,True,pre2010_unreconciled,False,domestic_refinery,False
2009-10-23,Regular Petrol,normal,0.0311,True,,-0.0194,0.0,False,pre2010_unreconciled,False,domestic_refinery,False
2009-10-30,Regular Petrol,normal,0.0246,True,,0.0594,0.0,False,pre2010_unreconciled,False,domestic_refinery,False
2009-11-06,Regular Petrol,normal,0.0236,True,,0.0777,0.0,False,pre2010_unreconciled,False,domestic_refinery,False
2009-11-13,Regular Petrol,normal,0.0347,True,,0.0697,0.0,False,pre2010_unreconciled,False,domestic_refinery,False
2009-11-20,Regular Petrol,normal,0.0336,True,,0.1214,0.0,False,pre2010_unreconciled,False,domestic_refinery,False
2009-11-27,Regular Petrol,normal,0.0323,True,,0.1417,0.0,False,pre2010_unreconciled,False,domestic_refinery,False
2009-12-04,Regular Petrol,normal,0.0341,True,,0.1679,0.0,False,pre2010_unreconciled,False,domestic_refinery,False
2009-12-11,Regular Petrol,normal,0.033,True,,0.0594,0.0,False,pre2010_unreconciled,False,domestic_refinery,False
2009-12-18,Regular Petrol,normal,0.0329,True,,-0.0099,0.0,False,pre2010_unreconciled,False,domestic_refinery,False
2009-12-25,Regular Petrol,normal,0.0335,True,,0.0,0.0,False,pre2010_unreconciled,False,domestic_refinery,False
2010-01-01,Regular Petrol,normal,0.0337,True,,0.0093,0.0,False,pre2010_unreconciled,False,domestic_refinery,False
2010-01-08,Regular Petrol,normal,0.0315,True,,0.047,0.0,False,envisory,True,domestic_refinery,False
2010-01-15,Regular Petrol,normal,0.0255,True,,0.0095,0.0,False,envisory,True,domestic_refinery,False
2010-01-22,Regular Petrol,normal,0.0276,True,,-0.019,0.0,False,envisory,True,domestic_refinery,False
2010-01-29,Regular Petrol,normal,0.0264,True,,-0.0755,0.0,False,envisory,True,domestic_refinery,False
2010-02-05,Regular Petrol,normal,0.0241,True,,0.0,0.0,False,envisory,True,domestic_refinery,False
2010-02-12,Regular Petrol,normal,0.024,True,,0.0196,0.0,False,envisory,True,domestic_refinery,False
2010-02-19,Regular Petrol,normal,0.0227,True,,0.0377,0.0,False,envisory,True,domestic_refinery,False
2010-02-26,Regular Petrol,normal,0.0211,True,,0.0092,0.0,False,envisory,True,domestic_refinery,False
2010-03-05,Regular Petrol,normal,0.019,True,,0.0182,0.0,False,envisory,True,domestic_refinery,False
2010-03-12,Regular Petrol,normal,0.022,True,,0.0461,0.0,False,envisory,True,domestic_refinery,False
2010-03-19,Regular Petrol,normal,0.0209,True,,0.047,0.0,False,envisory,True,domestic_refinery,False
2010-03-26,Regular Petrol,normal,0.0171,True,,0.0755,0.0,False,envisory,True,domestic_refinery,False
2010-04-02,Regular Petrol,normal,0.0171,True,,0.0741,0.0,False,envisory,True,domestic_refinery,False
2010-04-09,Regular Petrol,normal,0.0261,True,,0.1274,0.0,False,envisory,True,domestic_refinery,False
2010-04-16,Regular Petrol,normal,0.0263,True,,0.08,0.0,False,envisory,True,domestic_refinery,False
2010-04-23,Regular Petrol,normal,0.0319,True,,0.0708,0.0,False,envisory,True,domestic_refinery,False
2010-04-30,Regular Petrol,normal,0.0315,True,,0.0612,0.0,False,envisory,True,domestic_refinery,False
2010-05-07,Regular Petrol,normal,0.034,True,,0.009,0.0,False,envisory,True,domestic_refinery,False
2010-05-14,Regular Petrol,normal,0.0291,True,,0.0182,0.0,False,envisory,True,domestic_refinery,False
2010-05-21,Regular Petrol,normal,0.0291,True,,-0.0465,0.0,False,envisory,True,domestic_refinery,False
2010-05-28,Regular Petrol,normal,0.029,True,,-0.0741,0.0,False,envisory,True,domestic_refinery,False
2010-06-04,Regular Petrol,normal,0.0282,True,,-0.08,0.0,False,envisory,True,domestic_refinery,False
2010-06-11,Regular Petrol,normal,0.0243,True,,-0.08,0.0,False,envisory,True,domestic_refinery,False
2010-06-18,Regular Petrol,normal,0.0243,True,,-0.08,0.0,False,envisory,True,domestic_refinery,False
2010-06-25,Regular Petrol,normal,0.0176,True,,-0.1072,0.0,False,envisory,True,domestic_refinery,False
2010-07-02,Regular Petrol,normal,0.0176,True,,-0.0741,0.0,False,envisory,True,domestic_refinery,False
2010-07-09,Regular Petrol,normal,0.0233,True,,-0.0748,0.0,False,envisory,True,domestic_refinery,False
2010-07-16,Regular Petrol,normal,0.0282,True,,-0.029,0.0,False,envisory,True,domestic_refinery,False
2010-07-23,Regular Petrol,normal,0.0281,True,,-0.0097,0.0,False,envisory,True,domestic_refinery,False
2010-07-30,Regular Petrol,normal,0.0278,True,,-0.0572,0.0,False,envisory,True,domestic_refinery,False
2010-08-06,Regular Petrol,normal,0.0295,True,,0.0,0.0,False,envisory,True,domestic_refinery,False
2010-08-13,Regular Petrol,normal,0.0292,True,,-0.0474,0.0,False,envisory,True,domestic_refinery,False
2010-08-20,Regular Petrol,normal,0.029,True,,-0.0385,0.0,False,envisory,True,domestic_refinery,False
2010-08-27,Regular Petrol,normal,0.0288,True,,-0.0293,0.0,False,envisory,True,domestic_refinery,False
2010-09-03,Regular Petrol,normal,0.0286,True,,0.0097,0.0,False,envisory,True,domestic_refinery,False
2010-09-10,Regular Petrol,normal,0.0244,True,,0.0194,0.0,False,envisory,True,domestic_refinery,False
2010-09-17,Regular Petrol,normal,0.0184,True,,0.0097,0.0,False,envisory,True,domestic_refinery,False
2010-09-24,Regular Petrol,normal,0.0184,True,,0.0194,0.0,False,envisory,True,domestic_refinery,False
2010-10-01,Regular Petrol,normal,0.0177,True,,-0.0282,1.2857,True,envisory,True,domestic_refinery,False
2010-10-08,Regular Petrol,normal,0.0155,True,,0.0566,1.7143,True,envisory,True,domestic_refinery,False
2010-10-15,Regular Petrol,normal,0.0162,True,,0.0479,0.0,True,envisory,True,domestic_refinery,False
2010-10-22,Regular Petrol,normal,0.018,True,,0.0483,0.0,False,envisory,True,domestic_refinery,False
2010-10-29,Regular Petrol,normal,0.018,True,,0.0284,0.0,False,envisory,True,domestic_refinery,False
2010-11-05,Regular Petrol,normal,0.0271,True,,0.0284,0.0,False,envisory,True,domestic_refinery,False
2010-11-12,Regular Petrol,normal,0.0258,True,,0.047,0.0,False,envisory,True,domestic_refinery,False
2010-11-19,Regular Petrol,normal,0.0243,True,,0.0284,0.0,False,envisory,True,domestic_refinery,False
2010-11-26,Regular Petrol,normal,0.0229,True,,0.0189,0.0,False,envisory,True,domestic_refinery,False
2010-12-03,Regular Petrol,normal,0.0299,True,,0.0449,0.0,False,envisory,True,domestic_refinery,False
2010-12-10,Regular Petrol,normal,0.03,True,,0.0893,0.0,False,envisory,True,domestic_refinery,False
2010-12-17,Regular Petrol,normal,0.0303,True,,0.1241,0.0,False,envisory,True,domestic_refinery,False
2010-12-24,Regular Petrol,normal,0.03,True,,0.1312,0.0,False,envisory,True,domestic_refinery,False
2010-12-31,Regular Petrol,normal,0.03,True,,0.0893,0.0,False,envisory,True,domestic_refinery,False
2011-01-07,Regular Petrol,normal,0.0249,True,,0.0961,0.0,False,envisory,True,domestic_refinery,False
2011-01-14,Regular Petrol,normal,0.0244,True,,0.1394,0.0,False,envisory,True,domestic_refinery,False
2011-01-21,Regular Petrol,normal,0.0273,True,,0.123,0.0,False,envisory,True,domestic_refinery,False
2011-01-28,Regular Petrol,normal,0.0347,True,,0.0596,0.0,False,envisory,True,domestic_refinery,False
2011-02-04,Regular Petrol,normal,0.0273,True,,0.0661,0.0,False,envisory,True,domestic_refinery,False
2011-02-11,Regular Petrol,normal,0.0273,True,,0.0408,0.0,False,envisory,True,domestic_refinery,False
2011-02-18,Regular Petrol,normal,0.03,True,,0.0712,0.0,False,envisory,True,domestic_refinery,False
2011-02-25,Regular Petrol,normal,0.027,True,,0.1866,0.0,False,envisory,True,domestic_refinery,False
2011-03-04,Regular Petrol,normal,0.0299,True,,0.1961,0.0,False,envisory,True,domestic_refinery,False
2011-03-11,Regular Petrol,normal,0.0296,True,,0.1918,0.0,False,envisory,True,domestic_refinery,False
2011-03-18,Regular Petrol,normal,0.0302,True,,0.1946,0.0,False,envisory,True,domestic_refinery,False
2011-03-25,Regular Petrol,normal,0.0299,True,,0.2082,0.0,False,envisory,True,domestic_refinery,False
2011-04-01,Regular Petrol,normal,0.0193,True,,0.1553,0.0,False,envisory,True,domestic_refinery,False
2011-04-08,Regular Petrol,normal,0.0248,True,,0.1756,0.0,False,envisory,True,domestic_refinery,False
2011-04-15,Regular Petrol,normal,0.024,True,,0.122,0.0,False,envisory,True,domestic_refinery,False
2011-04-22,Regular Petrol,normal,0.0242,True,,0.0348,0.0,False,envisory,True,domestic_refinery,False
2011-04-29,Regular Petrol,normal,0.0228,True,,0.0136,0.0,False,envisory,True,domestic_refinery,False
2011-05-06,Regular Petrol,normal,0.0226,True,,-0.0623,0.0,False,envisory,True,domestic_refinery,False
2011-05-13,Regular Petrol,normal,0.0217,True,,-0.0778,0.0,False,envisory,True,domestic_refinery,False
2011-05-20,Regular Petrol,normal,0.0225,True,,-0.0913,0.0,False,envisory,True,domestic_refinery,False
2011-05-27,Regular Petrol,normal,0.0268,True,,-0.0783,0.0,False,envisory,True,domestic_refinery,False
2011-06-03,Regular Petrol,normal,0.0254,True,,-0.1136,0.0,False,envisory,True,domestic_refinery,False
2011-06-10,Regular Petrol,normal,0.0222,True,,-0.0919,0.0,False,envisory,True,domestic_refinery,False
2011-06-17,Regular Petrol,normal,0.0217,True,,-0.071,0.0,False,envisory,True,domestic_refinery,False
2011-06-24,Regular Petrol,normal,0.022,True,,-0.1374,0.0,False,envisory,True,domestic_refinery,False
2011-07-01,Regular Petrol,normal,0.0223,True,,-0.0818,0.0,False,envisory,True,domestic_refinery,False
2011-07-08,Regular Petrol,normal,0.025,True,,-0.0375,0.0,False,envisory,True,domestic_refinery,False
2011-07-15,Regular Petrol,normal,0.0236,True,,-0.0223,0.0,False,envisory,True,domestic_refinery,False
2011-07-22,Regular Petrol,normal,0.0259,True,,-0.0301,0.0,False,envisory,True,domestic_refinery,False
2011-07-29,Regular Petrol,normal,0.0211,True,,-0.0305,0.0,False,envisory,True,domestic_refinery,False
2011-08-05,Regular Petrol,normal,0.0219,True,,-0.085,0.0,False,envisory,True,domestic_refinery,False
2011-08-12,Regular Petrol,normal,0.0214,True,,-0.1086,0.0,False,envisory,True,domestic_refinery,False
2011-08-19,Regular Petrol,normal,0.0208,True,,-0.0315,0.0,False,envisory,True,domestic_refinery,False
2011-08-26,Regular Petrol,normal,0.0202,True,,-0.0156,0.0,False,envisory,True,domestic_refinery,False
2011-09-02,Regular Petrol,normal,0.0195,True,,-0.0154,0.0,False,envisory,True,domestic_refinery,False
2011-09-09,Regular Petrol,normal,0.0137,True,,-0.0228,0.0,False,envisory,True,domestic_refinery,False
2011-09-16,Regular Petrol,normal,0.0134,True,,0.0,0.0,False,envisory,True,domestic_refinery,False
2011-09-23,Regular Petrol,normal,0.0127,True,,0.0154,0.0,False,envisory,True,domestic_refinery,False
2011-09-30,Regular Petrol,normal,0.0132,True,,0.0625,0.0,False,envisory,True,domestic_refinery,False
2011-10-07,Regular Petrol,normal,0.0131,True,,0.0635,0.0,False,envisory,True,domestic_refinery,False
2011-10-14,Regular Petrol,normal,0.025,True,,0.0695,0.0,False,envisory,True,domestic_refinery,False
2011-10-21,Regular Petrol,normal,0.025,True,,0.0537,0.0,False,envisory,True,domestic_refinery,False
2011-10-28,Regular Petrol,normal,0.0248,True,,0.0305,0.0,False,envisory,True,domestic_refinery,False
2011-11-04,Regular Petrol,normal,0.0254,True,,0.0153,0.0,False,envisory,True,domestic_refinery,False
2011-11-11,Regular Petrol,normal,0.0262,True,,0.0736,0.0,False,envisory,True,domestic_refinery,False
2011-11-18,Regular Petrol,normal,0.0251,True,,0.0806,0.0,False,envisory,True,domestic_refinery,False
2011-11-25,Regular Petrol,normal,0.0253,True,,0.08,0.0,False,envisory,True,domestic_refinery,False
2011-12-02,Regular Petrol,normal,0.0253,True,,0.0883,0.0,False,envisory,True,domestic_refinery,False
2011-12-09,Regular Petrol,normal,0.0253,True,,0.0366,0.0,False,envisory,True,domestic_refinery,False
2011-12-16,Regular Petrol,normal,0.0112,True,,0.0294,0.0,False,envisory,True,domestic_refinery,False
2011-12-23,Regular Petrol,normal,0.0114,True,,0.0296,0.0,False,envisory,True,domestic_refinery,False
2011-12-30,Regular Petrol,normal,0.012,True,,0.0299,0.0,False,envisory,True,domestic_refinery,False
2012-01-06,Regular Petrol,normal,0.012,True,,-0.0215,0.0,False,envisory,True,domestic_refinery,False
2012-01-13,Regular Petrol,normal,0.0159,True,,-0.0214,0.0,False,envisory,True,domestic_refinery,False
2012-01-20,Regular Petrol,normal,0.0175,True,,-0.0429,0.0,False,envisory,True,domestic_refinery,False
2012-01-27,Regular Petrol,normal,0.0183,True,,-0.058,0.0,False,envisory,True,domestic_refinery,False
2012-02-03,Regular Petrol,normal,0.0177,True,,-0.0441,0.0,False,envisory,True,domestic_refinery,False
2012-02-10,Regular Petrol,normal,0.0199,True,,-0.0073,0.0,False,envisory,True,domestic_refinery,False
2012-02-17,Regular Petrol,normal,0.0199,True,,0.0217,0.0,False,envisory,True,domestic_refinery,False
2012-02-24,Regular Petrol,normal,0.0189,True,,0.0502,0.0,False,envisory,True,domestic_refinery,False
2012-03-02,Regular Petrol,normal,0.0172,True,,0.0426,0.0,False,envisory,True,domestic_refinery,False
2012-03-09,Regular Petrol,normal,0.0164,True,,0.0695,0.0,False,envisory,True,domestic_refinery,False
2012-03-16,Regular Petrol,normal,0.0194,True,,0.0973,0.0,False,envisory,True,domestic_refinery,False
2012-03-23,Regular Petrol,normal,0.0212,True,,0.1128,0.0,False,envisory,True,domestic_refinery,False
2012-03-30,Regular Petrol,normal,0.02,True,,0.1069,0.0,False,envisory,True,domestic_refinery,False
2012-04-06,Regular Petrol,normal,0.0198,True,,0.0772,0.0,False,envisory,True,domestic_refinery,False
2012-04-13,Regular Petrol,normal,0.0141,True,,0.0282,0.0,False,envisory,True,domestic_refinery,False
2012-04-20,Regular Petrol,normal,0.0131,True,,-0.0212,0.0,False,envisory,True,domestic_refinery,False
2012-04-27,Regular Petrol,normal,0.0131,True,,-0.0211,0.0,False,envisory,True,domestic_refinery,False
2012-05-04,Regular Petrol,normal,0.0147,True,,-0.0623,0.0,False,envisory,True,domestic_refinery,False
2012-05-11,Regular Petrol,normal,0.0197,True,,-0.09,0.0,False,envisory,True,domestic_refinery,False
2012-05-18,Regular Petrol,normal,0.0195,True,,-0.0762,0.0,False,envisory,True,domestic_refinery,False
2012-05-25,Regular Petrol,normal,0.0256,True,,-0.07,0.0,False,envisory,True,domestic_refinery,False
2012-06-01,Regular Petrol,normal,0.0247,True,,-0.0994,0.0,False,envisory,True,domestic_refinery,False
2012-06-08,Regular Petrol,normal,0.0308,True,,-0.1256,0.0,False,envisory,True,domestic_refinery,False
2012-06-15,Regular Petrol,normal,0.0328,True,,-0.1214,0.0,False,envisory,True,domestic_refinery,False
2012-06-22,Regular Petrol,normal,0.0384,True,,-0.1952,0.0,False,envisory,True,domestic_refinery,False
2012-06-29,Regular Petrol,normal,0.0384,True,,-0.1881,0.0,False,envisory,True,domestic_refinery,False
2012-07-06,Regular Petrol,normal,0.0377,True,,-0.1398,0.0,False,envisory,True,domestic_refinery,False
2012-07-13,Regular Petrol,normal,0.0348,True,,-0.1305,0.0,False,envisory,True,domestic_refinery,False
2012-07-20,Regular Petrol,normal,0.0347,True,,-0.0752,0.0,False,envisory,True,domestic_refinery,False
2012-07-27,Regular Petrol,normal,0.0193,True,,-0.0537,0.0,False,envisory,True,domestic_refinery,False
2012-08-03,Regular Petrol,normal,0.0217,True,,0.0,1.4286,True,envisory,True,domestic_refinery,False
2012-08-10,Regular Petrol,normal,0.0213,True,,0.0549,0.5714,True,envisory,True,domestic_refinery,False
2012-08-17,Regular Petrol,normal,0.0239,True,,0.1591,0.0,True,envisory,True,domestic_refinery,False
2012-08-24,Regular Petrol,normal,0.029,True,,0.1809,0.0,False,envisory,True,domestic_refinery,False
2012-08-31,Regular Petrol,normal,0.0289,True,,0.1325,0.0,False,envisory,True,domestic_refinery,False
2012-09-07,Regular Petrol,normal,0.0289,True,,0.1447,0.0,False,envisory,True,domestic_refinery,False
2012-09-14,Regular Petrol,normal,0.0288,True,,0.0824,0.0,False,envisory,True,domestic_refinery,False
2012-09-21,Regular Petrol,normal,0.0259,True,,0.0386,0.0,False,envisory,True,domestic_refinery,False
2012-09-28,Regular Petrol,normal,0.0259,True,,0.031,0.0,False,envisory,True,domestic_refinery,False
2012-10-05,Regular Petrol,normal,0.0257,True,,0.0,0.0,False,envisory,True,domestic_refinery,False
2012-10-12,Regular Petrol,normal,0.0221,True,,-0.0074,0.0,False,envisory,True,domestic_refinery,False
2012-10-19,Regular Petrol,normal,0.0247,True,,-0.0366,0.0,False,envisory,True,domestic_refinery,False
2012-10-26,Regular Petrol,normal,0.0188,True,,-0.0524,0.0,False,envisory,True,domestic_refinery,False
2012-11-02,Regular Petrol,normal,0.0193,True,,-0.0889,0.0,False,envisory,True,domestic_refinery,False
2012-11-09,Regular Petrol,normal,0.0208,True,,-0.0824,0.0,False,envisory,True,domestic_refinery,False
2012-11-16,Regular Petrol,normal,0.0178,True,,-0.0076,0.0,False,envisory,True,domestic_refinery,False
2012-11-23,Regular Petrol,normal,0.0196,True,,0.0152,0.0,False,envisory,True,domestic_refinery,False
2012-11-30,Regular Petrol,normal,0.0194,True,,0.0,0.0,False,envisory,True,domestic_refinery,False
2012-12-07,Regular Petrol,normal,0.0192,True,,-0.0532,0.0,False,envisory,True,domestic_refinery,False
2012-12-14,Regular Petrol,normal,0.0198,True,,-0.0695,0.0,False,envisory,True,domestic_refinery,False
2012-12-21,Regular Petrol,normal,0.0178,True,,-0.0233,0.0,False,envisory,True,domestic_refinery,False
2012-12-28,Regular Petrol,normal,0.0178,True,,0.0077,0.0,False,envisory,True,domestic_refinery,False
2013-01-04,Regular Petrol,normal,0.018,True,,0.0155,0.0,False,envisory,True,domestic_refinery,False
2013-01-11,Regular Petrol,normal,0.0157,True,,-0.0232,0.0,False,envisory,True,domestic_refinery,False
2013-01-18,Regular Petrol,normal,0.0117,True,,-0.0383,0.0,False,envisory,True,domestic_refinery,False
2013-01-25,Regular Petrol,normal,0.0134,True,,-0.0077,0.0,False,envisory,True,domestic_refinery,False
2013-02-01,Regular Petrol,normal,0.0127,True,,0.0308,0.0,False,envisory,True,domestic_refinery,False
2013-02-08,Regular Petrol,normal,0.0137,True,,0.062,0.0,False,envisory,True,domestic_refinery,False
2013-02-15,Regular Petrol,normal,0.0127,True,,0.0537,0.0,False,envisory,True,domestic_refinery,False
2013-02-22,Regular Petrol,normal,0.0137,True,,0.0153,0.0,False,envisory,True,domestic_refinery,False
2013-03-01,Regular Petrol,normal,0.0122,True,,0.0,0.0,False,envisory,True,domestic_refinery,False
2013-03-08,Regular Petrol,normal,0.0101,True,,0.0,0.0,False,envisory,True,domestic_refinery,False
2013-03-15,Regular Petrol,normal,0.0166,True,,0.0,0.0,False,envisory,True,domestic_refinery,False
2013-03-22,Regular Petrol,normal,0.0178,True,,-0.0313,0.0,False,envisory,True,domestic_refinery,False
2013-03-29,Regular Petrol,normal,0.0229,True,,-0.0465,0.0,False,envisory,True,domestic_refinery,False
2013-04-05,Regular Petrol,normal,0.0232,True,,-0.0541,0.0,False,envisory,True,domestic_refinery,False
2013-04-12,Regular Petrol,normal,0.0239,True,,-0.1103,0.0,False,envisory,True,domestic_refinery,False
2013-04-19,Regular Petrol,normal,0.0263,True,,-0.1379,0.0,False,envisory,True,domestic_refinery,False
2013-04-26,Regular Petrol,normal,0.0269,True,,-0.0968,0.0,False,envisory,True,domestic_refinery,False
2013-05-03,Regular Petrol,normal,0.027,True,,-0.0813,0.0,False,envisory,True,domestic_refinery,False
2013-05-10,Regular Petrol,normal,0.0277,True,,-0.0729,0.0,False,envisory,True,domestic_refinery,False
2013-05-17,Regular Petrol,normal,0.0214,True,,-0.0323,0.0,False,envisory,True,domestic_refinery,False
2013-05-24,Regular Petrol,normal,0.0111,True,,-0.016,0.0,False,envisory,True,domestic_refinery,False
2013-05-31,Regular Petrol,normal,0.0115,True,,-0.0241,0.0,False,envisory,True,domestic_refinery,False
2013-06-07,Regular Petrol,normal,0.012,True,,0.0408,0.0,False,envisory,True,domestic_refinery,False
2013-06-14,Regular Petrol,normal,0.0126,True,,0.0993,0.0,False,envisory,True,domestic_refinery,False
2013-06-21,Regular Petrol,normal,0.0123,True,,0.0813,0.0,False,envisory,True,domestic_refinery,False
2013-06-28,Regular Petrol,normal,0.0144,True,,0.0735,0.0,False,envisory,True,domestic_refinery,False
2013-07-05,Regular Petrol,normal,0.0136,True,,0.0884,3.0,True,envisory,True,domestic_refinery,False
2013-07-12,Regular Petrol,normal,0.0132,True,,0.0863,0.0,True,envisory,True,domestic_refinery,False
2013-07-19,Regular Petrol,normal,0.0128,True,,0.0701,0.0,False,envisory,True,domestic_refinery,False
2013-07-26,Regular Petrol,normal,0.0142,True,,0.063,0.0,False,envisory,True,domestic_refinery,False
2013-08-02,Regular Petrol,normal,0.0212,True,,0.0469,0.0,False,envisory,True,domestic_refinery,False
2013-08-09,Regular Petrol,normal,0.0226,True,,0.0386,0.0,False,envisory,True,domestic_refinery,False
2013-08-16,Regular Petrol,normal,0.0278,True,,0.0308,0.0,False,envisory,True,domestic_refinery,False
2013-08-23,Regular Petrol,normal,0.0307,True,,0.0611,0.0,False,envisory,True,domestic_refinery,False
2013-08-30,Regular Petrol,normal,0.0308,True,,0.0953,0.0,False,envisory,True,domestic_refinery,False
2013-09-06,Regular Petrol,normal,0.0308,True,,0.0584,0.0,False,envisory,True,domestic_refinery,False
2013-09-13,Regular Petrol,normal,0.0313,True,,0.0149,0.0,False,envisory,True,domestic_refinery,False
2013-09-20,Regular Petrol,normal,0.0313,True,,-0.0077,0.0,False,envisory,True,domestic_refinery,False
2013-09-27,Regular Petrol,normal,0.0299,True,,-0.0232,0.0,False,envisory,True,domestic_refinery,False
2013-10-04,Regular Petrol,normal,0.0202,True,,-0.0386,0.0,False,envisory,True,domestic_refinery,False
2013-10-11,Regular Petrol,normal,0.0205,True,,-0.023,0.0,False,envisory,True,domestic_refinery,False
2013-10-18,Regular Petrol,normal,0.0204,True,,-0.0532,0.0,False,envisory,True,domestic_refinery,False
2013-10-25,Regular Petrol,normal,0.0169,True,,-0.1266,0.0,False,envisory,True,domestic_refinery,False
2013-11-01,Regular Petrol,normal,0.0188,True,,-0.0967,0.0,False,envisory,True,domestic_refinery,False
2013-11-08,Regular Petrol,normal,0.0187,True,,-0.077,0.0,False,envisory,True,domestic_refinery,False
2013-11-15,Regular Petrol,normal,0.0202,True,,-0.0155,0.0,False,envisory,True,domestic_refinery,False
2013-11-22,Regular Petrol,normal,0.0205,True,,0.0078,0.0,False,envisory,True,domestic_refinery,False
2013-11-29,Regular Petrol,normal,0.0197,True,,0.0462,0.0,False,envisory,True,domestic_refinery,False
2013-12-06,Regular Petrol,normal,0.0214,True,,0.023,0.0,False,envisory,True,domestic_refinery,False
2013-12-13,Regular Petrol,normal,0.0242,True,,0.0078,0.0,False,envisory,True,domestic_refinery,False
2013-12-20,Regular Petrol,normal,0.0225,True,,0.0389,0.0,False,envisory,True,domestic_refinery,False
2013-12-27,Regular Petrol,normal,0.0225,True,,0.0383,0.0,False,envisory,True,domestic_refinery,False
2014-01-03,Regular Petrol,normal,0.0202,True,,0.0392,0.0,False,envisory,True,domestic_refinery,False
2014-01-10,Regular Petrol,normal,0.0202,True,,-0.0237,0.0,False,envisory,True,domestic_refinery,False
2014-01-17,Regular Petrol,normal,0.0194,True,,-0.0395,0.0,False,envisory,True,domestic_refinery,False
2014-01-24,Regular Petrol,normal,0.0187,True,,-0.062,0.0,False,envisory,True,domestic_refinery,False
2014-01-31,Regular Petrol,normal,0.0175,True,,-0.0386,0.0,False,envisory,True,domestic_refinery,False
2014-02-07,Regular Petrol,normal,0.0168,True,,-0.0235,0.0,False,envisory,True,domestic_refinery,False
2014-02-14,Regular Petrol,normal,0.0118,True,,-0.031,0.0,False,envisory,True,domestic_refinery,False
2014-02-21,Regular Petrol,normal,0.0126,True,,-0.0383,0.0,False,envisory,True,domestic_refinery,False
2014-02-28,Regular Petrol,normal,0.0121,True,,-0.0233,0.0,False,envisory,True,domestic_refinery,False
2014-03-07,Regular Petrol,normal,0.0102,True,,0.0,0.0,False,envisory,True,domestic_refinery,False
2014-03-14,Regular Petrol,normal,0.0115,True,,-0.0081,0.0,False,envisory,True,domestic_refinery,False
2014-03-21,Regular Petrol,normal,0.013,True,,-0.0325,0.0,False,envisory,True,domestic_refinery,False
2014-03-28,Regular Petrol,normal,0.013,True,,-0.0484,0.0,False,envisory,True,domestic_refinery,False
2014-04-04,Regular Petrol,normal,0.013,True,,-0.0572,0.0,False,envisory,True,domestic_refinery,False
2014-04-11,Regular Petrol,normal,0.0131,True,,-0.0567,0.0,False,envisory,True,domestic_refinery,False
2014-04-18,Regular Petrol,normal,0.014,True,,-0.048,0.0,False,envisory,True,domestic_refinery,False
2014-04-25,Regular Petrol,normal,0.0137,True,,-0.032,0.0,False,envisory,True,domestic_refinery,False
2014-05-02,Regular Petrol,normal,0.0137,True,,-0.0243,0.0,False,envisory,True,domestic_refinery,False
2014-05-09,Regular Petrol,normal,0.0116,True,,-0.0247,0.0,False,envisory,True,domestic_refinery,False
2014-05-16,Regular Petrol,normal,0.0117,True,,0.0082,0.0,False,envisory,True,domestic_refinery,False
2014-05-23,Regular Petrol,normal,0.0116,True,,0.0245,0.0,False,envisory,True,domestic_refinery,False
2014-05-30,Regular Petrol,normal,0.0122,True,,0.0492,0.0,False,envisory,True,domestic_refinery,False
2014-06-06,Regular Petrol,normal,0.0148,True,,0.0408,0.0,False,envisory,True,domestic_refinery,False
2014-06-13,Regular Petrol,normal,0.0148,True,,0.0243,0.0,False,envisory,True,domestic_refinery,False
2014-06-20,Regular Petrol,normal,0.0138,True,,0.032,0.0,False,envisory,True,domestic_refinery,False
2014-06-27,Regular Petrol,normal,0.0139,True,,0.0323,0.0,False,envisory,True,domestic_refinery,False
2014-07-04,Regular Petrol,normal,0.0139,True,,0.0247,2.5714,True,envisory,True,domestic_refinery,False
2014-07-11,Regular Petrol,normal,0.014,True,,-0.0082,0.4286,True,envisory,True,domestic_refinery,False
2014-07-18,Regular Petrol,normal,0.0141,True,,-0.0328,0.0,True,envisory,True,domestic_refinery,False
2014-07-25,Regular Petrol,normal,0.0136,True,,-0.0243,0.0,False,envisory,True,domestic_refinery,False
2014-08-01,Regular Petrol,normal,0.016,True,,-0.0161,0.0,False,envisory,True,domestic_refinery,False
2014-08-08,Regular Petrol,normal,0.0144,True,,-0.0243,0.0,False,envisory,True,domestic_refinery,False
2014-08-15,Regular Petrol,normal,0.0157,True,,-0.0484,0.0,False,envisory,True,domestic_refinery,False
2014-08-22,Regular Petrol,normal,0.0161,True,,-0.0656,0.0,False,envisory,True,domestic_refinery,False
2014-08-29,Regular Petrol,normal,0.0146,True,,-0.0247,0.0,False,envisory,True,domestic_refinery,False
2014-09-05,Regular Petrol,normal,0.0158,True,,-0.0083,0.0,False,envisory,True,domestic_refinery,False
2014-09-12,Regular Petrol,normal,0.0206,True,,-0.0253,0.0,False,envisory,True,domestic_refinery,False
2014-09-19,Regular Petrol,normal,0.0258,True,,-0.0333,0.0,False,envisory,True,domestic_refinery,False
2014-09-26,Regular Petrol,normal,0.0255,True,,-0.05,0.0,False,envisory,True,domestic_refinery,False
2014-10-03,Regular Petrol,normal,0.0245,True,,-0.0249,0.0,False,envisory,True,domestic_refinery,False
2014-10-10,Regular Petrol,normal,0.0245,True,,-0.0596,0.0,False,envisory,True,domestic_refinery,False
2014-10-17,Regular Petrol,normal,0.0269,True,,-0.0886,0.0,False,envisory,True,domestic_refinery,False
2014-10-24,Regular Petrol,normal,0.0257,True,,-0.1241,0.0,False,envisory,True,domestic_refinery,False
2014-10-31,Regular Petrol,normal,0.0251,True,,-0.1147,0.0,False,envisory,True,domestic_refinery,False
2014-11-07,Regular Petrol,normal,0.0206,True,,-0.1178,0.0,False,envisory,True,domestic_refinery,False
2014-11-14,Regular Petrol,normal,0.0263,True,,-0.1756,0.0,False,envisory,True,domestic_refinery,False
2014-11-21,Regular Petrol,normal,0.0291,True,,-0.2083,0.0,False,envisory,True,domestic_refinery,False
2014-11-28,Regular Petrol,normal,0.0296,True,,-0.2573,0.0,False,envisory,True,domestic_refinery,False
2014-12-05,Regular Petrol,normal,0.0229,True,,-0.2703,0.0,False,envisory,True,domestic_refinery,False
2014-12-12,Regular Petrol,normal,0.0322,True,,-0.3001,0.0,False,envisory,True,domestic_refinery,False
2014-12-19,Regular Petrol,normal,0.0331,True,,-0.3594,0.0,False,envisory,True,domestic_refinery,False
2014-12-26,Regular Petrol,high,0.0465,True,2015_glut_onset,-0.3824,0.0,False,envisory,True,domestic_refinery,False
2015-01-02,Regular Petrol,high,0.055,True,2015_glut_onset,-0.4103,0.0,False,envisory,True,domestic_refinery,False
2015-01-09,Regular Petrol,high,0.1015,True,2015_glut_onset,-0.4842,0.0,False,envisory,True,domestic_refinery,False
2015-01-16,Regular Petrol,high,0.0988,True,2015_glut_onset,-0.5285,0.0,False,envisory,True,domestic_refinery,False
2015-01-23,Regular Petrol,high,0.0955,True,2015_glut_onset,-0.4613,0.0,False,envisory,True,domestic_refinery,False
2015-01-30,Regular Petrol,high,0.0955,True,2015_glut_onset,-0.3716,0.0,False,envisory,True,domestic_refinery,False
2015-02-06,Regular Petrol,high,0.0927,True,2015_glut_onset,-0.078,0.0,False,envisory,True,domestic_refinery,False
2015-02-13,Regular Petrol,high,0.0809,True,2015_glut_onset,0.0134,0.0,False,envisory,True,domestic_refinery,False
2015-02-20,Regular Petrol,high,0.0764,True,2015_glut_onset,0.0533,0.0,False,envisory,True,domestic_refinery,False
2015-02-27,Regular Petrol,high,0.0764,True,2015_glut_onset,0.0966,0.0,False,envisory,True,domestic_refinery,False
2015-03-06,Regular Petrol,high,0.0766,True,2015_glut_onset,0.2329,0.0,False,envisory,True,domestic_refinery,False
2015-03-13,Regular Petrol,normal,0.0312,True,,0.2787,0.0,False,envisory,True,domestic_refinery,False
2015-03-20,Regular Petrol,normal,0.0357,True,,0.1881,0.0,False,envisory,True,domestic_refinery,False
2015-03-27,Regular Petrol,normal,0.0357,True,,0.1683,0.0,False,envisory,True,domestic_refinery,False
2015-04-03,Regular Petrol,normal,0.0356,True,,-0.0414,0.0,False,envisory,True,domestic_refinery,False
2015-04-10,Regular Petrol,normal,0.0394,True,,-0.0134,0.0,False,envisory,True,domestic_refinery,False
2015-04-17,Regular Petrol,normal,0.0356,True,,0.0129,0.0,False,envisory,True,domestic_refinery,False
2015-04-24,Regular Petrol,normal,0.0263,True,,0.0513,0.0,False,envisory,True,domestic_refinery,False
2015-05-01,Regular Petrol,normal,0.0272,True,,0.0629,0.0,False,envisory,True,domestic_refinery,False
2015-05-08,Regular Petrol,normal,0.0264,True,,0.1618,0.0,False,envisory,True,domestic_refinery,False
2015-05-15,Regular Petrol,normal,0.0253,True,,0.2059,0.0,False,envisory,True,domestic_refinery,False
2015-05-22,Regular Petrol,normal,0.0226,True,,0.18,0.0,False,envisory,True,domestic_refinery,False
2015-05-29,Regular Petrol,normal,0.0225,True,,0.18,0.0,False,envisory,True,domestic_refinery,False
2015-06-05,Regular Petrol,normal,0.0223,True,,0.1503,0.0,False,envisory,True,domestic_refinery,False
2015-06-12,Regular Petrol,normal,0.0241,True,,0.1206,0.0,False,envisory,True,domestic_refinery,False
2015-06-19,Regular Petrol,normal,0.0243,True,,0.0953,0.0,False,envisory,True,domestic_refinery,False
2015-06-26,Regular Petrol,normal,0.0253,True,,0.0706,0.0,False,envisory,True,domestic_refinery,False
2015-07-03,Regular Petrol,normal,0.0278,True,,0.0339,0.0,False,envisory,True,domestic_refinery,False
2015-07-10,Regular Petrol,normal,0.0329,True,,-0.0117,0.0,False,envisory,True,domestic_refinery,False
2015-07-17,Regular Petrol,normal,0.03,True,,0.0117,0.0,False,envisory,True,domestic_refinery,False
2015-07-24,Regular Petrol,normal,0.0314,True,,-0.0118,0.0,False,envisory,True,domestic_refinery,False
2015-07-31,Regular Petrol,normal,0.0306,True,,-0.0599,0.0,False,envisory,True,domestic_refinery,False
2015-08-07,Regular Petrol,normal,0.0504,True,,-0.1466,0.0,False,envisory,True,domestic_refinery,False
2015-08-14,Regular Petrol,normal,0.0486,True,,-0.1598,0.0,False,envisory,True,domestic_refinery,False
2015-08-21,Regular Petrol,normal,0.0479,True,,-0.2147,0.0,False,envisory,True,domestic_refinery,False
2015-08-28,Regular Petrol,normal,0.0485,True,,-0.2803,0.0,False,envisory,True,domestic_refinery,False
2015-09-04,Regular Petrol,normal,0.0481,True,,-0.1252,0.0,False,envisory,True,domestic_refinery,False
2015-09-11,Regular Petrol,normal,0.0526,True,,-0.1639,0.0,False,envisory,True,domestic_refinery,False
2015-09-18,Regular Petrol,normal,0.0572,True,,-0.1823,0.0,False,envisory,True,domestic_refinery,False
2015-09-25,Regular Petrol,normal,0.0577,True,,-0.146,0.0,False,envisory,True,domestic_refinery,False
2015-10-02,Regular Petrol,normal,0.0568,True,,-0.0966,0.0,False,envisory,True,domestic_refinery,False
2015-10-09,Regular Petrol,normal,0.0449,True,,-0.0134,0.0,False,envisory,True,domestic_refinery,False
2015-10-16,Regular Petrol,high,0.0477,True,2016_glut_trough,-0.0286,0.0,False,envisory,True,domestic_refinery,False
2015-10-23,Regular Petrol,high,0.0499,True,2016_glut_trough,-0.0451,0.0,False,envisory,True,domestic_refinery,False
2015-10-30,Regular Petrol,high,0.0509,True,2016_glut_trough,-0.1278,0.0,False,envisory,True,domestic_refinery,False
2015-11-06,Regular Petrol,high,0.0509,True,2016_glut_trough,-0.071,0.0,False,envisory,True,domestic_refinery,False
2015-11-13,Regular Petrol,high,0.0555,True,2016_glut_trough,-0.0896,0.0,False,envisory,True,domestic_refinery,False
2015-11-20,Regular Petrol,high,0.0549,True,2016_glut_trough,-0.1542,0.0,False,envisory,True,domestic_refinery,False
2015-11-27,Regular Petrol,high,0.0543,True,2016_glut_trough,-0.1232,0.0,False,envisory,True,domestic_refinery,False
2015-12-04,Regular Petrol,high,0.0512,True,2016_glut_trough,-0.2097,0.0,False,envisory,True,domestic_refinery,False
2015-12-11,Regular Petrol,high,0.0469,True,2016_glut_trough,-0.2829,0.0,False,envisory,True,domestic_refinery,False
2015-12-18,Regular Petrol,high,0.0569,True,2016_glut_trough,-0.2826,0.0,False,envisory,True,domestic_refinery,False
2015-12-25,Regular Petrol,high,0.0574,True,2016_glut_trough,-0.3395,0.0,False,envisory,True,domestic_refinery,False
2016-01-01,Regular Petrol,high,0.0874,True,2016_glut_trough,-0.3909,0.0,False,envisory,True,domestic_refinery,False
2016-01-08,Regular Petrol,high,0.0943,True,2016_glut_trough,-0.3302,0.0,False,envisory,True,domestic_refinery,False
2016-01-15,Regular Petrol,high,0.0904,True,2016_glut_trough,-0.4055,0.0,False,envisory,True,domestic_refinery,False
2016-01-22,Regular Petrol,high,0.0975,True,2016_glut_trough,-0.5,0.0,False,envisory,True,domestic_refinery,False
2016-01-29,Regular Petrol,high,0.0968,True,2016_glut_trough,-0.3331,0.0,False,envisory,True,domestic_refinery,False
2016-02-05,Regular Petrol,high,0.0991,True,2016_glut_trough,-0.1226,0.0,False,envisory,True,domestic_refinery,False
2016-02-12,Regular Petrol,high,0.1039,True,2016_glut_trough,-0.1782,0.0,False,envisory,True,domestic_refinery,False
2016-02-19,Regular Petrol,high,0.0868,True,2016_glut_trough,-0.0435,0.0,False,envisory,True,domestic_refinery,False
2016-02-26,Regular Petrol,high,0.0766,True,2016_glut_trough,-0.022,0.0,False,envisory,True,domestic_refinery,False
2016-03-04,Regular Petrol,high,0.0744,True,2016_glut_trough,0.0426,0.0,False,envisory,True,domestic_refinery,False
2016-03-11,Regular Petrol,high,0.0723,True,2016_glut_trough,0.2814,0.0,False,envisory,True,domestic_refinery,False
2016-03-18,Regular Petrol,high,0.0641,True,2016_glut_trough,0.3594,0.0,False,envisory,True,domestic_refinery,False
2016-03-25,Regular Petrol,high,0.0617,True,2016_glut_trough,0.2461,0.0,False,envisory,True,domestic_refinery,False
2016-04-01,Regular Petrol,high,0.0611,True,2016_glut_trough,0.1032,0.0,False,envisory,True,domestic_refinery,False
2016-04-08,Regular Petrol,high,0.0608,True,2016_glut_trough,0.2183,0.0,False,envisory,True,domestic_refinery,False
2016-04-15,Regular Petrol,high,0.0546,True,2016_glut_trough,0.2538,0.0,False,envisory,True,domestic_refinery,False
2016-04-22,Regular Petrol,high,0.0558,True,2016_glut_trough,0.2538,0.0,False,envisory,True,domestic_refinery,False
2016-04-29,Regular Petrol,high,0.0557,True,2016_glut_trough,0.2397,0.0,False,envisory,True,domestic_refinery,False
2016-05-06,Regular Petrol,normal,0.0432,True,,0.1406,0.0,False,envisory,True,domestic_refinery,False
2016-05-13,Regular Petrol,normal,0.0432,True,,0.1728,0.0,False,envisory,True,domestic_refinery,False
2016-05-20,Regular Petrol,normal,0.032,True,,0.1974,0.0,False,envisory,True,domestic_refinery,False
2016-05-27,Regular Petrol,normal,0.032,True,,0.2877,0.0,False,envisory,True,domestic_refinery,False
2016-06-03,Regular Petrol,normal,0.0297,True,,0.2877,0.0,False,envisory,True,domestic_refinery,False
2016-06-10,Regular Petrol,normal,0.0347,True,,0.1591,0.0,False,envisory,True,domestic_refinery,False
2016-06-17,Regular Petrol,normal,0.034,True,,0.1139,0.0,False,envisory,True,domestic_refinery,False
2016-06-24,Regular Petrol,normal,0.0246,True,,0.0635,0.0,False,envisory,True,domestic_refinery,False
2016-07-01,Regular Petrol,normal,0.0254,True,,0.048,0.0,False,envisory,True,domestic_refinery,False
2016-07-08,Regular Petrol,normal,0.0247,True,,-0.0323,0.0,False,envisory,True,domestic_refinery,False
2016-07-15,Regular Petrol,normal,0.0396,True,,-0.1272,0.0,False,envisory,True,domestic_refinery,False
2016-07-22,Regular Petrol,normal,0.0492,True,,-0.1252,0.0,False,envisory,True,domestic_refinery,False
2016-07-29,Regular Petrol,normal,0.0494,True,,-0.1765,0.0,False,envisory,True,domestic_refinery,False
2016-08-05,Regular Petrol,normal,0.0516,True,,-0.2122,0.0,False,envisory,True,domestic_refinery,False
2016-08-12,Regular Petrol,normal,0.0493,True,,-0.0968,0.0,False,envisory,True,domestic_refinery,False
2016-08-19,Regular Petrol,normal,0.0483,True,,-0.0155,0.0,False,envisory,True,domestic_refinery,False
2016-08-26,Regular Petrol,normal,0.0483,True,,-0.0157,0.0,False,envisory,True,domestic_refinery,False
2016-09-02,Regular Petrol,normal,0.0444,True,,-0.0165,0.0,False,envisory,True,domestic_refinery,False
2016-09-09,Regular Petrol,high,0.0522,True,2016_opec_cuts,0.0168,0.0,False,envisory,True,domestic_refinery,False
2016-09-16,Regular Petrol,high,0.0493,True,2016_opec_cuts,-0.0168,0.0,False,envisory,True,domestic_refinery,False
2016-09-23,Regular Petrol,high,0.0455,True,2016_opec_cuts,0.0513,0.0,False,envisory,True,domestic_refinery,False
2016-09-30,Regular Petrol,high,0.0454,True,2016_opec_cuts,0.1035,0.0,False,envisory,True,domestic_refinery,False
2016-10-07,Regular Petrol,high,0.0578,True,2016_opec_cuts,0.142,0.0,False,envisory,True,domestic_refinery,False
2016-10-14,Regular Petrol,high,0.0589,True,2016_opec_cuts,0.0896,0.0,False,envisory,True,domestic_refinery,False
2016-10-21,Regular Petrol,high,0.0612,True,2016_opec_cuts,0.0764,0.0,False,envisory,True,domestic_refinery,False
2016-10-28,Regular Petrol,high,0.0644,True,2016_opec_cuts,0.1103,0.0,False,envisory,True,domestic_refinery,False
2016-11-04,Regular Petrol,high,0.0648,True,2016_opec_cuts,0.0,0.0,False,envisory,True,domestic_refinery,False
2016-11-11,Regular Petrol,high,0.0587,True,2016_opec_cuts,-0.0171,0.0,False,envisory,True,domestic_refinery,False
2016-11-18,Regular Petrol,high,0.0582,True,2016_opec_cuts,0.0165,0.0,False,envisory,True,domestic_refinery,False
2016-11-25,Regular Petrol,high,0.0571,True,2016_opec_cuts,0.0635,0.0,False,envisory,True,domestic_refinery,False
2016-12-02,Regular Petrol,high,0.0564,True,2016_opec_cuts,-0.0148,0.0,False,envisory,True,domestic_refinery,False
2016-12-09,Regular Petrol,normal,0.0315,True,,0.0282,0.0,False,envisory,True,domestic_refinery,False
2016-12-16,Regular Petrol,normal,0.0296,True,,0.071,0.0,False,envisory,True,domestic_refinery,False
2016-12-23,Regular Petrol,normal,0.0317,True,,0.1128,0.0,False,envisory,True,domestic_refinery,False
2016-12-30,Regular Petrol,normal,0.0297,True,,0.2495,0.0,False,envisory,True,domestic_refinery,False
2017-01-06,Regular Petrol,normal,0.0291,True,,0.2963,0.0,False,envisory,True,domestic_refinery,False
2017-01-13,Regular Petrol,normal,0.0187,True,,0.2199,0.0,False,envisory,True,domestic_refinery,False
2017-01-20,Regular Petrol,normal,0.0184,True,,0.1431,0.0,False,envisory,True,domestic_refinery,False
2017-01-27,Regular Petrol,normal,0.0167,True,,0.0994,0.0,False,envisory,True,domestic_refinery,False
2017-02-03,Regular Petrol,normal,0.0138,True,,0.0408,0.0,False,envisory,True,domestic_refinery,False
2017-02-10,Regular Petrol,normal,0.0128,True,,0.027,0.0,False,envisory,True,domestic_refinery,False
2017-02-17,Regular Petrol,normal,0.0203,True,,0.0,0.0,False,envisory,True,domestic_refinery,False
2017-02-24,Regular Petrol,normal,0.0216,True,,-0.0131,0.0,False,envisory,True,domestic_refinery,False
2017-03-03,Regular Petrol,normal,0.0245,True,,-0.026,0.0,False,envisory,True,domestic_refinery,False
2017-03-10,Regular Petrol,normal,0.0282,True,,0.0,0.0,False,envisory,True,domestic_refinery,False
2017-03-17,Regular Petrol,normal,0.0311,True,,-0.0408,0.0,False,envisory,True,domestic_refinery,False
2017-03-24,Regular Petrol,normal,0.0365,True,,-0.0556,0.0,False,envisory,True,domestic_refinery,False
2017-03-31,Regular Petrol,normal,0.0369,True,,-0.0408,0.0,False,envisory,True,domestic_refinery,False
2017-04-07,Regular Petrol,normal,0.0369,True,,0.0,0.0,False,envisory,True,domestic_refinery,False
2017-04-14,Regular Petrol,normal,0.0369,True,,0.0392,0.0,False,envisory,True,domestic_refinery,False
2017-04-21,Regular Petrol,normal,0.0356,True,,-0.0267,0.0,False,envisory,True,domestic_refinery,False
2017-04-28,Regular Petrol,normal,0.0337,True,,-0.0541,0.0,False,envisory,True,domestic_refinery,False
2017-05-05,Regular Petrol,normal,0.0381,True,,-0.0681,0.0,False,envisory,True,domestic_refinery,False
2017-05-12,Regular Petrol,normal,0.0382,True,,-0.014,0.0,False,envisory,True,domestic_refinery,False
2017-05-19,Regular Petrol,normal,0.0327,True,,0.0556,0.0,False,envisory,True,domestic_refinery,False
2017-05-26,Regular Petrol,normal,0.0322,True,,0.0274,0.0,False,envisory,True,domestic_refinery,False
2017-06-02,Regular Petrol,normal,0.0367,True,,-0.069,0.0,False,envisory,True,domestic_refinery,False
2017-06-09,Regular Petrol,normal,0.0398,True,,-0.1671,0.0,False,envisory,True,domestic_refinery,False
2017-06-16,Regular Petrol,normal,0.0396,True,,-0.1452,0.0,False,envisory,True,domestic_refinery,False
2017-06-23,Regular Petrol,normal,0.0361,True,,-0.1658,0.0,False,envisory,True,domestic_refinery,False
2017-06-30,Regular Petrol,normal,0.0372,True,,-0.1195,-0.2286,True,envisory,True,domestic_refinery,False
2017-07-07,Regular Petrol,normal,0.0358,True,,-0.0883,-0.5714,True,envisory,True,domestic_refinery,False
2017-07-14,Regular Petrol,normal,0.0293,True,,-0.1452,0.0,True,envisory,True,domestic_refinery,False
2017-07-21,Regular Petrol,normal,0.0273,True,,-0.1297,0.0,False,envisory,True,domestic_refinery,False
2017-07-28,Regular Petrol,normal,0.0179,True,,-0.0588,0.0,False,envisory,True,domestic_refinery,False
2017-08-04,Regular Petrol,normal,0.0166,True,,0.0299,0.0,False,envisory,True,domestic_refinery,False
2017-08-11,Regular Petrol,normal,0.0184,True,,0.0752,0.0,False,envisory,True,domestic_refinery,False
2017-08-18,Regular Petrol,normal,0.0151,True,,0.1086,0.0,False,envisory,True,domestic_refinery,False
2017-08-25,Regular Petrol,normal,0.016,True,,0.091,0.0,False,envisory,True,domestic_refinery,False
2017-09-01,Regular Petrol,normal,0.0181,True,,0.0741,0.0,False,envisory,True,domestic_refinery,False
2017-09-08,Regular Petrol,normal,0.0199,True,,0.1316,0.0,False,envisory,True,domestic_refinery,False
2017-09-15,Regular Petrol,normal,0.0199,True,,0.1297,0.0,False,envisory,True,domestic_refinery,False
2017-09-22,Regular Petrol,normal,0.0172,True,,0.1144,0.0,False,envisory,True,domestic_refinery,False
2017-09-29,Regular Petrol,normal,0.0207,True,,0.1243,0.0,False,envisory,True,domestic_refinery,False
2017-10-06,Regular Petrol,normal,0.0213,True,,0.0966,0.0,False,envisory,True,domestic_refinery,False
2017-10-13,Regular Petrol,normal,0.0218,True,,0.1243,0.0,False,envisory,True,domestic_refinery,False
2017-10-20,Regular Petrol,normal,0.0245,True,,0.1226,0.0,False,envisory,True,domestic_refinery,False
2017-10-27,Regular Petrol,normal,0.0236,True,,0.1582,0.0,False,envisory,True,domestic_refinery,False
2017-11-03,Regular Petrol,normal,0.0233,True,,0.1522,0.0,False,envisory,True,domestic_refinery,False
2017-11-10,Regular Petrol,normal,0.023,True,,0.1846,0.0,False,envisory,True,domestic_refinery,False
2017-11-17,Regular Petrol,normal,0.0237,True,,0.1733,0.0,False,envisory,True,domestic_refinery,False
2017-11-24,Regular Petrol,normal,0.0242,True,,0.1448,0.0,False,envisory,True,domestic_refinery,False
2017-12-01,Regular Petrol,normal,0.0199,True,,0.1579,0.0,False,envisory,True,domestic_refinery,False
2017-12-08,Regular Petrol,normal,0.018,True,,0.1335,0.0,False,envisory,True,domestic_refinery,False
2017-12-15,Regular Petrol,normal,0.0112,True,,0.1206,0.0,False,envisory,True,domestic_refinery,False
2017-12-22,Regular Petrol,normal,0.0111,True,,0.0706,0.0,False,envisory,True,domestic_refinery,False
2017-12-29,Regular Petrol,normal,0.0111,True,,0.046,0.0,False,envisory,True,domestic_refinery,False
2018-01-05,Regular Petrol,normal,0.014,True,,0.0222,0.0,False,envisory,True,domestic_refinery,False
2018-01-12,Regular Petrol,normal,0.0208,True,,0.0445,0.0,False,envisory,True,domestic_refinery,False
2018-01-19,Regular Petrol,normal,0.0256,True,,0.0222,0.0,False,envisory,True,domestic_refinery,False
2018-01-26,Regular Petrol,normal,0.0295,True,,0.0332,0.0,False,envisory,True,domestic_refinery,False
2018-02-02,Regular Petrol,normal,0.0295,True,,0.0225,0.0,False,envisory,True,domestic_refinery,False
2018-02-09,Regular Petrol,normal,0.0279,True,,-0.023,0.0,False,envisory,True,domestic_refinery,False
2018-02-16,Regular Petrol,normal,0.027,True,,-0.0706,0.0,False,envisory,True,domestic_refinery,False
2018-02-23,Regular Petrol,normal,0.0377,True,,-0.046,0.0,False,envisory,True,domestic_refinery,False
2018-03-02,Regular Petrol,normal,0.0376,True,,-0.0565,0.0,False,envisory,True,domestic_refinery,False
2018-03-09,Regular Petrol,normal,0.0369,True,,-0.0791,0.0,False,envisory,True,domestic_refinery,False
2018-03-16,Regular Petrol,normal,0.0356,True,,-0.08,0.0,False,envisory,True,domestic_refinery,False
2018-03-23,Regular Petrol,normal,0.0287,True,,-0.022,0.0,False,envisory,True,domestic_refinery,False
2018-03-30,Regular Petrol,normal,0.0292,True,,-0.0112,0.0,False,envisory,True,domestic_refinery,False
2018-04-06,Regular Petrol,normal,0.0292,True,,0.0343,0.0,False,envisory,True,domestic_refinery,False
2018-04-13,Regular Petrol,normal,0.0288,True,,0.1259,0.0,False,envisory,True,domestic_refinery,False
2018-04-20,Regular Petrol,normal,0.0263,True,,0.1112,0.0,False,envisory,True,domestic_refinery,False
2018-04-27,Regular Petrol,normal,0.0234,True,,0.1408,0.0,False,envisory,True,domestic_refinery,False
2018-05-04,Regular Petrol,normal,0.0248,True,,0.1625,0.0,False,envisory,True,domestic_refinery,False
2018-05-11,Regular Petrol,normal,0.0312,True,,0.2231,0.0,False,envisory,True,domestic_refinery,False
2018-05-18,Regular Petrol,normal,0.0296,True,,0.2007,0.0,False,envisory,True,domestic_refinery,False
2018-05-25,Regular Petrol,normal,0.0315,True,,0.2118,0.0,False,envisory,True,domestic_refinery,False
2018-06-01,Regular Petrol,normal,0.0322,True,,0.1935,0.0,False,envisory,True,domestic_refinery,False
2018-06-08,Regular Petrol,normal,0.0322,True,,0.1118,0.0,False,envisory,True,domestic_refinery,False
2018-06-15,Regular Petrol,normal,0.0293,True,,0.1096,0.0,False,envisory,True,domestic_refinery,False
2018-06-22,Regular Petrol,normal,0.029,True,,0.0493,0.0,False,envisory,True,domestic_refinery,False
2018-06-29,Regular Petrol,normal,0.0312,True,,0.0862,0.4824,True,envisory,True,domestic_refinery,False
2018-07-06,Regular Petrol,normal,0.0307,True,,0.0465,2.8943,True,envisory,True,domestic_refinery,False
2018-07-13,Regular Petrol,normal,0.0275,True,,-0.0091,0.0,True,envisory,True,domestic_refinery,False
2018-07-20,Regular Petrol,normal,0.0272,True,,-0.0561,0.0,False,envisory,True,domestic_refinery,False
2018-07-27,Regular Petrol,normal,0.0266,True,,-0.0093,0.0,False,envisory,True,domestic_refinery,False
2018-08-03,Regular Petrol,normal,0.0246,True,,0.0284,0.0,False,envisory,True,domestic_refinery,False
2018-08-10,Regular Petrol,normal,0.025,True,,0.0187,0.0,False,envisory,True,domestic_refinery,False
2018-08-17,Regular Petrol,normal,0.0247,True,,0.0284,0.0,False,envisory,True,domestic_refinery,False
2018-08-24,Regular Petrol,normal,0.0157,True,,0.0,0.0,False,envisory,True,domestic_refinery,False
2018-08-31,Regular Petrol,normal,0.0165,True,,0.0269,0.0,False,envisory,True,domestic_refinery,False
2018-09-07,Regular Petrol,normal,0.0212,True,,0.0536,0.0,False,envisory,True,domestic_refinery,False
2018-09-14,Regular Petrol,normal,0.0229,True,,0.1178,0.0,False,envisory,True,domestic_refinery,False
2018-09-21,Regular Petrol,normal,0.031,True,,0.0808,0.0,False,envisory,True,domestic_refinery,False
2018-09-28,Regular Petrol,normal,0.0333,True,,0.1147,0.5002,True,envisory,True,domestic_refinery,False
2018-10-05,Regular Petrol,normal,0.0354,True,,0.1621,3.0009,True,envisory,True,domestic_refinery,False
2018-10-12,Regular Petrol,normal,0.0403,True,,0.1635,0.0,True,envisory,True,domestic_refinery,False
2018-10-19,Regular Petrol,normal,0.0431,True,,0.0961,0.0,False,envisory,True,domestic_refinery,False
2018-10-26,Regular Petrol,normal,0.0464,True,,0.0348,0.0,False,envisory,True,domestic_refinery,False
2018-11-02,Regular Petrol,normal,0.0405,True,,-0.0264,0.0,False,envisory,True,domestic_refinery,False
2018-11-09,Regular Petrol,normal,0.0263,True,,-0.1082,0.0,False,envisory,True,domestic_refinery,False
2018-11-16,Regular Petrol,normal,0.0257,True,,-0.1686,0.0,False,envisory,True,domestic_refinery,False
2018-11-23,Regular Petrol,normal,0.0263,True,,-0.2766,0.0,False,envisory,True,domestic_refinery,False
2018-11-30,Regular Petrol,normal,0.032,True,,-0.3783,0.0,False,envisory,True,domestic_refinery,False
2018-12-07,Regular Petrol,normal,0.0345,True,,-0.3704,0.0,False,envisory,True,domestic_refinery,False
2018-12-14,Regular Petrol,normal,0.0443,True,,-0.3331,0.0,False,envisory,True,domestic_refinery,False
2018-12-21,Regular Petrol,normal,0.0414,True,,-0.3677,0.0,False,envisory,True,domestic_refinery,False
2018-12-28,Regular Petrol,normal,0.0354,True,,-0.3118,0.0,False,envisory,True,domestic_refinery,False
2019-01-04,Regular Petrol,normal,0.0318,True,,-0.2472,0.0,False,envisory,True,domestic_refinery,False
2019-01-11,Regular Petrol,normal,0.0324,True,,-0.1191,0.0,False,envisory,True,domestic_refinery,False
2019-01-18,Regular Petrol,normal,0.0329,True,,-0.0335,0.0,False,envisory,True,domestic_refinery,False
2019-01-25,Regular Petrol,normal,0.0204,True,,0.0339,0.0,False,envisory,True,domestic_refinery,False
2019-02-01,Regular Petrol,normal,0.0246,True,,0.0227,0.0,False,envisory,True,domestic_refinery,False
2019-02-08,Regular Petrol,normal,0.0238,True,,0.0565,0.0,False,envisory,True,domestic_refinery,False
2019-02-15,Regular Petrol,normal,0.0183,True,,0.1488,0.0,False,envisory,True,domestic_refinery,False
2019-02-22,Regular Petrol,normal,0.0189,True,,0.168,0.0,False,envisory,True,domestic_refinery,False
2019-03-01,Regular Petrol,normal,0.0188,True,,0.1472,0.0,False,envisory,True,domestic_refinery,False
2019-03-08,Regular Petrol,normal,0.0195,True,,0.1088,0.0,False,envisory,True,domestic_refinery,False
2019-03-15,Regular Petrol,normal,0.0194,True,,0.1076,0.0,False,envisory,True,domestic_refinery,False
2019-03-22,Regular Petrol,normal,0.0183,True,,0.0852,0.0,False,envisory,True,domestic_refinery,False
2019-03-29,Regular Petrol,normal,0.0208,True,,0.0963,0.0,False,envisory,True,domestic_refinery,False
2019-04-05,Regular Petrol,normal,0.0223,True,,0.1141,0.0,False,envisory,True,domestic_refinery,False
2019-04-12,Regular Petrol,normal,0.0232,True,,0.1011,0.0,False,envisory,True,domestic_refinery,False
2019-04-19,Regular Petrol,normal,0.024,True,,0.0792,0.0,False,envisory,True,domestic_refinery,False
2019-04-26,Regular Petrol,normal,0.029,True,,0.1466,0.0,False,envisory,True,domestic_refinery,False
2019-05-03,Regular Petrol,normal,0.0329,True,,0.0981,0.0,False,envisory,True,domestic_refinery,False
2019-05-10,Regular Petrol,normal,0.0455,True,,0.0785,0.0,False,envisory,True,domestic_refinery,False
2019-05-17,Regular Petrol,normal,0.0449,True,,0.1064,0.0,False,envisory,True,domestic_refinery,False
2019-05-24,Regular Petrol,normal,0.0469,True,,0.069,0.0,False,envisory,True,domestic_refinery,False
2019-05-31,Regular Petrol,normal,0.0436,True,,-0.0099,0.0,False,envisory,True,domestic_refinery,False
2019-06-07,Regular Petrol,normal,0.0445,True,,-0.1335,0.0,False,envisory,True,domestic_refinery,False
2019-06-14,Regular Petrol,normal,0.0485,True,,-0.1322,0.0,False,envisory,True,domestic_refinery,False
2019-06-21,Regular Petrol,normal,0.0473,True,,-0.1466,0.0,False,envisory,True,domestic_refinery,False
2019-06-28,Regular Petrol,normal,0.047,True,,-0.0981,0.0,False,envisory,True,domestic_refinery,False
2019-07-05,Regular Petrol,normal,0.0472,True,,-0.1308,3.8009,True,envisory,True,domestic_refinery,False
2019-07-12,Regular Petrol,normal,0.0404,True,,-0.1166,0.0,True,envisory,True,domestic_refinery,False
2019-07-19,Regular Petrol,normal,0.0411,True,,-0.1214,0.0,False,envisory,True,domestic_refinery,False
2019-07-26,Regular Petrol,normal,0.0402,True,,-0.0825,0.0,False,envisory,True,domestic_refinery,False
2019-08-02,Regular Petrol,normal,0.0396,True,,0.043,0.0,False,envisory,True,domestic_refinery,False
2019-08-09,Regular Petrol,normal,0.0372,True,,-0.0445,0.0,False,envisory,True,domestic_refinery,False
2019-08-16,Regular Petrol,normal,0.034,True,,-0.0541,0.0,False,envisory,True,domestic_refinery,False
2019-08-23,Regular Petrol,normal,0.0436,True,,-0.0529,0.0,False,envisory,True,domestic_refinery,False
2019-08-30,Regular Petrol,normal,0.0456,True,,0.0,0.0,False,envisory,True,domestic_refinery,False
2019-09-06,Regular Petrol,normal,0.0506,True,,-0.0529,0.0,False,envisory,True,domestic_refinery,False
2019-09-13,Regular Petrol,normal,0.0423,True,,0.0,0.0,False,envisory,True,domestic_refinery,False
2019-09-20,Regular Petrol,normal,0.0419,True,,0.0924,0.0,False,envisory,True,domestic_refinery,False
2019-09-27,Regular Petrol,normal,0.0415,True,,0.0412,0.0,False,envisory,True,domestic_refinery,False
2019-10-04,Regular Petrol,normal,0.0414,True,,0.0553,0.0,False,envisory,True,domestic_refinery,False
2019-10-11,Regular Petrol,normal,0.0412,True,,0.0328,0.0,False,envisory,True,domestic_refinery,False
2019-10-18,Regular Petrol,normal,0.0412,True,,0.0215,0.0,False,envisory,True,domestic_refinery,False
2019-10-25,Regular Petrol,normal,0.0249,True,,0.0213,0.0,False,envisory,True,domestic_refinery,False
2019-11-01,Regular Petrol,normal,0.0236,True,,0.0321,0.0,False,envisory,True,domestic_refinery,False
2019-11-08,Regular Petrol,normal,0.0104,True,,0.0317,0.0,False,envisory,True,domestic_refinery,False
2019-11-15,Regular Petrol,normal,0.0117,True,,-0.0503,0.0,False,envisory,True,domestic_refinery,False
2019-11-22,Regular Petrol,normal,0.0142,True,,-0.0204,0.0,False,envisory,True,domestic_refinery,False
2019-11-29,Regular Petrol,normal,0.0154,True,,0.0524,0.0,False,envisory,True,domestic_refinery,False
2019-12-06,Regular Petrol,normal,0.0162,True,,0.0317,0.0,False,envisory,True,domestic_refinery,False
2019-12-13,Regular Petrol,normal,0.0169,True,,0.0417,0.0,False,envisory,True,domestic_refinery,False
2019-12-20,Regular Petrol,normal,0.0205,True,,0.0612,0.0,False,envisory,True,domestic_refinery,False
2019-12-27,Regular Petrol,normal,0.0232,True,,0.0513,0.0,False,envisory,True,domestic_refinery,False
2020-01-03,Regular Petrol,normal,0.0305,True,,0.0308,0.0,False,envisory,True,domestic_refinery,False
2020-01-10,Regular Petrol,normal,0.0343,True,,0.0404,0.0,False,envisory,True,domestic_refinery,False
2020-01-17,Regular Petrol,normal,0.0333,True,,0.0103,0.0,False,envisory,True,domestic_refinery,False
2020-01-24,Regular Petrol,normal,0.0341,True,,-0.0311,0.0,False,envisory,True,domestic_refinery,False
2020-01-31,Regular Petrol,normal,0.0386,True,,-0.0757,0.0,False,envisory,True,domestic_refinery,False
2020-02-07,Regular Petrol,normal,0.0386,True,,-0.1542,0.0,False,envisory,True,domestic_refinery,False
2020-02-14,Regular Petrol,high,0.1276,True,2020_covid_crash,-0.1725,0.0,False,envisory,True,domestic_refinery,False
2020-02-21,Regular Petrol,high,0.1275,True,2020_covid_crash,-0.1278,0.0,False,envisory,True,domestic_refinery,False
2020-02-28,Regular Petrol,high,0.1261,True,2020_covid_crash,-0.1884,0.0,False,envisory,True,domestic_refinery,False
2020-03-06,Regular Petrol,high,0.1266,True,2020_covid_crash,-0.2457,0.0,False,envisory,True,domestic_refinery,False
2020-03-13,Regular Petrol,high,0.1263,True,2020_covid_crash,-0.6147,0.0,False,envisory,True,domestic_refinery,False
2020-03-20,Regular Petrol,high,0.1207,True,2020_covid_crash,-0.7037,0.0,False,envisory,True,domestic_refinery,False
2020-03-27,Regular Petrol,high,0.1125,True,2020_covid_crash,-0.7274,0.0,False,envisory,True,domestic_refinery,False
2020-04-03,Regular Petrol,high,0.1235,True,2020_covid_crash,-0.7172,0.0,False,envisory,True,domestic_refinery,False
2020-04-10,Regular Petrol,high,0.2066,True,2020_covid_crash,-0.8051,0.0,False,envisory,True,domestic_refinery,False
2020-04-17,Regular Petrol,high,0.1684,True,2020_covid_crash,-0.922,0.0,False,envisory,True,domestic_refinery,False
2020-04-24,Regular Petrol,high,0.171,True,2020_covid_crash,-1.0394,0.0,False,envisory,True,domestic_refinery,False
2020-05-01,Regular Petrol,high,0.1669,True,2020_covid_crash,-0.9683,0.0,False,envisory,True,domestic_refinery,False
2020-05-08,Regular Petrol,high,0.166,True,2020_covid_crash,-0.1861,0.0,False,envisory,True,domestic_refinery,False
2020-05-15,Regular Petrol,high,0.1605,True,2020_covid_crash,0.0211,0.0,False,envisory,True,domestic_refinery,False
2020-05-22,Regular Petrol,high,0.1532,True,2020_covid_crash,0.2642,0.0,False,envisory,True,domestic_refinery,False
2020-05-29,Regular Petrol,high,0.1221,True,2020_covid_crash,0.2938,0.0,False,envisory,True,domestic_refinery,False
2020-06-05,Regular Petrol,high,0.1246,True,2020_covid_crash,0.4733,0.0,False,envisory,True,domestic_refinery,False
2020-06-12,Regular Petrol,high,0.0568,True,2020_covid_crash,0.5718,0.0,False,envisory,True,domestic_refinery,False
2020-06-19,Regular Petrol,high,0.0562,True,2020_covid_crash,0.7758,0.0,False,envisory,True,domestic_refinery,False
2020-06-26,Regular Petrol,normal,0.035,True,,0.7732,0.0,False,envisory,True,domestic_refinery,False
2020-07-03,Regular Petrol,normal,0.0368,True,,0.3902,2.5059,True,envisory,True,domestic_refinery,False
2020-07-10,Regular Petrol,normal,0.0192,True,,0.3185,1.0026,True,envisory,True,domestic_refinery,False
2020-07-17,Regular Petrol,normal,0.0191,True,,0.1643,0.0,True,envisory,True,domestic_refinery,False
2020-07-24,Regular Petrol,normal,0.0191,True,,0.1823,0.0,False,envisory,True,domestic_refinery,False
2020-07-31,Regular Petrol,normal,0.0168,True,,0.048,0.0,False,envisory,True,domestic_refinery,False
2020-08-07,Regular Petrol,normal,0.0235,True,,0.0625,0.0,False,envisory,True,domestic_refinery,False
2020-08-14,Regular Petrol,normal,0.0343,True,,0.0616,0.0,False,envisory,True,domestic_refinery,False
2020-08-21,Regular Petrol,normal,0.0375,True,,0.0303,0.0,False,envisory,True,domestic_refinery,False
2020-08-28,Regular Petrol,normal,0.0384,True,,0.0303,0.0,False,envisory,True,domestic_refinery,False
2020-09-04,Regular Petrol,normal,0.0375,True,,-0.0308,0.0,False,envisory,True,domestic_refinery,False
2020-09-11,Regular Petrol,normal,0.0377,True,,-0.1121,0.0,False,envisory,True,domestic_refinery,False
2020-09-18,Regular Petrol,normal,0.037,True,,-0.0788,0.0,False,envisory,True,domestic_refinery,False
2020-09-25,Regular Petrol,normal,0.037,True,,-0.0317,0.0,False,envisory,True,domestic_refinery,False
2020-10-02,Regular Petrol,normal,0.0446,True,,-0.0788,0.0,False,envisory,True,domestic_refinery,False
2020-10-09,Regular Petrol,normal,0.0443,True,,-0.0616,0.0,False,envisory,True,domestic_refinery,False
2020-10-16,Regular Petrol,normal,0.0413,True,,-0.0616,0.0,False,envisory,True,domestic_refinery,False
2020-10-23,Regular Petrol,normal,0.0403,True,,-0.0616,0.0,False,envisory,True,domestic_refinery,False
2020-10-30,Regular Petrol,normal,0.0425,True,,-0.0984,0.0,False,envisory,True,domestic_refinery,False
2020-11-06,Regular Petrol,normal,0.0416,True,,0.0,0.0,False,envisory,True,domestic_refinery,False
2020-11-13,Regular Petrol,normal,0.0425,True,,0.0323,0.0,False,envisory,True,domestic_refinery,False
2020-11-20,Regular Petrol,normal,0.0426,True,,0.0317,0.0,False,envisory,True,domestic_refinery,False
2020-11-27,Regular Petrol,normal,0.0422,True,,0.0938,0.0,False,envisory,True,domestic_refinery,False
2020-12-04,Regular Petrol,normal,0.0223,True,,0.0616,0.0,False,envisory,True,domestic_refinery,False
2020-12-11,Regular Petrol,normal,0.0225,True,,0.1054,0.0,False,envisory,True,domestic_refinery,False
2020-12-18,Regular Petrol,normal,0.0178,True,,0.1335,0.0,False,envisory,True,domestic_refinery,False
2020-12-25,Regular Petrol,normal,0.018,True,,0.23,0.0,False,envisory,True,domestic_refinery,False
2021-01-01,Regular Petrol,normal,0.0189,True,,0.2129,0.0,False,envisory,True,domestic_refinery,False
2021-01-08,Regular Petrol,normal,0.0193,True,,0.1609,0.0,False,envisory,True,domestic_refinery,False
2021-01-15,Regular Petrol,normal,0.0201,True,,0.1849,0.0,False,envisory,True,domestic_refinery,False
2021-01-22,Regular Petrol,normal,0.0206,True,,0.152,0.0,False,envisory,True,domestic_refinery,False
2021-01-29,Regular Petrol,normal,0.0217,True,,0.1391,0.0,False,envisory,True,domestic_refinery,False
2021-02-05,Regular Petrol,normal,0.0204,True,,0.1335,0.0,False,envisory,True,domestic_refinery,False
2021-02-12,Regular Petrol,normal,0.0213,True,,0.1542,0.0,False,envisory,True,domestic_refinery,False
2021-02-19,Regular Petrol,normal,0.0279,True,,0.1754,0.0,False,envisory,True,domestic_refinery,False
2021-02-26,Regular Petrol,normal,0.0295,True,,0.1754,0.0,False,envisory,True,domestic_refinery,False
2021-03-05,Regular Petrol,normal,0.0293,True,,0.1846,0.0,False,envisory,True,domestic_refinery,True
2021-03-12,Regular Petrol,normal,0.029,True,,0.1888,0.0,False,envisory,True,domestic_refinery,True
2021-03-19,Regular Petrol,normal,0.0268,True,,0.1431,0.0,False,envisory,True,domestic_refinery,True
2021-03-26,Regular Petrol,normal,0.0253,True,,0.1448,0.0,False,envisory,True,domestic_refinery,True
2021-04-02,Regular Petrol,normal,0.0253,True,,0.0953,0.0,False,envisory,True,domestic_refinery,False
2021-04-09,Regular Petrol,normal,0.0282,True,,0.0351,0.0,False,envisory,True,domestic_refinery,False
2021-04-16,Regular Petrol,normal,0.0244,True,,0.0339,0.0,False,envisory,True,domestic_refinery,False
2021-04-23,Regular Petrol,normal,0.0218,True,,0.0227,0.0,False,envisory,True,domestic_refinery,False
2021-04-30,Regular Petrol,normal,0.0222,True,,0.0,0.0,False,envisory,True,domestic_refinery,False
2021-05-07,Regular Petrol,normal,0.0219,True,,0.0,0.0,False,envisory,True,domestic_refinery,False
2021-05-14,Regular Petrol,normal,0.0217,True,,0.022,0.0,False,envisory,True,domestic_refinery,False
2021-05-21,Regular Petrol,normal,0.0213,True,,0.0222,0.0,False,envisory,True,domestic_refinery,False
2021-05-28,Regular Petrol,normal,0.0198,True,,0.0553,0.0,False,envisory,True,domestic_refinery,False
2021-06-04,Regular Petrol,normal,0.019,True,,0.088,0.0,False,envisory,True,domestic_refinery,True
2021-06-11,Regular Petrol,normal,0.0183,True,,0.0852,0.0,False,envisory,True,domestic_refinery,True
2021-06-18,Regular Petrol,normal,0.0162,True,,0.1265,0.0,False,envisory,True,domestic_refinery,True
2021-06-25,Regular Petrol,normal,0.023,True,,0.1558,0.0,False,envisory,True,domestic_refinery,True
2021-07-02,Regular Petrol,normal,0.0246,True,,0.1214,0.0,False,envisory,True,domestic_refinery,False
2021-07-09,Regular Petrol,normal,0.0318,True,,0.1226,0.0,False,envisory,True,domestic_refinery,False
2021-07-16,Regular Petrol,normal,0.0304,True,,0.1431,0.0,False,envisory,True,domestic_refinery,False
2021-07-23,Regular Petrol,normal,0.0302,True,,0.0825,0.0,False,envisory,True,domestic_refinery,False
2021-07-30,Regular Petrol,normal,0.0319,True,,0.1001,0.0,False,envisory,True,domestic_refinery,False
2021-08-06,Regular Petrol,normal,0.0316,True,,0.0202,0.0,False,envisory,True,domestic_refinery,False
2021-08-13,Regular Petrol,normal,0.0316,True,,-0.01,0.0,False,envisory,True,domestic_refinery,False
2021-08-20,Regular Petrol,normal,0.0335,True,,-0.0697,0.0,False,envisory,True,domestic_refinery,False
2021-08-27,Regular Petrol,normal,0.032,True,,-0.0388,0.0,False,envisory,True,domestic_refinery,False
2021-09-03,Regular Petrol,normal,0.0332,True,,-0.0392,0.0,False,envisory,True,domestic_refinery,True
2021-09-10,Regular Petrol,normal,0.0284,True,,-0.0588,0.0,False,envisory,True,domestic_refinery,True
2021-09-17,Regular Petrol,normal,0.0278,True,,0.0099,0.0,False,envisory,True,domestic_refinery,True
2021-09-24,Regular Petrol,normal,0.0238,True,,0.0,0.0,False,envisory,True,domestic_refinery,True
2021-10-01,Regular Petrol,normal,0.0232,True,,0.0953,0.0,False,envisory,True,domestic_refinery,False
2021-10-08,Regular Petrol,normal,0.0243,True,,0.1398,0.0,False,envisory,True,domestic_refinery,False
2021-10-15,Regular Petrol,normal,0.0227,True,,0.1875,0.0,False,envisory,True,domestic_refinery,False
2021-10-22,Regular Petrol,normal,0.0235,True,,0.1385,0.0,False,envisory,True,domestic_refinery,False
2021-10-29,Regular Petrol,normal,0.0227,True,,0.1484,0.0,False,envisory,True,domestic_refinery,False
2021-11-05,Regular Petrol,normal,0.0397,True,,0.1411,0.0,False,envisory,True,domestic_refinery,False
2021-11-12,Regular Petrol,normal,0.0402,True,,0.12,0.0,False,envisory,True,domestic_refinery,False
2021-11-19,Regular Petrol,normal,0.0392,True,,0.0822,0.0,False,envisory,True,domestic_refinery,False
2021-11-26,Regular Petrol,normal,0.0392,True,,0.0445,0.0,False,envisory,True,domestic_refinery,False
2021-12-03,Regular Petrol,normal,0.0446,True,,-0.1005,0.0,False,envisory,True,domestic_refinery,True
2021-12-10,Regular Petrol,normal,0.0459,True,,-0.0708,0.0,False,envisory,True,domestic_refinery,True
2021-12-17,Regular Petrol,normal,0.0465,True,,-0.0715,0.0,False,envisory,True,domestic_refinery,True
2021-12-24,Regular Petrol,normal,0.0501,True,,-0.0808,0.0,False,envisory,True,domestic_refinery,True
2021-12-31,Regular Petrol,normal,0.0502,True,,-0.0088,0.0,False,envisory,True,domestic_refinery,True
2022-01-07,Regular Petrol,normal,0.0256,True,,0.0172,0.0,False,datamine,True,domestic_refinery,False
2022-01-14,Regular Petrol,normal,0.0255,True,,0.0513,0.0,False,datamine,True,domestic_refinery,False
2022-01-21,Regular Petrol,normal,0.0227,True,,0.1071,0.0,False,datamine,True,domestic_refinery,False
2022-01-28,Regular Petrol,normal,0.0184,True,,0.2308,0.0,False,datamine,True,domestic_refinery,False
2022-02-04,Regular Petrol,normal,0.0293,True,,0.2139,0.0,False,datamine,True,domestic_refinery,False
2022-02-11,Regular Petrol,normal,0.0369,True,,0.2305,0.0,False,datamine,True,domestic_refinery,False
2022-02-18,Regular Petrol,high,0.0706,True,2022_ukraine,0.2544,0.0,False,datamine,True,domestic_refinery,False
2022-02-25,Regular Petrol,high,0.0727,True,2022_ukraine,0.2214,0.0,False,datamine,True,domestic_refinery,False
2022-03-04,Regular Petrol,high,0.0797,True,2022_ukraine,0.2877,0.0,False,datamine,True,domestic_refinery,True
2022-03-11,Regular Petrol,high,0.0823,True,2022_ukraine,0.3658,0.0,False,datamine,True,domestic_refinery,True
2022-03-18,Regular Petrol,high,0.0825,True,2022_ukraine,0.1652,-21.4286,True,datamine,True,domestic_refinery,True
2022-03-25,Regular Petrol,high,0.0826,True,2022_ukraine,0.2307,-3.5714,True,datamine,True,domestic_refinery,True
2022-04-01,Regular Petrol,high,0.0825,True,2022_ukraine,0.1317,0.0,True,datamine,True,import_only,False
2022-04-08,Regular Petrol,high,0.0776,True,2022_ukraine,0.0778,0.0,False,datamine,True,import_only,False
2022-04-15,Regular Petrol,high,0.0686,True,2022_ukraine,0.09,0.0,False,datamine,True,import_only,False
2022-04-22,Regular Petrol,high,0.0486,True,2022_ukraine,0.0947,0.0,False,datamine,True,import_only,False
2022-04-29,Regular Petrol,normal,0.0399,True,,0.0,0.0,False,datamine,True,import_only,False
2022-05-06,Regular Petrol,normal,0.0298,True,,-0.0473,0.0,False,datamine,True,import_only,False
2022-05-13,Regular Petrol,normal,0.0196,True,,0.0887,0.0,False,datamine,True,import_only,False
2022-05-20,Regular Petrol,normal,0.0199,True,,0.0357,0.0,False,datamine,True,import_only,False
2022-05-27,Regular Petrol,normal,0.0324,True,,0.0988,0.0,False,datamine,True,import_only,False
2022-06-03,Regular Petrol,normal,0.0328,True,,0.1744,0.0,False,datamine,True,import_only,True
2022-06-10,Regular Petrol,normal,0.0405,True,,0.1812,0.0,False,datamine,True,import_only,True
2022-06-17,Regular Petrol,normal,0.0424,True,,0.1661,0.0,False,datamine,True,import_only,True
2022-06-24,Regular Petrol,normal,0.045,True,,0.1034,0.0,False,datamine,True,import_only,True
2022-07-01,Regular Petrol,normal,0.045,True,,0.0758,0.0,False,datamine,True,import_only,False
2022-07-08,Regular Petrol,normal,0.0526,True,,0.0,0.0,False,datamine,True,import_only,False
2022-07-15,Regular Petrol,normal,0.0496,True,,-0.0728,0.0,False,datamine,True,import_only,False
2022-07-22,Regular Petrol,normal,0.0484,True,,-0.0118,0.0,False,datamine,True,import_only,False
2022-07-29,Regular Petrol,normal,0.0561,True,,-0.0408,0.0,False,datamine,True,import_only,False
2022-08-05,Regular Petrol,normal,0.0542,True,,-0.1681,0.0,False,datamine,True,import_only,False
2022-08-12,Regular Petrol,normal,0.0496,True,,-0.1856,0.0,False,datamine,True,import_only,False
2022-08-19,Regular Petrol,normal,0.049,True,,-0.1629,0.0,False,datamine,True,import_only,False
2022-08-26,Regular Petrol,normal,0.0437,True,,-0.1192,0.0,False,datamine,True,import_only,False
2022-09-02,Regular Petrol,normal,0.044,True,,-0.0625,0.0,False,datamine,True,import_only,True
2022-09-09,Regular Petrol,normal,0.0364,True,,-0.0516,0.0,False,datamine,True,import_only,True
2022-09-16,Regular Petrol,normal,0.0362,True,,-0.0935,0.0,False,datamine,True,import_only,True
2022-09-23,Regular Petrol,normal,0.0389,True,,-0.1001,0.0,False,datamine,True,import_only,True
2022-09-30,Regular Petrol,normal,0.0307,True,,0.0,0.0,False,datamine,True,import_only,True
2022-10-07,Regular Petrol,normal,0.0302,True,,0.0637,0.0,False,datamine,True,import_only,False
2022-10-14,Regular Petrol,normal,0.0302,True,,0.1155,0.0,False,datamine,True,import_only,False
2022-10-21,Regular Petrol,normal,0.0404,True,,-0.0063,0.0,False,datamine,True,import_only,False
2022-10-28,Regular Petrol,normal,0.0514,True,,0.0255,0.0,False,datamine,True,import_only,False
2022-11-04,Regular Petrol,normal,0.0515,True,,0.039,0.0,False,datamine,True,import_only,False
2022-11-11,Regular Petrol,normal,0.0471,True,,0.0,0.0,False,datamine,True,import_only,False
2022-11-18,Regular Petrol,normal,0.0469,True,,-0.0751,0.0,False,datamine,True,import_only,False
2022-11-25,Regular Petrol,normal,0.0497,True,,-0.1863,0.0,False,datamine,True,import_only,False
2022-12-02,Regular Petrol,normal,0.0522,True,,-0.2356,0.0,False,datamine,True,import_only,True
2022-12-09,Regular Petrol,normal,0.0519,True,,-0.3438,0.0,False,datamine,True,import_only,True
2022-12-16,Regular Petrol,normal,0.0549,True,,-0.2771,0.0,False,datamine,True,import_only,True
2022-12-23,Regular Petrol,normal,0.0546,True,,-0.2731,0.0,False,datamine,True,import_only,True
2022-12-30,Regular Petrol,normal,0.0412,True,,-0.2279,0.0,False,datamine,True,import_only,True
2023-01-06,Regular Petrol,normal,0.0434,True,,-0.2346,0.0,False,datamine,True,import_only,False
2023-01-13,Regular Petrol,normal,0.0295,True,,-0.1285,0.0,False,datamine,True,import_only,False
2023-01-20,Regular Petrol,normal,0.0298,True,,0.0233,0.0,False,datamine,True,import_only,False
2023-01-27,Regular Petrol,normal,0.0303,True,,0.0155,0.0,False,datamine,True,import_only,False
2023-02-03,Regular Petrol,normal,0.0292,True,,0.0661,0.0,False,datamine,True,import_only,False
2023-02-10,Regular Petrol,normal,0.0252,True,,0.0807,0.0,False,datamine,True,import_only,False
2023-02-17,Regular Petrol,normal,0.0424,True,,0.087,0.0,False,datamine,True,import_only,False
2023-02-24,Regular Petrol,normal,0.0383,True,,0.0469,0.0,False,datamine,True,import_only,False
2023-03-03,Regular Petrol,normal,0.0408,True,,0.0946,0.0,False,datamine,True,import_only,True
2023-03-10,Regular Petrol,normal,0.0468,True,,0.0776,0.0,False,datamine,True,import_only,True
2023-03-17,Regular Petrol,normal,0.0466,True,,-0.0635,0.0,False,datamine,True,import_only,True
2023-03-24,Regular Petrol,normal,0.0472,True,,-0.08,0.0,False,datamine,True,import_only,True
2023-03-31,Regular Petrol,normal,0.0484,True,,-0.008,0.0,False,datamine,True,import_only,True
2023-04-07,Regular Petrol,normal,0.059,True,,0.038,0.0,False,datamine,True,import_only,False
2023-04-14,Regular Petrol,normal,0.059,True,,0.0445,0.0,False,datamine,True,import_only,False
2023-04-21,Regular Petrol,normal,0.0507,True,,0.0301,0.0,False,datamine,True,import_only,False
2023-04-28,Regular Petrol,normal,0.0511,True,,-0.0152,0.0,False,datamine,True,import_only,False
2023-05-05,Regular Petrol,normal,0.05,True,,-0.1272,0.0,False,datamine,True,import_only,False
2023-05-12,Regular Petrol,normal,0.0437,True,,-0.0249,0.0,False,datamine,True,import_only,False
2023-05-19,Regular Petrol,normal,0.0425,True,,-0.0084,0.0,False,datamine,True,import_only,False
2023-05-26,Regular Petrol,normal,0.0437,True,,-0.0163,0.0,False,datamine,True,import_only,False
2023-06-02,Regular Petrol,normal,0.0432,True,,-0.1103,0.0,False,datamine,True,import_only,True
2023-06-09,Regular Petrol,normal,0.0245,True,,-0.0989,0.0,False,datamine,True,import_only,True
2023-06-16,Regular Petrol,normal,0.0247,True,,-0.1178,0.0,False,datamine,True,import_only,True
2023-06-23,Regular Petrol,normal,0.0247,True,,-0.0712,0.0,False,datamine,True,import_only,True
2023-06-30,Regular Petrol,normal,0.0271,True,,0.0333,7.1673,True,datamine,True,import_only,True
2023-07-07,Regular Petrol,normal,0.0261,True,,0.0492,17.913,True,datamine,True,import_only,False
2023-07-14,Regular Petrol,normal,0.0255,True,,0.0651,0.0,True,datamine,True,import_only,False
2023-07-21,Regular Petrol,normal,0.0158,True,,0.0558,0.0,False,datamine,True,import_only,False
2023-07-28,Regular Petrol,normal,0.0173,True,,0.1178,0.0,False,datamine,True,import_only,False
2023-08-04,Regular Petrol,normal,0.0159,True,,0.1133,0.0,False,datamine,True,import_only,False
2023-08-11,Regular Petrol,normal,0.0193,True,,0.1892,0.0,False,datamine,True,import_only,False
2023-08-18,Regular Petrol,normal,0.0191,True,,0.1727,0.0,False,datamine,True,import_only,False
2023-08-25,Regular Petrol,normal,0.019,True,,0.1727,0.0,False,datamine,True,import_only,False
2023-09-01,Regular Petrol,normal,0.0208,True,,0.1621,0.0,False,datamine,True,import_only,True
2023-09-08,Regular Petrol,normal,0.0352,True,,0.1992,0.0,False,datamine,True,import_only,True
2023-09-15,Regular Petrol,normal,0.0339,True,,0.2028,0.0,False,datamine,True,import_only,True
2023-09-22,Regular Petrol,normal,0.0415,True,,0.1761,0.0,False,datamine,True,import_only,True
2023-09-29,Regular Petrol,normal,0.0425,True,,0.1273,0.0,False,datamine,True,import_only,True
2023-10-06,Regular Petrol,normal,0.0443,True,,0.0205,0.0,False,datamine,True,import_only,False
2023-10-13,Regular Petrol,normal,0.0443,True,,0.0069,0.0,False,datamine,True,import_only,False
2023-10-20,Regular Petrol,normal,0.0428,True,,0.0795,0.0,False,datamine,True,import_only,False
2023-10-27,Regular Petrol,normal,0.0418,True,,0.0465,0.0,False,datamine,True,import_only,False
2023-11-03,Regular Petrol,normal,0.042,True,,-0.0395,0.0,False,datamine,True,import_only,False
2023-11-10,Regular Petrol,normal,0.0429,True,,-0.121,0.0,False,datamine,True,import_only,False
2023-11-17,Regular Petrol,normal,0.0429,True,,-0.1614,0.0,False,datamine,True,import_only,False
2023-11-24,Regular Petrol,normal,0.0284,True,,-0.1417,0.0,False,datamine,True,import_only,False
2023-12-01,Regular Petrol,normal,0.0298,True,,-0.0994,0.0,False,datamine,True,import_only,True
2023-12-08,Regular Petrol,normal,0.0315,True,,-0.1633,0.0,False,datamine,True,import_only,True
2023-12-15,Regular Petrol,normal,0.0278,True,,-0.2522,0.0,False,datamine,True,import_only,True
2023-12-22,Regular Petrol,normal,0.0292,True,,-0.2248,0.0,False,datamine,True,import_only,True
2023-12-29,Regular Petrol,normal,0.0344,True,,-0.1918,0.0,False,datamine,True,import_only,True
2024-01-05,Regular Petrol,normal,0.0332,True,,-0.1214,0.0,False,datamine,True,import_only,False
2024-01-12,Regular Petrol,normal,0.0187,True,,-0.0997,0.0,False,datamine,True,import_only,False
2024-01-19,Regular Petrol,normal,0.0196,True,,-0.091,0.0,False,datamine,True,import_only,False
2024-01-26,Regular Petrol,normal,0.0215,True,,-0.015,0.0,False,datamine,True,import_only,False
2024-02-02,Regular Petrol,normal,0.0213,True,,0.0625,0.0,False,datamine,True,import_only,False
2024-02-09,Regular Petrol,normal,0.0216,True,,0.0635,0.0,False,datamine,True,import_only,False
2024-02-16,Regular Petrol,normal,0.0213,True,,0.0931,0.0,False,datamine,True,import_only,False
2024-02-23,Regular Petrol,normal,0.024,True,,0.0782,0.0,False,datamine,True,import_only,False
2024-03-01,Regular Petrol,normal,0.0205,True,,0.085,0.0,False,datamine,True,import_only,True
2024-03-08,Regular Petrol,normal,0.0225,True,,0.085,0.0,False,datamine,True,import_only,True
2024-03-15,Regular Petrol,normal,0.0205,True,,0.0764,0.0,False,datamine,True,import_only,True
2024-03-22,Regular Petrol,normal,0.0193,True,,0.073,0.0,False,datamine,True,import_only,True
2024-03-29,Regular Petrol,normal,0.0191,True,,0.087,0.0,False,datamine,True,import_only,True
2024-04-05,Regular Petrol,normal,0.0208,True,,0.1431,0.0,False,datamine,True,import_only,False
2024-04-12,Regular Petrol,normal,0.0241,True,,0.1054,0.0,False,datamine,True,import_only,False
2024-04-19,Regular Petrol,normal,0.0266,True,,0.1203,0.0,False,datamine,True,import_only,False
2024-04-26,Regular Petrol,normal,0.0216,True,,0.0919,0.0,False,datamine,True,import_only,False
2024-05-03,Regular Petrol,normal,0.0206,True,,0.0783,0.0,False,datamine,True,import_only,False
2024-05-10,Regular Petrol,normal,0.0219,True,,0.0432,0.0,False,datamine,True,import_only,False
2024-05-17,Regular Petrol,normal,0.0302,True,,-0.0286,0.0,False,datamine,True,import_only,False
2024-05-24,Regular Petrol,normal,0.0343,True,,-0.0498,0.0,False,datamine,True,import_only,False
2024-05-31,Regular Petrol,normal,0.0344,True,,-0.0907,0.0,False,datamine,True,import_only,False
2024-06-07,Regular Petrol,normal,0.0362,True,,-0.1586,0.0,False,datamine,True,import_only,True
2024-06-14,Regular Petrol,normal,0.0356,True,,-0.1128,0.0,False,datamine,True,import_only,True
2024-06-21,Regular Petrol,normal,0.0343,True,,-0.0627,0.0,False,datamine,True,import_only,True
2024-06-28,Regular Petrol,normal,0.0357,True,,-0.0491,0.0,False,datamine,True,import_only,True
2024-07-05,Regular Petrol,normal,0.0363,True,,0.007,-3.4241,True,datamine,True,import_only,False
2024-07-12,Regular Petrol,normal,0.0308,True,,0.0144,0.0,True,datamine,True,import_only,False
2024-07-19,Regular Petrol,normal,0.0295,True,,0.0145,0.0,False,datamine,True,import_only,False
2024-07-26,Regular Petrol,normal,0.029,True,,-0.0147,0.0,False,datamine,True,import_only,False
2024-08-02,Regular Petrol,normal,0.0288,True,,0.0308,0.0,False,datamine,True,import_only,False
2024-08-09,Regular Petrol,normal,0.0268,True,,-0.0537,0.0,False,datamine,True,import_only,False
2024-08-16,Regular Petrol,normal,0.0268,True,,-0.0517,0.0,False,datamine,True,import_only,False
2024-08-23,Regular Petrol,normal,0.0324,True,,-0.0982,0.0,False,datamine,True,import_only,False
2024-08-30,Regular Petrol,normal,0.0322,True,,-0.1345,0.0,False,datamine,True,import_only,False
2024-09-06,Regular Petrol,normal,0.0338,True,,-0.1625,0.0,False,datamine,True,import_only,True
2024-09-13,Regular Petrol,normal,0.0405,True,,-0.1809,0.0,False,datamine,True,import_only,True
2024-09-20,Regular Petrol,normal,0.0396,True,,-0.1178,0.0,False,datamine,True,import_only,True
2024-09-27,Regular Petrol,normal,0.0372,True,,-0.1206,0.0,False,datamine,True,import_only,True
2024-10-04,Regular Petrol,normal,0.0379,True,,-0.0651,0.0,False,datamine,True,import_only,False
2024-10-11,Regular Petrol,normal,0.0356,True,,-0.0386,0.0,False,datamine,True,import_only,False
2024-10-18,Regular Petrol,normal,0.0355,True,,-0.0323,0.0,False,datamine,True,import_only,False
2024-10-25,Regular Petrol,normal,0.0347,True,,-0.0161,0.0,False,datamine,True,import_only,False
2024-11-01,Regular Petrol,normal,0.0333,True,,0.0084,0.0,False,datamine,True,import_only,False
2024-11-08,Regular Petrol,normal,0.0331,True,,0.0667,0.0,False,datamine,True,import_only,False
2024-11-15,Regular Petrol,normal,0.0247,True,,0.0083,0.0,False,datamine,True,import_only,False
2024-11-22,Regular Petrol,normal,0.0212,True,,0.0581,0.0,False,datamine,True,import_only,False
2024-11-29,Regular Petrol,normal,0.0214,True,,0.0331,0.0,False,datamine,True,import_only,False
2024-12-06,Regular Petrol,normal,0.0203,True,,-0.032,0.0,False,datamine,True,import_only,True
2024-12-13,Regular Petrol,normal,0.0192,True,,0.0243,0.0,False,datamine,True,import_only,True
2024-12-20,Regular Petrol,normal,0.0207,True,,0.0398,0.0,False,datamine,True,import_only,True
2024-12-27,Regular Petrol,normal,0.0227,True,,0.08,0.0,False,datamine,True,import_only,True
2025-01-03,Regular Petrol,normal,0.0248,True,,0.085,0.0,False,datamine,True,import_only,False
2025-01-10,Regular Petrol,normal,0.0301,True,,0.1315,0.0,False,datamine,True,import_only,False
2025-01-17,Regular Petrol,normal,0.0303,True,,0.1702,0.0,False,datamine,True,import_only,False
2025-01-24,Regular Petrol,normal,0.0305,True,,0.1714,0.0,False,datamine,True,import_only,False
2025-01-31,Regular Petrol,normal,0.0318,True,,0.1507,0.0,False,datamine,True,import_only,False
2025-02-07,Regular Petrol,normal,0.037,True,,0.0989,0.0,False,datamine,True,import_only,False
2025-02-14,Regular Petrol,normal,0.0354,True,,0.0752,0.0,False,datamine,True,import_only,False
2025-02-21,Regular Petrol,normal,0.0238,True,,0.0524,0.0,False,datamine,True,import_only,False
2025-02-28,Regular Petrol,normal,0.0303,True,,-0.0074,0.0,False,datamine,True,import_only,False
2025-03-07,Regular Petrol,normal,0.0304,True,,-0.0989,0.0,False,datamine,True,import_only,True
2025-03-14,Regular Petrol,normal,0.0459,True,,-0.1621,0.0,False,datamine,True,import_only,True
2025-03-21,Regular Petrol,normal,0.0459,True,,-0.1473,0.0,False,datamine,True,import_only,True
2025-03-28,Regular Petrol,normal,0.0458,True,,-0.0876,0.0,False,datamine,True,import_only,True
2025-04-04,Regular Petrol,normal,0.0472,True,,-0.0752,0.0,False,datamine,True,import_only,False
2025-04-11,Regular Petrol,normal,0.0442,True,,-0.1911,0.0,False,datamine,True,import_only,False
2025-04-18,Regular Petrol,normal,0.0477,True,,-0.1838,0.0,False,datamine,True,import_only,False
2025-04-25,Regular Petrol,normal,0.0471,True,,-0.1705,0.0,False,datamine,True,import_only,False
2025-05-02,Regular Petrol,normal,0.0423,True,,-0.1555,0.0,False,datamine,True,import_only,False
2025-05-09,Regular Petrol,normal,0.0438,True,,-0.1649,0.0,False,datamine,True,import_only,False
2025-05-16,Regular Petrol,normal,0.0344,True,,-0.1358,0.0,False,datamine,True,import_only,False
2025-05-23,Regular Petrol,normal,0.0444,True,,-0.1838,0.0,False,datamine,True,import_only,False
2025-05-30,Regular Petrol,normal,0.051,True,,-0.1886,0.0,False,datamine,True,import_only,False
2025-06-06,Regular Petrol,normal,0.0478,True,,-0.0634,0.0,False,datamine,True,import_only,True
2025-06-13,Regular Petrol,normal,0.0489,True,,0.0,0.0,False,datamine,True,import_only,True
2025-06-20,Regular Petrol,normal,0.0481,True,,0.0929,0.0,False,datamine,True,import_only,True
2025-06-27,Regular Petrol,normal,0.0478,True,,0.0808,0.0,False,datamine,True,import_only,True
2025-07-04,Regular Petrol,normal,0.0473,True,,0.0639,0.0,False,datamine,True,import_only,False
2025-07-11,Regular Petrol,normal,0.0537,True,,0.0702,0.0,False,datamine,True,import_only,False
2025-07-18,Regular Petrol,normal,0.0503,True,,0.0793,0.0,False,datamine,True,import_only,False
2025-07-25,Regular Petrol,normal,0.0404,True,,0.1072,0.0,False,datamine,True,import_only,False
2025-08-01,Regular Petrol,normal,0.0345,True,,0.1475,0.0,False,datamine,True,import_only,False
2025-08-08,Regular Petrol,normal,0.0336,True,,0.026,0.0,False,datamine,True,import_only,False
2025-08-15,Regular Petrol,normal,0.0303,True,,-0.0753,0.0,False,datamine,True,import_only,False
2025-08-22,Regular Petrol,normal,0.0305,True,,0.0086,0.0,False,datamine,True,import_only,False
2025-08-29,Regular Petrol,normal,0.0309,True,,0.0601,0.0,False,datamine,True,import_only,False
2025-09-05,Regular Petrol,normal,0.03,True,,0.0,0.0,False,datamine,True,import_only,True
2025-09-12,Regular Petrol,normal,0.024,True,,0.0,0.0,False,datamine,True,import_only,True
2025-09-19,Regular Petrol,normal,0.0261,True,,0.0084,0.0,False,datamine,True,import_only,True
2025-09-26,Regular Petrol,normal,0.0304,True,,-0.0245,0.0,False,datamine,True,import_only,True
2025-10-03,Regular Petrol,normal,0.0296,True,,-0.0172,0.0,False,datamine,True,import_only,False
2025-10-10,Regular Petrol,normal,0.0293,True,,-0.0175,0.0,False,datamine,True,import_only,False
2025-10-17,Regular Petrol,normal,0.0293,True,,-0.0708,0.0,False,datamine,True,import_only,False
2025-10-24,Regular Petrol,normal,0.029,True,,-0.0513,0.0,False,datamine,True,import_only,False
2025-10-31,Regular Petrol,normal,0.0281,True,,-0.0171,0.0,False,datamine,True,import_only,False
2025-11-07,Regular Petrol,normal,0.0233,True,,-0.0258,0.0,False,datamine,True,import_only,False
2025-11-14,Regular Petrol,normal,0.0254,True,,-0.0342,0.0,False,datamine,True,import_only,False
2025-11-21,Regular Petrol,normal,0.0244,True,,-0.0596,0.0,False,datamine,True,import_only,False
2025-11-28,Regular Petrol,normal,0.0205,True,,-0.0264,0.0,False,datamine,True,import_only,False
2025-12-05,Regular Petrol,normal,0.0186,True,,-0.0179,0.0,False,datamine,True,import_only,True
2025-12-12,Regular Petrol,normal,0.0186,True,,-0.0185,0.0,False,datamine,True,import_only,True
2025-12-19,Regular Petrol,normal,0.0269,True,,-0.0918,0.0,False,datamine,True,import_only,True
2025-12-26,Regular Petrol,normal,0.0269,True,,-0.0808,0.0,False,datamine,True,import_only,True
2026-01-02,Regular Petrol,normal,0.0276,True,,-0.091,0.0,False,datamine,True,import_only,False
2026-01-09,Regular Petrol,normal,0.0275,True,,-0.1005,0.0,False,datamine,True,import_only,False
2026-01-16,Regular Petrol,normal,0.0245,True,,-0.0449,0.0,False,datamine,True,import_only,False
2026-01-23,Regular Petrol,normal,0.0227,True,,-0.0364,0.0,False,datamine,True,import_only,False
2026-01-30,Regular Petrol,normal,0.0224,True,,-0.009,0.0,False,datamine,True,import_only,False
2026-02-06,Regular Petrol,high,0.0658,True,2026_iran_us,0.0277,0.0,False,datamine,True,import_only,False
2026-02-13,Regular Petrol,high,0.1163,True,2026_iran_us,0.0741,0.0,False,datamine,True,import_only,False
2026-02-20,Regular Petrol,high,0.1321,True,2026_iran_us,0.0808,0.0,False,datamine,True,import_only,False
2026-02-27,Regular Petrol,high,0.1364,True,2026_iran_us,0.1252,0.0,False,datamine,True,import_only,False
2026-03-06,Regular Petrol,high,0.1655,True,2026_iran_us,0.3392,0.0,False,datamine,True,import_only,True
2026-03-13,Regular Petrol,high,0.1766,True,2026_iran_us,0.6268,0.0,False,datamine,True,import_only,True
2026-03-20,Regular Petrol,high,0.1838,True,2026_iran_us,0.9051,0.0,False,datamine,True,import_only,True
2026-03-27,Regular Petrol,high,0.1845,True,2026_iran_us,0.8408,0.0,False,datamine,True,import_only,True
2026-04-03,Regular Petrol,high,0.1846,True,2026_iran_us,0.6514,0.0,False,datamine,True,import_only,False
2026-04-10,Regular Petrol,high,0.18,True,2026_iran_us,0.5126,0.0,False,datamine,True,import_only,False
2026-04-17,Regular Petrol,high,0.1359,True,2026_iran_us,0.3822,0.0,False,datamine,True,import_only,False
2026-04-24,Regular Petrol,high,0.0878,True,2026_iran_us,0.3567,0.0,False,datamine,True,import_only,False
2026-05-01,Regular Petrol,high,0.0907,True,2026_iran_us,0.2259,0.0,False,datamine,True,import_only,False
2026-05-08,Regular Petrol,high,0.0749,True,2026_iran_us,-0.2061,0.0,False,datamine,True,import_only,False
2026-05-15,Regular Petrol,high,0.0676,True,2026_iran_us,-0.434,0.0,False,datamine,True,import_only,False
2026-05-22,Regular Petrol,high,0.0798,True,2026_iran_us,-0.3539,0.0,False,datamine,True,import_only,False
2026-05-29,Regular Petrol,high,0.0795,True,2026_iran_us,-0.2767,0.0,False,datamine,True,import_only,False
2026-06-05,Regular Petrol,high,0.0677,True,2026_iran_us,-0.1685,0.0,False,datamine,True,import_only,True
2026-06-12,Regular Petrol,high,0.0727,True,2026_iran_us,-0.1185,0.0,False,datamine,True,import_only,True
2026-06-19,Regular Petrol,high,0.0798,True,2026_iran_us,-0.2838,0.0,False,datamine,True,import_only,True
2026-06-26,Regular Petrol,high,0.0938,True,2026_iran_us,-0.422,0.0,False,datamine,True,import_only,True
2026-07-03,Regular Petrol,high,0.0888,True,2026_iran_us,-0.3584,0.0,False,datamine,True,import_only,False
2026-07-10,Regular Petrol,high,0.0916,True,2026_iran_us,-0.3493,0.0,False,datamine,True,import_only,False
2026-07-17,Regular Petrol,high,0.0975,False,2026_iran_us,-0.297,0.0,False,datamine,True,import_only,False
2026-07-24,Regular Petrol,high,0.0833,False,2026_iran_us,-0.0579,0.0,False,datamine,True,import_only,False
2026-07-31,Regular Petrol,high,0.0851,False,2026_iran_us,-0.1068,0.0,False,datamine,True,import_only,False
2026-08-07,Regular Petrol,high,0.0914,False,2026_iran_us,-0.1421,0.0,False,datamine,True,import_only,False
